ISO-10303-21;
HEADER;
/* Generated by software containing ST-Developer
 * from STEP Tools, Inc. (www.steptools.com) 
 */

FILE_DESCRIPTION(
/* description */ (''),
/* implementation_level */ '2;1');

FILE_NAME(
/* name */ 'HackDeck Screen Body.step',
/* time_stamp */ '2026-07-27T04:43:32+08:00',
/* author */ (''),
/* organization */ (''),
/* preprocessor_version */ 'ST-DEVELOPER v20.1',
/* originating_system */ 'Autodesk Translation Framework v15.8.0.0',
/* authorisation */ '');

FILE_SCHEMA (('AUTOMOTIVE_DESIGN { 1 0 10303 214 3 1 1 }'));
ENDSEC;

DATA;
#10=MECHANICAL_DESIGN_GEOMETRIC_PRESENTATION_REPRESENTATION('',(#13),#7657);
#11=SHAPE_REPRESENTATION_RELATIONSHIP('SRR','None',#7663,#12);
#12=ADVANCED_BREP_SHAPE_REPRESENTATION('',(#14),#7656);
#13=STYLED_ITEM('',(#7677),#14);
#14=MANIFOLD_SOLID_BREP('Screen Body',#2166);
#15=FACE_BOUND('',#268,.T.);
#16=FACE_BOUND('',#269,.T.);
#17=FACE_BOUND('',#270,.T.);
#18=FACE_BOUND('',#271,.T.);
#19=FACE_BOUND('',#301,.T.);
#20=FACE_BOUND('',#318,.T.);
#21=FACE_BOUND('',#319,.T.);
#22=FACE_BOUND('',#320,.T.);
#23=FACE_BOUND('',#321,.T.);
#24=FACE_BOUND('',#322,.T.);
#25=B_SPLINE_SURFACE_WITH_KNOTS('',3,3,((#4352,#4353,#4354,#4355,#4356,
#4357,#4358,#4359,#4360,#4361,#4362,#4363,#4364,#4365,#4366,#4367,#4368,
#4369,#4370,#4371,#4372,#4373,#4374,#4375,#4376,#4377,#4378,#4379,#4380,
#4381,#4382,#4383,#4384,#4385,#4386,#4387,#4388,#4389,#4390,#4391,#4392),
(#4393,#4394,#4395,#4396,#4397,#4398,#4399,#4400,#4401,#4402,#4403,#4404,
#4405,#4406,#4407,#4408,#4409,#4410,#4411,#4412,#4413,#4414,#4415,#4416,
#4417,#4418,#4419,#4420,#4421,#4422,#4423,#4424,#4425,#4426,#4427,#4428,
#4429,#4430,#4431,#4432,#4433),(#4434,#4435,#4436,#4437,#4438,#4439,#4440,
#4441,#4442,#4443,#4444,#4445,#4446,#4447,#4448,#4449,#4450,#4451,#4452,
#4453,#4454,#4455,#4456,#4457,#4458,#4459,#4460,#4461,#4462,#4463,#4464,
#4465,#4466,#4467,#4468,#4469,#4470,#4471,#4472,#4473,#4474),(#4475,#4476,
#4477,#4478,#4479,#4480,#4481,#4482,#4483,#4484,#4485,#4486,#4487,#4488,
#4489,#4490,#4491,#4492,#4493,#4494,#4495,#4496,#4497,#4498,#4499,#4500,
#4501,#4502,#4503,#4504,#4505,#4506,#4507,#4508,#4509,#4510,#4511,#4512,
#4513,#4514,#4515)),.UNSPECIFIED.,.F.,.F.,.F.,(4,4),(4,1,1,1,1,1,1,1,1,
1,1,1,1,1,1,1,1,1,1,1,1,1,1,1,1,1,1,1,1,1,1,1,1,1,1,1,1,1,4),(0.,0.0448889834294935),
(11.8615800042568,12.8594360281068,13.8572920519568,14.8551480758068,15.8530040996568,
16.8508601235069,17.8487161473569,18.8465721712069,19.8444281950569,20.8422842189069,
21.840140242757,22.837996266607,23.835852290457,24.833708314307,25.831564338157,
26.829420362007,27.8272763858571,28.8251324097071,29.8229884335571,30.8208444574071,
31.8187004812571,32.8165565051072,33.8144125289572,34.8122685528072,35.8101245766572,
36.8079806005072,37.8058366243573,38.8036926482073,39.8015486720573,40.7994046959073,
41.7972607197573,42.7951167436074,43.7929727674574,44.7908287913074,45.7886848151574,
46.7865408390074,47.7843968628575,48.7822528867075,49.7801089105575),
 .UNSPECIFIED.);
#26=B_SPLINE_SURFACE_WITH_KNOTS('',3,3,((#4708,#4709,#4710,#4711,#4712,
#4713,#4714,#4715,#4716,#4717,#4718,#4719,#4720,#4721,#4722,#4723,#4724,
#4725,#4726,#4727,#4728,#4729,#4730,#4731,#4732,#4733,#4734,#4735,#4736,
#4737,#4738,#4739,#4740,#4741,#4742,#4743,#4744,#4745,#4746,#4747,#4748),
(#4749,#4750,#4751,#4752,#4753,#4754,#4755,#4756,#4757,#4758,#4759,#4760,
#4761,#4762,#4763,#4764,#4765,#4766,#4767,#4768,#4769,#4770,#4771,#4772,
#4773,#4774,#4775,#4776,#4777,#4778,#4779,#4780,#4781,#4782,#4783,#4784,
#4785,#4786,#4787,#4788,#4789),(#4790,#4791,#4792,#4793,#4794,#4795,#4796,
#4797,#4798,#4799,#4800,#4801,#4802,#4803,#4804,#4805,#4806,#4807,#4808,
#4809,#4810,#4811,#4812,#4813,#4814,#4815,#4816,#4817,#4818,#4819,#4820,
#4821,#4822,#4823,#4824,#4825,#4826,#4827,#4828,#4829,#4830),(#4831,#4832,
#4833,#4834,#4835,#4836,#4837,#4838,#4839,#4840,#4841,#4842,#4843,#4844,
#4845,#4846,#4847,#4848,#4849,#4850,#4851,#4852,#4853,#4854,#4855,#4856,
#4857,#4858,#4859,#4860,#4861,#4862,#4863,#4864,#4865,#4866,#4867,#4868,
#4869,#4870,#4871)),.UNSPECIFIED.,.F.,.F.,.F.,(4,4),(4,1,1,1,1,1,1,1,1,
1,1,1,1,1,1,1,1,1,1,1,1,1,1,1,1,1,1,1,1,1,1,1,1,1,1,1,1,1,4),(0.,0.0448889834294935),
(14.3981410127771,15.3959970366271,16.3938530604771,17.3917090843271,18.3895651081771,
19.3874211320272,20.3852771558772,21.3831331797272,22.3809892035772,23.3788452274273,
24.3767012512773,25.3745572751273,26.3724132989773,27.3702693228273,28.3681253466774,
29.3659813705274,30.3638373943774,31.3616934182274,32.3595494420774,33.3574054659275,
34.3552614897775,35.3531175136275,36.3509735374775,37.3488295613275,38.3466855851776,
39.3445416090276,40.3423976328776,41.3402536567276,42.3381096805777,43.3359657044277,
44.3338217282777,45.3316777521277,46.3295337759777,47.3273897998278,48.3252458236778,
49.3231018475278,50.3209578713778,51.3188138952278,52.3166699190779),
 .UNSPECIFIED.);
#27=B_SPLINE_SURFACE_WITH_KNOTS('',3,3,((#5070,#5071,#5072,#5073,#5074,
#5075,#5076,#5077,#5078,#5079,#5080,#5081,#5082,#5083,#5084,#5085,#5086,
#5087,#5088,#5089,#5090,#5091,#5092,#5093,#5094,#5095,#5096,#5097,#5098,
#5099,#5100,#5101,#5102,#5103,#5104,#5105,#5106,#5107,#5108,#5109,#5110),
(#5111,#5112,#5113,#5114,#5115,#5116,#5117,#5118,#5119,#5120,#5121,#5122,
#5123,#5124,#5125,#5126,#5127,#5128,#5129,#5130,#5131,#5132,#5133,#5134,
#5135,#5136,#5137,#5138,#5139,#5140,#5141,#5142,#5143,#5144,#5145,#5146,
#5147,#5148,#5149,#5150,#5151),(#5152,#5153,#5154,#5155,#5156,#5157,#5158,
#5159,#5160,#5161,#5162,#5163,#5164,#5165,#5166,#5167,#5168,#5169,#5170,
#5171,#5172,#5173,#5174,#5175,#5176,#5177,#5178,#5179,#5180,#5181,#5182,
#5183,#5184,#5185,#5186,#5187,#5188,#5189,#5190,#5191,#5192),(#5193,#5194,
#5195,#5196,#5197,#5198,#5199,#5200,#5201,#5202,#5203,#5204,#5205,#5206,
#5207,#5208,#5209,#5210,#5211,#5212,#5213,#5214,#5215,#5216,#5217,#5218,
#5219,#5220,#5221,#5222,#5223,#5224,#5225,#5226,#5227,#5228,#5229,#5230,
#5231,#5232,#5233)),.UNSPECIFIED.,.F.,.F.,.F.,(4,4),(4,1,1,1,1,1,1,1,1,
1,1,1,1,1,1,1,1,1,1,1,1,1,1,1,1,1,1,1,1,1,1,1,1,1,1,1,1,1,4),(0.,0.0448889834294935),
(11.8615800042567,12.8594360281068,13.8572920519568,14.8551480758068,15.8530040996568,
16.8508601235068,17.8487161473569,18.8465721712069,19.8444281950569,20.8422842189069,
21.8401402427569,22.837996266607,23.835852290457,24.833708314307,25.831564338157,
26.8294203620071,27.8272763858571,28.8251324097071,29.8229884335571,30.8208444574071,
31.8187004812572,32.8165565051072,33.8144125289572,34.8122685528072,35.8101245766572,
36.8079806005073,37.8058366243573,38.8036926482073,39.8015486720573,40.7994046959073,
41.7972607197574,42.7951167436074,43.7929727674574,44.7908287913074,45.7886848151575,
46.7865408390075,47.7843968628575,48.7822528867075,49.7801089105575),
 .UNSPECIFIED.);
#28=B_SPLINE_SURFACE_WITH_KNOTS('',3,3,((#5488,#5489,#5490,#5491,#5492,
#5493,#5494,#5495,#5496,#5497,#5498,#5499,#5500,#5501,#5502,#5503,#5504,
#5505,#5506,#5507,#5508,#5509,#5510,#5511,#5512,#5513,#5514,#5515,#5516,
#5517,#5518,#5519,#5520,#5521,#5522,#5523,#5524,#5525,#5526,#5527,#5528),
(#5529,#5530,#5531,#5532,#5533,#5534,#5535,#5536,#5537,#5538,#5539,#5540,
#5541,#5542,#5543,#5544,#5545,#5546,#5547,#5548,#5549,#5550,#5551,#5552,
#5553,#5554,#5555,#5556,#5557,#5558,#5559,#5560,#5561,#5562,#5563,#5564,
#5565,#5566,#5567,#5568,#5569),(#5570,#5571,#5572,#5573,#5574,#5575,#5576,
#5577,#5578,#5579,#5580,#5581,#5582,#5583,#5584,#5585,#5586,#5587,#5588,
#5589,#5590,#5591,#5592,#5593,#5594,#5595,#5596,#5597,#5598,#5599,#5600,
#5601,#5602,#5603,#5604,#5605,#5606,#5607,#5608,#5609,#5610),(#5611,#5612,
#5613,#5614,#5615,#5616,#5617,#5618,#5619,#5620,#5621,#5622,#5623,#5624,
#5625,#5626,#5627,#5628,#5629,#5630,#5631,#5632,#5633,#5634,#5635,#5636,
#5637,#5638,#5639,#5640,#5641,#5642,#5643,#5644,#5645,#5646,#5647,#5648,
#5649,#5650,#5651)),.UNSPECIFIED.,.F.,.F.,.F.,(4,4),(4,1,1,1,1,1,1,1,1,
1,1,1,1,1,1,1,1,1,1,1,1,1,1,1,1,1,1,1,1,1,1,1,1,1,1,1,1,1,4),(0.,0.0448889834294935),
(14.3981410127769,15.3959970366269,16.3938530604769,17.391709084327,18.389565108177,
19.387421132027,20.385277155877,21.3831331797271,22.3809892035771,23.3788452274271,
24.3767012512771,25.3745572751271,26.3724132989772,27.3702693228272,28.3681253466772,
29.3659813705272,30.3638373943773,31.3616934182273,32.3595494420773,33.3574054659273,
34.3552614897773,35.3531175136274,36.3509735374774,37.3488295613274,38.3466855851774,
39.3445416090275,40.3423976328775,41.3402536567275,42.3381096805775,43.3359657044275,
44.3338217282776,45.3316777521276,46.3295337759776,47.3273897998276,48.3252458236777,
49.3231018475277,50.3209578713777,51.3188138952277,52.3166699190777),
 .UNSPECIFIED.);
#29=B_SPLINE_SURFACE_WITH_KNOTS('',3,3,((#6326,#6327,#6328,#6329,#6330,
#6331,#6332,#6333,#6334,#6335,#6336,#6337,#6338,#6339,#6340,#6341,#6342,
#6343,#6344,#6345,#6346,#6347,#6348,#6349,#6350,#6351,#6352,#6353,#6354,
#6355,#6356,#6357,#6358,#6359,#6360,#6361,#6362,#6363,#6364,#6365,#6366),
(#6367,#6368,#6369,#6370,#6371,#6372,#6373,#6374,#6375,#6376,#6377,#6378,
#6379,#6380,#6381,#6382,#6383,#6384,#6385,#6386,#6387,#6388,#6389,#6390,
#6391,#6392,#6393,#6394,#6395,#6396,#6397,#6398,#6399,#6400,#6401,#6402,
#6403,#6404,#6405,#6406,#6407),(#6408,#6409,#6410,#6411,#6412,#6413,#6414,
#6415,#6416,#6417,#6418,#6419,#6420,#6421,#6422,#6423,#6424,#6425,#6426,
#6427,#6428,#6429,#6430,#6431,#6432,#6433,#6434,#6435,#6436,#6437,#6438,
#6439,#6440,#6441,#6442,#6443,#6444,#6445,#6446,#6447,#6448),(#6449,#6450,
#6451,#6452,#6453,#6454,#6455,#6456,#6457,#6458,#6459,#6460,#6461,#6462,
#6463,#6464,#6465,#6466,#6467,#6468,#6469,#6470,#6471,#6472,#6473,#6474,
#6475,#6476,#6477,#6478,#6479,#6480,#6481,#6482,#6483,#6484,#6485,#6486,
#6487,#6488,#6489)),.UNSPECIFIED.,.F.,.F.,.F.,(4,4),(4,1,1,1,1,1,1,1,1,
1,1,1,1,1,1,1,1,1,1,1,1,1,1,1,1,1,1,1,1,1,1,1,1,1,1,1,1,1,4),(0.,0.0448889834294935),
(14.3981410127767,15.3959970366268,16.3938530604768,17.3917090843268,18.3895651081768,
19.3874211320268,20.3852771558768,21.3831331797269,22.3809892035769,23.3788452274269,
24.3767012512769,25.3745572751269,26.3724132989769,27.370269322827,28.368125346677,
29.365981370527,30.363837394377,31.361693418227,32.359549442077,33.3574054659271,
34.3552614897771,35.3531175136271,36.3509735374771,37.3488295613271,38.3466855851771,
39.3445416090272,40.3423976328772,41.3402536567272,42.3381096805772,43.3359657044272,
44.3338217282773,45.3316777521273,46.3295337759773,47.3273897998273,48.3252458236773,
49.3231018475273,50.3209578713774,51.3188138952274,52.3166699190774),
 .UNSPECIFIED.);
#30=B_SPLINE_SURFACE_WITH_KNOTS('',3,3,((#6668,#6669,#6670,#6671,#6672,
#6673,#6674,#6675,#6676,#6677,#6678,#6679,#6680,#6681,#6682,#6683,#6684,
#6685,#6686,#6687,#6688,#6689,#6690,#6691,#6692,#6693,#6694,#6695,#6696,
#6697,#6698,#6699,#6700,#6701,#6702,#6703,#6704,#6705,#6706,#6707,#6708),
(#6709,#6710,#6711,#6712,#6713,#6714,#6715,#6716,#6717,#6718,#6719,#6720,
#6721,#6722,#6723,#6724,#6725,#6726,#6727,#6728,#6729,#6730,#6731,#6732,
#6733,#6734,#6735,#6736,#6737,#6738,#6739,#6740,#6741,#6742,#6743,#6744,
#6745,#6746,#6747,#6748,#6749),(#6750,#6751,#6752,#6753,#6754,#6755,#6756,
#6757,#6758,#6759,#6760,#6761,#6762,#6763,#6764,#6765,#6766,#6767,#6768,
#6769,#6770,#6771,#6772,#6773,#6774,#6775,#6776,#6777,#6778,#6779,#6780,
#6781,#6782,#6783,#6784,#6785,#6786,#6787,#6788,#6789,#6790),(#6791,#6792,
#6793,#6794,#6795,#6796,#6797,#6798,#6799,#6800,#6801,#6802,#6803,#6804,
#6805,#6806,#6807,#6808,#6809,#6810,#6811,#6812,#6813,#6814,#6815,#6816,
#6817,#6818,#6819,#6820,#6821,#6822,#6823,#6824,#6825,#6826,#6827,#6828,
#6829,#6830,#6831)),.UNSPECIFIED.,.F.,.F.,.F.,(4,4),(4,1,1,1,1,1,1,1,1,
1,1,1,1,1,1,1,1,1,1,1,1,1,1,1,1,1,1,1,1,1,1,1,1,1,1,1,1,1,4),(0.,0.0448889834294935),
(11.8615800042565,12.8594360281065,13.8572920519565,14.8551480758065,15.8530040996566,
16.8508601235066,17.8487161473566,18.8465721712066,19.8444281950566,20.8422842189067,
21.8401402427567,22.8379962666067,23.8358522904567,24.8337083143067,25.8315643381567,
26.8294203620068,27.8272763858568,28.8251324097068,29.8229884335568,30.8208444574068,
31.8187004812568,32.8165565051069,33.8144125289569,34.8122685528069,35.8101245766569,
36.8079806005069,37.805836624357,38.803692648207,39.801548672057,40.799404695907,
41.797260719757,42.795116743607,43.7929727674571,44.7908287913071,45.7886848151571,
46.7865408390071,47.7843968628571,48.7822528867072,49.7801089105572),
 .UNSPECIFIED.);
#31=B_SPLINE_SURFACE_WITH_KNOTS('',3,3,((#6979,#6980,#6981,#6982,#6983,
#6984,#6985,#6986,#6987,#6988,#6989,#6990,#6991,#6992,#6993,#6994,#6995,
#6996,#6997,#6998,#6999,#7000,#7001,#7002,#7003,#7004,#7005,#7006,#7007,
#7008,#7009,#7010,#7011,#7012,#7013,#7014,#7015,#7016,#7017,#7018,#7019),
(#7020,#7021,#7022,#7023,#7024,#7025,#7026,#7027,#7028,#7029,#7030,#7031,
#7032,#7033,#7034,#7035,#7036,#7037,#7038,#7039,#7040,#7041,#7042,#7043,
#7044,#7045,#7046,#7047,#7048,#7049,#7050,#7051,#7052,#7053,#7054,#7055,
#7056,#7057,#7058,#7059,#7060),(#7061,#7062,#7063,#7064,#7065,#7066,#7067,
#7068,#7069,#7070,#7071,#7072,#7073,#7074,#7075,#7076,#7077,#7078,#7079,
#7080,#7081,#7082,#7083,#7084,#7085,#7086,#7087,#7088,#7089,#7090,#7091,
#7092,#7093,#7094,#7095,#7096,#7097,#7098,#7099,#7100,#7101),(#7102,#7103,
#7104,#7105,#7106,#7107,#7108,#7109,#7110,#7111,#7112,#7113,#7114,#7115,
#7116,#7117,#7118,#7119,#7120,#7121,#7122,#7123,#7124,#7125,#7126,#7127,
#7128,#7129,#7130,#7131,#7132,#7133,#7134,#7135,#7136,#7137,#7138,#7139,
#7140,#7141,#7142)),.UNSPECIFIED.,.F.,.F.,.F.,(4,4),(4,1,1,1,1,1,1,1,1,
1,1,1,1,1,1,1,1,1,1,1,1,1,1,1,1,1,1,1,1,1,1,1,1,1,1,1,1,1,4),(0.,0.0448889834294935),
(11.8615800042569,12.8594360281069,13.8572920519569,14.8551480758069,15.8530040996569,
16.850860123507,17.848716147357,18.846572171207,19.844428195057,20.8422842189071,
21.8401402427571,22.8379962666071,23.8358522904571,24.8337083143071,25.8315643381572,
26.8294203620072,27.8272763858572,28.8251324097072,29.8229884335572,30.8208444574073,
31.8187004812573,32.8165565051073,33.8144125289573,34.8122685528074,35.8101245766574,
36.8079806005074,37.8058366243574,38.8036926482074,39.8015486720575,40.7994046959075,
41.7972607197575,42.7951167436075,43.7929727674576,44.7908287913076,45.7886848151576,
46.7865408390076,47.7843968628576,48.7822528867077,49.7801089105577),
 .UNSPECIFIED.);
#32=B_SPLINE_SURFACE_WITH_KNOTS('',3,3,((#7253,#7254,#7255,#7256,#7257,
#7258,#7259,#7260,#7261,#7262,#7263,#7264,#7265,#7266,#7267,#7268,#7269,
#7270,#7271,#7272,#7273,#7274,#7275,#7276,#7277,#7278,#7279,#7280,#7281,
#7282,#7283,#7284,#7285,#7286,#7287,#7288,#7289,#7290,#7291,#7292,#7293),
(#7294,#7295,#7296,#7297,#7298,#7299,#7300,#7301,#7302,#7303,#7304,#7305,
#7306,#7307,#7308,#7309,#7310,#7311,#7312,#7313,#7314,#7315,#7316,#7317,
#7318,#7319,#7320,#7321,#7322,#7323,#7324,#7325,#7326,#7327,#7328,#7329,
#7330,#7331,#7332,#7333,#7334),(#7335,#7336,#7337,#7338,#7339,#7340,#7341,
#7342,#7343,#7344,#7345,#7346,#7347,#7348,#7349,#7350,#7351,#7352,#7353,
#7354,#7355,#7356,#7357,#7358,#7359,#7360,#7361,#7362,#7363,#7364,#7365,
#7366,#7367,#7368,#7369,#7370,#7371,#7372,#7373,#7374,#7375),(#7376,#7377,
#7378,#7379,#7380,#7381,#7382,#7383,#7384,#7385,#7386,#7387,#7388,#7389,
#7390,#7391,#7392,#7393,#7394,#7395,#7396,#7397,#7398,#7399,#7400,#7401,
#7402,#7403,#7404,#7405,#7406,#7407,#7408,#7409,#7410,#7411,#7412,#7413,
#7414,#7415,#7416)),.UNSPECIFIED.,.F.,.F.,.F.,(4,4),(4,1,1,1,1,1,1,1,1,
1,1,1,1,1,1,1,1,1,1,1,1,1,1,1,1,1,1,1,1,1,1,1,1,1,1,1,1,1,4),(0.,0.0448889834294935),
(14.3981410127771,15.3959970366272,16.3938530604772,17.3917090843272,18.3895651081772,
19.3874211320273,20.3852771558773,21.3831331797273,22.3809892035773,23.3788452274274,
24.3767012512774,25.3745572751274,26.3724132989774,27.3702693228274,28.3681253466775,
29.3659813705275,30.3638373943775,31.3616934182275,32.3595494420776,33.3574054659276,
34.3552614897776,35.3531175136276,36.3509735374776,37.3488295613277,38.3466855851777,
39.3445416090277,40.3423976328777,41.3402536567278,42.3381096805778,43.3359657044278,
44.3338217282778,45.3316777521279,46.3295337759779,47.3273897998279,48.3252458236779,
49.323101847528,50.320957871378,51.318813895228,52.316669919078),
 .UNSPECIFIED.);
#33=PLANE('',#2249);
#34=PLANE('',#2253);
#35=PLANE('',#2257);
#36=PLANE('',#2261);
#37=PLANE('',#2262);
#38=PLANE('',#2263);
#39=PLANE('',#2264);
#40=PLANE('',#2268);
#41=PLANE('',#2269);
#42=PLANE('',#2271);
#43=PLANE('',#2274);
#44=PLANE('',#2275);
#45=PLANE('',#2278);
#46=PLANE('',#2279);
#47=PLANE('',#2280);
#48=PLANE('',#2281);
#49=PLANE('',#2282);
#50=PLANE('',#2283);
#51=PLANE('',#2284);
#52=PLANE('',#2285);
#53=PLANE('',#2286);
#54=PLANE('',#2287);
#55=PLANE('',#2288);
#56=PLANE('',#2289);
#57=PLANE('',#2290);
#58=PLANE('',#2291);
#59=PLANE('',#2292);
#60=PLANE('',#2293);
#61=PLANE('',#2294);
#62=PLANE('',#2296);
#63=PLANE('',#2298);
#64=PLANE('',#2299);
#65=PLANE('',#2300);
#66=PLANE('',#2301);
#67=PLANE('',#2302);
#68=PLANE('',#2303);
#69=PLANE('',#2304);
#70=PLANE('',#2305);
#71=PLANE('',#2306);
#72=PLANE('',#2307);
#73=PLANE('',#2308);
#74=PLANE('',#2309);
#75=PLANE('',#2310);
#76=PLANE('',#2311);
#77=PLANE('',#2312);
#78=ELLIPSE('',#2201,3.32754947050496,1.666);
#79=ELLIPSE('',#2203,1.92458989558276,1.666);
#80=ELLIPSE('',#2210,4.10401096909967,2.05475);
#81=ELLIPSE('',#2212,2.37368012481913,2.05475);
#82=ELLIPSE('',#2223,3.32754947050496,1.666);
#83=ELLIPSE('',#2225,1.92458989558276,1.666);
#84=ELLIPSE('',#2229,2.37368012481913,2.05475);
#85=ELLIPSE('',#2237,4.10401096909967,2.05475);
#86=FACE_OUTER_BOUND('',#201,.T.);
#87=FACE_OUTER_BOUND('',#202,.T.);
#88=FACE_OUTER_BOUND('',#203,.T.);
#89=FACE_OUTER_BOUND('',#204,.T.);
#90=FACE_OUTER_BOUND('',#205,.T.);
#91=FACE_OUTER_BOUND('',#206,.T.);
#92=FACE_OUTER_BOUND('',#207,.T.);
#93=FACE_OUTER_BOUND('',#208,.T.);
#94=FACE_OUTER_BOUND('',#209,.T.);
#95=FACE_OUTER_BOUND('',#210,.T.);
#96=FACE_OUTER_BOUND('',#211,.T.);
#97=FACE_OUTER_BOUND('',#212,.T.);
#98=FACE_OUTER_BOUND('',#213,.T.);
#99=FACE_OUTER_BOUND('',#214,.T.);
#100=FACE_OUTER_BOUND('',#215,.T.);
#101=FACE_OUTER_BOUND('',#216,.T.);
#102=FACE_OUTER_BOUND('',#217,.T.);
#103=FACE_OUTER_BOUND('',#218,.T.);
#104=FACE_OUTER_BOUND('',#219,.T.);
#105=FACE_OUTER_BOUND('',#220,.T.);
#106=FACE_OUTER_BOUND('',#221,.T.);
#107=FACE_OUTER_BOUND('',#222,.T.);
#108=FACE_OUTER_BOUND('',#223,.T.);
#109=FACE_OUTER_BOUND('',#224,.T.);
#110=FACE_OUTER_BOUND('',#225,.T.);
#111=FACE_OUTER_BOUND('',#226,.T.);
#112=FACE_OUTER_BOUND('',#227,.T.);
#113=FACE_OUTER_BOUND('',#228,.T.);
#114=FACE_OUTER_BOUND('',#229,.T.);
#115=FACE_OUTER_BOUND('',#230,.T.);
#116=FACE_OUTER_BOUND('',#231,.T.);
#117=FACE_OUTER_BOUND('',#232,.T.);
#118=FACE_OUTER_BOUND('',#233,.T.);
#119=FACE_OUTER_BOUND('',#234,.T.);
#120=FACE_OUTER_BOUND('',#235,.T.);
#121=FACE_OUTER_BOUND('',#236,.T.);
#122=FACE_OUTER_BOUND('',#237,.T.);
#123=FACE_OUTER_BOUND('',#238,.T.);
#124=FACE_OUTER_BOUND('',#239,.T.);
#125=FACE_OUTER_BOUND('',#240,.T.);
#126=FACE_OUTER_BOUND('',#241,.T.);
#127=FACE_OUTER_BOUND('',#242,.T.);
#128=FACE_OUTER_BOUND('',#243,.T.);
#129=FACE_OUTER_BOUND('',#244,.T.);
#130=FACE_OUTER_BOUND('',#245,.T.);
#131=FACE_OUTER_BOUND('',#246,.T.);
#132=FACE_OUTER_BOUND('',#247,.T.);
#133=FACE_OUTER_BOUND('',#248,.T.);
#134=FACE_OUTER_BOUND('',#249,.T.);
#135=FACE_OUTER_BOUND('',#250,.T.);
#136=FACE_OUTER_BOUND('',#251,.T.);
#137=FACE_OUTER_BOUND('',#252,.T.);
#138=FACE_OUTER_BOUND('',#253,.T.);
#139=FACE_OUTER_BOUND('',#254,.T.);
#140=FACE_OUTER_BOUND('',#255,.T.);
#141=FACE_OUTER_BOUND('',#256,.T.);
#142=FACE_OUTER_BOUND('',#257,.T.);
#143=FACE_OUTER_BOUND('',#258,.T.);
#144=FACE_OUTER_BOUND('',#259,.T.);
#145=FACE_OUTER_BOUND('',#260,.T.);
#146=FACE_OUTER_BOUND('',#261,.T.);
#147=FACE_OUTER_BOUND('',#262,.T.);
#148=FACE_OUTER_BOUND('',#263,.T.);
#149=FACE_OUTER_BOUND('',#264,.T.);
#150=FACE_OUTER_BOUND('',#265,.T.);
#151=FACE_OUTER_BOUND('',#266,.T.);
#152=FACE_OUTER_BOUND('',#267,.T.);
#153=FACE_OUTER_BOUND('',#272,.T.);
#154=FACE_OUTER_BOUND('',#273,.T.);
#155=FACE_OUTER_BOUND('',#274,.T.);
#156=FACE_OUTER_BOUND('',#275,.T.);
#157=FACE_OUTER_BOUND('',#276,.T.);
#158=FACE_OUTER_BOUND('',#277,.T.);
#159=FACE_OUTER_BOUND('',#278,.T.);
#160=FACE_OUTER_BOUND('',#279,.T.);
#161=FACE_OUTER_BOUND('',#280,.T.);
#162=FACE_OUTER_BOUND('',#281,.T.);
#163=FACE_OUTER_BOUND('',#282,.T.);
#164=FACE_OUTER_BOUND('',#283,.T.);
#165=FACE_OUTER_BOUND('',#284,.T.);
#166=FACE_OUTER_BOUND('',#285,.T.);
#167=FACE_OUTER_BOUND('',#286,.T.);
#168=FACE_OUTER_BOUND('',#287,.T.);
#169=FACE_OUTER_BOUND('',#288,.T.);
#170=FACE_OUTER_BOUND('',#289,.T.);
#171=FACE_OUTER_BOUND('',#290,.T.);
#172=FACE_OUTER_BOUND('',#291,.T.);
#173=FACE_OUTER_BOUND('',#292,.T.);
#174=FACE_OUTER_BOUND('',#293,.T.);
#175=FACE_OUTER_BOUND('',#294,.T.);
#176=FACE_OUTER_BOUND('',#295,.T.);
#177=FACE_OUTER_BOUND('',#296,.T.);
#178=FACE_OUTER_BOUND('',#297,.T.);
#179=FACE_OUTER_BOUND('',#298,.T.);
#180=FACE_OUTER_BOUND('',#299,.T.);
#181=FACE_OUTER_BOUND('',#300,.T.);
#182=FACE_OUTER_BOUND('',#302,.T.);
#183=FACE_OUTER_BOUND('',#303,.T.);
#184=FACE_OUTER_BOUND('',#304,.T.);
#185=FACE_OUTER_BOUND('',#305,.T.);
#186=FACE_OUTER_BOUND('',#306,.T.);
#187=FACE_OUTER_BOUND('',#307,.T.);
#188=FACE_OUTER_BOUND('',#308,.T.);
#189=FACE_OUTER_BOUND('',#309,.T.);
#190=FACE_OUTER_BOUND('',#310,.T.);
#191=FACE_OUTER_BOUND('',#311,.T.);
#192=FACE_OUTER_BOUND('',#312,.T.);
#193=FACE_OUTER_BOUND('',#313,.T.);
#194=FACE_OUTER_BOUND('',#314,.T.);
#195=FACE_OUTER_BOUND('',#315,.T.);
#196=FACE_OUTER_BOUND('',#316,.T.);
#197=FACE_OUTER_BOUND('',#317,.T.);
#198=FACE_OUTER_BOUND('',#323,.T.);
#199=FACE_OUTER_BOUND('',#324,.T.);
#200=FACE_OUTER_BOUND('',#325,.T.);
#201=EDGE_LOOP('',(#1335,#1336,#1337));
#202=EDGE_LOOP('',(#1338,#1339,#1340,#1341,#1342));
#203=EDGE_LOOP('',(#1343,#1344,#1345,#1346));
#204=EDGE_LOOP('',(#1347,#1348,#1349,#1350));
#205=EDGE_LOOP('',(#1351,#1352,#1353,#1354));
#206=EDGE_LOOP('',(#1355,#1356,#1357,#1358));
#207=EDGE_LOOP('',(#1359,#1360,#1361));
#208=EDGE_LOOP('',(#1362,#1363,#1364,#1365,#1366));
#209=EDGE_LOOP('',(#1367,#1368,#1369,#1370));
#210=EDGE_LOOP('',(#1371,#1372,#1373,#1374));
#211=EDGE_LOOP('',(#1375,#1376,#1377,#1378));
#212=EDGE_LOOP('',(#1379,#1380,#1381,#1382));
#213=EDGE_LOOP('',(#1383,#1384,#1385,#1386));
#214=EDGE_LOOP('',(#1387,#1388,#1389,#1390));
#215=EDGE_LOOP('',(#1391,#1392,#1393,#1394));
#216=EDGE_LOOP('',(#1395,#1396,#1397,#1398));
#217=EDGE_LOOP('',(#1399,#1400,#1401,#1402));
#218=EDGE_LOOP('',(#1403,#1404,#1405,#1406));
#219=EDGE_LOOP('',(#1407,#1408,#1409));
#220=EDGE_LOOP('',(#1410,#1411,#1412,#1413,#1414));
#221=EDGE_LOOP('',(#1415,#1416,#1417,#1418));
#222=EDGE_LOOP('',(#1419,#1420,#1421,#1422));
#223=EDGE_LOOP('',(#1423,#1424,#1425,#1426,#1427,#1428,#1429,#1430));
#224=EDGE_LOOP('',(#1431,#1432,#1433,#1434));
#225=EDGE_LOOP('',(#1435,#1436,#1437,#1438));
#226=EDGE_LOOP('',(#1439,#1440,#1441,#1442));
#227=EDGE_LOOP('',(#1443,#1444,#1445,#1446));
#228=EDGE_LOOP('',(#1447,#1448,#1449,#1450));
#229=EDGE_LOOP('',(#1451,#1452,#1453,#1454));
#230=EDGE_LOOP('',(#1455,#1456,#1457,#1458));
#231=EDGE_LOOP('',(#1459,#1460,#1461));
#232=EDGE_LOOP('',(#1462,#1463,#1464,#1465,#1466));
#233=EDGE_LOOP('',(#1467,#1468,#1469,#1470));
#234=EDGE_LOOP('',(#1471,#1472,#1473,#1474));
#235=EDGE_LOOP('',(#1475,#1476,#1477,#1478,#1479,#1480,#1481,#1482));
#236=EDGE_LOOP('',(#1483,#1484,#1485,#1486));
#237=EDGE_LOOP('',(#1487,#1488,#1489,#1490));
#238=EDGE_LOOP('',(#1491,#1492,#1493,#1494));
#239=EDGE_LOOP('',(#1495,#1496,#1497,#1498));
#240=EDGE_LOOP('',(#1499,#1500,#1501,#1502));
#241=EDGE_LOOP('',(#1503,#1504,#1505,#1506));
#242=EDGE_LOOP('',(#1507,#1508,#1509,#1510));
#243=EDGE_LOOP('',(#1511,#1512,#1513,#1514));
#244=EDGE_LOOP('',(#1515,#1516,#1517,#1518));
#245=EDGE_LOOP('',(#1519,#1520,#1521,#1522));
#246=EDGE_LOOP('',(#1523,#1524,#1525,#1526));
#247=EDGE_LOOP('',(#1527,#1528,#1529,#1530));
#248=EDGE_LOOP('',(#1531,#1532,#1533,#1534));
#249=EDGE_LOOP('',(#1535,#1536,#1537,#1538));
#250=EDGE_LOOP('',(#1539));
#251=EDGE_LOOP('',(#1540,#1541,#1542,#1543));
#252=EDGE_LOOP('',(#1544));
#253=EDGE_LOOP('',(#1545,#1546,#1547,#1548));
#254=EDGE_LOOP('',(#1549));
#255=EDGE_LOOP('',(#1550,#1551,#1552,#1553));
#256=EDGE_LOOP('',(#1554));
#257=EDGE_LOOP('',(#1555,#1556,#1557,#1558));
#258=EDGE_LOOP('',(#1559,#1560,#1561,#1562));
#259=EDGE_LOOP('',(#1563,#1564,#1565,#1566));
#260=EDGE_LOOP('',(#1567,#1568,#1569,#1570));
#261=EDGE_LOOP('',(#1571,#1572,#1573,#1574,#1575,#1576,#1577,#1578,#1579,
#1580,#1581,#1582,#1583,#1584,#1585,#1586));
#262=EDGE_LOOP('',(#1587,#1588,#1589,#1590,#1591,#1592,#1593,#1594,#1595,
#1596,#1597,#1598,#1599,#1600,#1601));
#263=EDGE_LOOP('',(#1602,#1603,#1604,#1605,#1606,#1607,#1608,#1609,#1610,
#1611,#1612,#1613,#1614,#1615,#1616,#1617,#1618,#1619,#1620));
#264=EDGE_LOOP('',(#1621,#1622,#1623,#1624));
#265=EDGE_LOOP('',(#1625,#1626,#1627,#1628));
#266=EDGE_LOOP('',(#1629,#1630,#1631,#1632,#1633,#1634,#1635,#1636,#1637,
#1638,#1639,#1640,#1641,#1642,#1643,#1644,#1645,#1646,#1647,#1648,#1649,
#1650));
#267=EDGE_LOOP('',(#1651,#1652,#1653,#1654,#1655,#1656,#1657,#1658,#1659,
#1660,#1661));
#268=EDGE_LOOP('',(#1662,#1663,#1664,#1665));
#269=EDGE_LOOP('',(#1666,#1667,#1668,#1669));
#270=EDGE_LOOP('',(#1670,#1671,#1672,#1673));
#271=EDGE_LOOP('',(#1674,#1675,#1676,#1677));
#272=EDGE_LOOP('',(#1678,#1679,#1680,#1681,#1682,#1683,#1684,#1685,#1686));
#273=EDGE_LOOP('',(#1687,#1688,#1689,#1690));
#274=EDGE_LOOP('',(#1691,#1692,#1693,#1694,#1695,#1696));
#275=EDGE_LOOP('',(#1697,#1698,#1699,#1700));
#276=EDGE_LOOP('',(#1701,#1702,#1703,#1704,#1705,#1706,#1707,#1708,#1709,
#1710,#1711,#1712,#1713,#1714,#1715,#1716,#1717,#1718,#1719,#1720,#1721,
#1722));
#277=EDGE_LOOP('',(#1723,#1724,#1725,#1726));
#278=EDGE_LOOP('',(#1727,#1728,#1729,#1730,#1731,#1732,#1733,#1734,#1735,
#1736,#1737,#1738,#1739,#1740,#1741,#1742,#1743,#1744,#1745));
#279=EDGE_LOOP('',(#1746,#1747,#1748,#1749));
#280=EDGE_LOOP('',(#1750,#1751,#1752,#1753,#1754));
#281=EDGE_LOOP('',(#1755,#1756,#1757,#1758));
#282=EDGE_LOOP('',(#1759,#1760,#1761,#1762));
#283=EDGE_LOOP('',(#1763,#1764,#1765,#1766,#1767,#1768,#1769,#1770,#1771,
#1772,#1773,#1774,#1775,#1776,#1777,#1778));
#284=EDGE_LOOP('',(#1779,#1780,#1781,#1782,#1783,#1784,#1785,#1786,#1787,
#1788,#1789,#1790,#1791,#1792,#1793));
#285=EDGE_LOOP('',(#1794,#1795,#1796,#1797,#1798));
#286=EDGE_LOOP('',(#1799,#1800,#1801,#1802,#1803));
#287=EDGE_LOOP('',(#1804,#1805,#1806,#1807));
#288=EDGE_LOOP('',(#1808,#1809,#1810,#1811,#1812));
#289=EDGE_LOOP('',(#1813,#1814,#1815,#1816,#1817,#1818,#1819,#1820,#1821,
#1822,#1823,#1824,#1825,#1826,#1827));
#290=EDGE_LOOP('',(#1828,#1829,#1830,#1831,#1832,#1833));
#291=EDGE_LOOP('',(#1834,#1835,#1836));
#292=EDGE_LOOP('',(#1837,#1838,#1839,#1840,#1841,#1842,#1843,#1844));
#293=EDGE_LOOP('',(#1845,#1846,#1847,#1848,#1849,#1850,#1851,#1852,#1853));
#294=EDGE_LOOP('',(#1854,#1855,#1856,#1857));
#295=EDGE_LOOP('',(#1858,#1859,#1860));
#296=EDGE_LOOP('',(#1861,#1862,#1863,#1864,#1865,#1866,#1867,#1868,#1869,
#1870));
#297=EDGE_LOOP('',(#1871,#1872,#1873,#1874));
#298=EDGE_LOOP('',(#1875,#1876,#1877,#1878));
#299=EDGE_LOOP('',(#1879,#1880,#1881,#1882,#1883,#1884));
#300=EDGE_LOOP('',(#1885,#1886,#1887,#1888));
#301=EDGE_LOOP('',(#1889,#1890,#1891,#1892,#1893,#1894));
#302=EDGE_LOOP('',(#1895,#1896,#1897,#1898,#1899,#1900));
#303=EDGE_LOOP('',(#1901,#1902,#1903,#1904));
#304=EDGE_LOOP('',(#1905,#1906,#1907,#1908,#1909));
#305=EDGE_LOOP('',(#1910,#1911,#1912,#1913));
#306=EDGE_LOOP('',(#1914,#1915,#1916,#1917,#1918));
#307=EDGE_LOOP('',(#1919,#1920,#1921,#1922));
#308=EDGE_LOOP('',(#1923,#1924,#1925,#1926));
#309=EDGE_LOOP('',(#1927,#1928,#1929,#1930));
#310=EDGE_LOOP('',(#1931,#1932,#1933,#1934));
#311=EDGE_LOOP('',(#1935,#1936,#1937,#1938));
#312=EDGE_LOOP('',(#1939,#1940,#1941,#1942));
#313=EDGE_LOOP('',(#1943,#1944,#1945,#1946));
#314=EDGE_LOOP('',(#1947,#1948,#1949,#1950));
#315=EDGE_LOOP('',(#1951,#1952,#1953,#1954));
#316=EDGE_LOOP('',(#1955,#1956,#1957,#1958));
#317=EDGE_LOOP('',(#1959,#1960,#1961,#1962));
#318=EDGE_LOOP('',(#1963,#1964,#1965,#1966));
#319=EDGE_LOOP('',(#1967));
#320=EDGE_LOOP('',(#1968));
#321=EDGE_LOOP('',(#1969));
#322=EDGE_LOOP('',(#1970));
#323=EDGE_LOOP('',(#1971,#1972,#1973,#1974,#1975,#1976,#1977));
#324=EDGE_LOOP('',(#1978,#1979,#1980,#1981));
#325=EDGE_LOOP('',(#1982,#1983,#1984,#1985,#1986,#1987,#1988));
#326=B_SPLINE_CURVE_WITH_KNOTS('',3,(#2757,#2758,#2759,#2760),
 .UNSPECIFIED.,.F.,.F.,(4,4),(-35.9039160410263,-35.26230979959),
 .UNSPECIFIED.);
#327=B_SPLINE_CURVE_WITH_KNOTS('',3,(#2766,#2767,#2768,#2769,#2770,#2771,
#2772,#2773,#2774,#2775,#2776,#2777,#2778,#2779,#2780,#2781,#2782,#2783,
#2784),.UNSPECIFIED.,.F.,.F.,(4,3,3,3,3,3,4),(32.7257487910698,32.9292487870508,
33.9271048109008,34.9249608347508,35.9228168586008,36.9206728824508,37.9185289063009),
 .UNSPECIFIED.);
#328=B_SPLINE_CURVE_WITH_KNOTS('',3,(#2786,#2787,#2788,#2789,#2790,#2791,
#2792,#2793,#2794,#2795,#2796,#2797,#2798,#2799,#2800,#2801,#2802,#2803,
#2804,#2805,#2806,#2807),.UNSPECIFIED.,.F.,.F.,(4,3,3,3,3,3,3,4),(-35.26230979959,
-34.9249608347508,-33.9271048109007,-32.9292487870507,-31.9313927632007,
-30.9335367393507,-29.9356807155007,-28.9791244924104),.UNSPECIFIED.);
#329=B_SPLINE_CURVE_WITH_KNOTS('',3,(#2812,#2813,#2814,#2815,#2816,#2817,
#2818,#2819,#2820,#2821,#2822,#2823,#2824,#2825,#2826,#2827,#2828,#2829,
#2830,#2831,#2832,#2833),.UNSPECIFIED.,.F.,.F.,(4,3,3,3,3,3,3,4),(26.4425634838901,
26.9421126439506,27.9399686678006,28.9378246916507,29.9356807155007,30.9335367393507,
31.9313927632007,32.7257487910698),.UNSPECIFIED.);
#330=B_SPLINE_CURVE_WITH_KNOTS('',3,(#2834,#2835,#2836,#2837,#2838,#2839,
#2840,#2841,#2842,#2843,#2844,#2845,#2846,#2847,#2848,#2849,#2850,#2851,
#2852,#2853,#2854,#2855,#2856,#2857,#2858),.UNSPECIFIED.,.F.,.F.,(4,3,3,
3,3,3,3,3,4),(-28.9791244924104,-28.9378246916506,-27.9399686678006,-26.9421126439506,
-25.9442566201006,-24.9464005962505,-23.9485445724005,-22.9506885485505,
-22.6959391852309),.UNSPECIFIED.);
#331=B_SPLINE_CURVE_WITH_KNOTS('',3,(#2863,#2864,#2865,#2866,#2867,#2868,
#2869,#2870,#2871,#2872,#2873,#2874,#2875,#2876,#2877,#2878,#2879,#2880,
#2881,#2882,#2883,#2884),.UNSPECIFIED.,.F.,.F.,(4,3,3,3,3,3,3,4),(20.1593781767106,
20.9549765008505,21.9528325247005,22.9506885485505,23.9485445724005,24.9464005962506,
25.9442566201006,26.4425634838901),.UNSPECIFIED.);
#332=B_SPLINE_CURVE_WITH_KNOTS('',3,(#2885,#2886,#2887,#2888,#2889,#2890,
#2891,#2892,#2893,#2894,#2895,#2896,#2897,#2898,#2899,#2900,#2901,#2902,
#2903,#2904,#2905,#2906),.UNSPECIFIED.,.F.,.F.,(4,3,3,3,3,3,3,4),(-22.6959391852309,
-21.9528325247005,-20.9549765008505,-19.9571204770004,-18.9592644531504,
-17.9614084293004,-16.9635524054504,-16.4127538780512),.UNSPECIFIED.);
#333=B_SPLINE_CURVE_WITH_KNOTS('',3,(#2911,#2912,#2913,#2914,#2915,#2916,
#2917,#2918,#2919,#2920,#2921,#2922,#2923,#2924,#2925,#2926,#2927,#2928,
#2929,#2930,#2931,#2932,#2933,#2934,#2935),.UNSPECIFIED.,.F.,.F.,(4,3,3,
3,3,3,3,3,4),(13.876192869531,13.9699843339003,14.9678403577503,15.9656963816004,
16.9635524054504,17.9614084293004,18.9592644531504,19.9571204770005,20.1593781767106),
 .UNSPECIFIED.);
#334=B_SPLINE_CURVE_WITH_KNOTS('',3,(#2936,#2937,#2938,#2939,#2940,#2941,
#2942,#2943,#2944,#2945,#2946,#2947,#2948,#2949,#2950,#2951,#2952,#2953,
#2954,#2955,#2956,#2957),.UNSPECIFIED.,.F.,.F.,(4,3,3,3,3,3,3,4),(-16.4127538780512,
-15.9656963816003,-14.9678403577503,-13.9699843339003,-12.9721283100503,
-11.9742722862003,-10.9764162623502,-10.1295685708718),.UNSPECIFIED.);
#335=B_SPLINE_CURVE_WITH_KNOTS('',3,(#2963,#2964,#2965,#2966,#2967,#2968,
#2969,#2970,#2971,#2972,#2973,#2974,#2975),.UNSPECIFIED.,.F.,.F.,(4,3,3,
3,4),(-3.84638326369211,-2.99356807155005,-1.99571204770003,-0.997856023850014,
0.),.UNSPECIFIED.);
#336=B_SPLINE_CURVE_WITH_KNOTS('',3,(#2978,#2979,#2980,#2981,#2982,#2983,
#2984,#2985,#2986,#2987,#2988,#2989,#2990,#2991,#2992,#2993,#2994,#2995,
#2996),.UNSPECIFIED.,.F.,.F.,(4,3,3,3,3,3,4),(2.01461286527456,2.99356807155007,
3.99142409540009,4.98928011925011,5.98713614310013,6.98499216695015,7.59300756235141),
 .UNSPECIFIED.);
#337=B_SPLINE_CURVE_WITH_KNOTS('',3,(#3003,#3004,#3005,#3006),
 .UNSPECIFIED.,.F.,.F.,(4,4),(-35.9039160410264,-35.2623097995901),
 .UNSPECIFIED.);
#338=B_SPLINE_CURVE_WITH_KNOTS('',3,(#3012,#3013,#3014,#3015,#3016,#3017,
#3018,#3019,#3020,#3021,#3022,#3023,#3024,#3025,#3026,#3027,#3028,#3029,
#3030),.UNSPECIFIED.,.F.,.F.,(4,3,3,3,3,3,4),(32.7257487910698,32.9292487870507,
33.9271048109007,34.9249608347507,35.9228168586008,36.9206728824508,37.9185289063007),
 .UNSPECIFIED.);
#339=B_SPLINE_CURVE_WITH_KNOTS('',3,(#3032,#3033,#3034,#3035,#3036,#3037,
#3038,#3039,#3040,#3041,#3042,#3043,#3044,#3045,#3046,#3047,#3048,#3049,
#3050,#3051,#3052,#3053),.UNSPECIFIED.,.F.,.F.,(4,3,3,3,3,3,3,4),(-35.2623097995901,
-34.9249608347507,-33.9271048109007,-32.9292487870506,-31.9313927632006,
-30.9335367393506,-29.9356807155006,-28.9791244924106),.UNSPECIFIED.);
#340=B_SPLINE_CURVE_WITH_KNOTS('',3,(#3058,#3059,#3060,#3061,#3062,#3063,
#3064,#3065,#3066,#3067,#3068,#3069,#3070,#3071,#3072,#3073,#3074,#3075,
#3076,#3077,#3078,#3079),.UNSPECIFIED.,.F.,.F.,(4,3,3,3,3,3,3,4),(26.4425634838902,
26.9421126439506,27.9399686678006,28.9378246916506,29.9356807155006,30.9335367393507,
31.9313927632007,32.7257487910698),.UNSPECIFIED.);
#341=B_SPLINE_CURVE_WITH_KNOTS('',3,(#3080,#3081,#3082,#3083,#3084,#3085,
#3086,#3087,#3088,#3089,#3090,#3091,#3092,#3093,#3094,#3095,#3096,#3097,
#3098,#3099,#3100,#3101,#3102,#3103,#3104),.UNSPECIFIED.,.F.,.F.,(4,3,3,
3,3,3,3,3,4),(-28.9791244924106,-28.9378246916506,-27.9399686678006,-26.9421126439505,
-25.9442566201005,-24.9464005962505,-23.9485445724005,-22.9506885485504,
-22.6959391852309),.UNSPECIFIED.);
#342=B_SPLINE_CURVE_WITH_KNOTS('',3,(#3109,#3110,#3111,#3112,#3113,#3114,
#3115,#3116,#3117,#3118,#3119,#3120,#3121,#3122,#3123,#3124,#3125,#3126,
#3127,#3128,#3129,#3130),.UNSPECIFIED.,.F.,.F.,(4,3,3,3,3,3,3,4),(20.1593781767106,
20.9549765008504,21.9528325247005,22.9506885485505,23.9485445724005,24.9464005962505,
25.9442566201005,26.4425634838902),.UNSPECIFIED.);
#343=B_SPLINE_CURVE_WITH_KNOTS('',3,(#3131,#3132,#3133,#3134,#3135,#3136,
#3137,#3138,#3139,#3140,#3141,#3142,#3143,#3144,#3145,#3146,#3147,#3148,
#3149,#3150,#3151,#3152),.UNSPECIFIED.,.F.,.F.,(4,3,3,3,3,3,3,4),(-22.6959391852309,
-21.9528325247004,-20.9549765008504,-19.9571204770004,-18.9592644531504,
-17.9614084293004,-16.9635524054503,-16.4127538780514),.UNSPECIFIED.);
#344=B_SPLINE_CURVE_WITH_KNOTS('',3,(#3157,#3158,#3159,#3160,#3161,#3162,
#3163,#3164,#3165,#3166,#3167,#3168,#3169,#3170,#3171,#3172,#3173,#3174,
#3175,#3176,#3177,#3178,#3179,#3180,#3181),.UNSPECIFIED.,.F.,.F.,(4,3,3,
3,3,3,3,3,4),(13.876192869531,13.9699843339003,14.9678403577503,15.9656963816003,
16.9635524054504,17.9614084293004,18.9592644531504,19.9571204770004,20.1593781767106),
 .UNSPECIFIED.);
#345=B_SPLINE_CURVE_WITH_KNOTS('',3,(#3182,#3183,#3184,#3185,#3186,#3187,
#3188,#3189,#3190,#3191,#3192,#3193,#3194,#3195,#3196,#3197,#3198,#3199,
#3200,#3201,#3202,#3203),.UNSPECIFIED.,.F.,.F.,(4,3,3,3,3,3,3,4),(-16.4127538780514,
-15.9656963816003,-14.9678403577503,-13.9699843339003,-12.9721283100503,
-11.9742722862002,-10.9764162623502,-10.1295685708718),.UNSPECIFIED.);
#346=B_SPLINE_CURVE_WITH_KNOTS('',3,(#3209,#3210,#3211,#3212,#3213,#3214,
#3215,#3216,#3217,#3218,#3219,#3220,#3221),.UNSPECIFIED.,.F.,.F.,(4,3,3,
3,4),(-3.84638326369217,-2.99356807155007,-1.99571204770005,-0.997856023850024,
0.),.UNSPECIFIED.);
#347=B_SPLINE_CURVE_WITH_KNOTS('',3,(#3224,#3225,#3226,#3227,#3228,#3229,
#3230,#3231,#3232,#3233,#3234,#3235,#3236,#3237,#3238,#3239,#3240,#3241,
#3242),.UNSPECIFIED.,.F.,.F.,(4,3,3,3,3,3,4),(2.01461286527434,2.99356807155006,
3.99142409540008,4.9892801192501,5.98713614310012,6.98499216695014,7.59300756235144),
 .UNSPECIFIED.);
#348=B_SPLINE_CURVE_WITH_KNOTS('',3,(#3248,#3249,#3250,#3251,#3252,#3253),
 .UNSPECIFIED.,.F.,.F.,(4,1,1,4),(47.123889803847,47.7843968628576,48.7822528867077,
49.7801089105577),.UNSPECIFIED.);
#349=B_SPLINE_CURVE_WITH_KNOTS('',3,(#3256,#3257,#3258,#3259,#3260,#3261,
#3262),.UNSPECIFIED.,.F.,.F.,(4,1,1,1,4),(47.123889803847,47.3273897998279,
48.3252458236779,49.323101847528,50.3020570538035),.UNSPECIFIED.);
#350=B_SPLINE_CURVE_WITH_KNOTS('',3,(#3267,#3268,#3269,#3270,#3271,#3272,
#3273,#3274,#3275,#3276),.UNSPECIFIED.,.F.,.F.,(4,1,1,1,1,1,1,4),(40.8407044966673,
41.7972607197575,42.7951167436075,43.7929727674576,44.7908287913076,45.7886848151576,
46.7865408390076,47.123889803847),.UNSPECIFIED.);
#351=B_SPLINE_CURVE_WITH_KNOTS('',3,(#3277,#3278,#3279,#3280,#3281,#3282,
#3283,#3284,#3285,#3286),.UNSPECIFIED.,.F.,.F.,(4,1,1,1,1,1,1,4),(40.8407044966674,
41.3402536567278,42.3381096805778,43.3359657044278,44.3338217282778,45.3316777521279,
46.3295337759779,47.123889803847),.UNSPECIFIED.);
#352=B_SPLINE_CURVE_WITH_KNOTS('',3,(#3291,#3292,#3293,#3294,#3295,#3296,
#3297,#3298,#3299,#3300,#3301),.UNSPECIFIED.,.F.,.F.,(4,1,1,1,1,1,1,1,4),
(34.5575191894877,34.8122685528074,35.8101245766574,36.8079806005074,37.8058366243574,
38.8036926482074,39.8015486720575,40.7994046959075,40.8407044966673),
 .UNSPECIFIED.);
#353=B_SPLINE_CURVE_WITH_KNOTS('',3,(#3302,#3303,#3304,#3305,#3306,#3307,
#3308,#3309,#3310,#3311),.UNSPECIFIED.,.F.,.F.,(4,1,1,1,1,1,1,4),(34.5575191894878,
35.3531175136276,36.3509735374776,37.3488295613277,38.3466855851777,39.3445416090277,
40.3423976328777,40.8407044966674),.UNSPECIFIED.);
#354=B_SPLINE_CURVE_WITH_KNOTS('',3,(#3316,#3317,#3318,#3319,#3320,#3321,
#3322,#3323,#3324,#3325),.UNSPECIFIED.,.F.,.F.,(4,1,1,1,1,1,1,4),(28.274333882308,
28.8251324097072,29.8229884335572,30.8208444574073,31.8187004812573,32.8165565051073,
33.8144125289573,34.5575191894877),.UNSPECIFIED.);
#355=B_SPLINE_CURVE_WITH_KNOTS('',3,(#3326,#3327,#3328,#3329,#3330,#3331,
#3332,#3333,#3334,#3335,#3336),.UNSPECIFIED.,.F.,.F.,(4,1,1,1,1,1,1,1,4),
(28.2743338823082,28.3681253466775,29.3659813705275,30.3638373943775,31.3616934182275,
32.3595494420776,33.3574054659276,34.3552614897776,34.5575191894878),
 .UNSPECIFIED.);
#356=B_SPLINE_CURVE_WITH_KNOTS('',3,(#3341,#3342,#3343,#3344,#3345,#3346,
#3347,#3348,#3349,#3350),.UNSPECIFIED.,.F.,.F.,(4,1,1,1,1,1,1,4),(21.9911485751285,
22.8379962666071,23.8358522904571,24.8337083143071,25.8315643381572,26.8294203620072,
27.8272763858572,28.274333882308),.UNSPECIFIED.);
#357=B_SPLINE_CURVE_WITH_KNOTS('',3,(#3351,#3352,#3353,#3354,#3355,#3356,
#3357,#3358,#3359,#3360),.UNSPECIFIED.,.F.,.F.,(4,1,1,1,1,1,1,4),(21.9911485751285,
22.3809892035773,23.3788452274274,24.3767012512774,25.3745572751274,26.3724132989774,
27.3702693228274,28.2743338823082),.UNSPECIFIED.);
#358=B_SPLINE_CURVE_WITH_KNOTS('',3,(#3366,#3367,#3368,#3369,#3370),
 .UNSPECIFIED.,.F.,.F.,(4,1,4),(14.3981410127771,15.3959970366272,15.7079632679489),
 .UNSPECIFIED.);
#359=B_SPLINE_CURVE_WITH_KNOTS('',3,(#3373,#3374,#3375,#3376,#3377),
 .UNSPECIFIED.,.F.,.F.,(4,1,4),(13.8761928695313,14.8551480758069,15.7079632679489),
 .UNSPECIFIED.);
#360=B_SPLINE_CURVE_WITH_KNOTS('',3,(#3384,#3385,#3386,#3387),
 .UNSPECIFIED.,.F.,.F.,(4,4),(-35.9039160410261,-35.2623097995904),
 .UNSPECIFIED.);
#361=B_SPLINE_CURVE_WITH_KNOTS('',3,(#3393,#3394,#3395,#3396,#3397,#3398,
#3399,#3400,#3401,#3402,#3403,#3404,#3405,#3406,#3407,#3408,#3409,#3410,
#3411),.UNSPECIFIED.,.F.,.F.,(4,3,3,3,3,3,4),(32.7257487910701,32.9292487870506,
33.9271048109006,34.9249608347506,35.9228168586006,36.9206728824506,37.9185289063005),
 .UNSPECIFIED.);
#362=B_SPLINE_CURVE_WITH_KNOTS('',3,(#3413,#3414,#3415,#3416,#3417,#3418,
#3419,#3420,#3421,#3422,#3423,#3424,#3425,#3426,#3427,#3428,#3429,#3430,
#3431,#3432,#3433,#3434),.UNSPECIFIED.,.F.,.F.,(4,3,3,3,3,3,3,4),(-35.2623097995904,
-34.9249608347506,-33.9271048109006,-32.9292487870506,-31.9313927632006,
-30.9335367393506,-29.9356807155005,-28.9791244924108),.UNSPECIFIED.);
#363=B_SPLINE_CURVE_WITH_KNOTS('',3,(#3439,#3440,#3441,#3442,#3443,#3444,
#3445,#3446,#3447,#3448,#3449,#3450,#3451,#3452,#3453,#3454,#3455,#3456,
#3457,#3458,#3459,#3460),.UNSPECIFIED.,.F.,.F.,(4,3,3,3,3,3,3,4),(26.4425634838906,
26.9421126439505,27.9399686678005,28.9378246916505,29.9356807155005,30.9335367393505,
31.9313927632005,32.7257487910701),.UNSPECIFIED.);
#364=B_SPLINE_CURVE_WITH_KNOTS('',3,(#3461,#3462,#3463,#3464,#3465,#3466,
#3467,#3468,#3469,#3470,#3471,#3472,#3473,#3474,#3475,#3476,#3477,#3478,
#3479,#3480,#3481,#3482,#3483,#3484,#3485),.UNSPECIFIED.,.F.,.F.,(4,3,3,
3,3,3,3,3,4),(-28.9791244924108,-28.9378246916505,-27.9399686678005,-26.9421126439505,
-25.9442566201005,-24.9464005962504,-23.9485445724004,-22.9506885485504,
-22.6959391852312),.UNSPECIFIED.);
#365=B_SPLINE_CURVE_WITH_KNOTS('',3,(#3490,#3491,#3492,#3493,#3494,#3495,
#3496,#3497,#3498,#3499,#3500,#3501,#3502,#3503,#3504,#3505,#3506,#3507,
#3508,#3509,#3510,#3511),.UNSPECIFIED.,.F.,.F.,(4,3,3,3,3,3,3,4),(20.159378176711,
20.9549765008504,21.9528325247004,22.9506885485504,23.9485445724004,24.9464005962504,
25.9442566201004,26.4425634838906),.UNSPECIFIED.);
#366=B_SPLINE_CURVE_WITH_KNOTS('',3,(#3512,#3513,#3514,#3515,#3516,#3517,
#3518,#3519,#3520,#3521,#3522,#3523,#3524,#3525,#3526,#3527,#3528,#3529,
#3530,#3531,#3532,#3533),.UNSPECIFIED.,.F.,.F.,(4,3,3,3,3,3,3,4),(-22.6959391852312,
-21.9528325247004,-20.9549765008504,-19.9571204770004,-18.9592644531503,
-17.9614084293003,-16.9635524054503,-16.4127538780516),.UNSPECIFIED.);
#367=B_SPLINE_CURVE_WITH_KNOTS('',3,(#3539,#3540,#3541,#3542,#3543,#3544,
#3545,#3546,#3547,#3548,#3549,#3550,#3551),.UNSPECIFIED.,.F.,.F.,(4,3,3,
3,4),(13.8761928695314,13.9699843339002,14.9678403577503,15.9656963816003,
16.1522734000119),.UNSPECIFIED.);
#368=B_SPLINE_CURVE_WITH_KNOTS('',3,(#3558,#3559,#3560,#3561,#3562,#3563,
#3564,#3565,#3566,#3567,#3568,#3569,#3570,#3571,#3572,#3573),
 .UNSPECIFIED.,.F.,.F.,(4,3,3,3,3,4),(16.464418292776,16.9635524054503,
17.9614084293003,18.9592644531503,19.9571204770003,20.159378176711),
 .UNSPECIFIED.);
#369=B_SPLINE_CURVE_WITH_KNOTS('',3,(#3574,#3575,#3576,#3577,#3578,#3579,
#3580,#3581,#3582,#3583,#3584,#3585,#3586,#3587,#3588,#3589,#3590,#3591,
#3592,#3593,#3594,#3595),.UNSPECIFIED.,.F.,.F.,(4,3,3,3,3,3,3,4),(-16.4127538780516,
-15.9656963816003,-14.9678403577503,-13.9699843339003,-12.9721283100502,
-11.9742722862002,-10.9764162623502,-10.129568570872),.UNSPECIFIED.);
#370=B_SPLINE_CURVE_WITH_KNOTS('',3,(#3601,#3602,#3603,#3604,#3605,#3606,
#3607,#3608,#3609,#3610,#3611,#3612,#3613),.UNSPECIFIED.,.F.,.F.,(4,3,3,
3,4),(-3.8463832636925,-2.99356807155005,-1.99571204770003,-0.997856023850016,
0.),.UNSPECIFIED.);
#371=B_SPLINE_CURVE_WITH_KNOTS('',3,(#3616,#3617,#3618,#3619,#3620,#3621,
#3622,#3623,#3624,#3625,#3626,#3627,#3628,#3629,#3630,#3631,#3632,#3633,
#3634),.UNSPECIFIED.,.F.,.F.,(4,3,3,3,3,3,4),(2.01461286527439,2.99356807155006,
3.99142409540008,4.98928011925009,5.98713614310011,6.98499216695013,7.59300756235177),
 .UNSPECIFIED.);
#372=B_SPLINE_CURVE_WITH_KNOTS('',3,(#3640,#3641,#3642,#3643,#3644,#3645),
 .UNSPECIFIED.,.F.,.F.,(4,1,1,4),(47.1238898038469,47.7843968628571,48.7822528867072,
49.7801089105572),.UNSPECIFIED.);
#373=B_SPLINE_CURVE_WITH_KNOTS('',3,(#3648,#3649,#3650,#3651,#3652,#3653,
#3654),.UNSPECIFIED.,.F.,.F.,(4,1,1,1,4),(47.1238898038469,47.3273897998273,
48.3252458236773,49.3231018475273,50.3020570538029),.UNSPECIFIED.);
#374=B_SPLINE_CURVE_WITH_KNOTS('',3,(#3659,#3660,#3661,#3662,#3663,#3664,
#3665,#3666,#3667,#3668),.UNSPECIFIED.,.F.,.F.,(4,1,1,1,1,1,1,4),(40.8407044966672,
41.797260719757,42.795116743607,43.7929727674571,44.7908287913071,45.7886848151571,
46.7865408390071,47.1238898038469),.UNSPECIFIED.);
#375=B_SPLINE_CURVE_WITH_KNOTS('',3,(#3669,#3670,#3671,#3672,#3673,#3674,
#3675,#3676,#3677,#3678),.UNSPECIFIED.,.F.,.F.,(4,1,1,1,1,1,1,4),(40.8407044966672,
41.3402536567272,42.3381096805772,43.3359657044272,44.3338217282773,45.3316777521273,
46.3295337759773,47.1238898038469),.UNSPECIFIED.);
#376=B_SPLINE_CURVE_WITH_KNOTS('',3,(#3684,#3685,#3686,#3687,#3688,#3689,
#3690,#3691,#3692,#3693),.UNSPECIFIED.,.F.,.F.,(4,1,1,1,1,1,1,4),(28.9243312561455,
29.365981370527,30.363837394377,31.361693418227,32.359549442077,33.3574054659271,
34.3552614897771,34.5575191894877),.UNSPECIFIED.);
#377=B_SPLINE_CURVE_WITH_KNOTS('',3,(#3696,#3697,#3698,#3699,#3700,#3701,
#3702,#3703,#3704),.UNSPECIFIED.,.F.,.F.,(4,1,1,1,1,1,4),(28.904689539285,
29.8229884335568,30.8208444574068,31.8187004812568,32.8165565051069,33.8144125289569,
34.5575191894877),.UNSPECIFIED.);
#378=B_SPLINE_CURVE_WITH_KNOTS('',3,(#3710,#3711,#3712,#3713),
 .UNSPECIFIED.,.F.,.F.,(4,4),(28.2743338823081,28.7600124397241),
 .UNSPECIFIED.);
#379=B_SPLINE_CURVE_WITH_KNOTS('',3,(#3716,#3717,#3718,#3719,#3720),
 .UNSPECIFIED.,.F.,.F.,(4,1,4),(28.2743338823081,28.368125346677,28.6991745353904),
 .UNSPECIFIED.);
#380=B_SPLINE_CURVE_WITH_KNOTS('',3,(#3725,#3726,#3727,#3728,#3729,#3730,
#3731,#3732,#3733,#3734),.UNSPECIFIED.,.F.,.F.,(4,1,1,1,1,1,1,4),(21.9911485751286,
22.8379962666067,23.8358522904567,24.8337083143067,25.8315643381567,26.8294203620068,
27.8272763858568,28.2743338823081),.UNSPECIFIED.);
#381=B_SPLINE_CURVE_WITH_KNOTS('',3,(#3735,#3736,#3737,#3738,#3739,#3740,
#3741,#3742,#3743,#3744),.UNSPECIFIED.,.F.,.F.,(4,1,1,1,1,1,1,4),(21.9911485751286,
22.3809892035769,23.3788452274269,24.3767012512769,25.3745572751269,26.3724132989769,
27.370269322827,28.2743338823081),.UNSPECIFIED.);
#382=B_SPLINE_CURVE_WITH_KNOTS('',3,(#3750,#3751,#3752,#3753,#3754),
 .UNSPECIFIED.,.F.,.F.,(4,1,4),(14.3981410127767,15.3959970366268,15.707963267949),
 .UNSPECIFIED.);
#383=B_SPLINE_CURVE_WITH_KNOTS('',3,(#3757,#3758,#3759,#3760,#3761),
 .UNSPECIFIED.,.F.,.F.,(4,1,4),(13.876192869531,14.8551480758065,15.707963267949),
 .UNSPECIFIED.);
#384=B_SPLINE_CURVE_WITH_KNOTS('',3,(#3768,#3769,#3770,#3771),
 .UNSPECIFIED.,.F.,.F.,(4,4),(-35.9039160410264,-35.2623097995901),
 .UNSPECIFIED.);
#385=B_SPLINE_CURVE_WITH_KNOTS('',3,(#3777,#3778,#3779,#3780,#3781,#3782,
#3783,#3784,#3785,#3786,#3787,#3788,#3789,#3790,#3791,#3792,#3793,#3794,
#3795),.UNSPECIFIED.,.F.,.F.,(4,3,3,3,3,3,4),(32.72574879107,32.9292487870507,
33.9271048109008,34.9249608347508,35.9228168586009,36.9206728824509,37.918528906301),
 .UNSPECIFIED.);
#386=B_SPLINE_CURVE_WITH_KNOTS('',3,(#3797,#3798,#3799,#3800,#3801,#3802,
#3803,#3804,#3805,#3806,#3807,#3808,#3809,#3810,#3811,#3812,#3813,#3814,
#3815,#3816,#3817,#3818),.UNSPECIFIED.,.F.,.F.,(4,3,3,3,3,3,3,4),(-35.2623097995901,
-34.9249608347507,-33.9271048109007,-32.9292487870507,-31.9313927632007,
-30.9335367393507,-29.9356807155007,-28.9791244924106),.UNSPECIFIED.);
#387=B_SPLINE_CURVE_WITH_KNOTS('',3,(#3823,#3824,#3825,#3826,#3827,#3828,
#3829,#3830,#3831,#3832,#3833,#3834,#3835,#3836,#3837,#3838,#3839,#3840,
#3841,#3842,#3843,#3844),.UNSPECIFIED.,.F.,.F.,(4,3,3,3,3,3,3,4),(26.4425634838905,
26.9421126439506,27.9399686678006,28.9378246916506,29.9356807155007,30.9335367393507,
31.9313927632007,32.72574879107),.UNSPECIFIED.);
#388=B_SPLINE_CURVE_WITH_KNOTS('',3,(#3845,#3846,#3847,#3848,#3849,#3850,
#3851,#3852,#3853,#3854,#3855,#3856,#3857,#3858,#3859,#3860,#3861,#3862,
#3863,#3864,#3865,#3866,#3867,#3868,#3869),.UNSPECIFIED.,.F.,.F.,(4,3,3,
3,3,3,3,3,4),(-28.9791244924106,-28.9378246916506,-27.9399686678006,-26.9421126439506,
-25.9442566201006,-24.9464005962505,-23.9485445724005,-22.9506885485505,
-22.695939185231),.UNSPECIFIED.);
#389=B_SPLINE_CURVE_WITH_KNOTS('',3,(#3874,#3875,#3876,#3877,#3878,#3879,
#3880,#3881,#3882,#3883,#3884,#3885,#3886,#3887,#3888,#3889,#3890,#3891,
#3892,#3893,#3894,#3895),.UNSPECIFIED.,.F.,.F.,(4,3,3,3,3,3,3,4),(20.1593781767109,
20.9549765008505,21.9528325247005,22.9506885485505,23.9485445724005,24.9464005962506,
25.9442566201006,26.4425634838905),.UNSPECIFIED.);
#390=B_SPLINE_CURVE_WITH_KNOTS('',3,(#3896,#3897,#3898,#3899,#3900,#3901,
#3902,#3903,#3904,#3905,#3906,#3907,#3908,#3909,#3910,#3911,#3912,#3913,
#3914,#3915,#3916,#3917),.UNSPECIFIED.,.F.,.F.,(4,3,3,3,3,3,3,4),(-22.695939185231,
-21.9528325247005,-20.9549765008505,-19.9571204770004,-18.9592644531504,
-17.9614084293004,-16.9635524054504,-16.4127538780514),.UNSPECIFIED.);
#391=B_SPLINE_CURVE_WITH_KNOTS('',3,(#3923,#3924,#3925,#3926,#3927,#3928,
#3929,#3930,#3931,#3932,#3933,#3934,#3935),.UNSPECIFIED.,.F.,.F.,(4,3,3,
3,4),(13.8761928695312,13.9699843339003,14.9678403577503,15.9656963816004,
16.1612404983966),.UNSPECIFIED.);
#392=B_SPLINE_CURVE_WITH_KNOTS('',3,(#3942,#3943,#3944,#3945,#3946,#3947,
#3948,#3949,#3950,#3951,#3952,#3953,#3954,#3955,#3956,#3957),
 .UNSPECIFIED.,.F.,.F.,(4,3,3,3,3,4),(16.4700974175181,16.9635524054504,
17.9614084293004,18.9592644531504,19.9571204770004,20.1593781767109),
 .UNSPECIFIED.);
#393=B_SPLINE_CURVE_WITH_KNOTS('',3,(#3958,#3959,#3960,#3961,#3962,#3963,
#3964,#3965,#3966,#3967,#3968,#3969,#3970,#3971,#3972,#3973,#3974,#3975,
#3976,#3977,#3978,#3979),.UNSPECIFIED.,.F.,.F.,(4,3,3,3,3,3,3,4),(-16.4127538780514,
-15.9656963816003,-14.9678403577503,-13.9699843339003,-12.9721283100503,
-11.9742722862003,-10.9764162623502,-10.1295685708719),.UNSPECIFIED.);
#394=B_SPLINE_CURVE_WITH_KNOTS('',3,(#3985,#3986,#3987,#3988,#3989,#3990,
#3991,#3992,#3993,#3994,#3995,#3996,#3997),.UNSPECIFIED.,.F.,.F.,(4,3,3,
3,4),(-3.84638326369221,-2.99356807155007,-1.99571204770004,-0.997856023850022,
0.),.UNSPECIFIED.);
#395=B_SPLINE_CURVE_WITH_KNOTS('',3,(#4000,#4001,#4002,#4003,#4004,#4005,
#4006,#4007,#4008,#4009,#4010,#4011,#4012,#4013,#4014,#4015,#4016,#4017,
#4018),.UNSPECIFIED.,.F.,.F.,(4,3,3,3,3,3,4),(2.0146128652747,2.99356807155006,
3.99142409540009,4.98928011925011,5.98713614310013,6.98499216695015,7.5930075623517),
 .UNSPECIFIED.);
#396=B_SPLINE_CURVE_WITH_KNOTS('',3,(#4024,#4025,#4026,#4027),
 .UNSPECIFIED.,.F.,.F.,(4,4),(28.2743338823081,28.7543847514643),
 .UNSPECIFIED.);
#397=B_SPLINE_CURVE_WITH_KNOTS('',3,(#4030,#4031,#4032,#4033,#4034),
 .UNSPECIFIED.,.F.,.F.,(4,1,4),(28.2743338823081,28.3681253466772,28.6937294328621),
 .UNSPECIFIED.);
#398=B_SPLINE_CURVE_WITH_KNOTS('',3,(#4039,#4040,#4041,#4042,#4043,#4044,
#4045,#4046,#4047,#4048),.UNSPECIFIED.,.F.,.F.,(4,1,1,1,1,1,1,4),(21.9911485751286,
22.837996266607,23.835852290457,24.833708314307,25.831564338157,26.8294203620071,
27.8272763858571,28.2743338823081),.UNSPECIFIED.);
#399=B_SPLINE_CURVE_WITH_KNOTS('',3,(#4049,#4050,#4051,#4052,#4053,#4054,
#4055,#4056,#4057,#4058),.UNSPECIFIED.,.F.,.F.,(4,1,1,1,1,1,1,4),(21.9911485751286,
22.3809892035771,23.3788452274271,24.3767012512771,25.3745572751271,26.3724132989772,
27.3702693228272,28.2743338823081),.UNSPECIFIED.);
#400=B_SPLINE_CURVE_WITH_KNOTS('',3,(#4064,#4065,#4066,#4067,#4068),
 .UNSPECIFIED.,.F.,.F.,(4,1,4),(14.3981410127769,15.3959970366269,15.707963267949),
 .UNSPECIFIED.);
#401=B_SPLINE_CURVE_WITH_KNOTS('',3,(#4071,#4072,#4073,#4074,#4075),
 .UNSPECIFIED.,.F.,.F.,(4,1,4),(13.8761928695312,14.8551480758068,15.707963267949),
 .UNSPECIFIED.);
#402=B_SPLINE_CURVE_WITH_KNOTS('',3,(#4081,#4082,#4083,#4084,#4085,#4086),
 .UNSPECIFIED.,.F.,.F.,(4,1,1,4),(47.1238898038469,47.7843968628575,48.7822528867075,
49.7801089105575),.UNSPECIFIED.);
#403=B_SPLINE_CURVE_WITH_KNOTS('',3,(#4089,#4090,#4091,#4092,#4093,#4094,
#4095),.UNSPECIFIED.,.F.,.F.,(4,1,1,1,4),(47.1238898038469,47.3273897998276,
48.3252458236777,49.3231018475277,50.3020570538032),.UNSPECIFIED.);
#404=B_SPLINE_CURVE_WITH_KNOTS('',3,(#4100,#4101,#4102,#4103,#4104,#4105,
#4106,#4107,#4108,#4109),.UNSPECIFIED.,.F.,.F.,(4,1,1,1,1,1,1,4),(40.8407044966673,
41.7972607197574,42.7951167436074,43.7929727674574,44.7908287913074,45.7886848151575,
46.7865408390075,47.1238898038469),.UNSPECIFIED.);
#405=B_SPLINE_CURVE_WITH_KNOTS('',3,(#4110,#4111,#4112,#4113,#4114,#4115,
#4116,#4117,#4118,#4119),.UNSPECIFIED.,.F.,.F.,(4,1,1,1,1,1,1,4),(40.8407044966672,
41.3402536567275,42.3381096805775,43.3359657044275,44.3338217282776,45.3316777521276,
46.3295337759776,47.1238898038469),.UNSPECIFIED.);
#406=B_SPLINE_CURVE_WITH_KNOTS('',3,(#4125,#4126,#4127,#4128,#4129,#4130,
#4131,#4132,#4133,#4134),.UNSPECIFIED.,.F.,.F.,(4,1,1,1,1,1,1,4),(28.9189557077372,
29.3659813705272,30.3638373943773,31.3616934182273,32.3595494420773,33.3574054659273,
34.3552614897773,34.5575191894877),.UNSPECIFIED.);
#407=B_SPLINE_CURVE_WITH_KNOTS('',3,(#4137,#4138,#4139,#4140,#4141,#4142,
#4143,#4144,#4145),.UNSPECIFIED.,.F.,.F.,(4,1,1,1,1,1,4),(28.8993885960908,
29.8229884335571,30.8208444574071,31.8187004812572,32.8165565051072,33.8144125289572,
34.5575191894878),.UNSPECIFIED.);
#408=B_SPLINE_CURVE_WITH_KNOTS('',3,(#4151,#4152,#4153,#4154,#4155,#4156),
 .UNSPECIFIED.,.F.,.F.,(4,1,1,4),(47.1238898038469,47.7843968628575,48.7822528867075,
49.7801089105575),.UNSPECIFIED.);
#409=B_SPLINE_CURVE_WITH_KNOTS('',3,(#4159,#4160,#4161,#4162,#4163,#4164,
#4165),.UNSPECIFIED.,.F.,.F.,(4,1,1,1,4),(47.1238898038469,47.3273897998278,
48.3252458236778,49.3231018475278,50.3020570538033),.UNSPECIFIED.);
#410=B_SPLINE_CURVE_WITH_KNOTS('',3,(#4170,#4171,#4172,#4173,#4174,#4175,
#4176,#4177,#4178,#4179),.UNSPECIFIED.,.F.,.F.,(4,1,1,1,1,1,1,4),(40.8407044966673,
41.7972607197573,42.7951167436074,43.7929727674574,44.7908287913074,45.7886848151574,
46.7865408390074,47.1238898038469),.UNSPECIFIED.);
#411=B_SPLINE_CURVE_WITH_KNOTS('',3,(#4180,#4181,#4182,#4183,#4184,#4185,
#4186,#4187,#4188,#4189),.UNSPECIFIED.,.F.,.F.,(4,1,1,1,1,1,1,4),(40.8407044966673,
41.3402536567276,42.3381096805777,43.3359657044277,44.3338217282777,45.3316777521277,
46.3295337759777,47.1238898038469),.UNSPECIFIED.);
#412=B_SPLINE_CURVE_WITH_KNOTS('',3,(#4194,#4195,#4196,#4197,#4198,#4199,
#4200,#4201,#4202,#4203,#4204),.UNSPECIFIED.,.F.,.F.,(4,1,1,1,1,1,1,1,4),
(34.5575191894878,34.8122685528072,35.8101245766572,36.8079806005072,37.8058366243573,
38.8036926482073,39.8015486720573,40.7994046959073,40.8407044966673),
 .UNSPECIFIED.);
#413=B_SPLINE_CURVE_WITH_KNOTS('',3,(#4205,#4206,#4207,#4208,#4209,#4210,
#4211,#4212,#4213,#4214),.UNSPECIFIED.,.F.,.F.,(4,1,1,1,1,1,1,4),(34.5575191894878,
35.3531175136275,36.3509735374775,37.3488295613275,38.3466855851776,39.3445416090276,
40.3423976328776,40.8407044966673),.UNSPECIFIED.);
#414=B_SPLINE_CURVE_WITH_KNOTS('',3,(#4219,#4220,#4221,#4222,#4223,#4224,
#4225,#4226,#4227,#4228),.UNSPECIFIED.,.F.,.F.,(4,1,1,1,1,1,1,4),(28.2743338823081,
28.8251324097071,29.8229884335571,30.8208444574071,31.8187004812571,32.8165565051072,
33.8144125289572,34.5575191894878),.UNSPECIFIED.);
#415=B_SPLINE_CURVE_WITH_KNOTS('',3,(#4229,#4230,#4231,#4232,#4233,#4234,
#4235,#4236,#4237,#4238,#4239),.UNSPECIFIED.,.F.,.F.,(4,1,1,1,1,1,1,1,4),
(28.2743338823081,28.3681253466774,29.3659813705274,30.3638373943774,31.3616934182274,
32.3595494420774,33.3574054659275,34.3552614897775,34.5575191894878),
 .UNSPECIFIED.);
#416=B_SPLINE_CURVE_WITH_KNOTS('',3,(#4244,#4245,#4246,#4247,#4248,#4249,
#4250,#4251,#4252,#4253),.UNSPECIFIED.,.F.,.F.,(4,1,1,1,1,1,1,4),(21.9911485751285,
22.837996266607,23.835852290457,24.833708314307,25.831564338157,26.829420362007,
27.8272763858571,28.2743338823081),.UNSPECIFIED.);
#417=B_SPLINE_CURVE_WITH_KNOTS('',3,(#4254,#4255,#4256,#4257,#4258,#4259,
#4260,#4261,#4262,#4263),.UNSPECIFIED.,.F.,.F.,(4,1,1,1,1,1,1,4),(21.9911485751285,
22.3809892035772,23.3788452274273,24.3767012512773,25.3745572751273,26.3724132989773,
27.3702693228273,28.2743338823081),.UNSPECIFIED.);
#418=B_SPLINE_CURVE_WITH_KNOTS('',3,(#4269,#4270,#4271,#4272,#4273),
 .UNSPECIFIED.,.F.,.F.,(4,1,4),(14.3981410127771,15.3959970366271,15.7079632679489),
 .UNSPECIFIED.);
#419=B_SPLINE_CURVE_WITH_KNOTS('',3,(#4276,#4277,#4278,#4279,#4280),
 .UNSPECIFIED.,.F.,.F.,(4,1,4),(13.8761928695313,14.8551480758068,15.707963267949),
 .UNSPECIFIED.);
#420=B_SPLINE_CURVE_WITH_KNOTS('',3,(#4331,#4332,#4333,#4334,#4335,#4336,
#4337,#4338,#4339,#4340,#4341),.UNSPECIFIED.,.F.,.F.,(4,1,1,1,1,1,1,1,4),
(15.707963267949,15.8530040996568,16.8508601235069,17.8487161473569,18.8465721712069,
19.8444281950569,20.8422842189069,21.840140242757,21.9911485751285),
 .UNSPECIFIED.);
#421=B_SPLINE_CURVE_WITH_KNOTS('',3,(#4342,#4343,#4344,#4345,#4346,#4347,
#4348,#4349,#4350,#4351),.UNSPECIFIED.,.F.,.F.,(4,1,1,1,1,1,1,4),(15.7079632679489,
16.3938530604771,17.3917090843271,18.3895651081771,19.3874211320272,20.3852771558772,
21.3831331797272,21.9911485751285),.UNSPECIFIED.);
#422=B_SPLINE_CURVE_WITH_KNOTS('',3,(#4516,#4517,#4518,#4519,#4520,#4521,
#4522,#4523,#4524,#4525,#4526,#4527,#4528,#4529,#4530,#4531,#4532,#4533,
#4534,#4535,#4536,#4537,#4538,#4539,#4540,#4541,#4542,#4543,#4544,#4545,
#4546,#4547,#4548,#4549,#4550,#4551,#4552,#4553,#4554,#4555,#4556,#4557,
#4558,#4559,#4560,#4561,#4562,#4563,#4564,#4565,#4566,#4567,#4568,#4569,
#4570,#4571,#4572,#4573,#4574,#4575,#4576,#4577,#4578,#4579,#4580,#4581,
#4582,#4583,#4584,#4585,#4586,#4587,#4588,#4589,#4590,#4591,#4592,#4593,
#4594,#4595,#4596,#4597,#4598,#4599,#4600),.UNSPECIFIED.,.F.,.F.,(4,3,3,
3,3,3,3,3,3,3,3,3,3,3,3,3,3,3,3,3,3,3,3,3,3,3,3,3,4),(-0.376940817211617,
-0.354639609264398,-0.332909836499802,-0.328062037071747,-0.305813356267426,
-0.290186865127452,-0.284235964898656,-0.278603040726921,-0.256918964834068,
-0.23569930290844,-0.214945790310758,-0.208257077303061,-0.204609953440569,
-0.184029801916801,-0.180801427147634,-0.159818115090963,-0.140237680982077,
-0.135636753695419,-0.132578480800708,-0.112119454557236,-0.0917542088177069,
-0.0718233548737858,-0.0675895597996622,-0.0636494971789307,-0.0440903102689746,
-0.0249015894978393,-0.00633488664497985,-0.00317464221987075,0.),
 .UNSPECIFIED.);
#423=B_SPLINE_CURVE_WITH_KNOTS('',3,(#4601,#4602,#4603,#4604,#4605,#4606,
#4607,#4608,#4609,#4610,#4611,#4612,#4613,#4614,#4615,#4616,#4617,#4618,
#4619,#4620,#4621,#4622,#4623,#4624,#4625,#4626,#4627,#4628,#4629,#4630,
#4631,#4632,#4633,#4634,#4635,#4636,#4637,#4638,#4639,#4640,#4641,#4642,
#4643,#4644,#4645,#4646,#4647,#4648,#4649,#4650,#4651,#4652,#4653,#4654,
#4655,#4656,#4657,#4658,#4659,#4660,#4661,#4662,#4663,#4664,#4665,#4666,
#4667,#4668,#4669,#4670,#4671,#4672,#4673,#4674,#4675,#4676,#4677,#4678,
#4679,#4680,#4681,#4682),.UNSPECIFIED.,.F.,.F.,(4,3,3,3,3,3,3,3,3,3,3,3,
3,3,3,3,3,3,3,3,3,3,3,3,3,3,3,4),(0.,0.0185888240197934,0.0384225418077662,
0.0557770448722425,0.0644899721426666,0.0684550667258007,0.0885032854138899,
0.108910586042154,0.125997581112509,0.133879185171408,0.137300644062893,
0.158376146023821,0.177258566323576,0.197791096280278,0.205679479042503,
0.209145040586511,0.230155444571057,0.251650261752731,0.268024101690883,
0.278203954344737,0.284069311952032,0.306338842397306,0.323018544155136,
0.3281532093052,0.333182081780241,0.355703093090417,0.373057649428629,0.37694081721168),
 .UNSPECIFIED.);
#424=B_SPLINE_CURVE_WITH_KNOTS('',3,(#4683,#4684,#4685,#4686,#4687,#4688,
#4689,#4690,#4691,#4692,#4693,#4694,#4695,#4696,#4697,#4698,#4699,#4700,
#4701,#4702,#4703,#4704,#4705,#4706,#4707),.UNSPECIFIED.,.F.,.F.,(4,3,3,
3,3,3,3,3,4),(-10.1295685708718,-9.9785602385002,-8.98070421465018,-7.98284819080016,
-6.98499216695014,-5.98713614310012,-4.98928011925011,-3.99142409540009,
-3.84638326369217),.UNSPECIFIED.);
#425=B_SPLINE_CURVE_WITH_KNOTS('',3,(#4872,#4873,#4874,#4875,#4876,#4877,
#4878,#4879,#4880,#4881,#4882,#4883,#4884,#4885,#4886,#4887,#4888,#4889,
#4890,#4891,#4892,#4893,#4894,#4895,#4896,#4897,#4898,#4899,#4900,#4901,
#4902,#4903,#4904,#4905,#4906,#4907,#4908,#4909,#4910,#4911,#4912,#4913,
#4914,#4915,#4916,#4917,#4918,#4919,#4920,#4921,#4922,#4923,#4924,#4925,
#4926,#4927,#4928,#4929,#4930,#4931,#4932,#4933,#4934,#4935,#4936,#4937,
#4938,#4939,#4940,#4941,#4942,#4943,#4944,#4945,#4946,#4947,#4948,#4949,
#4950,#4951,#4952,#4953,#4954,#4955,#4956,#4957,#4958,#4959),
 .UNSPECIFIED.,.F.,.F.,(4,3,3,3,3,3,3,3,3,3,3,3,3,3,3,3,3,3,3,3,3,3,3,3,
3,3,3,3,3,4),(-0.378621596831392,-0.359805814241334,-0.347860653210669,
-0.33970617852211,-0.335376131798362,-0.315510023966597,-0.301168265829185,
-0.297240260311964,-0.293224774283654,-0.272827746224047,-0.252129519522048,
-0.23929112935836,-0.22875959379306,-0.224490086309056,-0.20318523949769,
-0.200775958867297,-0.180282525838693,-0.158234611965998,-0.154226332276139,
-0.150789451081332,-0.129401968899905,-0.107565845946517,-0.0855990407055039,
-0.0801606602487254,-0.0763527535347213,-0.0538076349119521,-0.0312326864607952,
-0.00916755506702066,-0.00389921485713387,0.),.UNSPECIFIED.);
#426=B_SPLINE_CURVE_WITH_KNOTS('',3,(#4960,#4961,#4962,#4963,#4964,#4965,
#4966,#4967,#4968,#4969,#4970,#4971,#4972,#4973,#4974,#4975,#4976,#4977,
#4978,#4979,#4980,#4981),.UNSPECIFIED.,.F.,.F.,(4,3,3,3,3,3,3,4),(7.59300756235144,
7.98284819080016,8.98070421465019,9.97856023850021,10.9764162623502,11.9742722862002,
12.9721283100503,13.876192869531),.UNSPECIFIED.);
#427=B_SPLINE_CURVE_WITH_KNOTS('',3,(#4982,#4983,#4984,#4985,#4986,#4987,
#4988,#4989,#4990,#4991,#4992,#4993,#4994,#4995,#4996,#4997,#4998,#4999,
#5000,#5001,#5002,#5003,#5004,#5005,#5006,#5007,#5008,#5009,#5010,#5011,
#5012,#5013,#5014,#5015,#5016,#5017,#5018,#5019,#5020,#5021,#5022,#5023,
#5024,#5025,#5026,#5027,#5028,#5029,#5030,#5031,#5032,#5033,#5034,#5035,
#5036,#5037,#5038,#5039,#5040,#5041,#5042,#5043,#5044,#5045,#5046,#5047,
#5048,#5049,#5050,#5051,#5052,#5053,#5054,#5055,#5056,#5057,#5058,#5059,
#5060,#5061,#5062,#5063,#5064,#5065,#5066,#5067,#5068,#5069),
 .UNSPECIFIED.,.F.,.F.,(4,3,3,3,3,3,3,3,3,3,3,3,3,3,3,3,3,3,3,3,3,3,3,3,
3,3,3,3,3,4),(0.,0.0219588706466603,0.0445356541524706,0.063620853222487,
0.0720938702856609,0.0767450763980423,0.081046376031965,0.102993141671237,
0.124771627617866,0.14288303239155,0.150428387846422,0.153932505085339,
0.157568804702589,0.178341141346437,0.197217246712602,0.219494504661613,
0.224412184993502,0.229384589026718,0.250049128357393,0.270710490731051,
0.285713598357731,0.291958691306155,0.296490270298875,0.300757427692264,
0.320529257594785,0.33454191712603,0.338853312228619,0.35787988425247,0.37543531030469,
0.378621596831382),.UNSPECIFIED.);
#428=B_SPLINE_CURVE_WITH_KNOTS('',3,(#5235,#5236,#5237,#5238,#5239,#5240,
#5241),.UNSPECIFIED.,.F.,.F.,(4,3,4),(0.,0.0168540172049093,0.0391504417653311),
 .UNSPECIFIED.);
#429=B_SPLINE_CURVE_WITH_KNOTS('',3,(#5242,#5243,#5244,#5245,#5246,#5247,
#5248,#5249,#5250,#5251,#5252),.UNSPECIFIED.,.F.,.F.,(4,1,1,1,1,1,1,1,4),
(15.707963267949,15.8530040996568,16.8508601235068,17.8487161473569,18.8465721712069,
19.8444281950569,20.8422842189069,21.8401402427569,21.9911485751286),
 .UNSPECIFIED.);
#430=B_SPLINE_CURVE_WITH_KNOTS('',3,(#5253,#5254,#5255,#5256,#5257,#5258,
#5259,#5260,#5261,#5262,#5263,#5264,#5265,#5266,#5267,#5268,#5269,#5270,
#5271,#5272,#5273,#5274,#5275,#5276,#5277,#5278,#5279,#5280,#5281,#5282,
#5283,#5284,#5285,#5286,#5287,#5288,#5289,#5290,#5291,#5292,#5293,#5294,
#5295,#5296,#5297,#5298,#5299,#5300,#5301,#5302,#5303,#5304,#5305,#5306,
#5307,#5308,#5309,#5310,#5311,#5312,#5313,#5314,#5315,#5316,#5317,#5318,
#5319,#5320,#5321,#5322,#5323,#5324,#5325,#5326,#5327,#5328,#5329,#5330,
#5331,#5332,#5333,#5334),.UNSPECIFIED.,.F.,.F.,(4,3,3,3,3,3,3,3,3,3,3,3,
3,3,3,3,3,3,3,3,3,3,3,3,3,3,3,4),(0.,0.0185879048374408,0.0384217375232044,
0.0557763411232475,0.0644887441820483,0.0684547303545514,0.0885022692099743,
0.108909241028168,0.125996572352014,0.133877578571603,0.137299701782001,
0.158375226796263,0.177258566323549,0.197791489623404,0.20567965369437,
0.209145161481465,0.230156024093116,0.251651091388992,0.268023831141588,
0.278203281029519,0.284069537578174,0.306339099058059,0.323018736650679,
0.328153500355425,0.333182206764995,0.355703192972361,0.373057649428537,
0.376940817211574),.UNSPECIFIED.);
#431=B_SPLINE_CURVE_WITH_KNOTS('',3,(#5335,#5336,#5337,#5338,#5339,#5340,
#5341,#5342,#5343,#5344,#5345,#5346,#5347,#5348,#5349,#5350,#5351,#5352,
#5353,#5354,#5355,#5356,#5357,#5358,#5359),.UNSPECIFIED.,.F.,.F.,(4,3,3,
3,3,3,3,3,4),(-10.1295685708719,-9.97856023850021,-8.98070421465019,-7.98284819080018,
-6.98499216695016,-5.98713614310013,-4.98928011925011,-3.99142409540009,
-3.84638326369221),.UNSPECIFIED.);
#432=B_SPLINE_CURVE_WITH_KNOTS('',3,(#5360,#5361,#5362,#5363,#5364,#5365,
#5366,#5367,#5368,#5369,#5370,#5371,#5372,#5373,#5374,#5375,#5376,#5377,
#5378,#5379,#5380,#5381,#5382,#5383,#5384,#5385,#5386,#5387,#5388,#5389,
#5390,#5391,#5392,#5393,#5394,#5395,#5396,#5397,#5398,#5399,#5400,#5401,
#5402,#5403,#5404,#5405,#5406,#5407,#5408,#5409,#5410,#5411,#5412,#5413,
#5414,#5415,#5416,#5417,#5418,#5419,#5420,#5421,#5422,#5423,#5424,#5425,
#5426,#5427,#5428,#5429,#5430,#5431,#5432,#5433,#5434,#5435,#5436,#5437,
#5438,#5439,#5440,#5441,#5442,#5443,#5444),.UNSPECIFIED.,.F.,.F.,(4,3,3,
3,3,3,3,3,3,3,3,3,3,3,3,3,3,3,3,3,3,3,3,3,3,3,3,3,4),(-0.376940817211579,
-0.35464018464398,-0.332910339956936,-0.328062627024399,-0.305813973560115,
-0.290187405258555,-0.284237172171944,-0.278602959084305,-0.256918827095862,
-0.235698965095907,-0.214945330367551,-0.208257429157568,-0.204609955694645,
-0.184029609616749,-0.180801427147632,-0.15981812951356,-0.14023769360185,
-0.135636539137866,-0.132578119588309,-0.112119152107447,-0.0917539074333917,
-0.0718228762493513,-0.0675881895105859,-0.0636490038159008,-0.0440897430748143,
-0.0249007952105556,-0.00633367594552618,-0.00317464221988263,0.),
 .UNSPECIFIED.);
#433=B_SPLINE_CURVE_WITH_KNOTS('',3,(#5445,#5446,#5447,#5448,#5449,#5450,
#5451,#5452,#5453,#5454,#5455),.UNSPECIFIED.,.F.,.F.,(4,1,1,1,1,1,1,1,4),
(34.5575191894878,34.8122685528072,35.8101245766572,36.8079806005073,37.8058366243573,
38.8036926482073,39.8015486720573,40.7994046959073,40.8407044966673),
 .UNSPECIFIED.);
#434=B_SPLINE_CURVE_WITH_KNOTS('',3,(#5456,#5457,#5458,#5459,#5460,#5461,
#5462,#5463,#5464,#5465),.UNSPECIFIED.,.F.,.F.,(4,3,3,4),(0.0272998774840298,
0.0296313273574822,0.0409993874246961,0.047086951697879),.UNSPECIFIED.);
#435=B_SPLINE_CURVE_WITH_KNOTS('',3,(#5467,#5468,#5469,#5470,#5471,#5472,
#5473,#5474,#5475,#5476),.UNSPECIFIED.,.F.,.F.,(4,1,1,1,1,1,1,4),(34.5575191894877,
35.3531175136274,36.3509735374774,37.3488295613274,38.3466855851774,39.3445416090275,
40.3423976328775,40.8407044966672),.UNSPECIFIED.);
#436=B_SPLINE_CURVE_WITH_KNOTS('',3,(#5478,#5479,#5480,#5481,#5482,#5483,
#5484,#5485,#5486,#5487),.UNSPECIFIED.,.F.,.F.,(4,1,1,1,1,1,1,4),(15.707963267949,
16.3938530604769,17.391709084327,18.389565108177,19.387421132027,20.385277155877,
21.3831331797271,21.9911485751286),.UNSPECIFIED.);
#437=B_SPLINE_CURVE_WITH_KNOTS('',3,(#5653,#5654,#5655,#5656,#5657,#5658,
#5659,#5660,#5661,#5662),.UNSPECIFIED.,.F.,.F.,(4,3,3,4),(0.0116693115156994,
0.0238744498706488,0.0432874393735116,0.0478838761881677),.UNSPECIFIED.);
#438=B_SPLINE_CURVE_WITH_KNOTS('',3,(#5663,#5664,#5665,#5666,#5667,#5668),
 .UNSPECIFIED.,.F.,.F.,(4,2,4),(0.,0.0375357155767524,0.0546312972494384),
 .UNSPECIFIED.);
#439=B_SPLINE_CURVE_WITH_KNOTS('',3,(#5669,#5670,#5671,#5672,#5673,#5674,
#5675,#5676,#5677,#5678,#5679,#5680,#5681,#5682,#5683,#5684,#5685,#5686,
#5687,#5688,#5689,#5690),.UNSPECIFIED.,.F.,.F.,(4,3,3,3,3,3,3,4),(7.5930075623517,
7.98284819080017,8.9807042146502,9.97856023850022,10.9764162623502,11.9742722862003,
12.9721283100503,13.8761928695312),.UNSPECIFIED.);
#440=B_SPLINE_CURVE_WITH_KNOTS('',3,(#5691,#5692,#5693,#5694,#5695,#5696,
#5697,#5698,#5699,#5700,#5701,#5702,#5703,#5704,#5705,#5706,#5707,#5708,
#5709,#5710,#5711,#5712,#5713,#5714,#5715,#5716,#5717,#5718,#5719,#5720,
#5721,#5722,#5723,#5724,#5725,#5726,#5727,#5728,#5729,#5730,#5731,#5732,
#5733,#5734,#5735,#5736,#5737,#5738,#5739,#5740,#5741,#5742,#5743,#5744,
#5745,#5746,#5747,#5748,#5749,#5750,#5751,#5752,#5753,#5754,#5755,#5756,
#5757,#5758,#5759,#5760,#5761,#5762,#5763,#5764,#5765,#5766,#5767,#5768,
#5769,#5770,#5771,#5772,#5773,#5774,#5775,#5776,#5777,#5778),
 .UNSPECIFIED.,.F.,.F.,(4,3,3,3,3,3,3,3,3,3,3,3,3,3,3,3,3,3,3,3,3,3,3,3,
3,3,3,3,3,4),(0.,0.0219580986660476,0.0445347748975445,0.0636200838744319,
0.0720936399911515,0.0767445808171407,0.0810462440317499,0.102992989891894,
0.124771666860748,0.142883061823722,0.15042828139459,0.153932026521761,
0.157568677995466,0.178341207165279,0.197217246712643,0.219494504661653,
0.224412196861639,0.229384593331867,0.250049084480152,0.270710418993385,
0.285713976881369,0.291959281886486,0.296484321817854,0.300756185395571,
0.320528201633902,0.334540490887042,0.338852880687865,0.357879752624017,
0.375435310304718,0.378621596831411),.UNSPECIFIED.);
#441=B_SPLINE_CURVE_WITH_KNOTS('',3,(#5780,#5781,#5782,#5783,#5784,#5785,
#5786),.UNSPECIFIED.,.F.,.F.,(4,3,4),(0.0300371825662759,0.0520960463567249,
0.0551915137364255),.UNSPECIFIED.);
#442=B_SPLINE_CURVE_WITH_KNOTS('',3,(#5788,#5789,#5790,#5791,#5792,#5793,
#5794,#5795,#5796,#5797,#5798,#5799,#5800,#5801,#5802,#5803,#5804,#5805,
#5806,#5807,#5808,#5809),.UNSPECIFIED.,.F.,.F.,(4,3,3,3,3,3,3,4),(0.0751543958930233,
0.0952358996465931,0.115922577287946,0.127757365339196,0.135940742991631,
0.140082191117827,0.161343915160378,0.163261729492944),.UNSPECIFIED.);
#443=B_SPLINE_CURVE_WITH_KNOTS('',3,(#5810,#5811,#5812,#5813,#5814,#5815,
#5816,#5817,#5818,#5819),.UNSPECIFIED.,.F.,.F.,(4,3,3,4),(0.,0.0187799880785695,
0.0323710229908883,0.0465611738077353),.UNSPECIFIED.);
#444=B_SPLINE_CURVE_WITH_KNOTS('',3,(#5820,#5821,#5822,#5823,#5824,#5825,
#5826,#5827,#5828,#5829,#5830,#5831,#5832,#5833,#5834,#5835,#5836,#5837,
#5838,#5839,#5840,#5841,#5842,#5843,#5844,#5845,#5846,#5847,#5848,#5849,
#5850,#5851,#5852,#5853,#5854,#5855,#5856,#5857,#5858,#5859,#5860,#5861,
#5862,#5863,#5864,#5865,#5866,#5867,#5868,#5869,#5870,#5871,#5872,#5873,
#5874,#5875,#5876,#5877,#5878,#5879,#5880,#5881,#5882,#5883,#5884,#5885,
#5886,#5887,#5888,#5889,#5890,#5891,#5892,#5893,#5894,#5895,#5896,#5897,
#5898,#5899,#5900,#5901,#5902,#5903,#5904,#5905,#5906,#5907),
 .UNSPECIFIED.,.F.,.F.,(4,3,3,3,3,3,3,3,3,3,3,3,3,3,3,3,3,3,3,3,3,3,3,3,
3,3,3,3,3,4),(-0.378621596831406,-0.359806699386693,-0.347862918996808,
-0.339726600535139,-0.335386330606378,-0.315521077846485,-0.30117793797409,
-0.297262281499262,-0.293227704723307,-0.272831332399262,-0.252133081218026,
-0.23929380063035,-0.22876357921205,-0.224491502838942,-0.203186680433424,
-0.200775958867323,-0.180282021134629,-0.158234170349942,-0.154222082816267,
-0.150788554649754,-0.129400646281699,-0.107564325328637,-0.0855975194104076,
-0.0801580690623029,-0.0763530322980583,-0.0538078261777652,-0.0312328957897214,
-0.00916771365443225,-0.00389921485712954,0.),.UNSPECIFIED.);
#445=B_SPLINE_CURVE_WITH_KNOTS('',3,(#5931,#5932,#5933,#5934,#5935,#5936,
#5937,#5938,#5939,#5940,#5941,#5942,#5943,#5944,#5945,#5946,#5947,#5948,
#5949,#5950,#5951,#5952,#5953,#5954,#5955,#5956,#5957,#5958,#5959,#5960,
#5961,#5962,#5963,#5964,#5965,#5966,#5967,#5968,#5969,#5970,#5971,#5972,
#5973,#5974,#5975,#5976,#5977,#5978,#5979,#5980,#5981,#5982,#5983,#5984,
#5985,#5986,#5987,#5988,#5989,#5990,#5991,#5992,#5993,#5994,#5995,#5996,
#5997,#5998,#5999,#6000,#6001,#6002,#6003,#6004,#6005,#6006,#6007,#6008,
#6009,#6010,#6011,#6012,#6013,#6014,#6015,#6016,#6017,#6018),
 .UNSPECIFIED.,.F.,.F.,(4,3,3,3,3,3,3,3,3,3,3,3,3,3,3,3,3,3,3,3,3,3,3,3,
3,3,3,3,3,4),(0.,0.0219589598695109,0.0445357555268457,0.063620941925066,
0.0720938968486529,0.076745133486947,0.0810463912239682,0.102993158883886,
0.124771622424708,0.142883028496683,0.150428399631477,0.153932558606708,
0.157568818986053,0.178341133061573,0.197217246712608,0.219494504661631,
0.224412183236492,0.229384588486368,0.250049133249854,0.270710498482736,
0.28571355217971,0.291958619291877,0.296491002144191,0.300757581609637,
0.320529388954495,0.334542095462609,0.338853367311919,0.357879903543503,
0.375435310304792,0.378621596831452),.UNSPECIFIED.);
#446=B_SPLINE_CURVE_WITH_KNOTS('',3,(#6019,#6020,#6021,#6022,#6023,#6024,
#6025,#6026,#6027,#6028,#6029,#6030,#6031,#6032,#6033,#6034,#6035,#6036,
#6037,#6038,#6039,#6040,#6041,#6042,#6043,#6044,#6045,#6046,#6047,#6048,
#6049,#6050,#6051,#6052,#6053,#6054,#6055,#6056,#6057,#6058,#6059,#6060,
#6061,#6062,#6063,#6064,#6065,#6066,#6067,#6068,#6069,#6070,#6071,#6072,
#6073,#6074,#6075,#6076,#6077,#6078,#6079,#6080,#6081,#6082,#6083,#6084,
#6085,#6086,#6087,#6088,#6089,#6090,#6091,#6092,#6093,#6094,#6095,#6096,
#6097,#6098,#6099,#6100),.UNSPECIFIED.,.F.,.F.,(4,3,3,3,3,3,3,3,3,3,3,3,
3,3,3,3,3,3,3,3,3,3,3,3,3,3,3,4),(0.,0.0185889305057684,0.0384226349829948,
0.055777126400568,0.0644901143531338,0.0684551057215683,0.0885034029959364,
0.108910741373577,0.125997697611078,0.133879370632525,0.137300753133691,
0.158376251937101,0.17725856632358,0.197791050175137,0.205679458127278,
0.209145025959066,0.230155376153868,0.25165016404704,0.268024133198772,
0.27820403260862,0.284069285658228,0.306338812453589,0.323018521697337,
0.328153175016417,0.33318206702861,0.355703081101848,0.373057649428582,
0.376940817211565),.UNSPECIFIED.);
#447=B_SPLINE_CURVE_WITH_KNOTS('',3,(#6101,#6102,#6103,#6104,#6105,#6106,
#6107,#6108,#6109,#6110,#6111,#6112,#6113,#6114,#6115,#6116,#6117,#6118,
#6119,#6120,#6121,#6122,#6123,#6124,#6125,#6126,#6127,#6128,#6129,#6130,
#6131,#6132,#6133,#6134,#6135,#6136,#6137,#6138,#6139,#6140,#6141,#6142,
#6143,#6144,#6145,#6146,#6147,#6148,#6149,#6150,#6151,#6152,#6153,#6154,
#6155,#6156,#6157,#6158,#6159,#6160,#6161,#6162,#6163,#6164,#6165,#6166,
#6167,#6168,#6169,#6170,#6171,#6172,#6173,#6174,#6175,#6176,#6177,#6178,
#6179,#6180,#6181,#6182),.UNSPECIFIED.,.F.,.F.,(4,3,3,3,3,3,3,3,3,3,3,3,
3,3,3,3,3,3,3,3,3,3,3,3,3,3,3,4),(0.,0.0185880009342317,0.0384218216079019,
0.0557764146973633,0.0644888725948438,0.0684547655002316,0.0885023755547382,
0.108909381998761,0.125996678079969,0.13387774701741,0.13729980037055,0.158375323330887,
0.177258566323593,0.197791448894058,0.205679635933903,0.209145149309098,
0.230155964454929,0.251651005833106,0.268023859290977,0.278203351190454,
0.284069514104716,0.306339072381283,0.32301871664313,0.328153470354612,
0.333182193901068,0.355703182834851,0.373057649428668,0.376940817211726),
 .UNSPECIFIED.);
#448=B_SPLINE_CURVE_WITH_KNOTS('',3,(#6183,#6184,#6185,#6186,#6187,#6188,
#6189,#6190,#6191,#6192,#6193,#6194,#6195,#6196,#6197,#6198,#6199,#6200,
#6201,#6202,#6203,#6204,#6205,#6206,#6207,#6208,#6209,#6210,#6211,#6212,
#6213,#6214,#6215,#6216,#6217,#6218,#6219,#6220,#6221,#6222,#6223,#6224,
#6225,#6226,#6227,#6228,#6229,#6230,#6231,#6232,#6233,#6234,#6235,#6236,
#6237,#6238,#6239,#6240,#6241,#6242,#6243,#6244,#6245,#6246,#6247,#6248,
#6249,#6250,#6251,#6252,#6253,#6254,#6255,#6256,#6257,#6258,#6259,#6260,
#6261,#6262,#6263,#6264,#6265,#6266,#6267,#6268,#6269,#6270),
 .UNSPECIFIED.,.F.,.F.,(4,3,3,3,3,3,3,3,3,3,3,3,3,3,3,3,3,3,3,3,3,3,3,3,
3,3,3,3,3,4),(0.,0.0219581792423575,0.044534866851463,0.0636201643341058,
0.0720936640676808,0.0767446326814721,0.0810462578565889,0.102993005975955,
0.124771663247443,0.142883059113734,0.15042829288535,0.153932077795654,
0.15756869148664,0.178341200793594,0.197217246712606,0.219494504661618,
0.224412195904472,0.229384592916884,0.250049089193126,0.270710426874844,
0.285713939146479,0.29195922298456,0.296484910830825,0.300756307691241,
0.320528305217818,0.334540630147622,0.338852922069471,0.357879763517169,
0.375435310304708,0.378621596831417),.UNSPECIFIED.);
#449=B_SPLINE_CURVE_WITH_KNOTS('',3,(#6278,#6279,#6280,#6281,#6282,#6283,
#6284),.UNSPECIFIED.,.F.,.F.,(4,3,4),(0.0298255936635834,0.0518467917188116,
0.0550830779824747),.UNSPECIFIED.);
#450=B_SPLINE_CURVE_WITH_KNOTS('',3,(#6286,#6287,#6288,#6289,#6290,#6291,
#6292,#6293,#6294,#6295),.UNSPECIFIED.,.F.,.F.,(4,3,3,4),(0.,0.0155235828851992,
0.0368683147282788,0.0391007892868168),.UNSPECIFIED.);
#451=B_SPLINE_CURVE_WITH_KNOTS('',3,(#6305,#6306,#6307,#6308,#6309,#6310,
#6311,#6312,#6313,#6314,#6315),.UNSPECIFIED.,.F.,.F.,(4,1,1,1,1,1,1,1,4),
(15.707963267949,15.8530040996566,16.8508601235066,17.8487161473566,18.8465721712066,
19.8444281950566,20.8422842189067,21.8401402427567,21.9911485751286),
 .UNSPECIFIED.);
#452=B_SPLINE_CURVE_WITH_KNOTS('',3,(#6316,#6317,#6318,#6319,#6320,#6321,
#6322,#6323,#6324,#6325),.UNSPECIFIED.,.F.,.F.,(4,1,1,1,1,1,1,4),(15.707963267949,
16.3938530604768,17.3917090843268,18.3895651081768,19.3874211320268,20.3852771558768,
21.3831331797269,21.9911485751286),.UNSPECIFIED.);
#453=B_SPLINE_CURVE_WITH_KNOTS('',3,(#6491,#6492,#6493,#6494,#6495,#6496),
 .UNSPECIFIED.,.F.,.F.,(4,2,4),(0.,0.00315068927005256,0.0469186307935469),
 .UNSPECIFIED.);
#454=B_SPLINE_CURVE_WITH_KNOTS('',3,(#6497,#6498,#6499,#6500,#6501,#6502,
#6503,#6504,#6505,#6506),.UNSPECIFIED.,.F.,.F.,(4,1,1,1,1,1,1,4),(34.5575191894877,
35.3531175136271,36.3509735374771,37.3488295613271,38.3466855851771,39.3445416090272,
40.3423976328772,40.8407044966672),.UNSPECIFIED.);
#455=B_SPLINE_CURVE_WITH_KNOTS('',3,(#6507,#6508,#6509,#6510,#6511,#6512,
#6513,#6514,#6515,#6516,#6517,#6518,#6519,#6520,#6521,#6522,#6523,#6524,
#6525,#6526,#6527,#6528,#6529,#6530,#6531,#6532,#6533,#6534,#6535,#6536,
#6537,#6538,#6539,#6540,#6541,#6542,#6543,#6544,#6545,#6546,#6547,#6548,
#6549,#6550,#6551,#6552,#6553,#6554,#6555,#6556,#6557,#6558,#6559,#6560,
#6561,#6562,#6563,#6564,#6565,#6566,#6567,#6568,#6569,#6570,#6571,#6572,
#6573,#6574,#6575,#6576,#6577,#6578,#6579,#6580,#6581,#6582,#6583,#6584,
#6585,#6586,#6587,#6588,#6589,#6590,#6591,#6592,#6593,#6594),
 .UNSPECIFIED.,.F.,.F.,(4,3,3,3,3,3,3,3,3,3,3,3,3,3,3,3,3,3,3,3,3,3,3,3,
3,3,3,3,3,4),(-0.378621596831429,-0.359806607011673,-0.347862682504412,
-0.339724475479905,-0.335385301288547,-0.315519959900553,-0.301176959771396,
-0.297260060708997,-0.293227416691988,-0.272830976168993,-0.252132727122985,
-0.239293535059062,-0.228763182710528,-0.224491362175504,-0.203186536877766,
-0.200775958867295,-0.180282073259159,-0.158234215958902,-0.154222522263858,
-0.150788647533137,-0.129400783215295,-0.10756448275408,-0.0855976768751343,
-0.080158337092665,-0.0763530037882429,-0.0538078067264217,-0.0312328744015217,
-0.0091676972441281,-0.0038992148571046,0.),.UNSPECIFIED.);
#456=B_SPLINE_CURVE_WITH_KNOTS('',3,(#6596,#6597,#6598,#6599,#6600,#6601,
#6602,#6603,#6604,#6605),.UNSPECIFIED.,.F.,.F.,(4,3,3,4),(0.011532057763525,
0.0238538644025483,0.0432847003532791,0.0478400212475057),.UNSPECIFIED.);
#457=B_SPLINE_CURVE_WITH_KNOTS('',3,(#6606,#6607,#6608,#6609,#6610,#6611),
 .UNSPECIFIED.,.F.,.F.,(4,2,4),(0.,0.0378570600189324,0.0552244750206754),
 .UNSPECIFIED.);
#458=B_SPLINE_CURVE_WITH_KNOTS('',3,(#6612,#6613,#6614,#6615,#6616,#6617,
#6618,#6619,#6620,#6621,#6622,#6623,#6624,#6625,#6626,#6627,#6628,#6629,
#6630,#6631,#6632,#6633),.UNSPECIFIED.,.F.,.F.,(4,3,3,3,3,3,3,4),(7.59300756235177,
7.98284819080014,8.98070421465016,9.97856023850018,10.9764162623502,11.9742722862002,
12.9721283100502,13.8761928695314),.UNSPECIFIED.);
#459=B_SPLINE_CURVE_WITH_KNOTS('',3,(#6634,#6635,#6636,#6637,#6638,#6639,
#6640,#6641,#6642,#6643,#6644,#6645,#6646,#6647,#6648,#6649,#6650,#6651,
#6652,#6653,#6654,#6655),.UNSPECIFIED.,.F.,.F.,(4,3,3,3,3,3,3,4),(0.0748073823745665,
0.0948565553055124,0.115522732225536,0.127504677327988,0.135588840988557,
0.139770830633724,0.161017050968979,0.163450512635344),.UNSPECIFIED.);
#460=B_SPLINE_CURVE_WITH_KNOTS('',3,(#6657,#6658,#6659,#6660,#6661,#6662,
#6663,#6664,#6665,#6666,#6667),.UNSPECIFIED.,.F.,.F.,(4,1,1,1,1,1,1,1,4),
(34.5575191894877,34.8122685528069,35.8101245766569,36.8079806005069,37.805836624357,
38.803692648207,39.801548672057,40.799404695907,40.8407044966672),
 .UNSPECIFIED.);
#461=B_SPLINE_CURVE_WITH_KNOTS('',3,(#6832,#6833,#6834,#6835),
 .UNSPECIFIED.,.F.,.F.,(4,4),(0.0274540971021611,0.0471034554384088),
 .UNSPECIFIED.);
#462=B_SPLINE_CURVE_WITH_KNOTS('',3,(#6836,#6837,#6838,#6839,#6840,#6841,
#6842,#6843,#6844,#6845,#6846,#6847,#6848,#6849,#6850,#6851,#6852,#6853,
#6854,#6855,#6856,#6857,#6858,#6859,#6860),.UNSPECIFIED.,.F.,.F.,(4,3,3,
3,3,3,3,3,4),(-10.129568570872,-9.97856023850018,-8.98070421465016,-7.98284819080014,
-6.98499216695012,-5.9871361431001,-4.98928011925008,-3.99142409540007,
-3.8463832636925),.UNSPECIFIED.);
#463=B_SPLINE_CURVE_WITH_KNOTS('',3,(#6861,#6862,#6863,#6864,#6865,#6866,
#6867,#6868,#6869,#6870,#6871,#6872,#6873,#6874,#6875,#6876,#6877,#6878,
#6879,#6880,#6881,#6882,#6883,#6884,#6885,#6886,#6887,#6888,#6889,#6890,
#6891,#6892,#6893,#6894,#6895,#6896,#6897,#6898,#6899,#6900,#6901,#6902,
#6903,#6904,#6905,#6906,#6907,#6908,#6909,#6910,#6911,#6912,#6913,#6914,
#6915,#6916,#6917,#6918,#6919,#6920,#6921,#6922,#6923,#6924,#6925,#6926,
#6927,#6928,#6929,#6930,#6931,#6932,#6933,#6934,#6935,#6936,#6937,#6938,
#6939,#6940,#6941,#6942,#6943,#6944,#6945),.UNSPECIFIED.,.F.,.F.,(4,3,3,
3,3,3,3,3,3,3,3,3,3,3,3,3,3,3,3,3,3,3,3,3,3,3,3,3,4),(-0.376940817211583,
-0.354640124412787,-0.332910287254644,-0.328062565279598,-0.305813908760178,
-0.290187348558611,-0.284237045427246,-0.278602967639311,-0.256918841306081,
-0.235698999991266,-0.214945377824767,-0.20825739241437,-0.204609955420851,
-0.184029629455451,-0.180801427147645,-0.159818127906861,-0.140237692195988,
-0.135636559955277,-0.132578154744881,-0.112119180986501,-0.0917539359147379,
-0.0718229227216768,-0.0675883238389903,-0.063649052485681,-0.0440897990544695,
-0.0249008743246338,-0.00633379774884339,-0.0031746422198791,0.),
 .UNSPECIFIED.);
#464=B_SPLINE_CURVE_WITH_KNOTS('',3,(#6958,#6959,#6960,#6961,#6962,#6963,
#6964,#6965,#6966,#6967,#6968),.UNSPECIFIED.,.F.,.F.,(4,1,1,1,1,1,1,1,4),
(15.7079632679489,15.8530040996569,16.850860123507,17.848716147357,18.846572171207,
19.844428195057,20.8422842189071,21.8401402427571,21.9911485751285),
 .UNSPECIFIED.);
#465=B_SPLINE_CURVE_WITH_KNOTS('',3,(#6969,#6970,#6971,#6972,#6973,#6974,
#6975,#6976,#6977,#6978),.UNSPECIFIED.,.F.,.F.,(4,1,1,1,1,1,1,4),(15.7079632679489,
16.3938530604772,17.3917090843272,18.3895651081772,19.3874211320273,20.3852771558773,
21.3831331797273,21.9911485751285),.UNSPECIFIED.);
#466=B_SPLINE_CURVE_WITH_KNOTS('',3,(#7143,#7144,#7145,#7146,#7147,#7148,
#7149,#7150,#7151,#7152,#7153,#7154,#7155,#7156,#7157,#7158,#7159,#7160,
#7161,#7162,#7163,#7164,#7165,#7166,#7167,#7168,#7169,#7170,#7171,#7172,
#7173,#7174,#7175,#7176,#7177,#7178,#7179,#7180,#7181,#7182,#7183,#7184,
#7185,#7186,#7187,#7188,#7189,#7190,#7191,#7192,#7193,#7194,#7195,#7196,
#7197,#7198,#7199,#7200,#7201,#7202,#7203,#7204,#7205,#7206,#7207,#7208,
#7209,#7210,#7211,#7212,#7213,#7214,#7215,#7216,#7217,#7218,#7219,#7220,
#7221,#7222,#7223,#7224,#7225,#7226,#7227),.UNSPECIFIED.,.F.,.F.,(4,3,3,
3,3,3,3,3,3,3,3,3,3,3,3,3,3,3,3,3,3,3,3,3,3,3,3,3,4),(-0.376940817211596,
-0.354639542710889,-0.33290977826548,-0.328061968798694,-0.305813285096957,
-0.29018680285329,-0.284235825726805,-0.278603050161943,-0.256918981054577,
-0.235699342624276,-0.214945844457534,-0.208257036483276,-0.204609953245075,
-0.184029824570726,-0.180801427147621,-0.159818113555073,-0.140237679638173,
-0.135636780759931,-0.132578526190818,-0.112119493325058,-0.0917542478583439,
-0.0718234151927422,-0.0675897307345898,-0.0636495583009632,-0.0440903805097532,
-0.0249016868881564,-0.00633503344258199,-0.0031746422198707,0.),
 .UNSPECIFIED.);
#467=B_SPLINE_CURVE_WITH_KNOTS('',3,(#7228,#7229,#7230,#7231,#7232,#7233,
#7234,#7235,#7236,#7237,#7238,#7239,#7240,#7241,#7242,#7243,#7244,#7245,
#7246,#7247,#7248,#7249,#7250,#7251,#7252),.UNSPECIFIED.,.F.,.F.,(4,3,3,
3,3,3,3,3,4),(-10.1295685708718,-9.97856023850022,-8.98070421465019,-7.98284819080017,
-6.98499216695014,-5.98713614310012,-4.9892801192501,-3.99142409540007,
-3.84638326369211),.UNSPECIFIED.);
#468=B_SPLINE_CURVE_WITH_KNOTS('',3,(#7417,#7418,#7419,#7420,#7421,#7422,
#7423,#7424,#7425,#7426,#7427,#7428,#7429,#7430,#7431,#7432,#7433,#7434,
#7435,#7436,#7437,#7438,#7439,#7440,#7441,#7442,#7443,#7444,#7445,#7446,
#7447,#7448,#7449,#7450,#7451,#7452,#7453,#7454,#7455,#7456,#7457,#7458,
#7459,#7460,#7461,#7462,#7463,#7464,#7465,#7466,#7467,#7468,#7469,#7470,
#7471,#7472,#7473,#7474,#7475,#7476,#7477,#7478,#7479,#7480,#7481,#7482,
#7483,#7484,#7485,#7486,#7487,#7488,#7489,#7490,#7491,#7492,#7493,#7494,
#7495,#7496,#7497,#7498,#7499,#7500,#7501,#7502,#7503,#7504),
 .UNSPECIFIED.,.F.,.F.,(4,3,3,3,3,3,3,3,3,3,3,3,3,3,3,3,3,3,3,3,3,3,3,3,
3,3,3,3,3,4),(-0.378621596831438,-0.359805711929151,-0.347860391357362,
-0.339703809384115,-0.335374904259733,-0.315508696740371,-0.301167104506235,
-0.29723760674683,-0.293224410019734,-0.272827305808981,-0.252129082515281,
-0.23929080160328,-0.228759105184055,-0.224489912196029,-0.203185063034856,
-0.200775958867278,-0.180282584927269,-0.158234663668499,-0.154226828814621,
-0.150789555567882,-0.129402123233528,-0.107566023400415,-0.0855992182799624,
-0.0801609629481992,-0.0763527205181828,-0.0538076121067277,-0.0312326616396759,
-0.00916753655267677,-0.00389921485710765,0.),.UNSPECIFIED.);
#469=B_SPLINE_CURVE_WITH_KNOTS('',3,(#7505,#7506,#7507,#7508,#7509,#7510,
#7511,#7512,#7513,#7514,#7515,#7516,#7517,#7518,#7519,#7520,#7521,#7522,
#7523,#7524,#7525,#7526),.UNSPECIFIED.,.F.,.F.,(4,3,3,3,3,3,3,4),(7.59300756235141,
7.98284819080018,8.9807042146502,9.97856023850023,10.9764162623503,11.9742722862003,
12.9721283100503,13.876192869531),.UNSPECIFIED.);
#470=CIRCLE('',#2169,1.666);
#471=CIRCLE('',#2171,1.666);
#472=CIRCLE('',#2176,1.666);
#473=CIRCLE('',#2178,1.666);
#474=CIRCLE('',#2180,1.666);
#475=CIRCLE('',#2185,1.666);
#476=CIRCLE('',#2187,2.05475000000001);
#477=CIRCLE('',#2193,2.05475000000001);
#478=CIRCLE('',#2195,1.666);
#479=CIRCLE('',#2197,1.666);
#480=CIRCLE('',#2202,1.666);
#481=CIRCLE('',#2205,1.666);
#482=CIRCLE('',#2207,2.05475);
#483=CIRCLE('',#2215,2.05475);
#484=CIRCLE('',#2217,1.666);
#485=CIRCLE('',#2219,1.666);
#486=CIRCLE('',#2224,1.666);
#487=CIRCLE('',#2227,1.666);
#488=CIRCLE('',#2232,2.05475);
#489=CIRCLE('',#2234,2.05475);
#490=CIRCLE('',#2239,2.05474999999999);
#491=CIRCLE('',#2245,2.05474999999999);
#492=CIRCLE('',#2247,1.55);
#493=CIRCLE('',#2248,1.55);
#494=CIRCLE('',#2251,1.55);
#495=CIRCLE('',#2252,1.55);
#496=CIRCLE('',#2255,1.55);
#497=CIRCLE('',#2256,1.55);
#498=CIRCLE('',#2259,1.55);
#499=CIRCLE('',#2260,1.55);
#500=LINE('',#2754,#645);
#501=LINE('',#2764,#646);
#502=LINE('',#2811,#647);
#503=LINE('',#2862,#648);
#504=LINE('',#2910,#649);
#505=LINE('',#2961,#650);
#506=LINE('',#3000,#651);
#507=LINE('',#3010,#652);
#508=LINE('',#3057,#653);
#509=LINE('',#3108,#654);
#510=LINE('',#3156,#655);
#511=LINE('',#3207,#656);
#512=LINE('',#3246,#657);
#513=LINE('',#3266,#658);
#514=LINE('',#3290,#659);
#515=LINE('',#3315,#660);
#516=LINE('',#3340,#661);
#517=LINE('',#3364,#662);
#518=LINE('',#3381,#663);
#519=LINE('',#3391,#664);
#520=LINE('',#3438,#665);
#521=LINE('',#3489,#666);
#522=LINE('',#3537,#667);
#523=LINE('',#3599,#668);
#524=LINE('',#3638,#669);
#525=LINE('',#3658,#670);
#526=LINE('',#3682,#671);
#527=LINE('',#3708,#672);
#528=LINE('',#3724,#673);
#529=LINE('',#3748,#674);
#530=LINE('',#3765,#675);
#531=LINE('',#3775,#676);
#532=LINE('',#3822,#677);
#533=LINE('',#3873,#678);
#534=LINE('',#3921,#679);
#535=LINE('',#3983,#680);
#536=LINE('',#4022,#681);
#537=LINE('',#4038,#682);
#538=LINE('',#4062,#683);
#539=LINE('',#4079,#684);
#540=LINE('',#4099,#685);
#541=LINE('',#4123,#686);
#542=LINE('',#4149,#687);
#543=LINE('',#4169,#688);
#544=LINE('',#4193,#689);
#545=LINE('',#4218,#690);
#546=LINE('',#4243,#691);
#547=LINE('',#4267,#692);
#548=LINE('',#4285,#693);
#549=LINE('',#4292,#694);
#550=LINE('',#4299,#695);
#551=LINE('',#4306,#696);
#552=LINE('',#4312,#697);
#553=LINE('',#4314,#698);
#554=LINE('',#4316,#699);
#555=LINE('',#4317,#700);
#556=LINE('',#4320,#701);
#557=LINE('',#4322,#702);
#558=LINE('',#4323,#703);
#559=LINE('',#4327,#704);
#560=LINE('',#4328,#705);
#561=LINE('',#4329,#706);
#562=LINE('',#5911,#707);
#563=LINE('',#5913,#708);
#564=LINE('',#5915,#709);
#565=LINE('',#5917,#710);
#566=LINE('',#5919,#711);
#567=LINE('',#5921,#712);
#568=LINE('',#5923,#713);
#569=LINE('',#5925,#714);
#570=LINE('',#5927,#715);
#571=LINE('',#5929,#716);
#572=LINE('',#5930,#717);
#573=LINE('',#6273,#718);
#574=LINE('',#6275,#719);
#575=LINE('',#6277,#720);
#576=LINE('',#6296,#721);
#577=LINE('',#6300,#722);
#578=LINE('',#6302,#723);
#579=LINE('',#6303,#724);
#580=LINE('',#6948,#725);
#581=LINE('',#6949,#726);
#582=LINE('',#6952,#727);
#583=LINE('',#6954,#728);
#584=LINE('',#6955,#729);
#585=LINE('',#7531,#730);
#586=LINE('',#7532,#731);
#587=LINE('',#7535,#732);
#588=LINE('',#7536,#733);
#589=LINE('',#7538,#734);
#590=LINE('',#7540,#735);
#591=LINE('',#7542,#736);
#592=LINE('',#7543,#737);
#593=LINE('',#7545,#738);
#594=LINE('',#7546,#739);
#595=LINE('',#7548,#740);
#596=LINE('',#7553,#741);
#597=LINE('',#7555,#742);
#598=LINE('',#7557,#743);
#599=LINE('',#7559,#744);
#600=LINE('',#7560,#745);
#601=LINE('',#7562,#746);
#602=LINE('',#7563,#747);
#603=LINE('',#7566,#748);
#604=LINE('',#7568,#749);
#605=LINE('',#7570,#750);
#606=LINE('',#7572,#751);
#607=LINE('',#7574,#752);
#608=LINE('',#7576,#753);
#609=LINE('',#7577,#754);
#610=LINE('',#7579,#755);
#611=LINE('',#7583,#756);
#612=LINE('',#7585,#757);
#613=LINE('',#7587,#758);
#614=LINE('',#7588,#759);
#615=LINE('',#7590,#760);
#616=LINE('',#7593,#761);
#617=LINE('',#7595,#762);
#618=LINE('',#7596,#763);
#619=LINE('',#7599,#764);
#620=LINE('',#7600,#765);
#621=LINE('',#7604,#766);
#622=LINE('',#7606,#767);
#623=LINE('',#7608,#768);
#624=LINE('',#7609,#769);
#625=LINE('',#7611,#770);
#626=LINE('',#7613,#771);
#627=LINE('',#7615,#772);
#628=LINE('',#7616,#773);
#629=LINE('',#7618,#774);
#630=LINE('',#7619,#775);
#631=LINE('',#7625,#776);
#632=LINE('',#7627,#777);
#633=LINE('',#7629,#778);
#634=LINE('',#7631,#779);
#635=LINE('',#7633,#780);
#636=LINE('',#7635,#781);
#637=LINE('',#7639,#782);
#638=LINE('',#7642,#783);
#639=LINE('',#7644,#784);
#640=LINE('',#7645,#785);
#641=LINE('',#7647,#786);
#642=LINE('',#7648,#787);
#643=LINE('',#7650,#788);
#644=LINE('',#7652,#789);
#645=VECTOR('',#2317,1.62150117139667);
#646=VECTOR('',#2322,1.62150117139667);
#647=VECTOR('',#2327,1.62150117139667);
#648=VECTOR('',#2330,1.62150117139667);
#649=VECTOR('',#2333,1.62150117139667);
#650=VECTOR('',#2336,1.62150117139667);
#651=VECTOR('',#2341,1.62150117139667);
#652=VECTOR('',#2346,1.62150117139667);
#653=VECTOR('',#2351,1.62150117139667);
#654=VECTOR('',#2354,1.62150117139667);
#655=VECTOR('',#2357,1.62150117139667);
#656=VECTOR('',#2360,1.62150117139667);
#657=VECTOR('',#2365,2.05475000000001);
#658=VECTOR('',#2370,2.05475000000001);
#659=VECTOR('',#2373,2.05475000000001);
#660=VECTOR('',#2376,2.05475000000001);
#661=VECTOR('',#2379,2.05475000000001);
#662=VECTOR('',#2382,2.05475000000001);
#663=VECTOR('',#2387,1.61154225401697);
#664=VECTOR('',#2392,1.61154225401697);
#665=VECTOR('',#2397,1.61154225401697);
#666=VECTOR('',#2400,1.61154225401697);
#667=VECTOR('',#2403,1.61154225401697);
#668=VECTOR('',#2412,1.61154225401697);
#669=VECTOR('',#2417,2.05475);
#670=VECTOR('',#2422,2.05475);
#671=VECTOR('',#2425,2.05475);
#672=VECTOR('',#2430,2.05475);
#673=VECTOR('',#2435,2.05475);
#674=VECTOR('',#2438,2.05475);
#675=VECTOR('',#2443,1.62236697922609);
#676=VECTOR('',#2448,1.62236697922609);
#677=VECTOR('',#2453,1.62236697922609);
#678=VECTOR('',#2456,1.62236697922609);
#679=VECTOR('',#2459,1.62236697922609);
#680=VECTOR('',#2468,1.62236697922609);
#681=VECTOR('',#2473,2.05475);
#682=VECTOR('',#2478,2.05475);
#683=VECTOR('',#2481,2.05475);
#684=VECTOR('',#2486,2.05475);
#685=VECTOR('',#2491,2.05475);
#686=VECTOR('',#2494,2.05475);
#687=VECTOR('',#2499,2.05474999999999);
#688=VECTOR('',#2504,2.05474999999999);
#689=VECTOR('',#2507,2.05474999999999);
#690=VECTOR('',#2510,2.05474999999999);
#691=VECTOR('',#2513,2.05474999999999);
#692=VECTOR('',#2516,2.05474999999999);
#693=VECTOR('',#2523,1.55);
#694=VECTOR('',#2532,1.55);
#695=VECTOR('',#2541,1.55);
#696=VECTOR('',#2550,1.55);
#697=VECTOR('',#2557,10.);
#698=VECTOR('',#2558,10.);
#699=VECTOR('',#2559,10.);
#700=VECTOR('',#2560,10.);
#701=VECTOR('',#2563,10.);
#702=VECTOR('',#2564,10.);
#703=VECTOR('',#2565,10.);
#704=VECTOR('',#2568,10.);
#705=VECTOR('',#2569,10.);
#706=VECTOR('',#2570,10.);
#707=VECTOR('',#2579,10.);
#708=VECTOR('',#2580,10.);
#709=VECTOR('',#2581,10.);
#710=VECTOR('',#2582,10.);
#711=VECTOR('',#2583,10.);
#712=VECTOR('',#2584,10.);
#713=VECTOR('',#2585,10.);
#714=VECTOR('',#2586,10.);
#715=VECTOR('',#2587,10.);
#716=VECTOR('',#2588,10.);
#717=VECTOR('',#2589,10.);
#718=VECTOR('',#2592,10.);
#719=VECTOR('',#2593,10.);
#720=VECTOR('',#2594,10.);
#721=VECTOR('',#2595,10.);
#722=VECTOR('',#2600,10.);
#723=VECTOR('',#2601,10.);
#724=VECTOR('',#2602,10.);
#725=VECTOR('',#2609,10.);
#726=VECTOR('',#2610,10.);
#727=VECTOR('',#2613,10.);
#728=VECTOR('',#2614,10.);
#729=VECTOR('',#2615,10.);
#730=VECTOR('',#2626,10.);
#731=VECTOR('',#2627,10.);
#732=VECTOR('',#2630,10.);
#733=VECTOR('',#2631,10.);
#734=VECTOR('',#2634,10.);
#735=VECTOR('',#2635,10.);
#736=VECTOR('',#2636,10.);
#737=VECTOR('',#2637,10.);
#738=VECTOR('',#2638,10.);
#739=VECTOR('',#2639,10.);
#740=VECTOR('',#2642,10.);
#741=VECTOR('',#2647,10.);
#742=VECTOR('',#2648,10.);
#743=VECTOR('',#2649,10.);
#744=VECTOR('',#2650,10.);
#745=VECTOR('',#2651,10.);
#746=VECTOR('',#2652,10.);
#747=VECTOR('',#2653,10.);
#748=VECTOR('',#2656,10.);
#749=VECTOR('',#2657,10.);
#750=VECTOR('',#2658,10.);
#751=VECTOR('',#2659,10.);
#752=VECTOR('',#2660,10.);
#753=VECTOR('',#2661,10.);
#754=VECTOR('',#2662,10.);
#755=VECTOR('',#2665,10.);
#756=VECTOR('',#2670,10.);
#757=VECTOR('',#2671,10.);
#758=VECTOR('',#2672,10.);
#759=VECTOR('',#2673,10.);
#760=VECTOR('',#2676,10.);
#761=VECTOR('',#2679,10.);
#762=VECTOR('',#2680,10.);
#763=VECTOR('',#2681,10.);
#764=VECTOR('',#2684,10.);
#765=VECTOR('',#2685,10.);
#766=VECTOR('',#2688,10.);
#767=VECTOR('',#2689,10.);
#768=VECTOR('',#2690,10.);
#769=VECTOR('',#2691,10.);
#770=VECTOR('',#2692,10.);
#771=VECTOR('',#2693,10.);
#772=VECTOR('',#2694,10.);
#773=VECTOR('',#2695,10.);
#774=VECTOR('',#2698,10.);
#775=VECTOR('',#2699,10.);
#776=VECTOR('',#2710,10.);
#777=VECTOR('',#2713,10.);
#778=VECTOR('',#2716,10.);
#779=VECTOR('',#2719,10.);
#780=VECTOR('',#2722,10.);
#781=VECTOR('',#2725,10.);
#782=VECTOR('',#2732,10.);
#783=VECTOR('',#2735,10.);
#784=VECTOR('',#2736,10.);
#785=VECTOR('',#2737,10.);
#786=VECTOR('',#2740,10.);
#787=VECTOR('',#2741,10.);
#788=VECTOR('',#2744,10.);
#789=VECTOR('',#2747,10.);
#790=VERTEX_POINT('',#2752);
#791=VERTEX_POINT('',#2753);
#792=VERTEX_POINT('',#2755);
#793=VERTEX_POINT('',#2762);
#794=VERTEX_POINT('',#2763);
#795=VERTEX_POINT('',#2765);
#796=VERTEX_POINT('',#2809);
#797=VERTEX_POINT('',#2810);
#798=VERTEX_POINT('',#2860);
#799=VERTEX_POINT('',#2861);
#800=VERTEX_POINT('',#2908);
#801=VERTEX_POINT('',#2909);
#802=VERTEX_POINT('',#2959);
#803=VERTEX_POINT('',#2960);
#804=VERTEX_POINT('',#2962);
#805=VERTEX_POINT('',#2976);
#806=VERTEX_POINT('',#2998);
#807=VERTEX_POINT('',#2999);
#808=VERTEX_POINT('',#3001);
#809=VERTEX_POINT('',#3008);
#810=VERTEX_POINT('',#3009);
#811=VERTEX_POINT('',#3011);
#812=VERTEX_POINT('',#3055);
#813=VERTEX_POINT('',#3056);
#814=VERTEX_POINT('',#3106);
#815=VERTEX_POINT('',#3107);
#816=VERTEX_POINT('',#3154);
#817=VERTEX_POINT('',#3155);
#818=VERTEX_POINT('',#3205);
#819=VERTEX_POINT('',#3206);
#820=VERTEX_POINT('',#3208);
#821=VERTEX_POINT('',#3222);
#822=VERTEX_POINT('',#3244);
#823=VERTEX_POINT('',#3245);
#824=VERTEX_POINT('',#3247);
#825=VERTEX_POINT('',#3254);
#826=VERTEX_POINT('',#3264);
#827=VERTEX_POINT('',#3265);
#828=VERTEX_POINT('',#3288);
#829=VERTEX_POINT('',#3289);
#830=VERTEX_POINT('',#3313);
#831=VERTEX_POINT('',#3314);
#832=VERTEX_POINT('',#3338);
#833=VERTEX_POINT('',#3339);
#834=VERTEX_POINT('',#3362);
#835=VERTEX_POINT('',#3363);
#836=VERTEX_POINT('',#3365);
#837=VERTEX_POINT('',#3371);
#838=VERTEX_POINT('',#3379);
#839=VERTEX_POINT('',#3380);
#840=VERTEX_POINT('',#3382);
#841=VERTEX_POINT('',#3389);
#842=VERTEX_POINT('',#3390);
#843=VERTEX_POINT('',#3392);
#844=VERTEX_POINT('',#3436);
#845=VERTEX_POINT('',#3437);
#846=VERTEX_POINT('',#3487);
#847=VERTEX_POINT('',#3488);
#848=VERTEX_POINT('',#3535);
#849=VERTEX_POINT('',#3536);
#850=VERTEX_POINT('',#3538);
#851=VERTEX_POINT('',#3552);
#852=VERTEX_POINT('',#3554);
#853=VERTEX_POINT('',#3556);
#854=VERTEX_POINT('',#3597);
#855=VERTEX_POINT('',#3598);
#856=VERTEX_POINT('',#3600);
#857=VERTEX_POINT('',#3614);
#858=VERTEX_POINT('',#3636);
#859=VERTEX_POINT('',#3637);
#860=VERTEX_POINT('',#3639);
#861=VERTEX_POINT('',#3646);
#862=VERTEX_POINT('',#3656);
#863=VERTEX_POINT('',#3657);
#864=VERTEX_POINT('',#3680);
#865=VERTEX_POINT('',#3681);
#866=VERTEX_POINT('',#3683);
#867=VERTEX_POINT('',#3694);
#868=VERTEX_POINT('',#3706);
#869=VERTEX_POINT('',#3707);
#870=VERTEX_POINT('',#3709);
#871=VERTEX_POINT('',#3714);
#872=VERTEX_POINT('',#3722);
#873=VERTEX_POINT('',#3723);
#874=VERTEX_POINT('',#3746);
#875=VERTEX_POINT('',#3747);
#876=VERTEX_POINT('',#3749);
#877=VERTEX_POINT('',#3755);
#878=VERTEX_POINT('',#3763);
#879=VERTEX_POINT('',#3764);
#880=VERTEX_POINT('',#3766);
#881=VERTEX_POINT('',#3773);
#882=VERTEX_POINT('',#3774);
#883=VERTEX_POINT('',#3776);
#884=VERTEX_POINT('',#3820);
#885=VERTEX_POINT('',#3821);
#886=VERTEX_POINT('',#3871);
#887=VERTEX_POINT('',#3872);
#888=VERTEX_POINT('',#3919);
#889=VERTEX_POINT('',#3920);
#890=VERTEX_POINT('',#3922);
#891=VERTEX_POINT('',#3936);
#892=VERTEX_POINT('',#3938);
#893=VERTEX_POINT('',#3940);
#894=VERTEX_POINT('',#3981);
#895=VERTEX_POINT('',#3982);
#896=VERTEX_POINT('',#3984);
#897=VERTEX_POINT('',#3998);
#898=VERTEX_POINT('',#4020);
#899=VERTEX_POINT('',#4021);
#900=VERTEX_POINT('',#4023);
#901=VERTEX_POINT('',#4028);
#902=VERTEX_POINT('',#4036);
#903=VERTEX_POINT('',#4037);
#904=VERTEX_POINT('',#4060);
#905=VERTEX_POINT('',#4061);
#906=VERTEX_POINT('',#4063);
#907=VERTEX_POINT('',#4069);
#908=VERTEX_POINT('',#4077);
#909=VERTEX_POINT('',#4078);
#910=VERTEX_POINT('',#4080);
#911=VERTEX_POINT('',#4087);
#912=VERTEX_POINT('',#4097);
#913=VERTEX_POINT('',#4098);
#914=VERTEX_POINT('',#4121);
#915=VERTEX_POINT('',#4122);
#916=VERTEX_POINT('',#4124);
#917=VERTEX_POINT('',#4135);
#918=VERTEX_POINT('',#4147);
#919=VERTEX_POINT('',#4148);
#920=VERTEX_POINT('',#4150);
#921=VERTEX_POINT('',#4157);
#922=VERTEX_POINT('',#4167);
#923=VERTEX_POINT('',#4168);
#924=VERTEX_POINT('',#4191);
#925=VERTEX_POINT('',#4192);
#926=VERTEX_POINT('',#4216);
#927=VERTEX_POINT('',#4217);
#928=VERTEX_POINT('',#4241);
#929=VERTEX_POINT('',#4242);
#930=VERTEX_POINT('',#4265);
#931=VERTEX_POINT('',#4266);
#932=VERTEX_POINT('',#4268);
#933=VERTEX_POINT('',#4274);
#934=VERTEX_POINT('',#4282);
#935=VERTEX_POINT('',#4284);
#936=VERTEX_POINT('',#4289);
#937=VERTEX_POINT('',#4291);
#938=VERTEX_POINT('',#4296);
#939=VERTEX_POINT('',#4298);
#940=VERTEX_POINT('',#4303);
#941=VERTEX_POINT('',#4305);
#942=VERTEX_POINT('',#4310);
#943=VERTEX_POINT('',#4311);
#944=VERTEX_POINT('',#4313);
#945=VERTEX_POINT('',#4315);
#946=VERTEX_POINT('',#4319);
#947=VERTEX_POINT('',#4321);
#948=VERTEX_POINT('',#4325);
#949=VERTEX_POINT('',#4326);
#950=VERTEX_POINT('',#5234);
#951=VERTEX_POINT('',#5652);
#952=VERTEX_POINT('',#5779);
#953=VERTEX_POINT('',#5787);
#954=VERTEX_POINT('',#5909);
#955=VERTEX_POINT('',#5910);
#956=VERTEX_POINT('',#5912);
#957=VERTEX_POINT('',#5914);
#958=VERTEX_POINT('',#5916);
#959=VERTEX_POINT('',#5918);
#960=VERTEX_POINT('',#5920);
#961=VERTEX_POINT('',#5922);
#962=VERTEX_POINT('',#5924);
#963=VERTEX_POINT('',#5926);
#964=VERTEX_POINT('',#5928);
#965=VERTEX_POINT('',#6272);
#966=VERTEX_POINT('',#6274);
#967=VERTEX_POINT('',#6276);
#968=VERTEX_POINT('',#6285);
#969=VERTEX_POINT('',#6299);
#970=VERTEX_POINT('',#6301);
#971=VERTEX_POINT('',#6490);
#972=VERTEX_POINT('',#6595);
#973=VERTEX_POINT('',#6947);
#974=VERTEX_POINT('',#6951);
#975=VERTEX_POINT('',#6953);
#976=VERTEX_POINT('',#7530);
#977=VERTEX_POINT('',#7534);
#978=VERTEX_POINT('',#7539);
#979=VERTEX_POINT('',#7541);
#980=VERTEX_POINT('',#7544);
#981=VERTEX_POINT('',#7551);
#982=VERTEX_POINT('',#7552);
#983=VERTEX_POINT('',#7554);
#984=VERTEX_POINT('',#7556);
#985=VERTEX_POINT('',#7558);
#986=VERTEX_POINT('',#7561);
#987=VERTEX_POINT('',#7565);
#988=VERTEX_POINT('',#7567);
#989=VERTEX_POINT('',#7569);
#990=VERTEX_POINT('',#7571);
#991=VERTEX_POINT('',#7573);
#992=VERTEX_POINT('',#7575);
#993=VERTEX_POINT('',#7582);
#994=VERTEX_POINT('',#7584);
#995=VERTEX_POINT('',#7586);
#996=VERTEX_POINT('',#7592);
#997=VERTEX_POINT('',#7594);
#998=VERTEX_POINT('',#7598);
#999=VERTEX_POINT('',#7602);
#1000=VERTEX_POINT('',#7603);
#1001=VERTEX_POINT('',#7605);
#1002=VERTEX_POINT('',#7607);
#1003=VERTEX_POINT('',#7610);
#1004=VERTEX_POINT('',#7612);
#1005=VERTEX_POINT('',#7614);
#1006=VERTEX_POINT('',#7641);
#1007=VERTEX_POINT('',#7643);
#1008=EDGE_CURVE('',#790,#791,#500,.T.);
#1009=EDGE_CURVE('',#791,#792,#470,.T.);
#1010=EDGE_CURVE('',#792,#790,#326,.T.);
#1011=EDGE_CURVE('',#793,#794,#501,.T.);
#1012=EDGE_CURVE('',#794,#795,#327,.T.);
#1013=EDGE_CURVE('',#795,#791,#471,.T.);
#1014=EDGE_CURVE('',#790,#793,#328,.T.);
#1015=EDGE_CURVE('',#796,#797,#502,.T.);
#1016=EDGE_CURVE('',#797,#794,#329,.T.);
#1017=EDGE_CURVE('',#793,#796,#330,.T.);
#1018=EDGE_CURVE('',#798,#799,#503,.T.);
#1019=EDGE_CURVE('',#799,#797,#331,.T.);
#1020=EDGE_CURVE('',#796,#798,#332,.T.);
#1021=EDGE_CURVE('',#800,#801,#504,.T.);
#1022=EDGE_CURVE('',#801,#799,#333,.T.);
#1023=EDGE_CURVE('',#798,#800,#334,.T.);
#1024=EDGE_CURVE('',#802,#803,#505,.T.);
#1025=EDGE_CURVE('',#802,#804,#335,.T.);
#1026=EDGE_CURVE('',#805,#804,#472,.F.);
#1027=EDGE_CURVE('',#805,#803,#336,.T.);
#1028=EDGE_CURVE('',#806,#807,#506,.T.);
#1029=EDGE_CURVE('',#807,#808,#473,.T.);
#1030=EDGE_CURVE('',#808,#806,#337,.T.);
#1031=EDGE_CURVE('',#809,#810,#507,.T.);
#1032=EDGE_CURVE('',#810,#811,#338,.T.);
#1033=EDGE_CURVE('',#811,#807,#474,.T.);
#1034=EDGE_CURVE('',#806,#809,#339,.T.);
#1035=EDGE_CURVE('',#812,#813,#508,.T.);
#1036=EDGE_CURVE('',#813,#810,#340,.T.);
#1037=EDGE_CURVE('',#809,#812,#341,.T.);
#1038=EDGE_CURVE('',#814,#815,#509,.T.);
#1039=EDGE_CURVE('',#815,#813,#342,.T.);
#1040=EDGE_CURVE('',#812,#814,#343,.T.);
#1041=EDGE_CURVE('',#816,#817,#510,.T.);
#1042=EDGE_CURVE('',#817,#815,#344,.T.);
#1043=EDGE_CURVE('',#814,#816,#345,.T.);
#1044=EDGE_CURVE('',#818,#819,#511,.T.);
#1045=EDGE_CURVE('',#818,#820,#346,.T.);
#1046=EDGE_CURVE('',#821,#820,#475,.F.);
#1047=EDGE_CURVE('',#821,#819,#347,.T.);
#1048=EDGE_CURVE('',#822,#823,#512,.T.);
#1049=EDGE_CURVE('',#823,#824,#348,.T.);
#1050=EDGE_CURVE('',#825,#824,#476,.T.);
#1051=EDGE_CURVE('',#822,#825,#349,.T.);
#1052=EDGE_CURVE('',#826,#827,#513,.T.);
#1053=EDGE_CURVE('',#827,#823,#350,.T.);
#1054=EDGE_CURVE('',#826,#822,#351,.T.);
#1055=EDGE_CURVE('',#828,#829,#514,.T.);
#1056=EDGE_CURVE('',#829,#827,#352,.T.);
#1057=EDGE_CURVE('',#828,#826,#353,.T.);
#1058=EDGE_CURVE('',#830,#831,#515,.T.);
#1059=EDGE_CURVE('',#831,#829,#354,.T.);
#1060=EDGE_CURVE('',#830,#828,#355,.T.);
#1061=EDGE_CURVE('',#832,#833,#516,.T.);
#1062=EDGE_CURVE('',#833,#831,#356,.T.);
#1063=EDGE_CURVE('',#832,#830,#357,.T.);
#1064=EDGE_CURVE('',#834,#835,#517,.T.);
#1065=EDGE_CURVE('',#836,#834,#358,.T.);
#1066=EDGE_CURVE('',#837,#836,#477,.T.);
#1067=EDGE_CURVE('',#837,#835,#359,.T.);
#1068=EDGE_CURVE('',#838,#839,#518,.T.);
#1069=EDGE_CURVE('',#839,#840,#478,.T.);
#1070=EDGE_CURVE('',#840,#838,#360,.T.);
#1071=EDGE_CURVE('',#841,#842,#519,.T.);
#1072=EDGE_CURVE('',#842,#843,#361,.T.);
#1073=EDGE_CURVE('',#843,#839,#479,.T.);
#1074=EDGE_CURVE('',#838,#841,#362,.T.);
#1075=EDGE_CURVE('',#844,#845,#520,.T.);
#1076=EDGE_CURVE('',#845,#842,#363,.T.);
#1077=EDGE_CURVE('',#841,#844,#364,.T.);
#1078=EDGE_CURVE('',#846,#847,#521,.T.);
#1079=EDGE_CURVE('',#847,#845,#365,.T.);
#1080=EDGE_CURVE('',#844,#846,#366,.T.);
#1081=EDGE_CURVE('',#848,#849,#522,.T.);
#1082=EDGE_CURVE('',#849,#850,#367,.T.);
#1083=EDGE_CURVE('',#851,#850,#78,.F.);
#1084=EDGE_CURVE('',#852,#851,#480,.T.);
#1085=EDGE_CURVE('',#853,#852,#79,.F.);
#1086=EDGE_CURVE('',#853,#847,#368,.T.);
#1087=EDGE_CURVE('',#846,#848,#369,.T.);
#1088=EDGE_CURVE('',#854,#855,#523,.T.);
#1089=EDGE_CURVE('',#854,#856,#370,.T.);
#1090=EDGE_CURVE('',#857,#856,#481,.F.);
#1091=EDGE_CURVE('',#857,#855,#371,.T.);
#1092=EDGE_CURVE('',#858,#859,#524,.T.);
#1093=EDGE_CURVE('',#859,#860,#372,.T.);
#1094=EDGE_CURVE('',#861,#860,#482,.T.);
#1095=EDGE_CURVE('',#858,#861,#373,.T.);
#1096=EDGE_CURVE('',#862,#863,#525,.T.);
#1097=EDGE_CURVE('',#863,#859,#374,.T.);
#1098=EDGE_CURVE('',#862,#858,#375,.T.);
#1099=EDGE_CURVE('',#864,#865,#526,.T.);
#1100=EDGE_CURVE('',#866,#864,#376,.T.);
#1101=EDGE_CURVE('',#867,#866,#80,.T.);
#1102=EDGE_CURVE('',#867,#865,#377,.T.);
#1103=EDGE_CURVE('',#868,#869,#527,.T.);
#1104=EDGE_CURVE('',#869,#870,#378,.T.);
#1105=EDGE_CURVE('',#871,#870,#81,.T.);
#1106=EDGE_CURVE('',#868,#871,#379,.T.);
#1107=EDGE_CURVE('',#872,#873,#528,.T.);
#1108=EDGE_CURVE('',#873,#869,#380,.T.);
#1109=EDGE_CURVE('',#872,#868,#381,.T.);
#1110=EDGE_CURVE('',#874,#875,#529,.T.);
#1111=EDGE_CURVE('',#876,#874,#382,.T.);
#1112=EDGE_CURVE('',#877,#876,#483,.T.);
#1113=EDGE_CURVE('',#877,#875,#383,.T.);
#1114=EDGE_CURVE('',#878,#879,#530,.T.);
#1115=EDGE_CURVE('',#879,#880,#484,.T.);
#1116=EDGE_CURVE('',#880,#878,#384,.T.);
#1117=EDGE_CURVE('',#881,#882,#531,.T.);
#1118=EDGE_CURVE('',#882,#883,#385,.T.);
#1119=EDGE_CURVE('',#883,#879,#485,.T.);
#1120=EDGE_CURVE('',#878,#881,#386,.T.);
#1121=EDGE_CURVE('',#884,#885,#532,.T.);
#1122=EDGE_CURVE('',#885,#882,#387,.T.);
#1123=EDGE_CURVE('',#881,#884,#388,.T.);
#1124=EDGE_CURVE('',#886,#887,#533,.T.);
#1125=EDGE_CURVE('',#887,#885,#389,.T.);
#1126=EDGE_CURVE('',#884,#886,#390,.T.);
#1127=EDGE_CURVE('',#888,#889,#534,.T.);
#1128=EDGE_CURVE('',#889,#890,#391,.T.);
#1129=EDGE_CURVE('',#891,#890,#82,.F.);
#1130=EDGE_CURVE('',#892,#891,#486,.T.);
#1131=EDGE_CURVE('',#893,#892,#83,.F.);
#1132=EDGE_CURVE('',#893,#887,#392,.T.);
#1133=EDGE_CURVE('',#886,#888,#393,.T.);
#1134=EDGE_CURVE('',#894,#895,#535,.T.);
#1135=EDGE_CURVE('',#894,#896,#394,.T.);
#1136=EDGE_CURVE('',#897,#896,#487,.F.);
#1137=EDGE_CURVE('',#897,#895,#395,.T.);
#1138=EDGE_CURVE('',#898,#899,#536,.T.);
#1139=EDGE_CURVE('',#899,#900,#396,.T.);
#1140=EDGE_CURVE('',#901,#900,#84,.T.);
#1141=EDGE_CURVE('',#898,#901,#397,.T.);
#1142=EDGE_CURVE('',#902,#903,#537,.T.);
#1143=EDGE_CURVE('',#903,#899,#398,.T.);
#1144=EDGE_CURVE('',#902,#898,#399,.T.);
#1145=EDGE_CURVE('',#904,#905,#538,.T.);
#1146=EDGE_CURVE('',#906,#904,#400,.T.);
#1147=EDGE_CURVE('',#907,#906,#488,.T.);
#1148=EDGE_CURVE('',#907,#905,#401,.T.);
#1149=EDGE_CURVE('',#908,#909,#539,.T.);
#1150=EDGE_CURVE('',#909,#910,#402,.T.);
#1151=EDGE_CURVE('',#911,#910,#489,.T.);
#1152=EDGE_CURVE('',#908,#911,#403,.T.);
#1153=EDGE_CURVE('',#912,#913,#540,.T.);
#1154=EDGE_CURVE('',#913,#909,#404,.T.);
#1155=EDGE_CURVE('',#912,#908,#405,.T.);
#1156=EDGE_CURVE('',#914,#915,#541,.T.);
#1157=EDGE_CURVE('',#916,#914,#406,.T.);
#1158=EDGE_CURVE('',#917,#916,#85,.T.);
#1159=EDGE_CURVE('',#917,#915,#407,.T.);
#1160=EDGE_CURVE('',#918,#919,#542,.T.);
#1161=EDGE_CURVE('',#919,#920,#408,.T.);
#1162=EDGE_CURVE('',#921,#920,#490,.T.);
#1163=EDGE_CURVE('',#918,#921,#409,.T.);
#1164=EDGE_CURVE('',#922,#923,#543,.T.);
#1165=EDGE_CURVE('',#923,#919,#410,.T.);
#1166=EDGE_CURVE('',#922,#918,#411,.T.);
#1167=EDGE_CURVE('',#924,#925,#544,.T.);
#1168=EDGE_CURVE('',#925,#923,#412,.T.);
#1169=EDGE_CURVE('',#924,#922,#413,.T.);
#1170=EDGE_CURVE('',#926,#927,#545,.T.);
#1171=EDGE_CURVE('',#927,#925,#414,.T.);
#1172=EDGE_CURVE('',#926,#924,#415,.T.);
#1173=EDGE_CURVE('',#928,#929,#546,.T.);
#1174=EDGE_CURVE('',#929,#927,#416,.T.);
#1175=EDGE_CURVE('',#928,#926,#417,.T.);
#1176=EDGE_CURVE('',#930,#931,#547,.T.);
#1177=EDGE_CURVE('',#932,#930,#418,.T.);
#1178=EDGE_CURVE('',#933,#932,#491,.T.);
#1179=EDGE_CURVE('',#933,#931,#419,.T.);
#1180=EDGE_CURVE('',#934,#934,#492,.T.);
#1181=EDGE_CURVE('',#934,#935,#548,.T.);
#1182=EDGE_CURVE('',#935,#935,#493,.T.);
#1183=EDGE_CURVE('',#936,#936,#494,.T.);
#1184=EDGE_CURVE('',#936,#937,#549,.T.);
#1185=EDGE_CURVE('',#937,#937,#495,.T.);
#1186=EDGE_CURVE('',#938,#938,#496,.T.);
#1187=EDGE_CURVE('',#938,#939,#550,.T.);
#1188=EDGE_CURVE('',#939,#939,#497,.T.);
#1189=EDGE_CURVE('',#940,#940,#498,.T.);
#1190=EDGE_CURVE('',#940,#941,#551,.T.);
#1191=EDGE_CURVE('',#941,#941,#499,.T.);
#1192=EDGE_CURVE('',#942,#943,#552,.T.);
#1193=EDGE_CURVE('',#943,#944,#553,.T.);
#1194=EDGE_CURVE('',#944,#945,#554,.T.);
#1195=EDGE_CURVE('',#945,#942,#555,.T.);
#1196=EDGE_CURVE('',#946,#944,#556,.T.);
#1197=EDGE_CURVE('',#946,#947,#557,.T.);
#1198=EDGE_CURVE('',#947,#945,#558,.T.);
#1199=EDGE_CURVE('',#948,#949,#559,.T.);
#1200=EDGE_CURVE('',#943,#948,#560,.T.);
#1201=EDGE_CURVE('',#949,#942,#561,.T.);
#1202=EDGE_CURVE('',#931,#929,#420,.T.);
#1203=EDGE_CURVE('',#930,#928,#421,.T.);
#1204=EDGE_CURVE('',#920,#808,#422,.T.);
#1205=EDGE_CURVE('',#820,#933,#423,.T.);
#1206=EDGE_CURVE('',#816,#818,#424,.T.);
#1207=EDGE_CURVE('',#811,#921,#425,.T.);
#1208=EDGE_CURVE('',#819,#817,#426,.T.);
#1209=EDGE_CURVE('',#932,#821,#427,.T.);
#1210=EDGE_CURVE('',#900,#950,#428,.T.);
#1211=EDGE_CURVE('',#905,#903,#429,.T.);
#1212=EDGE_CURVE('',#896,#907,#430,.T.);
#1213=EDGE_CURVE('',#888,#894,#431,.T.);
#1214=EDGE_CURVE('',#910,#880,#432,.T.);
#1215=EDGE_CURVE('',#915,#913,#433,.T.);
#1216=EDGE_CURVE('',#950,#917,#434,.T.);
#1217=EDGE_CURVE('',#914,#912,#435,.T.);
#1218=EDGE_CURVE('',#904,#902,#436,.T.);
#1219=EDGE_CURVE('',#951,#893,#437,.T.);
#1220=EDGE_CURVE('',#890,#951,#438,.T.);
#1221=EDGE_CURVE('',#895,#889,#439,.T.);
#1222=EDGE_CURVE('',#906,#897,#440,.T.);
#1223=EDGE_CURVE('',#952,#901,#441,.T.);
#1224=EDGE_CURVE('',#953,#952,#442,.T.);
#1225=EDGE_CURVE('',#916,#953,#443,.T.);
#1226=EDGE_CURVE('',#883,#911,#444,.T.);
#1227=EDGE_CURVE('',#954,#955,#562,.T.);
#1228=EDGE_CURVE('',#956,#954,#563,.T.);
#1229=EDGE_CURVE('',#956,#957,#564,.T.);
#1230=EDGE_CURVE('',#957,#958,#565,.T.);
#1231=EDGE_CURVE('',#959,#958,#566,.T.);
#1232=EDGE_CURVE('',#960,#959,#567,.T.);
#1233=EDGE_CURVE('',#961,#960,#568,.T.);
#1234=EDGE_CURVE('',#962,#961,#569,.T.);
#1235=EDGE_CURVE('',#962,#963,#570,.T.);
#1236=EDGE_CURVE('',#963,#964,#571,.T.);
#1237=EDGE_CURVE('',#964,#955,#572,.T.);
#1238=EDGE_CURVE('',#836,#805,#445,.T.);
#1239=EDGE_CURVE('',#804,#837,#446,.T.);
#1240=EDGE_CURVE('',#856,#877,#447,.T.);
#1241=EDGE_CURVE('',#876,#857,#448,.T.);
#1242=EDGE_CURVE('',#892,#965,#573,.T.);
#1243=EDGE_CURVE('',#965,#966,#574,.T.);
#1244=EDGE_CURVE('',#966,#967,#575,.T.);
#1245=EDGE_CURVE('',#967,#871,#449,.T.);
#1246=EDGE_CURVE('',#870,#968,#450,.T.);
#1247=EDGE_CURVE('',#951,#968,#576,.T.);
#1248=EDGE_CURVE('',#953,#969,#577,.T.);
#1249=EDGE_CURVE('',#969,#970,#578,.T.);
#1250=EDGE_CURVE('',#970,#950,#579,.T.);
#1251=EDGE_CURVE('',#875,#873,#451,.T.);
#1252=EDGE_CURVE('',#874,#872,#452,.T.);
#1253=EDGE_CURVE('',#866,#971,#453,.T.);
#1254=EDGE_CURVE('',#864,#862,#454,.T.);
#1255=EDGE_CURVE('',#843,#861,#455,.T.);
#1256=EDGE_CURVE('',#972,#853,#456,.T.);
#1257=EDGE_CURVE('',#850,#972,#457,.T.);
#1258=EDGE_CURVE('',#855,#849,#458,.T.);
#1259=EDGE_CURVE('',#971,#967,#459,.T.);
#1260=EDGE_CURVE('',#865,#863,#460,.T.);
#1261=EDGE_CURVE('',#968,#867,#461,.T.);
#1262=EDGE_CURVE('',#848,#854,#462,.T.);
#1263=EDGE_CURVE('',#860,#840,#463,.T.);
#1264=EDGE_CURVE('',#966,#973,#580,.T.);
#1265=EDGE_CURVE('',#971,#973,#581,.T.);
#1266=EDGE_CURVE('',#852,#974,#582,.T.);
#1267=EDGE_CURVE('',#974,#975,#583,.T.);
#1268=EDGE_CURVE('',#972,#975,#584,.T.);
#1269=EDGE_CURVE('',#835,#833,#464,.T.);
#1270=EDGE_CURVE('',#834,#832,#465,.T.);
#1271=EDGE_CURVE('',#824,#792,#466,.T.);
#1272=EDGE_CURVE('',#800,#802,#467,.T.);
#1273=EDGE_CURVE('',#795,#825,#468,.T.);
#1274=EDGE_CURVE('',#803,#801,#469,.T.);
#1275=EDGE_CURVE('',#976,#952,#585,.T.);
#1276=EDGE_CURVE('',#969,#976,#586,.T.);
#1277=EDGE_CURVE('',#975,#977,#587,.T.);
#1278=EDGE_CURVE('',#977,#851,#588,.T.);
#1279=EDGE_CURVE('',#973,#956,#589,.T.);
#1280=EDGE_CURVE('',#954,#978,#590,.T.);
#1281=EDGE_CURVE('',#979,#978,#591,.T.);
#1282=EDGE_CURVE('',#979,#962,#592,.T.);
#1283=EDGE_CURVE('',#961,#980,#593,.T.);
#1284=EDGE_CURVE('',#980,#891,#594,.T.);
#1285=EDGE_CURVE('',#970,#976,#595,.T.);
#1286=EDGE_CURVE('',#981,#982,#596,.T.);
#1287=EDGE_CURVE('',#981,#983,#597,.T.);
#1288=EDGE_CURVE('',#983,#984,#598,.T.);
#1289=EDGE_CURVE('',#984,#985,#599,.T.);
#1290=EDGE_CURVE('',#955,#985,#600,.T.);
#1291=EDGE_CURVE('',#986,#964,#601,.T.);
#1292=EDGE_CURVE('',#982,#986,#602,.T.);
#1293=EDGE_CURVE('',#987,#979,#603,.T.);
#1294=EDGE_CURVE('',#988,#987,#604,.T.);
#1295=EDGE_CURVE('',#989,#988,#605,.T.);
#1296=EDGE_CURVE('',#990,#989,#606,.T.);
#1297=EDGE_CURVE('',#991,#990,#607,.T.);
#1298=EDGE_CURVE('',#992,#991,#608,.T.);
#1299=EDGE_CURVE('',#963,#992,#609,.T.);
#1300=EDGE_CURVE('',#974,#977,#610,.T.);
#1301=EDGE_CURVE('',#993,#981,#611,.T.);
#1302=EDGE_CURVE('',#994,#993,#612,.T.);
#1303=EDGE_CURVE('',#995,#994,#613,.T.);
#1304=EDGE_CURVE('',#978,#995,#614,.T.);
#1305=EDGE_CURVE('',#965,#980,#615,.T.);
#1306=EDGE_CURVE('',#958,#996,#616,.T.);
#1307=EDGE_CURVE('',#957,#997,#617,.T.);
#1308=EDGE_CURVE('',#996,#997,#618,.T.);
#1309=EDGE_CURVE('',#997,#998,#619,.T.);
#1310=EDGE_CURVE('',#966,#998,#620,.T.);
#1311=EDGE_CURVE('',#999,#1000,#621,.T.);
#1312=EDGE_CURVE('',#1001,#999,#622,.T.);
#1313=EDGE_CURVE('',#1002,#1001,#623,.T.);
#1314=EDGE_CURVE('',#1000,#1002,#624,.T.);
#1315=EDGE_CURVE('',#998,#1003,#625,.T.);
#1316=EDGE_CURVE('',#1003,#1004,#626,.T.);
#1317=EDGE_CURVE('',#1004,#1005,#627,.T.);
#1318=EDGE_CURVE('',#1005,#996,#628,.T.);
#1319=EDGE_CURVE('',#1004,#960,#629,.T.);
#1320=EDGE_CURVE('',#1003,#965,#630,.T.);
#1321=EDGE_CURVE('',#992,#986,#631,.T.);
#1322=EDGE_CURVE('',#991,#982,#632,.T.);
#1323=EDGE_CURVE('',#990,#981,#633,.T.);
#1324=EDGE_CURVE('',#1005,#959,#634,.T.);
#1325=EDGE_CURVE('',#989,#993,#635,.T.);
#1326=EDGE_CURVE('',#994,#988,#636,.T.);
#1327=EDGE_CURVE('',#995,#987,#637,.T.);
#1328=EDGE_CURVE('',#1006,#999,#638,.T.);
#1329=EDGE_CURVE('',#1007,#1006,#639,.T.);
#1330=EDGE_CURVE('',#1001,#1007,#640,.T.);
#1331=EDGE_CURVE('',#948,#1006,#641,.T.);
#1332=EDGE_CURVE('',#949,#1007,#642,.T.);
#1333=EDGE_CURVE('',#1000,#946,#643,.T.);
#1334=EDGE_CURVE('',#947,#1002,#644,.T.);
#1335=ORIENTED_EDGE('',*,*,#1008,.T.);
#1336=ORIENTED_EDGE('',*,*,#1009,.T.);
#1337=ORIENTED_EDGE('',*,*,#1010,.T.);
#1338=ORIENTED_EDGE('',*,*,#1011,.T.);
#1339=ORIENTED_EDGE('',*,*,#1012,.T.);
#1340=ORIENTED_EDGE('',*,*,#1013,.T.);
#1341=ORIENTED_EDGE('',*,*,#1008,.F.);
#1342=ORIENTED_EDGE('',*,*,#1014,.T.);
#1343=ORIENTED_EDGE('',*,*,#1015,.T.);
#1344=ORIENTED_EDGE('',*,*,#1016,.T.);
#1345=ORIENTED_EDGE('',*,*,#1011,.F.);
#1346=ORIENTED_EDGE('',*,*,#1017,.T.);
#1347=ORIENTED_EDGE('',*,*,#1018,.T.);
#1348=ORIENTED_EDGE('',*,*,#1019,.T.);
#1349=ORIENTED_EDGE('',*,*,#1015,.F.);
#1350=ORIENTED_EDGE('',*,*,#1020,.T.);
#1351=ORIENTED_EDGE('',*,*,#1021,.T.);
#1352=ORIENTED_EDGE('',*,*,#1022,.T.);
#1353=ORIENTED_EDGE('',*,*,#1018,.F.);
#1354=ORIENTED_EDGE('',*,*,#1023,.T.);
#1355=ORIENTED_EDGE('',*,*,#1024,.F.);
#1356=ORIENTED_EDGE('',*,*,#1025,.T.);
#1357=ORIENTED_EDGE('',*,*,#1026,.F.);
#1358=ORIENTED_EDGE('',*,*,#1027,.T.);
#1359=ORIENTED_EDGE('',*,*,#1028,.T.);
#1360=ORIENTED_EDGE('',*,*,#1029,.T.);
#1361=ORIENTED_EDGE('',*,*,#1030,.T.);
#1362=ORIENTED_EDGE('',*,*,#1031,.T.);
#1363=ORIENTED_EDGE('',*,*,#1032,.T.);
#1364=ORIENTED_EDGE('',*,*,#1033,.T.);
#1365=ORIENTED_EDGE('',*,*,#1028,.F.);
#1366=ORIENTED_EDGE('',*,*,#1034,.T.);
#1367=ORIENTED_EDGE('',*,*,#1035,.T.);
#1368=ORIENTED_EDGE('',*,*,#1036,.T.);
#1369=ORIENTED_EDGE('',*,*,#1031,.F.);
#1370=ORIENTED_EDGE('',*,*,#1037,.T.);
#1371=ORIENTED_EDGE('',*,*,#1038,.T.);
#1372=ORIENTED_EDGE('',*,*,#1039,.T.);
#1373=ORIENTED_EDGE('',*,*,#1035,.F.);
#1374=ORIENTED_EDGE('',*,*,#1040,.T.);
#1375=ORIENTED_EDGE('',*,*,#1041,.T.);
#1376=ORIENTED_EDGE('',*,*,#1042,.T.);
#1377=ORIENTED_EDGE('',*,*,#1038,.F.);
#1378=ORIENTED_EDGE('',*,*,#1043,.T.);
#1379=ORIENTED_EDGE('',*,*,#1044,.F.);
#1380=ORIENTED_EDGE('',*,*,#1045,.T.);
#1381=ORIENTED_EDGE('',*,*,#1046,.F.);
#1382=ORIENTED_EDGE('',*,*,#1047,.T.);
#1383=ORIENTED_EDGE('',*,*,#1048,.T.);
#1384=ORIENTED_EDGE('',*,*,#1049,.T.);
#1385=ORIENTED_EDGE('',*,*,#1050,.F.);
#1386=ORIENTED_EDGE('',*,*,#1051,.F.);
#1387=ORIENTED_EDGE('',*,*,#1052,.T.);
#1388=ORIENTED_EDGE('',*,*,#1053,.T.);
#1389=ORIENTED_EDGE('',*,*,#1048,.F.);
#1390=ORIENTED_EDGE('',*,*,#1054,.F.);
#1391=ORIENTED_EDGE('',*,*,#1055,.T.);
#1392=ORIENTED_EDGE('',*,*,#1056,.T.);
#1393=ORIENTED_EDGE('',*,*,#1052,.F.);
#1394=ORIENTED_EDGE('',*,*,#1057,.F.);
#1395=ORIENTED_EDGE('',*,*,#1058,.T.);
#1396=ORIENTED_EDGE('',*,*,#1059,.T.);
#1397=ORIENTED_EDGE('',*,*,#1055,.F.);
#1398=ORIENTED_EDGE('',*,*,#1060,.F.);
#1399=ORIENTED_EDGE('',*,*,#1061,.T.);
#1400=ORIENTED_EDGE('',*,*,#1062,.T.);
#1401=ORIENTED_EDGE('',*,*,#1058,.F.);
#1402=ORIENTED_EDGE('',*,*,#1063,.F.);
#1403=ORIENTED_EDGE('',*,*,#1064,.F.);
#1404=ORIENTED_EDGE('',*,*,#1065,.F.);
#1405=ORIENTED_EDGE('',*,*,#1066,.F.);
#1406=ORIENTED_EDGE('',*,*,#1067,.T.);
#1407=ORIENTED_EDGE('',*,*,#1068,.T.);
#1408=ORIENTED_EDGE('',*,*,#1069,.T.);
#1409=ORIENTED_EDGE('',*,*,#1070,.T.);
#1410=ORIENTED_EDGE('',*,*,#1071,.T.);
#1411=ORIENTED_EDGE('',*,*,#1072,.T.);
#1412=ORIENTED_EDGE('',*,*,#1073,.T.);
#1413=ORIENTED_EDGE('',*,*,#1068,.F.);
#1414=ORIENTED_EDGE('',*,*,#1074,.T.);
#1415=ORIENTED_EDGE('',*,*,#1075,.T.);
#1416=ORIENTED_EDGE('',*,*,#1076,.T.);
#1417=ORIENTED_EDGE('',*,*,#1071,.F.);
#1418=ORIENTED_EDGE('',*,*,#1077,.T.);
#1419=ORIENTED_EDGE('',*,*,#1078,.T.);
#1420=ORIENTED_EDGE('',*,*,#1079,.T.);
#1421=ORIENTED_EDGE('',*,*,#1075,.F.);
#1422=ORIENTED_EDGE('',*,*,#1080,.T.);
#1423=ORIENTED_EDGE('',*,*,#1081,.T.);
#1424=ORIENTED_EDGE('',*,*,#1082,.T.);
#1425=ORIENTED_EDGE('',*,*,#1083,.F.);
#1426=ORIENTED_EDGE('',*,*,#1084,.F.);
#1427=ORIENTED_EDGE('',*,*,#1085,.F.);
#1428=ORIENTED_EDGE('',*,*,#1086,.T.);
#1429=ORIENTED_EDGE('',*,*,#1078,.F.);
#1430=ORIENTED_EDGE('',*,*,#1087,.T.);
#1431=ORIENTED_EDGE('',*,*,#1088,.F.);
#1432=ORIENTED_EDGE('',*,*,#1089,.T.);
#1433=ORIENTED_EDGE('',*,*,#1090,.F.);
#1434=ORIENTED_EDGE('',*,*,#1091,.T.);
#1435=ORIENTED_EDGE('',*,*,#1092,.T.);
#1436=ORIENTED_EDGE('',*,*,#1093,.T.);
#1437=ORIENTED_EDGE('',*,*,#1094,.F.);
#1438=ORIENTED_EDGE('',*,*,#1095,.F.);
#1439=ORIENTED_EDGE('',*,*,#1096,.T.);
#1440=ORIENTED_EDGE('',*,*,#1097,.T.);
#1441=ORIENTED_EDGE('',*,*,#1092,.F.);
#1442=ORIENTED_EDGE('',*,*,#1098,.F.);
#1443=ORIENTED_EDGE('',*,*,#1099,.F.);
#1444=ORIENTED_EDGE('',*,*,#1100,.F.);
#1445=ORIENTED_EDGE('',*,*,#1101,.F.);
#1446=ORIENTED_EDGE('',*,*,#1102,.T.);
#1447=ORIENTED_EDGE('',*,*,#1103,.T.);
#1448=ORIENTED_EDGE('',*,*,#1104,.T.);
#1449=ORIENTED_EDGE('',*,*,#1105,.F.);
#1450=ORIENTED_EDGE('',*,*,#1106,.F.);
#1451=ORIENTED_EDGE('',*,*,#1107,.T.);
#1452=ORIENTED_EDGE('',*,*,#1108,.T.);
#1453=ORIENTED_EDGE('',*,*,#1103,.F.);
#1454=ORIENTED_EDGE('',*,*,#1109,.F.);
#1455=ORIENTED_EDGE('',*,*,#1110,.F.);
#1456=ORIENTED_EDGE('',*,*,#1111,.F.);
#1457=ORIENTED_EDGE('',*,*,#1112,.F.);
#1458=ORIENTED_EDGE('',*,*,#1113,.T.);
#1459=ORIENTED_EDGE('',*,*,#1114,.T.);
#1460=ORIENTED_EDGE('',*,*,#1115,.T.);
#1461=ORIENTED_EDGE('',*,*,#1116,.T.);
#1462=ORIENTED_EDGE('',*,*,#1117,.T.);
#1463=ORIENTED_EDGE('',*,*,#1118,.T.);
#1464=ORIENTED_EDGE('',*,*,#1119,.T.);
#1465=ORIENTED_EDGE('',*,*,#1114,.F.);
#1466=ORIENTED_EDGE('',*,*,#1120,.T.);
#1467=ORIENTED_EDGE('',*,*,#1121,.T.);
#1468=ORIENTED_EDGE('',*,*,#1122,.T.);
#1469=ORIENTED_EDGE('',*,*,#1117,.F.);
#1470=ORIENTED_EDGE('',*,*,#1123,.T.);
#1471=ORIENTED_EDGE('',*,*,#1124,.T.);
#1472=ORIENTED_EDGE('',*,*,#1125,.T.);
#1473=ORIENTED_EDGE('',*,*,#1121,.F.);
#1474=ORIENTED_EDGE('',*,*,#1126,.T.);
#1475=ORIENTED_EDGE('',*,*,#1127,.T.);
#1476=ORIENTED_EDGE('',*,*,#1128,.T.);
#1477=ORIENTED_EDGE('',*,*,#1129,.F.);
#1478=ORIENTED_EDGE('',*,*,#1130,.F.);
#1479=ORIENTED_EDGE('',*,*,#1131,.F.);
#1480=ORIENTED_EDGE('',*,*,#1132,.T.);
#1481=ORIENTED_EDGE('',*,*,#1124,.F.);
#1482=ORIENTED_EDGE('',*,*,#1133,.T.);
#1483=ORIENTED_EDGE('',*,*,#1134,.F.);
#1484=ORIENTED_EDGE('',*,*,#1135,.T.);
#1485=ORIENTED_EDGE('',*,*,#1136,.F.);
#1486=ORIENTED_EDGE('',*,*,#1137,.T.);
#1487=ORIENTED_EDGE('',*,*,#1138,.T.);
#1488=ORIENTED_EDGE('',*,*,#1139,.T.);
#1489=ORIENTED_EDGE('',*,*,#1140,.F.);
#1490=ORIENTED_EDGE('',*,*,#1141,.F.);
#1491=ORIENTED_EDGE('',*,*,#1142,.T.);
#1492=ORIENTED_EDGE('',*,*,#1143,.T.);
#1493=ORIENTED_EDGE('',*,*,#1138,.F.);
#1494=ORIENTED_EDGE('',*,*,#1144,.F.);
#1495=ORIENTED_EDGE('',*,*,#1145,.F.);
#1496=ORIENTED_EDGE('',*,*,#1146,.F.);
#1497=ORIENTED_EDGE('',*,*,#1147,.F.);
#1498=ORIENTED_EDGE('',*,*,#1148,.T.);
#1499=ORIENTED_EDGE('',*,*,#1149,.T.);
#1500=ORIENTED_EDGE('',*,*,#1150,.T.);
#1501=ORIENTED_EDGE('',*,*,#1151,.F.);
#1502=ORIENTED_EDGE('',*,*,#1152,.F.);
#1503=ORIENTED_EDGE('',*,*,#1153,.T.);
#1504=ORIENTED_EDGE('',*,*,#1154,.T.);
#1505=ORIENTED_EDGE('',*,*,#1149,.F.);
#1506=ORIENTED_EDGE('',*,*,#1155,.F.);
#1507=ORIENTED_EDGE('',*,*,#1156,.F.);
#1508=ORIENTED_EDGE('',*,*,#1157,.F.);
#1509=ORIENTED_EDGE('',*,*,#1158,.F.);
#1510=ORIENTED_EDGE('',*,*,#1159,.T.);
#1511=ORIENTED_EDGE('',*,*,#1160,.T.);
#1512=ORIENTED_EDGE('',*,*,#1161,.T.);
#1513=ORIENTED_EDGE('',*,*,#1162,.F.);
#1514=ORIENTED_EDGE('',*,*,#1163,.F.);
#1515=ORIENTED_EDGE('',*,*,#1164,.T.);
#1516=ORIENTED_EDGE('',*,*,#1165,.T.);
#1517=ORIENTED_EDGE('',*,*,#1160,.F.);
#1518=ORIENTED_EDGE('',*,*,#1166,.F.);
#1519=ORIENTED_EDGE('',*,*,#1167,.T.);
#1520=ORIENTED_EDGE('',*,*,#1168,.T.);
#1521=ORIENTED_EDGE('',*,*,#1164,.F.);
#1522=ORIENTED_EDGE('',*,*,#1169,.F.);
#1523=ORIENTED_EDGE('',*,*,#1170,.T.);
#1524=ORIENTED_EDGE('',*,*,#1171,.T.);
#1525=ORIENTED_EDGE('',*,*,#1167,.F.);
#1526=ORIENTED_EDGE('',*,*,#1172,.F.);
#1527=ORIENTED_EDGE('',*,*,#1173,.T.);
#1528=ORIENTED_EDGE('',*,*,#1174,.T.);
#1529=ORIENTED_EDGE('',*,*,#1170,.F.);
#1530=ORIENTED_EDGE('',*,*,#1175,.F.);
#1531=ORIENTED_EDGE('',*,*,#1176,.F.);
#1532=ORIENTED_EDGE('',*,*,#1177,.F.);
#1533=ORIENTED_EDGE('',*,*,#1178,.F.);
#1534=ORIENTED_EDGE('',*,*,#1179,.T.);
#1535=ORIENTED_EDGE('',*,*,#1180,.F.);
#1536=ORIENTED_EDGE('',*,*,#1181,.T.);
#1537=ORIENTED_EDGE('',*,*,#1182,.T.);
#1538=ORIENTED_EDGE('',*,*,#1181,.F.);
#1539=ORIENTED_EDGE('',*,*,#1182,.F.);
#1540=ORIENTED_EDGE('',*,*,#1183,.F.);
#1541=ORIENTED_EDGE('',*,*,#1184,.T.);
#1542=ORIENTED_EDGE('',*,*,#1185,.T.);
#1543=ORIENTED_EDGE('',*,*,#1184,.F.);
#1544=ORIENTED_EDGE('',*,*,#1185,.F.);
#1545=ORIENTED_EDGE('',*,*,#1186,.F.);
#1546=ORIENTED_EDGE('',*,*,#1187,.T.);
#1547=ORIENTED_EDGE('',*,*,#1188,.T.);
#1548=ORIENTED_EDGE('',*,*,#1187,.F.);
#1549=ORIENTED_EDGE('',*,*,#1188,.F.);
#1550=ORIENTED_EDGE('',*,*,#1189,.F.);
#1551=ORIENTED_EDGE('',*,*,#1190,.T.);
#1552=ORIENTED_EDGE('',*,*,#1191,.T.);
#1553=ORIENTED_EDGE('',*,*,#1190,.F.);
#1554=ORIENTED_EDGE('',*,*,#1191,.F.);
#1555=ORIENTED_EDGE('',*,*,#1192,.T.);
#1556=ORIENTED_EDGE('',*,*,#1193,.T.);
#1557=ORIENTED_EDGE('',*,*,#1194,.T.);
#1558=ORIENTED_EDGE('',*,*,#1195,.T.);
#1559=ORIENTED_EDGE('',*,*,#1196,.F.);
#1560=ORIENTED_EDGE('',*,*,#1197,.T.);
#1561=ORIENTED_EDGE('',*,*,#1198,.T.);
#1562=ORIENTED_EDGE('',*,*,#1194,.F.);
#1563=ORIENTED_EDGE('',*,*,#1199,.F.);
#1564=ORIENTED_EDGE('',*,*,#1200,.F.);
#1565=ORIENTED_EDGE('',*,*,#1192,.F.);
#1566=ORIENTED_EDGE('',*,*,#1201,.F.);
#1567=ORIENTED_EDGE('',*,*,#1176,.T.);
#1568=ORIENTED_EDGE('',*,*,#1202,.T.);
#1569=ORIENTED_EDGE('',*,*,#1173,.F.);
#1570=ORIENTED_EDGE('',*,*,#1203,.F.);
#1571=ORIENTED_EDGE('',*,*,#1204,.F.);
#1572=ORIENTED_EDGE('',*,*,#1161,.F.);
#1573=ORIENTED_EDGE('',*,*,#1165,.F.);
#1574=ORIENTED_EDGE('',*,*,#1168,.F.);
#1575=ORIENTED_EDGE('',*,*,#1171,.F.);
#1576=ORIENTED_EDGE('',*,*,#1174,.F.);
#1577=ORIENTED_EDGE('',*,*,#1202,.F.);
#1578=ORIENTED_EDGE('',*,*,#1179,.F.);
#1579=ORIENTED_EDGE('',*,*,#1205,.F.);
#1580=ORIENTED_EDGE('',*,*,#1045,.F.);
#1581=ORIENTED_EDGE('',*,*,#1206,.F.);
#1582=ORIENTED_EDGE('',*,*,#1043,.F.);
#1583=ORIENTED_EDGE('',*,*,#1040,.F.);
#1584=ORIENTED_EDGE('',*,*,#1037,.F.);
#1585=ORIENTED_EDGE('',*,*,#1034,.F.);
#1586=ORIENTED_EDGE('',*,*,#1030,.F.);
#1587=ORIENTED_EDGE('',*,*,#1207,.F.);
#1588=ORIENTED_EDGE('',*,*,#1032,.F.);
#1589=ORIENTED_EDGE('',*,*,#1036,.F.);
#1590=ORIENTED_EDGE('',*,*,#1039,.F.);
#1591=ORIENTED_EDGE('',*,*,#1042,.F.);
#1592=ORIENTED_EDGE('',*,*,#1208,.F.);
#1593=ORIENTED_EDGE('',*,*,#1047,.F.);
#1594=ORIENTED_EDGE('',*,*,#1209,.F.);
#1595=ORIENTED_EDGE('',*,*,#1177,.T.);
#1596=ORIENTED_EDGE('',*,*,#1203,.T.);
#1597=ORIENTED_EDGE('',*,*,#1175,.T.);
#1598=ORIENTED_EDGE('',*,*,#1172,.T.);
#1599=ORIENTED_EDGE('',*,*,#1169,.T.);
#1600=ORIENTED_EDGE('',*,*,#1166,.T.);
#1601=ORIENTED_EDGE('',*,*,#1163,.T.);
#1602=ORIENTED_EDGE('',*,*,#1210,.F.);
#1603=ORIENTED_EDGE('',*,*,#1139,.F.);
#1604=ORIENTED_EDGE('',*,*,#1143,.F.);
#1605=ORIENTED_EDGE('',*,*,#1211,.F.);
#1606=ORIENTED_EDGE('',*,*,#1148,.F.);
#1607=ORIENTED_EDGE('',*,*,#1212,.F.);
#1608=ORIENTED_EDGE('',*,*,#1135,.F.);
#1609=ORIENTED_EDGE('',*,*,#1213,.F.);
#1610=ORIENTED_EDGE('',*,*,#1133,.F.);
#1611=ORIENTED_EDGE('',*,*,#1126,.F.);
#1612=ORIENTED_EDGE('',*,*,#1123,.F.);
#1613=ORIENTED_EDGE('',*,*,#1120,.F.);
#1614=ORIENTED_EDGE('',*,*,#1116,.F.);
#1615=ORIENTED_EDGE('',*,*,#1214,.F.);
#1616=ORIENTED_EDGE('',*,*,#1150,.F.);
#1617=ORIENTED_EDGE('',*,*,#1154,.F.);
#1618=ORIENTED_EDGE('',*,*,#1215,.F.);
#1619=ORIENTED_EDGE('',*,*,#1159,.F.);
#1620=ORIENTED_EDGE('',*,*,#1216,.F.);
#1621=ORIENTED_EDGE('',*,*,#1156,.T.);
#1622=ORIENTED_EDGE('',*,*,#1215,.T.);
#1623=ORIENTED_EDGE('',*,*,#1153,.F.);
#1624=ORIENTED_EDGE('',*,*,#1217,.F.);
#1625=ORIENTED_EDGE('',*,*,#1145,.T.);
#1626=ORIENTED_EDGE('',*,*,#1211,.T.);
#1627=ORIENTED_EDGE('',*,*,#1142,.F.);
#1628=ORIENTED_EDGE('',*,*,#1218,.F.);
#1629=ORIENTED_EDGE('',*,*,#1219,.F.);
#1630=ORIENTED_EDGE('',*,*,#1220,.F.);
#1631=ORIENTED_EDGE('',*,*,#1128,.F.);
#1632=ORIENTED_EDGE('',*,*,#1221,.F.);
#1633=ORIENTED_EDGE('',*,*,#1137,.F.);
#1634=ORIENTED_EDGE('',*,*,#1222,.F.);
#1635=ORIENTED_EDGE('',*,*,#1146,.T.);
#1636=ORIENTED_EDGE('',*,*,#1218,.T.);
#1637=ORIENTED_EDGE('',*,*,#1144,.T.);
#1638=ORIENTED_EDGE('',*,*,#1141,.T.);
#1639=ORIENTED_EDGE('',*,*,#1223,.F.);
#1640=ORIENTED_EDGE('',*,*,#1224,.F.);
#1641=ORIENTED_EDGE('',*,*,#1225,.F.);
#1642=ORIENTED_EDGE('',*,*,#1157,.T.);
#1643=ORIENTED_EDGE('',*,*,#1217,.T.);
#1644=ORIENTED_EDGE('',*,*,#1155,.T.);
#1645=ORIENTED_EDGE('',*,*,#1152,.T.);
#1646=ORIENTED_EDGE('',*,*,#1226,.F.);
#1647=ORIENTED_EDGE('',*,*,#1118,.F.);
#1648=ORIENTED_EDGE('',*,*,#1122,.F.);
#1649=ORIENTED_EDGE('',*,*,#1125,.F.);
#1650=ORIENTED_EDGE('',*,*,#1132,.F.);
#1651=ORIENTED_EDGE('',*,*,#1227,.F.);
#1652=ORIENTED_EDGE('',*,*,#1228,.F.);
#1653=ORIENTED_EDGE('',*,*,#1229,.T.);
#1654=ORIENTED_EDGE('',*,*,#1230,.T.);
#1655=ORIENTED_EDGE('',*,*,#1231,.F.);
#1656=ORIENTED_EDGE('',*,*,#1232,.F.);
#1657=ORIENTED_EDGE('',*,*,#1233,.F.);
#1658=ORIENTED_EDGE('',*,*,#1234,.F.);
#1659=ORIENTED_EDGE('',*,*,#1235,.T.);
#1660=ORIENTED_EDGE('',*,*,#1236,.T.);
#1661=ORIENTED_EDGE('',*,*,#1237,.T.);
#1662=ORIENTED_EDGE('',*,*,#1209,.T.);
#1663=ORIENTED_EDGE('',*,*,#1046,.T.);
#1664=ORIENTED_EDGE('',*,*,#1205,.T.);
#1665=ORIENTED_EDGE('',*,*,#1178,.T.);
#1666=ORIENTED_EDGE('',*,*,#1238,.T.);
#1667=ORIENTED_EDGE('',*,*,#1026,.T.);
#1668=ORIENTED_EDGE('',*,*,#1239,.T.);
#1669=ORIENTED_EDGE('',*,*,#1066,.T.);
#1670=ORIENTED_EDGE('',*,*,#1212,.T.);
#1671=ORIENTED_EDGE('',*,*,#1147,.T.);
#1672=ORIENTED_EDGE('',*,*,#1222,.T.);
#1673=ORIENTED_EDGE('',*,*,#1136,.T.);
#1674=ORIENTED_EDGE('',*,*,#1240,.T.);
#1675=ORIENTED_EDGE('',*,*,#1112,.T.);
#1676=ORIENTED_EDGE('',*,*,#1241,.T.);
#1677=ORIENTED_EDGE('',*,*,#1090,.T.);
#1678=ORIENTED_EDGE('',*,*,#1219,.T.);
#1679=ORIENTED_EDGE('',*,*,#1131,.T.);
#1680=ORIENTED_EDGE('',*,*,#1242,.T.);
#1681=ORIENTED_EDGE('',*,*,#1243,.T.);
#1682=ORIENTED_EDGE('',*,*,#1244,.T.);
#1683=ORIENTED_EDGE('',*,*,#1245,.T.);
#1684=ORIENTED_EDGE('',*,*,#1105,.T.);
#1685=ORIENTED_EDGE('',*,*,#1246,.T.);
#1686=ORIENTED_EDGE('',*,*,#1247,.F.);
#1687=ORIENTED_EDGE('',*,*,#1134,.T.);
#1688=ORIENTED_EDGE('',*,*,#1221,.T.);
#1689=ORIENTED_EDGE('',*,*,#1127,.F.);
#1690=ORIENTED_EDGE('',*,*,#1213,.T.);
#1691=ORIENTED_EDGE('',*,*,#1216,.T.);
#1692=ORIENTED_EDGE('',*,*,#1158,.T.);
#1693=ORIENTED_EDGE('',*,*,#1225,.T.);
#1694=ORIENTED_EDGE('',*,*,#1248,.T.);
#1695=ORIENTED_EDGE('',*,*,#1249,.T.);
#1696=ORIENTED_EDGE('',*,*,#1250,.T.);
#1697=ORIENTED_EDGE('',*,*,#1110,.T.);
#1698=ORIENTED_EDGE('',*,*,#1251,.T.);
#1699=ORIENTED_EDGE('',*,*,#1107,.F.);
#1700=ORIENTED_EDGE('',*,*,#1252,.F.);
#1701=ORIENTED_EDGE('',*,*,#1253,.F.);
#1702=ORIENTED_EDGE('',*,*,#1100,.T.);
#1703=ORIENTED_EDGE('',*,*,#1254,.T.);
#1704=ORIENTED_EDGE('',*,*,#1098,.T.);
#1705=ORIENTED_EDGE('',*,*,#1095,.T.);
#1706=ORIENTED_EDGE('',*,*,#1255,.F.);
#1707=ORIENTED_EDGE('',*,*,#1072,.F.);
#1708=ORIENTED_EDGE('',*,*,#1076,.F.);
#1709=ORIENTED_EDGE('',*,*,#1079,.F.);
#1710=ORIENTED_EDGE('',*,*,#1086,.F.);
#1711=ORIENTED_EDGE('',*,*,#1256,.F.);
#1712=ORIENTED_EDGE('',*,*,#1257,.F.);
#1713=ORIENTED_EDGE('',*,*,#1082,.F.);
#1714=ORIENTED_EDGE('',*,*,#1258,.F.);
#1715=ORIENTED_EDGE('',*,*,#1091,.F.);
#1716=ORIENTED_EDGE('',*,*,#1241,.F.);
#1717=ORIENTED_EDGE('',*,*,#1111,.T.);
#1718=ORIENTED_EDGE('',*,*,#1252,.T.);
#1719=ORIENTED_EDGE('',*,*,#1109,.T.);
#1720=ORIENTED_EDGE('',*,*,#1106,.T.);
#1721=ORIENTED_EDGE('',*,*,#1245,.F.);
#1722=ORIENTED_EDGE('',*,*,#1259,.F.);
#1723=ORIENTED_EDGE('',*,*,#1099,.T.);
#1724=ORIENTED_EDGE('',*,*,#1260,.T.);
#1725=ORIENTED_EDGE('',*,*,#1096,.F.);
#1726=ORIENTED_EDGE('',*,*,#1254,.F.);
#1727=ORIENTED_EDGE('',*,*,#1261,.F.);
#1728=ORIENTED_EDGE('',*,*,#1246,.F.);
#1729=ORIENTED_EDGE('',*,*,#1104,.F.);
#1730=ORIENTED_EDGE('',*,*,#1108,.F.);
#1731=ORIENTED_EDGE('',*,*,#1251,.F.);
#1732=ORIENTED_EDGE('',*,*,#1113,.F.);
#1733=ORIENTED_EDGE('',*,*,#1240,.F.);
#1734=ORIENTED_EDGE('',*,*,#1089,.F.);
#1735=ORIENTED_EDGE('',*,*,#1262,.F.);
#1736=ORIENTED_EDGE('',*,*,#1087,.F.);
#1737=ORIENTED_EDGE('',*,*,#1080,.F.);
#1738=ORIENTED_EDGE('',*,*,#1077,.F.);
#1739=ORIENTED_EDGE('',*,*,#1074,.F.);
#1740=ORIENTED_EDGE('',*,*,#1070,.F.);
#1741=ORIENTED_EDGE('',*,*,#1263,.F.);
#1742=ORIENTED_EDGE('',*,*,#1093,.F.);
#1743=ORIENTED_EDGE('',*,*,#1097,.F.);
#1744=ORIENTED_EDGE('',*,*,#1260,.F.);
#1745=ORIENTED_EDGE('',*,*,#1102,.F.);
#1746=ORIENTED_EDGE('',*,*,#1259,.T.);
#1747=ORIENTED_EDGE('',*,*,#1244,.F.);
#1748=ORIENTED_EDGE('',*,*,#1264,.T.);
#1749=ORIENTED_EDGE('',*,*,#1265,.F.);
#1750=ORIENTED_EDGE('',*,*,#1256,.T.);
#1751=ORIENTED_EDGE('',*,*,#1085,.T.);
#1752=ORIENTED_EDGE('',*,*,#1266,.T.);
#1753=ORIENTED_EDGE('',*,*,#1267,.T.);
#1754=ORIENTED_EDGE('',*,*,#1268,.F.);
#1755=ORIENTED_EDGE('',*,*,#1088,.T.);
#1756=ORIENTED_EDGE('',*,*,#1258,.T.);
#1757=ORIENTED_EDGE('',*,*,#1081,.F.);
#1758=ORIENTED_EDGE('',*,*,#1262,.T.);
#1759=ORIENTED_EDGE('',*,*,#1064,.T.);
#1760=ORIENTED_EDGE('',*,*,#1269,.T.);
#1761=ORIENTED_EDGE('',*,*,#1061,.F.);
#1762=ORIENTED_EDGE('',*,*,#1270,.F.);
#1763=ORIENTED_EDGE('',*,*,#1271,.F.);
#1764=ORIENTED_EDGE('',*,*,#1049,.F.);
#1765=ORIENTED_EDGE('',*,*,#1053,.F.);
#1766=ORIENTED_EDGE('',*,*,#1056,.F.);
#1767=ORIENTED_EDGE('',*,*,#1059,.F.);
#1768=ORIENTED_EDGE('',*,*,#1062,.F.);
#1769=ORIENTED_EDGE('',*,*,#1269,.F.);
#1770=ORIENTED_EDGE('',*,*,#1067,.F.);
#1771=ORIENTED_EDGE('',*,*,#1239,.F.);
#1772=ORIENTED_EDGE('',*,*,#1025,.F.);
#1773=ORIENTED_EDGE('',*,*,#1272,.F.);
#1774=ORIENTED_EDGE('',*,*,#1023,.F.);
#1775=ORIENTED_EDGE('',*,*,#1020,.F.);
#1776=ORIENTED_EDGE('',*,*,#1017,.F.);
#1777=ORIENTED_EDGE('',*,*,#1014,.F.);
#1778=ORIENTED_EDGE('',*,*,#1010,.F.);
#1779=ORIENTED_EDGE('',*,*,#1273,.F.);
#1780=ORIENTED_EDGE('',*,*,#1012,.F.);
#1781=ORIENTED_EDGE('',*,*,#1016,.F.);
#1782=ORIENTED_EDGE('',*,*,#1019,.F.);
#1783=ORIENTED_EDGE('',*,*,#1022,.F.);
#1784=ORIENTED_EDGE('',*,*,#1274,.F.);
#1785=ORIENTED_EDGE('',*,*,#1027,.F.);
#1786=ORIENTED_EDGE('',*,*,#1238,.F.);
#1787=ORIENTED_EDGE('',*,*,#1065,.T.);
#1788=ORIENTED_EDGE('',*,*,#1270,.T.);
#1789=ORIENTED_EDGE('',*,*,#1063,.T.);
#1790=ORIENTED_EDGE('',*,*,#1060,.T.);
#1791=ORIENTED_EDGE('',*,*,#1057,.T.);
#1792=ORIENTED_EDGE('',*,*,#1054,.T.);
#1793=ORIENTED_EDGE('',*,*,#1051,.T.);
#1794=ORIENTED_EDGE('',*,*,#1119,.F.);
#1795=ORIENTED_EDGE('',*,*,#1226,.T.);
#1796=ORIENTED_EDGE('',*,*,#1151,.T.);
#1797=ORIENTED_EDGE('',*,*,#1214,.T.);
#1798=ORIENTED_EDGE('',*,*,#1115,.F.);
#1799=ORIENTED_EDGE('',*,*,#1073,.F.);
#1800=ORIENTED_EDGE('',*,*,#1255,.T.);
#1801=ORIENTED_EDGE('',*,*,#1094,.T.);
#1802=ORIENTED_EDGE('',*,*,#1263,.T.);
#1803=ORIENTED_EDGE('',*,*,#1069,.F.);
#1804=ORIENTED_EDGE('',*,*,#1224,.T.);
#1805=ORIENTED_EDGE('',*,*,#1275,.F.);
#1806=ORIENTED_EDGE('',*,*,#1276,.F.);
#1807=ORIENTED_EDGE('',*,*,#1248,.F.);
#1808=ORIENTED_EDGE('',*,*,#1257,.T.);
#1809=ORIENTED_EDGE('',*,*,#1268,.T.);
#1810=ORIENTED_EDGE('',*,*,#1277,.T.);
#1811=ORIENTED_EDGE('',*,*,#1278,.T.);
#1812=ORIENTED_EDGE('',*,*,#1083,.T.);
#1813=ORIENTED_EDGE('',*,*,#1220,.T.);
#1814=ORIENTED_EDGE('',*,*,#1247,.T.);
#1815=ORIENTED_EDGE('',*,*,#1261,.T.);
#1816=ORIENTED_EDGE('',*,*,#1101,.T.);
#1817=ORIENTED_EDGE('',*,*,#1253,.T.);
#1818=ORIENTED_EDGE('',*,*,#1265,.T.);
#1819=ORIENTED_EDGE('',*,*,#1279,.T.);
#1820=ORIENTED_EDGE('',*,*,#1228,.T.);
#1821=ORIENTED_EDGE('',*,*,#1280,.T.);
#1822=ORIENTED_EDGE('',*,*,#1281,.F.);
#1823=ORIENTED_EDGE('',*,*,#1282,.T.);
#1824=ORIENTED_EDGE('',*,*,#1234,.T.);
#1825=ORIENTED_EDGE('',*,*,#1283,.T.);
#1826=ORIENTED_EDGE('',*,*,#1284,.T.);
#1827=ORIENTED_EDGE('',*,*,#1129,.T.);
#1828=ORIENTED_EDGE('',*,*,#1210,.T.);
#1829=ORIENTED_EDGE('',*,*,#1250,.F.);
#1830=ORIENTED_EDGE('',*,*,#1285,.T.);
#1831=ORIENTED_EDGE('',*,*,#1275,.T.);
#1832=ORIENTED_EDGE('',*,*,#1223,.T.);
#1833=ORIENTED_EDGE('',*,*,#1140,.T.);
#1834=ORIENTED_EDGE('',*,*,#1276,.T.);
#1835=ORIENTED_EDGE('',*,*,#1285,.F.);
#1836=ORIENTED_EDGE('',*,*,#1249,.F.);
#1837=ORIENTED_EDGE('',*,*,#1286,.F.);
#1838=ORIENTED_EDGE('',*,*,#1287,.T.);
#1839=ORIENTED_EDGE('',*,*,#1288,.T.);
#1840=ORIENTED_EDGE('',*,*,#1289,.T.);
#1841=ORIENTED_EDGE('',*,*,#1290,.F.);
#1842=ORIENTED_EDGE('',*,*,#1237,.F.);
#1843=ORIENTED_EDGE('',*,*,#1291,.F.);
#1844=ORIENTED_EDGE('',*,*,#1292,.F.);
#1845=ORIENTED_EDGE('',*,*,#1235,.F.);
#1846=ORIENTED_EDGE('',*,*,#1282,.F.);
#1847=ORIENTED_EDGE('',*,*,#1293,.F.);
#1848=ORIENTED_EDGE('',*,*,#1294,.F.);
#1849=ORIENTED_EDGE('',*,*,#1295,.F.);
#1850=ORIENTED_EDGE('',*,*,#1296,.F.);
#1851=ORIENTED_EDGE('',*,*,#1297,.F.);
#1852=ORIENTED_EDGE('',*,*,#1298,.F.);
#1853=ORIENTED_EDGE('',*,*,#1299,.F.);
#1854=ORIENTED_EDGE('',*,*,#1084,.T.);
#1855=ORIENTED_EDGE('',*,*,#1278,.F.);
#1856=ORIENTED_EDGE('',*,*,#1300,.F.);
#1857=ORIENTED_EDGE('',*,*,#1266,.F.);
#1858=ORIENTED_EDGE('',*,*,#1300,.T.);
#1859=ORIENTED_EDGE('',*,*,#1277,.F.);
#1860=ORIENTED_EDGE('',*,*,#1267,.F.);
#1861=ORIENTED_EDGE('',*,*,#1227,.T.);
#1862=ORIENTED_EDGE('',*,*,#1290,.T.);
#1863=ORIENTED_EDGE('',*,*,#1289,.F.);
#1864=ORIENTED_EDGE('',*,*,#1288,.F.);
#1865=ORIENTED_EDGE('',*,*,#1287,.F.);
#1866=ORIENTED_EDGE('',*,*,#1301,.F.);
#1867=ORIENTED_EDGE('',*,*,#1302,.F.);
#1868=ORIENTED_EDGE('',*,*,#1303,.F.);
#1869=ORIENTED_EDGE('',*,*,#1304,.F.);
#1870=ORIENTED_EDGE('',*,*,#1280,.F.);
#1871=ORIENTED_EDGE('',*,*,#1130,.T.);
#1872=ORIENTED_EDGE('',*,*,#1284,.F.);
#1873=ORIENTED_EDGE('',*,*,#1305,.F.);
#1874=ORIENTED_EDGE('',*,*,#1242,.F.);
#1875=ORIENTED_EDGE('',*,*,#1306,.F.);
#1876=ORIENTED_EDGE('',*,*,#1230,.F.);
#1877=ORIENTED_EDGE('',*,*,#1307,.T.);
#1878=ORIENTED_EDGE('',*,*,#1308,.F.);
#1879=ORIENTED_EDGE('',*,*,#1309,.F.);
#1880=ORIENTED_EDGE('',*,*,#1307,.F.);
#1881=ORIENTED_EDGE('',*,*,#1229,.F.);
#1882=ORIENTED_EDGE('',*,*,#1279,.F.);
#1883=ORIENTED_EDGE('',*,*,#1264,.F.);
#1884=ORIENTED_EDGE('',*,*,#1310,.T.);
#1885=ORIENTED_EDGE('',*,*,#1311,.F.);
#1886=ORIENTED_EDGE('',*,*,#1312,.F.);
#1887=ORIENTED_EDGE('',*,*,#1313,.F.);
#1888=ORIENTED_EDGE('',*,*,#1314,.F.);
#1889=ORIENTED_EDGE('',*,*,#1308,.T.);
#1890=ORIENTED_EDGE('',*,*,#1309,.T.);
#1891=ORIENTED_EDGE('',*,*,#1315,.T.);
#1892=ORIENTED_EDGE('',*,*,#1316,.T.);
#1893=ORIENTED_EDGE('',*,*,#1317,.T.);
#1894=ORIENTED_EDGE('',*,*,#1318,.T.);
#1895=ORIENTED_EDGE('',*,*,#1233,.T.);
#1896=ORIENTED_EDGE('',*,*,#1319,.F.);
#1897=ORIENTED_EDGE('',*,*,#1316,.F.);
#1898=ORIENTED_EDGE('',*,*,#1320,.T.);
#1899=ORIENTED_EDGE('',*,*,#1305,.T.);
#1900=ORIENTED_EDGE('',*,*,#1283,.F.);
#1901=ORIENTED_EDGE('',*,*,#1044,.T.);
#1902=ORIENTED_EDGE('',*,*,#1208,.T.);
#1903=ORIENTED_EDGE('',*,*,#1041,.F.);
#1904=ORIENTED_EDGE('',*,*,#1206,.T.);
#1905=ORIENTED_EDGE('',*,*,#1033,.F.);
#1906=ORIENTED_EDGE('',*,*,#1207,.T.);
#1907=ORIENTED_EDGE('',*,*,#1162,.T.);
#1908=ORIENTED_EDGE('',*,*,#1204,.T.);
#1909=ORIENTED_EDGE('',*,*,#1029,.F.);
#1910=ORIENTED_EDGE('',*,*,#1024,.T.);
#1911=ORIENTED_EDGE('',*,*,#1274,.T.);
#1912=ORIENTED_EDGE('',*,*,#1021,.F.);
#1913=ORIENTED_EDGE('',*,*,#1272,.T.);
#1914=ORIENTED_EDGE('',*,*,#1013,.F.);
#1915=ORIENTED_EDGE('',*,*,#1273,.T.);
#1916=ORIENTED_EDGE('',*,*,#1050,.T.);
#1917=ORIENTED_EDGE('',*,*,#1271,.T.);
#1918=ORIENTED_EDGE('',*,*,#1009,.F.);
#1919=ORIENTED_EDGE('',*,*,#1236,.F.);
#1920=ORIENTED_EDGE('',*,*,#1299,.T.);
#1921=ORIENTED_EDGE('',*,*,#1321,.T.);
#1922=ORIENTED_EDGE('',*,*,#1291,.T.);
#1923=ORIENTED_EDGE('',*,*,#1321,.F.);
#1924=ORIENTED_EDGE('',*,*,#1298,.T.);
#1925=ORIENTED_EDGE('',*,*,#1322,.T.);
#1926=ORIENTED_EDGE('',*,*,#1292,.T.);
#1927=ORIENTED_EDGE('',*,*,#1322,.F.);
#1928=ORIENTED_EDGE('',*,*,#1297,.T.);
#1929=ORIENTED_EDGE('',*,*,#1323,.T.);
#1930=ORIENTED_EDGE('',*,*,#1286,.T.);
#1931=ORIENTED_EDGE('',*,*,#1232,.T.);
#1932=ORIENTED_EDGE('',*,*,#1324,.F.);
#1933=ORIENTED_EDGE('',*,*,#1317,.F.);
#1934=ORIENTED_EDGE('',*,*,#1319,.T.);
#1935=ORIENTED_EDGE('',*,*,#1323,.F.);
#1936=ORIENTED_EDGE('',*,*,#1296,.T.);
#1937=ORIENTED_EDGE('',*,*,#1325,.T.);
#1938=ORIENTED_EDGE('',*,*,#1301,.T.);
#1939=ORIENTED_EDGE('',*,*,#1326,.F.);
#1940=ORIENTED_EDGE('',*,*,#1302,.T.);
#1941=ORIENTED_EDGE('',*,*,#1325,.F.);
#1942=ORIENTED_EDGE('',*,*,#1295,.T.);
#1943=ORIENTED_EDGE('',*,*,#1306,.T.);
#1944=ORIENTED_EDGE('',*,*,#1318,.F.);
#1945=ORIENTED_EDGE('',*,*,#1324,.T.);
#1946=ORIENTED_EDGE('',*,*,#1231,.T.);
#1947=ORIENTED_EDGE('',*,*,#1243,.F.);
#1948=ORIENTED_EDGE('',*,*,#1320,.F.);
#1949=ORIENTED_EDGE('',*,*,#1315,.F.);
#1950=ORIENTED_EDGE('',*,*,#1310,.F.);
#1951=ORIENTED_EDGE('',*,*,#1326,.T.);
#1952=ORIENTED_EDGE('',*,*,#1294,.T.);
#1953=ORIENTED_EDGE('',*,*,#1327,.F.);
#1954=ORIENTED_EDGE('',*,*,#1303,.T.);
#1955=ORIENTED_EDGE('',*,*,#1328,.F.);
#1956=ORIENTED_EDGE('',*,*,#1329,.F.);
#1957=ORIENTED_EDGE('',*,*,#1330,.F.);
#1958=ORIENTED_EDGE('',*,*,#1312,.T.);
#1959=ORIENTED_EDGE('',*,*,#1329,.T.);
#1960=ORIENTED_EDGE('',*,*,#1331,.F.);
#1961=ORIENTED_EDGE('',*,*,#1199,.T.);
#1962=ORIENTED_EDGE('',*,*,#1332,.T.);
#1963=ORIENTED_EDGE('',*,*,#1281,.T.);
#1964=ORIENTED_EDGE('',*,*,#1304,.T.);
#1965=ORIENTED_EDGE('',*,*,#1327,.T.);
#1966=ORIENTED_EDGE('',*,*,#1293,.T.);
#1967=ORIENTED_EDGE('',*,*,#1189,.T.);
#1968=ORIENTED_EDGE('',*,*,#1186,.T.);
#1969=ORIENTED_EDGE('',*,*,#1183,.T.);
#1970=ORIENTED_EDGE('',*,*,#1180,.T.);
#1971=ORIENTED_EDGE('',*,*,#1328,.T.);
#1972=ORIENTED_EDGE('',*,*,#1311,.T.);
#1973=ORIENTED_EDGE('',*,*,#1333,.T.);
#1974=ORIENTED_EDGE('',*,*,#1196,.T.);
#1975=ORIENTED_EDGE('',*,*,#1193,.F.);
#1976=ORIENTED_EDGE('',*,*,#1200,.T.);
#1977=ORIENTED_EDGE('',*,*,#1331,.T.);
#1978=ORIENTED_EDGE('',*,*,#1314,.T.);
#1979=ORIENTED_EDGE('',*,*,#1334,.F.);
#1980=ORIENTED_EDGE('',*,*,#1197,.F.);
#1981=ORIENTED_EDGE('',*,*,#1333,.F.);
#1982=ORIENTED_EDGE('',*,*,#1330,.T.);
#1983=ORIENTED_EDGE('',*,*,#1332,.F.);
#1984=ORIENTED_EDGE('',*,*,#1201,.T.);
#1985=ORIENTED_EDGE('',*,*,#1195,.F.);
#1986=ORIENTED_EDGE('',*,*,#1198,.F.);
#1987=ORIENTED_EDGE('',*,*,#1334,.T.);
#1988=ORIENTED_EDGE('',*,*,#1313,.T.);
#1989=CYLINDRICAL_SURFACE('',#2168,1.666);
#1990=CYLINDRICAL_SURFACE('',#2170,1.666);
#1991=CYLINDRICAL_SURFACE('',#2172,1.666);
#1992=CYLINDRICAL_SURFACE('',#2173,1.666);
#1993=CYLINDRICAL_SURFACE('',#2174,1.666);
#1994=CYLINDRICAL_SURFACE('',#2175,1.666);
#1995=CYLINDRICAL_SURFACE('',#2177,1.666);
#1996=CYLINDRICAL_SURFACE('',#2179,1.666);
#1997=CYLINDRICAL_SURFACE('',#2181,1.666);
#1998=CYLINDRICAL_SURFACE('',#2182,1.666);
#1999=CYLINDRICAL_SURFACE('',#2183,1.666);
#2000=CYLINDRICAL_SURFACE('',#2184,1.666);
#2001=CYLINDRICAL_SURFACE('',#2186,2.05475000000001);
#2002=CYLINDRICAL_SURFACE('',#2188,2.05475000000001);
#2003=CYLINDRICAL_SURFACE('',#2189,2.05475000000001);
#2004=CYLINDRICAL_SURFACE('',#2190,2.05475000000001);
#2005=CYLINDRICAL_SURFACE('',#2191,2.05475000000001);
#2006=CYLINDRICAL_SURFACE('',#2192,2.05475000000001);
#2007=CYLINDRICAL_SURFACE('',#2194,1.666);
#2008=CYLINDRICAL_SURFACE('',#2196,1.666);
#2009=CYLINDRICAL_SURFACE('',#2198,1.666);
#2010=CYLINDRICAL_SURFACE('',#2199,1.666);
#2011=CYLINDRICAL_SURFACE('',#2200,1.666);
#2012=CYLINDRICAL_SURFACE('',#2204,1.666);
#2013=CYLINDRICAL_SURFACE('',#2206,2.05475);
#2014=CYLINDRICAL_SURFACE('',#2208,2.05475);
#2015=CYLINDRICAL_SURFACE('',#2209,2.05475);
#2016=CYLINDRICAL_SURFACE('',#2211,2.05475);
#2017=CYLINDRICAL_SURFACE('',#2213,2.05475);
#2018=CYLINDRICAL_SURFACE('',#2214,2.05475);
#2019=CYLINDRICAL_SURFACE('',#2216,1.666);
#2020=CYLINDRICAL_SURFACE('',#2218,1.666);
#2021=CYLINDRICAL_SURFACE('',#2220,1.666);
#2022=CYLINDRICAL_SURFACE('',#2221,1.666);
#2023=CYLINDRICAL_SURFACE('',#2222,1.666);
#2024=CYLINDRICAL_SURFACE('',#2226,1.666);
#2025=CYLINDRICAL_SURFACE('',#2228,2.05475);
#2026=CYLINDRICAL_SURFACE('',#2230,2.05475);
#2027=CYLINDRICAL_SURFACE('',#2231,2.05475);
#2028=CYLINDRICAL_SURFACE('',#2233,2.05475);
#2029=CYLINDRICAL_SURFACE('',#2235,2.05475);
#2030=CYLINDRICAL_SURFACE('',#2236,2.05475);
#2031=CYLINDRICAL_SURFACE('',#2238,2.05474999999999);
#2032=CYLINDRICAL_SURFACE('',#2240,2.05474999999999);
#2033=CYLINDRICAL_SURFACE('',#2241,2.05474999999999);
#2034=CYLINDRICAL_SURFACE('',#2242,2.05474999999999);
#2035=CYLINDRICAL_SURFACE('',#2243,2.05474999999999);
#2036=CYLINDRICAL_SURFACE('',#2244,2.05474999999999);
#2037=CYLINDRICAL_SURFACE('',#2246,1.55);
#2038=CYLINDRICAL_SURFACE('',#2250,1.55);
#2039=CYLINDRICAL_SURFACE('',#2254,1.55);
#2040=CYLINDRICAL_SURFACE('',#2258,1.55);
#2041=CYLINDRICAL_SURFACE('',#2265,2.05474999999999);
#2042=CYLINDRICAL_SURFACE('',#2266,2.05475);
#2043=CYLINDRICAL_SURFACE('',#2267,2.05475);
#2044=CYLINDRICAL_SURFACE('',#2270,1.666);
#2045=CYLINDRICAL_SURFACE('',#2272,2.05475);
#2046=CYLINDRICAL_SURFACE('',#2273,2.05475);
#2047=CYLINDRICAL_SURFACE('',#2276,1.666);
#2048=CYLINDRICAL_SURFACE('',#2277,2.05475000000001);
#2049=CYLINDRICAL_SURFACE('',#2295,1.666);
#2050=CYLINDRICAL_SURFACE('',#2297,1.666);
#2051=ADVANCED_FACE('',(#86),#1989,.F.);
#2052=ADVANCED_FACE('',(#87),#1990,.F.);
#2053=ADVANCED_FACE('',(#88),#1991,.F.);
#2054=ADVANCED_FACE('',(#89),#1992,.F.);
#2055=ADVANCED_FACE('',(#90),#1993,.F.);
#2056=ADVANCED_FACE('',(#91),#1994,.F.);
#2057=ADVANCED_FACE('',(#92),#1995,.F.);
#2058=ADVANCED_FACE('',(#93),#1996,.F.);
#2059=ADVANCED_FACE('',(#94),#1997,.F.);
#2060=ADVANCED_FACE('',(#95),#1998,.F.);
#2061=ADVANCED_FACE('',(#96),#1999,.F.);
#2062=ADVANCED_FACE('',(#97),#2000,.F.);
#2063=ADVANCED_FACE('',(#98),#2001,.F.);
#2064=ADVANCED_FACE('',(#99),#2002,.F.);
#2065=ADVANCED_FACE('',(#100),#2003,.F.);
#2066=ADVANCED_FACE('',(#101),#2004,.F.);
#2067=ADVANCED_FACE('',(#102),#2005,.F.);
#2068=ADVANCED_FACE('',(#103),#2006,.F.);
#2069=ADVANCED_FACE('',(#104),#2007,.F.);
#2070=ADVANCED_FACE('',(#105),#2008,.F.);
#2071=ADVANCED_FACE('',(#106),#2009,.F.);
#2072=ADVANCED_FACE('',(#107),#2010,.F.);
#2073=ADVANCED_FACE('',(#108),#2011,.F.);
#2074=ADVANCED_FACE('',(#109),#2012,.F.);
#2075=ADVANCED_FACE('',(#110),#2013,.F.);
#2076=ADVANCED_FACE('',(#111),#2014,.F.);
#2077=ADVANCED_FACE('',(#112),#2015,.F.);
#2078=ADVANCED_FACE('',(#113),#2016,.F.);
#2079=ADVANCED_FACE('',(#114),#2017,.F.);
#2080=ADVANCED_FACE('',(#115),#2018,.F.);
#2081=ADVANCED_FACE('',(#116),#2019,.F.);
#2082=ADVANCED_FACE('',(#117),#2020,.F.);
#2083=ADVANCED_FACE('',(#118),#2021,.F.);
#2084=ADVANCED_FACE('',(#119),#2022,.F.);
#2085=ADVANCED_FACE('',(#120),#2023,.F.);
#2086=ADVANCED_FACE('',(#121),#2024,.F.);
#2087=ADVANCED_FACE('',(#122),#2025,.F.);
#2088=ADVANCED_FACE('',(#123),#2026,.F.);
#2089=ADVANCED_FACE('',(#124),#2027,.F.);
#2090=ADVANCED_FACE('',(#125),#2028,.F.);
#2091=ADVANCED_FACE('',(#126),#2029,.F.);
#2092=ADVANCED_FACE('',(#127),#2030,.F.);
#2093=ADVANCED_FACE('',(#128),#2031,.F.);
#2094=ADVANCED_FACE('',(#129),#2032,.F.);
#2095=ADVANCED_FACE('',(#130),#2033,.F.);
#2096=ADVANCED_FACE('',(#131),#2034,.F.);
#2097=ADVANCED_FACE('',(#132),#2035,.F.);
#2098=ADVANCED_FACE('',(#133),#2036,.F.);
#2099=ADVANCED_FACE('',(#134),#2037,.F.);
#2100=ADVANCED_FACE('',(#135),#33,.F.);
#2101=ADVANCED_FACE('',(#136),#2038,.F.);
#2102=ADVANCED_FACE('',(#137),#34,.F.);
#2103=ADVANCED_FACE('',(#138),#2039,.F.);
#2104=ADVANCED_FACE('',(#139),#35,.F.);
#2105=ADVANCED_FACE('',(#140),#2040,.F.);
#2106=ADVANCED_FACE('',(#141),#36,.F.);
#2107=ADVANCED_FACE('',(#142),#37,.T.);
#2108=ADVANCED_FACE('',(#143),#38,.T.);
#2109=ADVANCED_FACE('',(#144),#39,.T.);
#2110=ADVANCED_FACE('',(#145),#2041,.F.);
#2111=ADVANCED_FACE('',(#146),#25,.F.);
#2112=ADVANCED_FACE('',(#147),#26,.F.);
#2113=ADVANCED_FACE('',(#148),#27,.F.);
#2114=ADVANCED_FACE('',(#149),#2042,.F.);
#2115=ADVANCED_FACE('',(#150),#2043,.F.);
#2116=ADVANCED_FACE('',(#151),#28,.F.);
#2117=ADVANCED_FACE('',(#152,#15,#16,#17,#18),#40,.F.);
#2118=ADVANCED_FACE('',(#153),#41,.F.);
#2119=ADVANCED_FACE('',(#154),#2044,.F.);
#2120=ADVANCED_FACE('',(#155),#42,.F.);
#2121=ADVANCED_FACE('',(#156),#2045,.F.);
#2122=ADVANCED_FACE('',(#157),#29,.F.);
#2123=ADVANCED_FACE('',(#158),#2046,.F.);
#2124=ADVANCED_FACE('',(#159),#30,.F.);
#2125=ADVANCED_FACE('',(#160),#43,.T.);
#2126=ADVANCED_FACE('',(#161),#44,.F.);
#2127=ADVANCED_FACE('',(#162),#2047,.F.);
#2128=ADVANCED_FACE('',(#163),#2048,.F.);
#2129=ADVANCED_FACE('',(#164),#31,.F.);
#2130=ADVANCED_FACE('',(#165),#32,.F.);
#2131=ADVANCED_FACE('',(#166),#45,.T.);
#2132=ADVANCED_FACE('',(#167),#46,.T.);
#2133=ADVANCED_FACE('',(#168),#47,.T.);
#2134=ADVANCED_FACE('',(#169),#48,.F.);
#2135=ADVANCED_FACE('',(#170),#49,.F.);
#2136=ADVANCED_FACE('',(#171),#50,.F.);
#2137=ADVANCED_FACE('',(#172),#51,.F.);
#2138=ADVANCED_FACE('',(#173),#52,.F.);
#2139=ADVANCED_FACE('',(#174),#53,.F.);
#2140=ADVANCED_FACE('',(#175),#54,.T.);
#2141=ADVANCED_FACE('',(#176),#55,.F.);
#2142=ADVANCED_FACE('',(#177),#56,.F.);
#2143=ADVANCED_FACE('',(#178),#57,.T.);
#2144=ADVANCED_FACE('',(#179),#58,.F.);
#2145=ADVANCED_FACE('',(#180),#59,.F.);
#2146=ADVANCED_FACE('',(#181,#19),#60,.F.);
#2147=ADVANCED_FACE('',(#182),#61,.F.);
#2148=ADVANCED_FACE('',(#183),#2049,.F.);
#2149=ADVANCED_FACE('',(#184),#62,.T.);
#2150=ADVANCED_FACE('',(#185),#2050,.F.);
#2151=ADVANCED_FACE('',(#186),#63,.T.);
#2152=ADVANCED_FACE('',(#187),#64,.F.);
#2153=ADVANCED_FACE('',(#188),#65,.F.);
#2154=ADVANCED_FACE('',(#189),#66,.F.);
#2155=ADVANCED_FACE('',(#190),#67,.F.);
#2156=ADVANCED_FACE('',(#191),#68,.F.);
#2157=ADVANCED_FACE('',(#192),#69,.F.);
#2158=ADVANCED_FACE('',(#193),#70,.F.);
#2159=ADVANCED_FACE('',(#194),#71,.F.);
#2160=ADVANCED_FACE('',(#195),#72,.F.);
#2161=ADVANCED_FACE('',(#196),#73,.F.);
#2162=ADVANCED_FACE('',(#197,#20,#21,#22,#23,#24),#74,.T.);
#2163=ADVANCED_FACE('',(#198),#75,.T.);
#2164=ADVANCED_FACE('',(#199),#76,.T.);
#2165=ADVANCED_FACE('',(#200),#77,.T.);
#2166=CLOSED_SHELL('',(#2051,#2052,#2053,#2054,#2055,#2056,#2057,#2058,
#2059,#2060,#2061,#2062,#2063,#2064,#2065,#2066,#2067,#2068,#2069,#2070,
#2071,#2072,#2073,#2074,#2075,#2076,#2077,#2078,#2079,#2080,#2081,#2082,
#2083,#2084,#2085,#2086,#2087,#2088,#2089,#2090,#2091,#2092,#2093,#2094,
#2095,#2096,#2097,#2098,#2099,#2100,#2101,#2102,#2103,#2104,#2105,#2106,
#2107,#2108,#2109,#2110,#2111,#2112,#2113,#2114,#2115,#2116,#2117,#2118,
#2119,#2120,#2121,#2122,#2123,#2124,#2125,#2126,#2127,#2128,#2129,#2130,
#2131,#2132,#2133,#2134,#2135,#2136,#2137,#2138,#2139,#2140,#2141,#2142,
#2143,#2144,#2145,#2146,#2147,#2148,#2149,#2150,#2151,#2152,#2153,#2154,
#2155,#2156,#2157,#2158,#2159,#2160,#2161,#2162,#2163,#2164,#2165));
#2167=AXIS2_PLACEMENT_3D('',#2750,#2313,#2314);
#2168=AXIS2_PLACEMENT_3D('',#2751,#2315,#2316);
#2169=AXIS2_PLACEMENT_3D('',#2756,#2318,#2319);
#2170=AXIS2_PLACEMENT_3D('',#2761,#2320,#2321);
#2171=AXIS2_PLACEMENT_3D('',#2785,#2323,#2324);
#2172=AXIS2_PLACEMENT_3D('',#2808,#2325,#2326);
#2173=AXIS2_PLACEMENT_3D('',#2859,#2328,#2329);
#2174=AXIS2_PLACEMENT_3D('',#2907,#2331,#2332);
#2175=AXIS2_PLACEMENT_3D('',#2958,#2334,#2335);
#2176=AXIS2_PLACEMENT_3D('',#2977,#2337,#2338);
#2177=AXIS2_PLACEMENT_3D('',#2997,#2339,#2340);
#2178=AXIS2_PLACEMENT_3D('',#3002,#2342,#2343);
#2179=AXIS2_PLACEMENT_3D('',#3007,#2344,#2345);
#2180=AXIS2_PLACEMENT_3D('',#3031,#2347,#2348);
#2181=AXIS2_PLACEMENT_3D('',#3054,#2349,#2350);
#2182=AXIS2_PLACEMENT_3D('',#3105,#2352,#2353);
#2183=AXIS2_PLACEMENT_3D('',#3153,#2355,#2356);
#2184=AXIS2_PLACEMENT_3D('',#3204,#2358,#2359);
#2185=AXIS2_PLACEMENT_3D('',#3223,#2361,#2362);
#2186=AXIS2_PLACEMENT_3D('',#3243,#2363,#2364);
#2187=AXIS2_PLACEMENT_3D('',#3255,#2366,#2367);
#2188=AXIS2_PLACEMENT_3D('',#3263,#2368,#2369);
#2189=AXIS2_PLACEMENT_3D('',#3287,#2371,#2372);
#2190=AXIS2_PLACEMENT_3D('',#3312,#2374,#2375);
#2191=AXIS2_PLACEMENT_3D('',#3337,#2377,#2378);
#2192=AXIS2_PLACEMENT_3D('',#3361,#2380,#2381);
#2193=AXIS2_PLACEMENT_3D('',#3372,#2383,#2384);
#2194=AXIS2_PLACEMENT_3D('',#3378,#2385,#2386);
#2195=AXIS2_PLACEMENT_3D('',#3383,#2388,#2389);
#2196=AXIS2_PLACEMENT_3D('',#3388,#2390,#2391);
#2197=AXIS2_PLACEMENT_3D('',#3412,#2393,#2394);
#2198=AXIS2_PLACEMENT_3D('',#3435,#2395,#2396);
#2199=AXIS2_PLACEMENT_3D('',#3486,#2398,#2399);
#2200=AXIS2_PLACEMENT_3D('',#3534,#2401,#2402);
#2201=AXIS2_PLACEMENT_3D('',#3553,#2404,#2405);
#2202=AXIS2_PLACEMENT_3D('',#3555,#2406,#2407);
#2203=AXIS2_PLACEMENT_3D('',#3557,#2408,#2409);
#2204=AXIS2_PLACEMENT_3D('',#3596,#2410,#2411);
#2205=AXIS2_PLACEMENT_3D('',#3615,#2413,#2414);
#2206=AXIS2_PLACEMENT_3D('',#3635,#2415,#2416);
#2207=AXIS2_PLACEMENT_3D('',#3647,#2418,#2419);
#2208=AXIS2_PLACEMENT_3D('',#3655,#2420,#2421);
#2209=AXIS2_PLACEMENT_3D('',#3679,#2423,#2424);
#2210=AXIS2_PLACEMENT_3D('',#3695,#2426,#2427);
#2211=AXIS2_PLACEMENT_3D('',#3705,#2428,#2429);
#2212=AXIS2_PLACEMENT_3D('',#3715,#2431,#2432);
#2213=AXIS2_PLACEMENT_3D('',#3721,#2433,#2434);
#2214=AXIS2_PLACEMENT_3D('',#3745,#2436,#2437);
#2215=AXIS2_PLACEMENT_3D('',#3756,#2439,#2440);
#2216=AXIS2_PLACEMENT_3D('',#3762,#2441,#2442);
#2217=AXIS2_PLACEMENT_3D('',#3767,#2444,#2445);
#2218=AXIS2_PLACEMENT_3D('',#3772,#2446,#2447);
#2219=AXIS2_PLACEMENT_3D('',#3796,#2449,#2450);
#2220=AXIS2_PLACEMENT_3D('',#3819,#2451,#2452);
#2221=AXIS2_PLACEMENT_3D('',#3870,#2454,#2455);
#2222=AXIS2_PLACEMENT_3D('',#3918,#2457,#2458);
#2223=AXIS2_PLACEMENT_3D('',#3937,#2460,#2461);
#2224=AXIS2_PLACEMENT_3D('',#3939,#2462,#2463);
#2225=AXIS2_PLACEMENT_3D('',#3941,#2464,#2465);
#2226=AXIS2_PLACEMENT_3D('',#3980,#2466,#2467);
#2227=AXIS2_PLACEMENT_3D('',#3999,#2469,#2470);
#2228=AXIS2_PLACEMENT_3D('',#4019,#2471,#2472);
#2229=AXIS2_PLACEMENT_3D('',#4029,#2474,#2475);
#2230=AXIS2_PLACEMENT_3D('',#4035,#2476,#2477);
#2231=AXIS2_PLACEMENT_3D('',#4059,#2479,#2480);
#2232=AXIS2_PLACEMENT_3D('',#4070,#2482,#2483);
#2233=AXIS2_PLACEMENT_3D('',#4076,#2484,#2485);
#2234=AXIS2_PLACEMENT_3D('',#4088,#2487,#2488);
#2235=AXIS2_PLACEMENT_3D('',#4096,#2489,#2490);
#2236=AXIS2_PLACEMENT_3D('',#4120,#2492,#2493);
#2237=AXIS2_PLACEMENT_3D('',#4136,#2495,#2496);
#2238=AXIS2_PLACEMENT_3D('',#4146,#2497,#2498);
#2239=AXIS2_PLACEMENT_3D('',#4158,#2500,#2501);
#2240=AXIS2_PLACEMENT_3D('',#4166,#2502,#2503);
#2241=AXIS2_PLACEMENT_3D('',#4190,#2505,#2506);
#2242=AXIS2_PLACEMENT_3D('',#4215,#2508,#2509);
#2243=AXIS2_PLACEMENT_3D('',#4240,#2511,#2512);
#2244=AXIS2_PLACEMENT_3D('',#4264,#2514,#2515);
#2245=AXIS2_PLACEMENT_3D('',#4275,#2517,#2518);
#2246=AXIS2_PLACEMENT_3D('',#4281,#2519,#2520);
#2247=AXIS2_PLACEMENT_3D('',#4283,#2521,#2522);
#2248=AXIS2_PLACEMENT_3D('',#4286,#2524,#2525);
#2249=AXIS2_PLACEMENT_3D('',#4287,#2526,#2527);
#2250=AXIS2_PLACEMENT_3D('',#4288,#2528,#2529);
#2251=AXIS2_PLACEMENT_3D('',#4290,#2530,#2531);
#2252=AXIS2_PLACEMENT_3D('',#4293,#2533,#2534);
#2253=AXIS2_PLACEMENT_3D('',#4294,#2535,#2536);
#2254=AXIS2_PLACEMENT_3D('',#4295,#2537,#2538);
#2255=AXIS2_PLACEMENT_3D('',#4297,#2539,#2540);
#2256=AXIS2_PLACEMENT_3D('',#4300,#2542,#2543);
#2257=AXIS2_PLACEMENT_3D('',#4301,#2544,#2545);
#2258=AXIS2_PLACEMENT_3D('',#4302,#2546,#2547);
#2259=AXIS2_PLACEMENT_3D('',#4304,#2548,#2549);
#2260=AXIS2_PLACEMENT_3D('',#4307,#2551,#2552);
#2261=AXIS2_PLACEMENT_3D('',#4308,#2553,#2554);
#2262=AXIS2_PLACEMENT_3D('',#4309,#2555,#2556);
#2263=AXIS2_PLACEMENT_3D('',#4318,#2561,#2562);
#2264=AXIS2_PLACEMENT_3D('',#4324,#2566,#2567);
#2265=AXIS2_PLACEMENT_3D('',#4330,#2571,#2572);
#2266=AXIS2_PLACEMENT_3D('',#5466,#2573,#2574);
#2267=AXIS2_PLACEMENT_3D('',#5477,#2575,#2576);
#2268=AXIS2_PLACEMENT_3D('',#5908,#2577,#2578);
#2269=AXIS2_PLACEMENT_3D('',#6271,#2590,#2591);
#2270=AXIS2_PLACEMENT_3D('',#6297,#2596,#2597);
#2271=AXIS2_PLACEMENT_3D('',#6298,#2598,#2599);
#2272=AXIS2_PLACEMENT_3D('',#6304,#2603,#2604);
#2273=AXIS2_PLACEMENT_3D('',#6656,#2605,#2606);
#2274=AXIS2_PLACEMENT_3D('',#6946,#2607,#2608);
#2275=AXIS2_PLACEMENT_3D('',#6950,#2611,#2612);
#2276=AXIS2_PLACEMENT_3D('',#6956,#2616,#2617);
#2277=AXIS2_PLACEMENT_3D('',#6957,#2618,#2619);
#2278=AXIS2_PLACEMENT_3D('',#7527,#2620,#2621);
#2279=AXIS2_PLACEMENT_3D('',#7528,#2622,#2623);
#2280=AXIS2_PLACEMENT_3D('',#7529,#2624,#2625);
#2281=AXIS2_PLACEMENT_3D('',#7533,#2628,#2629);
#2282=AXIS2_PLACEMENT_3D('',#7537,#2632,#2633);
#2283=AXIS2_PLACEMENT_3D('',#7547,#2640,#2641);
#2284=AXIS2_PLACEMENT_3D('',#7549,#2643,#2644);
#2285=AXIS2_PLACEMENT_3D('',#7550,#2645,#2646);
#2286=AXIS2_PLACEMENT_3D('',#7564,#2654,#2655);
#2287=AXIS2_PLACEMENT_3D('',#7578,#2663,#2664);
#2288=AXIS2_PLACEMENT_3D('',#7580,#2666,#2667);
#2289=AXIS2_PLACEMENT_3D('',#7581,#2668,#2669);
#2290=AXIS2_PLACEMENT_3D('',#7589,#2674,#2675);
#2291=AXIS2_PLACEMENT_3D('',#7591,#2677,#2678);
#2292=AXIS2_PLACEMENT_3D('',#7597,#2682,#2683);
#2293=AXIS2_PLACEMENT_3D('',#7601,#2686,#2687);
#2294=AXIS2_PLACEMENT_3D('',#7617,#2696,#2697);
#2295=AXIS2_PLACEMENT_3D('',#7620,#2700,#2701);
#2296=AXIS2_PLACEMENT_3D('',#7621,#2702,#2703);
#2297=AXIS2_PLACEMENT_3D('',#7622,#2704,#2705);
#2298=AXIS2_PLACEMENT_3D('',#7623,#2706,#2707);
#2299=AXIS2_PLACEMENT_3D('',#7624,#2708,#2709);
#2300=AXIS2_PLACEMENT_3D('',#7626,#2711,#2712);
#2301=AXIS2_PLACEMENT_3D('',#7628,#2714,#2715);
#2302=AXIS2_PLACEMENT_3D('',#7630,#2717,#2718);
#2303=AXIS2_PLACEMENT_3D('',#7632,#2720,#2721);
#2304=AXIS2_PLACEMENT_3D('',#7634,#2723,#2724);
#2305=AXIS2_PLACEMENT_3D('',#7636,#2726,#2727);
#2306=AXIS2_PLACEMENT_3D('',#7637,#2728,#2729);
#2307=AXIS2_PLACEMENT_3D('',#7638,#2730,#2731);
#2308=AXIS2_PLACEMENT_3D('',#7640,#2733,#2734);
#2309=AXIS2_PLACEMENT_3D('',#7646,#2738,#2739);
#2310=AXIS2_PLACEMENT_3D('',#7649,#2742,#2743);
#2311=AXIS2_PLACEMENT_3D('',#7651,#2745,#2746);
#2312=AXIS2_PLACEMENT_3D('',#7653,#2748,#2749);
#2313=DIRECTION('axis',(0.,0.,1.));
#2314=DIRECTION('refdir',(1.,0.,0.));
#2315=DIRECTION('center_axis',(0.,0.500668739794028,0.865638962266059));
#2316=DIRECTION('ref_axis',(0.949083288240309,0.272698135780878,-0.15772329797654));
#2317=DIRECTION('',(0.,0.500668739794028,0.865638962266059));
#2318=DIRECTION('center_axis',(0.,0.500668739794028,0.865638962266059));
#2319=DIRECTION('ref_axis',(-1.,0.,0.));
#2320=DIRECTION('center_axis',(0.,0.500668739794028,0.865638962266059));
#2321=DIRECTION('ref_axis',(-1.,0.,0.));
#2322=DIRECTION('',(0.,0.500668739794028,0.865638962266059));
#2323=DIRECTION('center_axis',(0.,0.500668739794028,0.865638962266059));
#2324=DIRECTION('ref_axis',(-1.,0.,0.));
#2325=DIRECTION('center_axis',(0.,0.500668739794028,0.865638962266059));
#2326=DIRECTION('ref_axis',(-1.,0.,0.));
#2327=DIRECTION('',(0.,0.500668739794028,0.865638962266059));
#2328=DIRECTION('center_axis',(0.,0.500668739794028,0.865638962266059));
#2329=DIRECTION('ref_axis',(-1.,0.,0.));
#2330=DIRECTION('',(0.,0.500668739794028,0.865638962266059));
#2331=DIRECTION('center_axis',(0.,0.500668739794028,0.865638962266059));
#2332=DIRECTION('ref_axis',(-1.,0.,0.));
#2333=DIRECTION('',(0.,0.500668739794028,0.865638962266059));
#2334=DIRECTION('center_axis',(0.,0.500668739794028,0.865638962266059));
#2335=DIRECTION('ref_axis',(-0.938435565011871,-0.299038722976891,0.172958181307507));
#2336=DIRECTION('',(0.,0.500668739794028,0.865638962266059));
#2337=DIRECTION('center_axis',(0.,-0.500668739794028,-0.865638962266059));
#2338=DIRECTION('ref_axis',(-1.,0.,0.));
#2339=DIRECTION('center_axis',(0.,0.500668739794028,0.865638962266059));
#2340=DIRECTION('ref_axis',(0.949083403323707,0.272697835651375,-0.157723124387473));
#2341=DIRECTION('',(0.,0.500668739794028,0.865638962266059));
#2342=DIRECTION('center_axis',(0.,0.500668739794028,0.865638962266059));
#2343=DIRECTION('ref_axis',(-1.,0.,0.));
#2344=DIRECTION('center_axis',(0.,0.500668739794028,0.865638962266059));
#2345=DIRECTION('ref_axis',(-1.,0.,0.));
#2346=DIRECTION('',(0.,0.500668739794028,0.865638962266059));
#2347=DIRECTION('center_axis',(0.,0.500668739794028,0.865638962266059));
#2348=DIRECTION('ref_axis',(-1.,0.,0.));
#2349=DIRECTION('center_axis',(0.,0.500668739794028,0.865638962266059));
#2350=DIRECTION('ref_axis',(-1.,0.,0.));
#2351=DIRECTION('',(0.,0.500668739794028,0.865638962266059));
#2352=DIRECTION('center_axis',(0.,0.500668739794028,0.865638962266059));
#2353=DIRECTION('ref_axis',(-1.,0.,0.));
#2354=DIRECTION('',(0.,0.500668739794028,0.865638962266059));
#2355=DIRECTION('center_axis',(0.,0.500668739794028,0.865638962266059));
#2356=DIRECTION('ref_axis',(-1.,0.,0.));
#2357=DIRECTION('',(0.,0.500668739794028,0.865638962266059));
#2358=DIRECTION('center_axis',(0.,0.500668739794028,0.865638962266059));
#2359=DIRECTION('ref_axis',(-0.938435445814889,-0.299039003272083,0.172958343424795));
#2360=DIRECTION('',(0.,0.500668739794028,0.865638962266059));
#2361=DIRECTION('center_axis',(0.,-0.500668739794028,-0.865638962266059));
#2362=DIRECTION('ref_axis',(-1.,0.,0.));
#2363=DIRECTION('center_axis',(0.,0.500668739794028,0.865638962266059));
#2364=DIRECTION('ref_axis',(-0.0179664834058338,0.865499239230448,-0.50058792670773));
#2365=DIRECTION('',(-1.22464679914735E-16,0.500668739794028,0.865638962266059));
#2366=DIRECTION('center_axis',(0.,-0.500668739794027,-0.86563896226606));
#2367=DIRECTION('ref_axis',(-1.,0.,0.));
#2368=DIRECTION('center_axis',(0.,0.500668739794028,0.865638962266059));
#2369=DIRECTION('ref_axis',(-1.,0.,0.));
#2370=DIRECTION('',(-1.22464679914735E-16,0.500668739794028,0.865638962266059));
#2371=DIRECTION('center_axis',(0.,0.500668739794028,0.865638962266059));
#2372=DIRECTION('ref_axis',(-1.,0.,0.));
#2373=DIRECTION('',(-1.22464679914735E-16,0.500668739794028,0.865638962266059));
#2374=DIRECTION('center_axis',(0.,0.500668739794028,0.865638962266059));
#2375=DIRECTION('ref_axis',(-1.,0.,0.));
#2376=DIRECTION('',(-1.22464679914735E-16,0.500668739794028,0.865638962266059));
#2377=DIRECTION('center_axis',(0.,0.500668739794028,0.865638962266059));
#2378=DIRECTION('ref_axis',(-1.,0.,0.));
#2379=DIRECTION('',(-1.22464679914735E-16,0.500668739794028,0.865638962266059));
#2380=DIRECTION('center_axis',(0.,0.500668739794028,0.865638962266059));
#2381=DIRECTION('ref_axis',(0.609348528000195,-0.686367295595663,0.396981494481408));
#2382=DIRECTION('',(-1.22464679914735E-16,0.500668739794028,0.865638962266059));
#2383=DIRECTION('center_axis',(0.,0.500668739794028,0.865638962266059));
#2384=DIRECTION('ref_axis',(-1.,0.,0.));
#2385=DIRECTION('center_axis',(0.,0.500668739794028,0.865638962266059));
#2386=DIRECTION('ref_axis',(0.949084427154677,0.272695165555215,-0.157721580055785));
#2387=DIRECTION('',(0.,0.500668739794028,0.865638962266059));
#2388=DIRECTION('center_axis',(0.,0.500668739794028,0.865638962266059));
#2389=DIRECTION('ref_axis',(-1.,0.,0.));
#2390=DIRECTION('center_axis',(0.,0.500668739794028,0.865638962266059));
#2391=DIRECTION('ref_axis',(-1.,0.,0.));
#2392=DIRECTION('',(0.,0.500668739794028,0.86563896226606));
#2393=DIRECTION('center_axis',(0.,0.500668739794028,0.865638962266059));
#2394=DIRECTION('ref_axis',(-1.,0.,0.));
#2395=DIRECTION('center_axis',(0.,0.500668739794028,0.865638962266059));
#2396=DIRECTION('ref_axis',(-1.,0.,0.));
#2397=DIRECTION('',(0.,0.500668739794028,0.86563896226606));
#2398=DIRECTION('center_axis',(0.,0.500668739794028,0.865638962266059));
#2399=DIRECTION('ref_axis',(-1.,0.,0.));
#2400=DIRECTION('',(0.,0.500668739794028,0.86563896226606));
#2401=DIRECTION('center_axis',(0.,0.500668739794028,0.865638962266059));
#2402=DIRECTION('ref_axis',(-1.,0.,0.));
#2403=DIRECTION('',(0.,0.500668739794028,0.86563896226606));
#2404=DIRECTION('center_axis',(0.,-1.,0.));
#2405=DIRECTION('ref_axis',(0.,0.,1.));
#2406=DIRECTION('center_axis',(0.,-0.500668739794022,-0.865638962266063));
#2407=DIRECTION('ref_axis',(-1.,0.,0.));
#2408=DIRECTION('center_axis',(0.,0.,-1.));
#2409=DIRECTION('ref_axis',(0.,-1.,0.));
#2410=DIRECTION('center_axis',(0.,0.500668739794028,0.865638962266059));
#2411=DIRECTION('ref_axis',(-0.938434423157149,-0.299041408069436,0.172959734312812));
#2412=DIRECTION('',(0.,0.500668739794028,0.86563896226606));
#2413=DIRECTION('center_axis',(0.,-0.500668739794028,-0.865638962266059));
#2414=DIRECTION('ref_axis',(-1.,0.,0.));
#2415=DIRECTION('center_axis',(0.,0.500668739794028,0.865638962266059));
#2416=DIRECTION('ref_axis',(-0.017962869735261,0.865499295435434,-0.500587959215602));
#2417=DIRECTION('',(-1.22464679914735E-16,0.500668739794028,0.865638962266059));
#2418=DIRECTION('center_axis',(0.,-0.500668739794027,-0.86563896226606));
#2419=DIRECTION('ref_axis',(-1.,-8.64512392943303E-15,4.32256196471652E-15));
#2420=DIRECTION('center_axis',(0.,0.500668739794028,0.865638962266059));
#2421=DIRECTION('ref_axis',(-1.,-8.64512392943303E-15,4.32256196471652E-15));
#2422=DIRECTION('',(-1.22464679914735E-16,0.500668739794028,0.865638962266059));
#2423=DIRECTION('center_axis',(0.,0.500668739794028,0.865638962266059));
#2424=DIRECTION('ref_axis',(-0.95067206567692,-0.268519229714999,0.155306299984393));
#2425=DIRECTION('',(-1.22464679914735E-16,0.500668739794028,0.865638962266059));
#2426=DIRECTION('center_axis',(0.,1.,0.));
#2427=DIRECTION('ref_axis',(4.8303156987201E-15,0.,1.));
#2428=DIRECTION('center_axis',(0.,0.500668739794028,0.865638962266059));
#2429=DIRECTION('ref_axis',(0.97064625143559,0.208196256537532,-0.120416665531793));
#2430=DIRECTION('',(-1.22464679914735E-16,0.500668739794028,0.865638962266059));
#2431=DIRECTION('center_axis',(0.,0.,1.));
#2432=DIRECTION('ref_axis',(8.35144904508656E-15,-1.,0.));
#2433=DIRECTION('center_axis',(0.,0.500668739794028,0.865638962266059));
#2434=DIRECTION('ref_axis',(-1.,-8.64512392943303E-15,4.32256196471652E-15));
#2435=DIRECTION('',(-1.22464679914735E-16,0.500668739794028,0.865638962266059));
#2436=DIRECTION('center_axis',(0.,0.500668739794028,0.865638962266059));
#2437=DIRECTION('ref_axis',(0.609351149676284,-0.68636555152814,0.396980485746673));
#2438=DIRECTION('',(-1.22464679914735E-16,0.500668739794028,0.865638962266059));
#2439=DIRECTION('center_axis',(0.,0.500668739794028,0.865638962266059));
#2440=DIRECTION('ref_axis',(-1.,-8.64512392943303E-15,4.32256196471652E-15));
#2441=DIRECTION('center_axis',(0.,0.500668739794028,0.865638962266059));
#2442=DIRECTION('ref_axis',(0.949084562562272,0.272694812417308,-0.157721375807688));
#2443=DIRECTION('',(0.,0.500668739794028,0.865638962266059));
#2444=DIRECTION('center_axis',(0.,0.500668739794028,0.865638962266059));
#2445=DIRECTION('ref_axis',(-1.,0.,0.));
#2446=DIRECTION('center_axis',(0.,0.500668739794028,0.865638962266059));
#2447=DIRECTION('ref_axis',(-1.,0.,0.));
#2448=DIRECTION('',(0.,0.500668739794028,0.865638962266059));
#2449=DIRECTION('center_axis',(0.,0.500668739794028,0.865638962266059));
#2450=DIRECTION('ref_axis',(-1.,0.,0.));
#2451=DIRECTION('center_axis',(0.,0.500668739794028,0.865638962266059));
#2452=DIRECTION('ref_axis',(-1.,0.,0.));
#2453=DIRECTION('',(0.,0.500668739794028,0.865638962266059));
#2454=DIRECTION('center_axis',(0.,0.500668739794028,0.865638962266059));
#2455=DIRECTION('ref_axis',(-1.,0.,0.));
#2456=DIRECTION('',(0.,0.500668739794028,0.865638962266059));
#2457=DIRECTION('center_axis',(0.,0.500668739794028,0.865638962266059));
#2458=DIRECTION('ref_axis',(-1.,0.,0.));
#2459=DIRECTION('',(0.,0.500668739794028,0.865638962266059));
#2460=DIRECTION('center_axis',(0.,-1.,0.));
#2461=DIRECTION('ref_axis',(0.,0.,1.));
#2462=DIRECTION('center_axis',(0.,-0.500668739794022,-0.865638962266063));
#2463=DIRECTION('ref_axis',(-1.,0.,0.));
#2464=DIRECTION('center_axis',(0.,0.,-1.));
#2465=DIRECTION('ref_axis',(0.,-1.,0.));
#2466=DIRECTION('center_axis',(0.,0.500668739794028,0.865638962266059));
#2467=DIRECTION('ref_axis',(-0.938434292447105,-0.299041715434781,0.17295991208695));
#2468=DIRECTION('',(0.,0.500668739794028,0.865638962266059));
#2469=DIRECTION('center_axis',(0.,-0.500668739794028,-0.865638962266059));
#2470=DIRECTION('ref_axis',(-1.,0.,0.));
#2471=DIRECTION('center_axis',(0.,0.500668739794028,0.865638962266059));
#2472=DIRECTION('ref_axis',(0.971315509659301,0.205844104972807,-0.11905622681421));
#2473=DIRECTION('',(-1.22464679914735E-16,0.500668739794028,0.865638962266059));
#2474=DIRECTION('center_axis',(0.,0.,1.));
#2475=DIRECTION('ref_axis',(8.35144904508656E-15,-1.,0.));
#2476=DIRECTION('center_axis',(0.,0.500668739794028,0.865638962266059));
#2477=DIRECTION('ref_axis',(-1.,-8.64512392943303E-15,4.32256196471652E-15));
#2478=DIRECTION('',(-1.22464679914735E-16,0.500668739794028,0.865638962266059));
#2479=DIRECTION('center_axis',(0.,0.500668739794028,0.865638962266059));
#2480=DIRECTION('ref_axis',(0.609351450345045,-0.68636535150777,0.396980370058781));
#2481=DIRECTION('',(-1.22464679914735E-16,0.500668739794028,0.865638962266059));
#2482=DIRECTION('center_axis',(0.,0.500668739794028,0.865638962266059));
#2483=DIRECTION('ref_axis',(-1.,-8.64512392943303E-15,4.32256196471652E-15));
#2484=DIRECTION('center_axis',(0.,0.500668739794028,0.865638962266059));
#2485=DIRECTION('ref_axis',(-0.0179624408019918,0.865499302106068,-0.500587963073767));
#2486=DIRECTION('',(-1.22464679914735E-16,0.500668739794028,0.865638962266059));
#2487=DIRECTION('center_axis',(0.,-0.500668739794028,-0.865638962266059));
#2488=DIRECTION('ref_axis',(-1.,-8.64512392943303E-15,4.32256196471652E-15));
#2489=DIRECTION('center_axis',(0.,0.500668739794028,0.865638962266059));
#2490=DIRECTION('ref_axis',(-1.,-8.64512392943303E-15,4.32256196471652E-15));
#2491=DIRECTION('',(-1.22464679914735E-16,0.500668739794028,0.865638962266059));
#2492=DIRECTION('center_axis',(0.,0.500668739794028,0.865638962266059));
#2493=DIRECTION('ref_axis',(-0.951486587552196,-0.26634864586954,0.154050876504287));
#2494=DIRECTION('',(-1.22464679914735E-16,0.500668739794028,0.865638962266059));
#2495=DIRECTION('center_axis',(0.,1.,0.));
#2496=DIRECTION('ref_axis',(4.8303156987201E-15,0.,1.));
#2497=DIRECTION('center_axis',(0.,0.500668739794028,0.865638962266059));
#2498=DIRECTION('ref_axis',(-0.0179661189333776,0.865499244899758,-0.50058792998675));
#2499=DIRECTION('',(-1.22464679914735E-16,0.500668739794028,0.865638962266059));
#2500=DIRECTION('center_axis',(0.,-0.500668739794028,-0.865638962266059));
#2501=DIRECTION('ref_axis',(-1.,-8.64512392943307E-15,4.32256196471653E-15));
#2502=DIRECTION('center_axis',(0.,0.500668739794028,0.865638962266059));
#2503=DIRECTION('ref_axis',(-1.,-8.64512392943307E-15,4.32256196471653E-15));
#2504=DIRECTION('',(-1.22464679914735E-16,0.500668739794028,0.865638962266059));
#2505=DIRECTION('center_axis',(0.,0.500668739794028,0.865638962266059));
#2506=DIRECTION('ref_axis',(-1.,-8.64512392943307E-15,4.32256196471653E-15));
#2507=DIRECTION('',(-1.22464679914735E-16,0.500668739794028,0.865638962266059));
#2508=DIRECTION('center_axis',(0.,0.500668739794028,0.865638962266059));
#2509=DIRECTION('ref_axis',(-1.,-8.64512392943307E-15,4.32256196471653E-15));
#2510=DIRECTION('',(-1.22464679914735E-16,0.500668739794028,0.865638962266059));
#2511=DIRECTION('center_axis',(0.,0.500668739794028,0.865638962266059));
#2512=DIRECTION('ref_axis',(-1.,-8.64512392943307E-15,4.32256196471653E-15));
#2513=DIRECTION('',(-1.22464679914735E-16,0.500668739794028,0.865638962266059));
#2514=DIRECTION('center_axis',(0.,0.500668739794028,0.865638962266059));
#2515=DIRECTION('ref_axis',(0.609348802208015,-0.68636711317973,0.39698138897558));
#2516=DIRECTION('',(-1.22464679914735E-16,0.500668739794028,0.865638962266059));
#2517=DIRECTION('center_axis',(0.,0.500668739794028,0.865638962266059));
#2518=DIRECTION('ref_axis',(-1.,-8.64512392943307E-15,4.32256196471653E-15));
#2519=DIRECTION('center_axis',(0.,0.,1.));
#2520=DIRECTION('ref_axis',(1.,0.,0.));
#2521=DIRECTION('center_axis',(0.,0.,1.));
#2522=DIRECTION('ref_axis',(1.,0.,0.));
#2523=DIRECTION('',(0.,0.,1.));
#2524=DIRECTION('center_axis',(0.,0.,1.));
#2525=DIRECTION('ref_axis',(1.,0.,0.));
#2526=DIRECTION('center_axis',(0.,0.,1.));
#2527=DIRECTION('ref_axis',(1.,0.,0.));
#2528=DIRECTION('center_axis',(0.,0.,1.));
#2529=DIRECTION('ref_axis',(1.,0.,0.));
#2530=DIRECTION('center_axis',(0.,0.,1.));
#2531=DIRECTION('ref_axis',(1.,0.,0.));
#2532=DIRECTION('',(0.,0.,1.));
#2533=DIRECTION('center_axis',(0.,0.,1.));
#2534=DIRECTION('ref_axis',(1.,0.,0.));
#2535=DIRECTION('center_axis',(0.,0.,1.));
#2536=DIRECTION('ref_axis',(1.,0.,0.));
#2537=DIRECTION('center_axis',(0.,0.,1.));
#2538=DIRECTION('ref_axis',(1.,0.,0.));
#2539=DIRECTION('center_axis',(0.,0.,1.));
#2540=DIRECTION('ref_axis',(1.,0.,0.));
#2541=DIRECTION('',(0.,0.,1.));
#2542=DIRECTION('center_axis',(0.,0.,1.));
#2543=DIRECTION('ref_axis',(1.,0.,0.));
#2544=DIRECTION('center_axis',(0.,0.,1.));
#2545=DIRECTION('ref_axis',(1.,0.,0.));
#2546=DIRECTION('center_axis',(0.,0.,1.));
#2547=DIRECTION('ref_axis',(1.,0.,0.));
#2548=DIRECTION('center_axis',(0.,0.,1.));
#2549=DIRECTION('ref_axis',(1.,0.,0.));
#2550=DIRECTION('',(0.,0.,1.));
#2551=DIRECTION('center_axis',(0.,0.,1.));
#2552=DIRECTION('ref_axis',(1.,0.,0.));
#2553=DIRECTION('center_axis',(0.,0.,1.));
#2554=DIRECTION('ref_axis',(1.,0.,0.));
#2555=DIRECTION('center_axis',(0.,0.,-1.));
#2556=DIRECTION('ref_axis',(-1.,0.,0.));
#2557=DIRECTION('',(1.,0.,0.));
#2558=DIRECTION('',(0.,-1.,0.));
#2559=DIRECTION('',(-1.,0.,0.));
#2560=DIRECTION('',(0.,1.,0.));
#2561=DIRECTION('center_axis',(0.,-1.,0.));
#2562=DIRECTION('ref_axis',(0.,0.,-1.));
#2563=DIRECTION('',(0.,0.,-1.));
#2564=DIRECTION('',(-1.,0.,0.));
#2565=DIRECTION('',(1.76901886927499E-16,0.,-1.));
#2566=DIRECTION('center_axis',(0.,1.,0.));
#2567=DIRECTION('ref_axis',(-1.,0.,0.));
#2568=DIRECTION('',(-1.,0.,0.));
#2569=DIRECTION('',(0.,0.,1.));
#2570=DIRECTION('',(1.76901886927499E-16,0.,-1.));
#2571=DIRECTION('center_axis',(0.,0.500668739794028,0.865638962266059));
#2572=DIRECTION('ref_axis',(-1.,-8.64512392943307E-15,4.32256196471653E-15));
#2573=DIRECTION('center_axis',(0.,0.500668739794028,0.865638962266059));
#2574=DIRECTION('ref_axis',(-1.,-8.64512392943303E-15,4.32256196471652E-15));
#2575=DIRECTION('center_axis',(0.,0.500668739794028,0.865638962266059));
#2576=DIRECTION('ref_axis',(-1.,-8.64512392943303E-15,4.32256196471652E-15));
#2577=DIRECTION('center_axis',(0.,0.500668739794028,0.865638962266059));
#2578=DIRECTION('ref_axis',(0.,0.865638962266059,-0.500668739794028));
#2579=DIRECTION('',(0.,-0.86563896226606,0.500668739794027));
#2580=DIRECTION('',(-1.,0.,0.));
#2581=DIRECTION('',(0.,-0.865638962266059,0.500668739794028));
#2582=DIRECTION('',(1.,-2.66745599753039E-32,1.5428046691007E-32));
#2583=DIRECTION('',(0.,0.865638962266059,-0.500668739794028));
#2584=DIRECTION('',(-1.,-5.45887633409321E-17,3.15730790089121E-17));
#2585=DIRECTION('',(0.,-0.865638962266059,0.500668739794028));
#2586=DIRECTION('',(-1.,0.,0.));
#2587=DIRECTION('',(0.,-0.865638962266059,0.500668739794028));
#2588=DIRECTION('',(-1.,0.,0.));
#2589=DIRECTION('',(0.,0.865638962266059,-0.500668739794028));
#2590=DIRECTION('center_axis',(0.,0.,1.));
#2591=DIRECTION('ref_axis',(1.,0.,0.));
#2592=DIRECTION('',(-1.,0.,0.));
#2593=DIRECTION('',(-1.,-1.94266715116608E-16,0.));
#2594=DIRECTION('',(-1.,0.,0.));
#2595=DIRECTION('',(-1.,0.,0.));
#2596=DIRECTION('center_axis',(0.,0.500668739794028,0.865638962266059));
#2597=DIRECTION('ref_axis',(-1.,0.,0.));
#2598=DIRECTION('center_axis',(0.,1.,0.));
#2599=DIRECTION('ref_axis',(-1.,0.,0.));
#2600=DIRECTION('',(1.,0.,0.));
#2601=DIRECTION('',(0.,0.,1.));
#2602=DIRECTION('',(-1.,0.,0.));
#2603=DIRECTION('center_axis',(0.,0.500668739794028,0.865638962266059));
#2604=DIRECTION('ref_axis',(-1.,-8.64512392943303E-15,4.32256196471652E-15));
#2605=DIRECTION('center_axis',(0.,0.500668739794028,0.865638962266059));
#2606=DIRECTION('ref_axis',(-1.,-8.64512392943303E-15,4.32256196471652E-15));
#2607=DIRECTION('center_axis',(0.,0.500668739794022,0.865638962266063));
#2608=DIRECTION('ref_axis',(1.,0.,0.));
#2609=DIRECTION('',(0.,0.865638962266063,-0.500668739794022));
#2610=DIRECTION('',(1.,0.,0.));
#2611=DIRECTION('center_axis',(0.,0.,1.));
#2612=DIRECTION('ref_axis',(1.,0.,0.));
#2613=DIRECTION('',(-1.,0.,0.));
#2614=DIRECTION('',(0.,1.,0.));
#2615=DIRECTION('',(-1.,0.,0.));
#2616=DIRECTION('center_axis',(0.,0.500668739794028,0.865638962266059));
#2617=DIRECTION('ref_axis',(-1.,0.,0.));
#2618=DIRECTION('center_axis',(0.,0.500668739794028,0.865638962266059));
#2619=DIRECTION('ref_axis',(-1.,0.,0.));
#2620=DIRECTION('center_axis',(0.,-0.500668739794028,-0.865638962266059));
#2621=DIRECTION('ref_axis',(-1.,0.,0.));
#2622=DIRECTION('center_axis',(0.,-0.500668739794028,-0.865638962266059));
#2623=DIRECTION('ref_axis',(-1.,0.,0.));
#2624=DIRECTION('center_axis',(0.,0.500668739794022,0.865638962266063));
#2625=DIRECTION('ref_axis',(1.,0.,0.));
#2626=DIRECTION('',(-1.,0.,0.));
#2627=DIRECTION('',(0.,-0.865638962266063,0.500668739794022));
#2628=DIRECTION('center_axis',(0.,1.,0.));
#2629=DIRECTION('ref_axis',(-1.,0.,0.));
#2630=DIRECTION('',(0.,0.,-1.));
#2631=DIRECTION('',(1.,0.,0.));
#2632=DIRECTION('center_axis',(0.,1.,0.));
#2633=DIRECTION('ref_axis',(-1.,0.,0.));
#2634=DIRECTION('',(0.,0.,-1.));
#2635=DIRECTION('',(0.,0.,-1.));
#2636=DIRECTION('',(-1.,0.,0.));
#2637=DIRECTION('',(0.,0.,1.));
#2638=DIRECTION('',(0.,0.,1.));
#2639=DIRECTION('',(1.,0.,0.));
#2640=DIRECTION('center_axis',(0.,0.,1.));
#2641=DIRECTION('ref_axis',(1.,0.,0.));
#2642=DIRECTION('',(0.,-1.,0.));
#2643=DIRECTION('center_axis',(1.,0.,0.));
#2644=DIRECTION('ref_axis',(0.,0.,-1.));
#2645=DIRECTION('center_axis',(-1.,0.,0.));
#2646=DIRECTION('ref_axis',(0.,0.,1.));
#2647=DIRECTION('',(0.,-5.7605168752809E-5,0.999999998340822));
#2648=DIRECTION('',(0.,1.,0.));
#2649=DIRECTION('',(0.,0.503697093856633,0.863880337570188));
#2650=DIRECTION('',(0.,0.865638962266059,-0.500668739794028));
#2651=DIRECTION('',(0.,-0.500668739794028,-0.865638962266059));
#2652=DIRECTION('',(0.,1.,0.));
#2653=DIRECTION('',(0.,0.,1.));
#2654=DIRECTION('center_axis',(1.,0.,0.));
#2655=DIRECTION('ref_axis',(0.,0.,-1.));
#2656=DIRECTION('',(0.,1.,0.));
#2657=DIRECTION('',(0.,0.,-1.));
#2658=DIRECTION('',(0.,1.,1.20962444548564E-15));
#2659=DIRECTION('',(0.,0.,-1.));
#2660=DIRECTION('',(0.,5.7605168752809E-5,-0.999999998340822));
#2661=DIRECTION('',(0.,0.,-1.));
#2662=DIRECTION('',(0.,-1.,0.));
#2663=DIRECTION('center_axis',(0.,0.500668739794022,0.865638962266063));
#2664=DIRECTION('ref_axis',(1.,0.,0.));
#2665=DIRECTION('',(0.,0.865638962266063,-0.500668739794022));
#2666=DIRECTION('center_axis',(-1.,0.,0.));
#2667=DIRECTION('ref_axis',(0.,0.,1.));
#2668=DIRECTION('center_axis',(-1.,0.,0.));
#2669=DIRECTION('ref_axis',(0.,0.,1.));
#2670=DIRECTION('',(0.,0.,1.));
#2671=DIRECTION('',(0.,-1.,-1.20962444548564E-15));
#2672=DIRECTION('',(0.,0.,1.));
#2673=DIRECTION('',(0.,-1.,0.));
#2674=DIRECTION('center_axis',(0.,0.500668739794022,0.865638962266063));
#2675=DIRECTION('ref_axis',(1.,0.,0.));
#2676=DIRECTION('',(0.,0.865638962266063,-0.500668739794022));
#2677=DIRECTION('center_axis',(-3.08148791101958E-32,-0.865638962266059,
0.500668739794028));
#2678=DIRECTION('ref_axis',(1.,2.10411370929332E-17,3.63793994518566E-17));
#2679=DIRECTION('',(0.,0.500668739794028,0.865638962266059));
#2680=DIRECTION('',(0.,0.500668739794028,0.865638962266059));
#2681=DIRECTION('',(-1.,-5.49907254150838E-17,-9.50770653309694E-17));
#2682=DIRECTION('center_axis',(-1.,0.,0.));
#2683=DIRECTION('ref_axis',(0.,-0.865638962266059,0.500668739794028));
#2684=DIRECTION('',(0.,0.865638962266059,-0.500668739794028));
#2685=DIRECTION('',(0.,0.500668739794028,0.865638962266059));
#2686=DIRECTION('center_axis',(1.09834549362332E-16,-0.500668739794028,
-0.865638962266059));
#2687=DIRECTION('ref_axis',(5.77735362048876E-17,0.865638962266059,-0.500668739794028));
#2688=DIRECTION('',(0.,-0.865638962266059,0.500668739794028));
#2689=DIRECTION('',(1.,0.,1.26882631385732E-16));
#2690=DIRECTION('',(8.85692447951763E-17,0.865638962266059,-0.500668739794028));
#2691=DIRECTION('',(-1.,-2.19375688219555E-16,0.));
#2692=DIRECTION('',(1.,2.00560760990903E-16,1.08821879738707E-17));
#2693=DIRECTION('',(0.,-0.865638962266059,0.500668739794028));
#2694=DIRECTION('',(-1.,-1.09579488756016E-16,-6.35039863220574E-17));
#2695=DIRECTION('',(0.,0.865638962266059,-0.500668739794028));
#2696=DIRECTION('center_axis',(1.,0.,0.));
#2697=DIRECTION('ref_axis',(0.,-0.865638962266059,0.500668739794028));
#2698=DIRECTION('',(0.,-0.500668739794028,-0.865638962266059));
#2699=DIRECTION('',(0.,-0.500668739794028,-0.865638962266059));
#2700=DIRECTION('center_axis',(0.,0.500668739794028,0.865638962266059));
#2701=DIRECTION('ref_axis',(-1.,0.,0.));
#2702=DIRECTION('center_axis',(0.,-0.500668739794028,-0.865638962266059));
#2703=DIRECTION('ref_axis',(-1.,0.,0.));
#2704=DIRECTION('center_axis',(0.,0.500668739794028,0.865638962266059));
#2705=DIRECTION('ref_axis',(-1.,0.,0.));
#2706=DIRECTION('center_axis',(0.,-0.500668739794028,-0.865638962266059));
#2707=DIRECTION('ref_axis',(-1.,0.,0.));
#2708=DIRECTION('center_axis',(0.,0.,1.));
#2709=DIRECTION('ref_axis',(0.,1.,0.));
#2710=DIRECTION('',(-1.,0.,0.));
#2711=DIRECTION('center_axis',(0.,-1.,0.));
#2712=DIRECTION('ref_axis',(0.,0.,1.));
#2713=DIRECTION('',(-1.,0.,0.));
#2714=DIRECTION('center_axis',(0.,-0.999999998340822,-5.7605168752809E-5));
#2715=DIRECTION('ref_axis',(0.,-5.7605168752809E-5,0.999999998340822));
#2716=DIRECTION('',(-1.,0.,0.));
#2717=DIRECTION('center_axis',(6.30618141286413E-17,-0.865638962266059,
0.500668739794028));
#2718=DIRECTION('ref_axis',(-1.,-5.45887633409322E-17,3.1573079008912E-17));
#2719=DIRECTION('',(0.,-0.500668739794028,-0.865638962266059));
#2720=DIRECTION('center_axis',(0.,-1.,0.));
#2721=DIRECTION('ref_axis',(0.,0.,1.));
#2722=DIRECTION('',(-1.,0.,0.));
#2723=DIRECTION('center_axis',(0.,1.20962444548564E-15,-1.));
#2724=DIRECTION('ref_axis',(0.,-1.,-1.20962444548564E-15));
#2725=DIRECTION('',(1.,0.,0.));
#2726=DIRECTION('center_axis',(-1.,0.,0.));
#2727=DIRECTION('ref_axis',(0.,0.865638962266059,-0.500668739794028));
#2728=DIRECTION('center_axis',(-1.68164837676377E-16,0.865638962266059,
-0.500668739794028));
#2729=DIRECTION('ref_axis',(1.,1.45570035575819E-16,-8.41948773570988E-17));
#2730=DIRECTION('center_axis',(0.,-1.,0.));
#2731=DIRECTION('ref_axis',(1.,0.,0.));
#2732=DIRECTION('',(1.,0.,0.));
#2733=DIRECTION('center_axis',(2.68195006677562E-31,-1.,-2.11372513123747E-15));
#2734=DIRECTION('ref_axis',(1.15392736979455E-16,2.11372513123747E-15,-1.));
#2735=DIRECTION('',(0.,-2.11372513123747E-15,1.));
#2736=DIRECTION('',(1.,2.68195006677562E-31,0.));
#2737=DIRECTION('',(1.76901886927499E-16,2.11372513123747E-15,-1.));
#2738=DIRECTION('center_axis',(0.,0.,-1.));
#2739=DIRECTION('ref_axis',(-1.,0.,0.));
#2740=DIRECTION('',(0.,1.,0.));
#2741=DIRECTION('',(0.,1.,0.));
#2742=DIRECTION('center_axis',(1.,0.,0.));
#2743=DIRECTION('ref_axis',(0.,0.,-1.));
#2744=DIRECTION('',(0.,-1.,0.));
#2745=DIRECTION('center_axis',(0.,0.,1.));
#2746=DIRECTION('ref_axis',(1.,0.,0.));
#2747=DIRECTION('',(0.,1.,0.));
#2748=DIRECTION('center_axis',(-1.,0.,-1.76901886927499E-16));
#2749=DIRECTION('ref_axis',(-1.76901886927499E-16,0.,1.));
#2750=CARTESIAN_POINT('',(0.,0.,0.));
#2751=CARTESIAN_POINT('Origin',(-56.4745771176019,44.5948757102034,79.3328504131867));
#2752=CARTESIAN_POINT('',(-54.8099888521842,46.5607171726953,82.7341347791788));
#2753=CARTESIAN_POINT('',(-54.8085771176019,46.5975506693795,82.795406262251));
#2754=CARTESIAN_POINT('',(-54.8085771176019,44.5948757102034,79.3328504131867));
#2755=CARTESIAN_POINT('',(-55.1374909051063,47.4623589015069,82.2952180006121));
#2756=CARTESIAN_POINT('Origin',(-56.4745771176019,46.5975506693795,82.795406262251));
#2757=CARTESIAN_POINT('Ctrl Pts',(-55.1374896272332,47.4623598104715,82.2952174748847));
#2758=CARTESIAN_POINT('Ctrl Pts',(-54.9255642840398,47.2042282760622,82.4169906468791));
#2759=CARTESIAN_POINT('Ctrl Pts',(-54.812374148627,46.8818480109639,82.5759240351179));
#2760=CARTESIAN_POINT('Ctrl Pts',(-54.8099888521842,46.5607171726953,82.7341347791788));
#2761=CARTESIAN_POINT('Origin',(-56.4745771176019,44.5948757102034,79.3328504131867));
#2762=CARTESIAN_POINT('',(-54.8058646636718,46.2109299624599,82.127793681868));
#2763=CARTESIAN_POINT('',(-54.8079493358358,46.3091909133963,82.2938727824757));
#2764=CARTESIAN_POINT('',(-54.8085771176019,44.5948757102034,79.3328504131867));
#2765=CARTESIAN_POINT('',(-55.7046750769309,45.3186275169396,83.5351105395969));
#2766=CARTESIAN_POINT('Ctrl Pts',(-54.8079493358358,46.3091909133963,82.2938727824757));
#2767=CARTESIAN_POINT('Ctrl Pts',(-54.806908152652,46.4107044480507,82.2438895350847));
#2768=CARTESIAN_POINT('Ctrl Pts',(-54.8174030329303,46.5120512839172,82.1940027030304));
#2769=CARTESIAN_POINT('Ctrl Pts',(-54.8401453815754,46.6112107792047,82.1453809862251));
#2770=CARTESIAN_POINT('Ctrl Pts',(-54.9516617945494,47.0974363401319,81.9069658807591));
#2771=CARTESIAN_POINT('Ctrl Pts',(-55.3576564980159,47.5310694554084,81.6989692229768));
#2772=CARTESIAN_POINT('Ctrl Pts',(-55.8720227908562,47.7220586088007,81.6313131135186));
#2773=CARTESIAN_POINT('Ctrl Pts',(-56.3863890836966,47.913047762193,81.5636570040605));
#2774=CARTESIAN_POINT('Ctrl Pts',(-57.0091269659107,47.8613929537011,81.6363414429266));
#2775=CARTESIAN_POINT('Ctrl Pts',(-57.4555218169387,47.5992222063555,81.8307842064601));
#2776=CARTESIAN_POINT('Ctrl Pts',(-57.9019166679667,47.3370514590099,82.0252269699936));
#2777=CARTESIAN_POINT('Ctrl Pts',(-58.1719684878084,46.8643647728108,82.3414280581945));
#2778=CARTESIAN_POINT('Ctrl Pts',(-58.1411233973366,46.4061710000949,82.6492467271123));
#2779=CARTESIAN_POINT('Ctrl Pts',(-58.1102783068648,45.9479772273789,82.9570653960301));
#2780=CARTESIAN_POINT('Ctrl Pts',(-57.7785363060793,45.5042763681462,83.2565016456648));
#2781=CARTESIAN_POINT('Ctrl Pts',(-57.2999909101601,45.2868816505145,83.4250468244695));
#2782=CARTESIAN_POINT('Ctrl Pts',(-56.8214455142409,45.0694869328828,83.5935920032743));
#2783=CARTESIAN_POINT('Ctrl Pts',(-56.196096723188,45.0783983568521,83.6312461112491));
#2784=CARTESIAN_POINT('Ctrl Pts',(-55.7046750769309,45.3186275169396,83.5351105395969));
#2785=CARTESIAN_POINT('Origin',(-56.4745771176019,46.5975506693795,82.795406262251));
#2786=CARTESIAN_POINT('Ctrl Pts',(-54.8099888521842,46.5607171726953,82.7341347791788));
#2787=CARTESIAN_POINT('Ctrl Pts',(-54.8087346915577,46.391870380268,82.8173201151193));
#2788=CARTESIAN_POINT('Ctrl Pts',(-54.83811288199,46.2233689958718,82.9003056737725));
#2789=CARTESIAN_POINT('Ctrl Pts',(-54.8998778145392,46.0647335574624,82.9775849611516));
#2790=CARTESIAN_POINT('Ctrl Pts',(-55.0825744178508,45.5955003766571,83.2061720044431));
#2791=CARTESIAN_POINT('Ctrl Pts',(-55.5486347548573,45.2125880515024,83.3848327436975));
#2792=CARTESIAN_POINT('Ctrl Pts',(-56.0849959977695,45.0826049229423,83.4172041549107));
#2793=CARTESIAN_POINT('Ctrl Pts',(-56.6213572406818,44.9526217943822,83.449575566124));
#2794=CARTESIAN_POINT('Ctrl Pts',(-57.2280193895,45.0755678624166,83.3356576492962));
#2795=CARTESIAN_POINT('Ctrl Pts',(-57.6270349134957,45.3867612299791,83.1128611556797));
#2796=CARTESIAN_POINT('Ctrl Pts',(-58.0260504374915,45.6979545975415,82.8900646620632));
#2797=CARTESIAN_POINT('Ctrl Pts',(-58.2174193366648,46.1973952646321,82.558389591658));
#2798=CARTESIAN_POINT('Ctrl Pts',(-58.1135908920678,46.6478447167637,82.2550500871454));
#2799=CARTESIAN_POINT('Ctrl Pts',(-58.0097624474708,47.0982941688954,81.9517105826328));
#2800=CARTESIAN_POINT('Ctrl Pts',(-57.6107366591035,47.499752406068,81.6767066440128));
#2801=CARTESIAN_POINT('Ctrl Pts',(-57.0991893863147,47.6599229986111,81.5412587861962));
#2802=CARTESIAN_POINT('Ctrl Pts',(-56.5876421135259,47.8200935911541,81.4058109283796));
#2803=CARTESIAN_POINT('Ctrl Pts',(-55.9635733563157,47.7389765390676,81.4099191513663));
#2804=CARTESIAN_POINT('Ctrl Pts',(-55.5127580270262,47.4452079453869,81.5370208901099));
#2805=CARTESIAN_POINT('Ctrl Pts',(-55.0806012845811,47.163598003955,81.6588620738628));
#2806=CARTESIAN_POINT('Ctrl Pts',(-54.8076533433278,46.6865749188115,81.8937264193103));
#2807=CARTESIAN_POINT('Ctrl Pts',(-54.8058646636718,46.2109299624599,82.127793681868));
#2808=CARTESIAN_POINT('Origin',(-56.4745771176019,44.5948757102034,79.3328504131867));
#2809=CARTESIAN_POINT('',(-54.8088440265036,45.8621423140017,81.5208744574659));
#2810=CARTESIAN_POINT('',(-54.8112065960284,45.9574309415184,81.6886726921303));
#2811=CARTESIAN_POINT('',(-54.8085771176019,44.5948757102034,79.3328504131867));
#2812=CARTESIAN_POINT('Ctrl Pts',(-54.8112065960284,45.9574309415184,81.6886726921303));
#2813=CARTESIAN_POINT('Ctrl Pts',(-54.8112149494947,46.2078030078045,81.5652931570934));
#2814=CARTESIAN_POINT('Ctrl Pts',(-54.8773765009218,46.4581783490698,81.4419117278723));
#2815=CARTESIAN_POINT('Ctrl Pts',(-55.0096690022231,46.6773139160631,81.3365987765016));
#2816=CARTESIAN_POINT('Ctrl Pts',(-55.2739250152203,47.1150400960804,81.12623476968));
#2817=CARTESIAN_POINT('Ctrl Pts',(-55.8020474096825,47.4281177384526,80.9879650527187));
#2818=CARTESIAN_POINT('Ctrl Pts',(-56.3522093650035,47.4816856748697,80.999790702427));
#2819=CARTESIAN_POINT('Ctrl Pts',(-56.9023713203245,47.5352536112868,81.0116163521353));
#2820=CARTESIAN_POINT('Ctrl Pts',(-57.4745728365043,47.3293118417488,81.1735373685133));
#2821=CARTESIAN_POINT('Ctrl Pts',(-57.8068106463688,46.9666551226416,81.4260992637425));
#2822=CARTESIAN_POINT('Ctrl Pts',(-58.1390484562332,46.6039984035344,81.6786611589717));
#2823=CARTESIAN_POINT('Ctrl Pts',(-58.2313225597823,46.084626734858,82.0218639330522));
#2824=CARTESIAN_POINT('Ctrl Pts',(-58.0413708634111,45.6548536267257,82.3132446423339));
#2825=CARTESIAN_POINT('Ctrl Pts',(-57.8514191670399,45.2250805185933,82.6046253516156));
#2826=CARTESIAN_POINT('Ctrl Pts',(-57.3792416707484,44.8849059710049,82.8441839960985));
#2827=CARTESIAN_POINT('Ctrl Pts',(-56.8410676807996,44.7985883274949,82.9369167445747));
#2828=CARTESIAN_POINT('Ctrl Pts',(-56.3028936908508,44.7122706839849,83.029649493051));
#2829=CARTESIAN_POINT('Ctrl Pts',(-55.6987232072447,44.8798099445533,82.9755563455207));
#2830=CARTESIAN_POINT('Ctrl Pts',(-55.3051570266824,45.2329885781265,82.8140929951807));
#2831=CARTESIAN_POINT('Ctrl Pts',(-54.9918536438067,45.5141409385752,82.6855580336663));
#2832=CARTESIAN_POINT('Ctrl Pts',(-54.8120135626396,45.9129359268821,82.488980864253));
#2833=CARTESIAN_POINT('Ctrl Pts',(-54.8079493358358,46.3091909133963,82.2938727824757));
#2834=CARTESIAN_POINT('Ctrl Pts',(-54.8058646636718,46.2109299624599,82.127793681868));
#2835=CARTESIAN_POINT('Ctrl Pts',(-54.8057874365192,46.1903937498928,82.13789965481));
#2836=CARTESIAN_POINT('Ctrl Pts',(-54.8062156839846,46.1698601063294,82.1480041418902));
#2837=CARTESIAN_POINT('Ctrl Pts',(-54.8071584163473,46.149344870421,82.1580979823408));
#2838=CARTESIAN_POINT('Ctrl Pts',(-54.8299360363264,45.6536705244109,82.4019780813275));
#2839=CARTESIAN_POINT('Ctrl Pts',(-55.1530531776533,45.1687419676657,82.6396430248003));
#2840=CARTESIAN_POINT('Ctrl Pts',(-55.6285599883475,44.9081075331563,82.7475806103119));
#2841=CARTESIAN_POINT('Ctrl Pts',(-56.1040667990417,44.6474730986468,82.8555181958236));
#2842=CARTESIAN_POINT('Ctrl Pts',(-56.7319632791033,44.611132786373,82.8337284233742));
#2843=CARTESIAN_POINT('Ctrl Pts',(-57.2247370589862,44.8072325273019,82.6774998449243));
#2844=CARTESIAN_POINT('Ctrl Pts',(-57.7175108388692,45.0033322682308,82.5212712664743));
#2845=CARTESIAN_POINT('Ctrl Pts',(-58.0751619185735,45.4318720623623,82.2306038820237));
#2846=CARTESIAN_POINT('Ctrl Pts',(-58.1339245694002,45.8881298180263,81.9239049677148));
#2847=CARTESIAN_POINT('Ctrl Pts',(-58.192687220227,46.3443875736903,81.6172060534059));
#2848=CARTESIAN_POINT('Ctrl Pts',(-57.9525614421761,46.8283632908867,81.2944756092386));
#2849=CARTESIAN_POINT('Ctrl Pts',(-57.523499185318,47.1099519158319,81.0888019229636));
#2850=CARTESIAN_POINT('Ctrl Pts',(-57.0944369284598,47.3915405407771,80.8831282366885));
#2851=CARTESIAN_POINT('Ctrl Pts',(-56.4764381927944,47.470742073471,80.7945113083057));
#2852=CARTESIAN_POINT('Ctrl Pts',(-55.9524816046975,47.3027950643429,80.8488402896725));
#2853=CARTESIAN_POINT('Ctrl Pts',(-55.4285250166007,47.1348480552149,80.9031692710394));
#2854=CARTESIAN_POINT('Ctrl Pts',(-54.9986105760723,46.7197525042649,81.1004441621559));
#2855=CARTESIAN_POINT('Ctrl Pts',(-54.8595937977468,46.2390832406081,81.3356456133462));
#2856=CARTESIAN_POINT('Ctrl Pts',(-54.824103271135,46.1163699573716,81.3956917708183));
#2857=CARTESIAN_POINT('Ctrl Pts',(-54.8075724103655,45.9893828148283,81.4582098453904));
#2858=CARTESIAN_POINT('Ctrl Pts',(-54.8088440265036,45.8621423140017,81.5208744574659));
#2859=CARTESIAN_POINT('Origin',(-56.4745771176019,44.5948757102034,79.3328504131867));
#2860=CARTESIAN_POINT('',(-54.8110849499225,45.5099533403907,80.9159224933792));
#2861=CARTESIAN_POINT('',(-54.8079623669624,45.6056851599331,81.0834643943957));
#2862=CARTESIAN_POINT('',(-54.8085771176019,44.5948757102034,79.3328504131867));
#2863=CARTESIAN_POINT('Ctrl Pts',(-54.8079623669624,45.6056851599331,81.0834643943957));
#2864=CARTESIAN_POINT('Ctrl Pts',(-54.8120313579584,46.0025475189931,80.8880583150079));
#2865=CARTESIAN_POINT('Ctrl Pts',(-54.9924600312515,46.4019547723291,80.6911803182671));
#2866=CARTESIAN_POINT('Ctrl Pts',(-55.3066249897206,46.6832085795637,80.5626399767619));
#2867=CARTESIAN_POINT('Ctrl Pts',(-55.7006572378779,47.0359629749218,80.4014219975544));
#2868=CARTESIAN_POINT('Ctrl Pts',(-56.3050660235839,47.2028537293275,80.3477039333757));
#2869=CARTESIAN_POINT('Ctrl Pts',(-56.8430956550291,47.1159577731422,80.4407711666557));
#2870=CARTESIAN_POINT('Ctrl Pts',(-57.3811252864743,47.0290618169569,80.5338383999356));
#2871=CARTESIAN_POINT('Ctrl Pts',(-57.8527757636586,46.6883791501805,80.7736909306743));
#2872=CARTESIAN_POINT('Ctrl Pts',(-58.0420808195899,46.2584019515972,81.0651896819034));
#2873=CARTESIAN_POINT('Ctrl Pts',(-58.2313858755211,45.8284247530138,81.3566884331326));
#2874=CARTESIAN_POINT('Ctrl Pts',(-58.1383455101993,45.3091530226234,81.6998334048522));
#2875=CARTESIAN_POINT('Ctrl Pts',(-57.805562311708,44.9468539595495,81.9521884387879));
#2876=CARTESIAN_POINT('Ctrl Pts',(-57.4727791132167,44.5845548964755,82.2045434727236));
#2877=CARTESIAN_POINT('Ctrl Pts',(-56.900253081556,44.3792285007181,82.3661085688754));
#2878=CARTESIAN_POINT('Ctrl Pts',(-56.3501411784366,44.4333880021328,82.3775920688946));
#2879=CARTESIAN_POINT('Ctrl Pts',(-55.8000292753172,44.4875475035475,82.3890755689138));
#2880=CARTESIAN_POINT('Ctrl Pts',(-55.2723315007393,44.8011929021342,82.2504774728003));
#2881=CARTESIAN_POINT('Ctrl Pts',(-55.0086774292164,45.2392029602588,82.0399492764027));
#2882=CARTESIAN_POINT('Ctrl Pts',(-54.8770145135595,45.4579353356272,81.934816228369));
#2883=CARTESIAN_POINT('Ctrl Pts',(-54.8111982633359,45.7076815092174,81.8117454026371));
#2884=CARTESIAN_POINT('Ctrl Pts',(-54.8112065960284,45.9574309415184,81.6886726921303));
#2885=CARTESIAN_POINT('Ctrl Pts',(-54.8088440265036,45.8621423140017,81.5208744574659));
#2886=CARTESIAN_POINT('Ctrl Pts',(-54.8125533445942,45.4909803906847,81.7036678117105));
#2887=CARTESIAN_POINT('Ctrl Pts',(-54.9677430910042,45.117662653799,81.8877080465945));
#2888=CARTESIAN_POINT('Ctrl Pts',(-55.2456910187689,44.8419807794296,82.0152775975379));
#2889=CARTESIAN_POINT('Ctrl Pts',(-55.6189241342393,44.4717905582715,82.1865801192754));
#2890=CARTESIAN_POINT('Ctrl Pts',(-56.2135094813028,44.277653092319,82.2560571514862));
#2891=CARTESIAN_POINT('Ctrl Pts',(-56.7571894752704,44.3399675943937,82.1772073531744));
#2892=CARTESIAN_POINT('Ctrl Pts',(-57.3008694692381,44.4022820964684,82.0983575548625));
#2893=CARTESIAN_POINT('Ctrl Pts',(-57.7936441101098,44.7210485665703,81.8711809260279));
#2894=CARTESIAN_POINT('Ctrl Pts',(-58.0098744400635,45.1418101310566,81.5850123183239));
#2895=CARTESIAN_POINT('Ctrl Pts',(-58.2261047700172,45.5625716955429,81.2988437106198));
#2896=CARTESIAN_POINT('Ctrl Pts',(-58.1657907890528,46.0853283544136,80.9536831240463));
#2897=CARTESIAN_POINT('Ctrl Pts',(-57.8565499542613,46.4622171847805,80.6928896524675));
#2898=CARTESIAN_POINT('Ctrl Pts',(-57.5473091194698,46.8391060151474,80.4320961808888));
#2899=CARTESIAN_POINT('Ctrl Pts',(-56.9891414308511,47.0701270170106,80.2556698243048));
#2900=CARTESIAN_POINT('Ctrl Pts',(-56.4376289953914,47.0410015230355,80.2297071412738));
#2901=CARTESIAN_POINT('Ctrl Pts',(-55.8861165599318,47.0118760290605,80.2037444582429));
#2902=CARTESIAN_POINT('Ctrl Pts',(-55.3412593776311,46.7226040392472,80.3282454487649));
#2903=CARTESIAN_POINT('Ctrl Pts',(-55.0525447452042,46.2971463514452,80.5315135983014));
#2904=CARTESIAN_POINT('Ctrl Pts',(-54.8931794754875,46.0623013815187,80.6437139506127));
#2905=CARTESIAN_POINT('Ctrl Pts',(-54.8118567650027,45.7859627963883,80.7799134029406));
#2906=CARTESIAN_POINT('Ctrl Pts',(-54.8110849499225,45.5099533403907,80.9159224933792));
#2907=CARTESIAN_POINT('Origin',(-56.4745771176019,44.5948757102034,79.3328504131867));
#2908=CARTESIAN_POINT('',(-54.8071278444823,45.1587764989017,80.3103851317584));
#2909=CARTESIAN_POINT('',(-54.8063390329014,45.2572768591768,80.4763257626608));
#2910=CARTESIAN_POINT('',(-54.8085771176019,44.5948757102034,79.3328504131867));
#2911=CARTESIAN_POINT('Ctrl Pts',(-54.8063390329014,45.2572768591768,80.4763257626608));
#2912=CARTESIAN_POINT('Ctrl Pts',(-54.8060011863084,45.3039482523258,80.4533556166163));
#2913=CARTESIAN_POINT('Ctrl Pts',(-54.808213213388,45.350594387199,80.4304000794673));
#2914=CARTESIAN_POINT('Ctrl Pts',(-54.8130692657905,45.3970252227533,80.407569067257));
#2915=CARTESIAN_POINT('Ctrl Pts',(-54.8647332543481,45.8910071566293,80.1646678265326));
#2916=CARTESIAN_POINT('Ctrl Pts',(-55.2156752091664,46.3606193003438,79.9358615984649));
#2917=CARTESIAN_POINT('Ctrl Pts',(-55.7052005287696,46.5993240829057,79.8406076971257));
#2918=CARTESIAN_POINT('Ctrl Pts',(-56.1947258483728,46.8380288654675,79.7453537957864));
#2919=CARTESIAN_POINT('Ctrl Pts',(-56.8228345327611,46.8458262868767,79.7836522211757));
#2920=CARTESIAN_POINT('Ctrl Pts',(-57.3019188965179,46.627641263475,79.952654497467));
#2921=CARTESIAN_POINT('Ctrl Pts',(-57.7810032602748,46.4094562400732,80.1216567737583));
#2922=CARTESIAN_POINT('Ctrl Pts',(-58.1110633034002,45.9652887718605,80.4213629009517));
#2923=CARTESIAN_POINT('Ctrl Pts',(-58.1409662144933,45.5070162114657,80.7292271391306));
#2924=CARTESIAN_POINT('Ctrl Pts',(-58.1708691255863,45.048743651071,81.0370913773094));
#2925=CARTESIAN_POINT('Ctrl Pts',(-57.900614904647,44.5763659984941,81.3531137264737));
#2926=CARTESIAN_POINT('Ctrl Pts',(-57.4539515741604,44.3146778836393,81.5472773447614));
#2927=CARTESIAN_POINT('Ctrl Pts',(-57.0072882436737,44.0529897687845,81.7414409630491));
#2928=CARTESIAN_POINT('Ctrl Pts',(-56.3842158036398,44.0019911916518,81.8137458504602));
#2929=CARTESIAN_POINT('Ctrl Pts',(-55.8700359097462,44.1935294859297,81.7457721285941));
#2930=CARTESIAN_POINT('Ctrl Pts',(-55.3558560158526,44.3850677802076,81.6777984067281));
#2931=CARTESIAN_POINT('Ctrl Pts',(-54.9505686680994,44.8191429458962,81.469546075585));
#2932=CARTESIAN_POINT('Ctrl Pts',(-54.8397528495271,45.3054895468957,81.2310609628953));
#2933=CARTESIAN_POINT('Ctrl Pts',(-54.8172913400305,45.404068242047,81.1827218747354));
#2934=CARTESIAN_POINT('Ctrl Pts',(-54.8069279445233,45.5047944649561,81.1331406982882));
#2935=CARTESIAN_POINT('Ctrl Pts',(-54.8079623669624,45.6056851599331,81.0834643943957));
#2936=CARTESIAN_POINT('Ctrl Pts',(-54.8110849499225,45.5099533403907,80.9159224933792));
#2937=CARTESIAN_POINT('Ctrl Pts',(-54.8104585035899,45.285929327513,81.026314733811));
#2938=CARTESIAN_POINT('Ctrl Pts',(-54.8628974759107,45.0621221387331,81.1365815674016));
#2939=CARTESIAN_POINT('Ctrl Pts',(-54.9697430793307,44.8608944803909,81.2337888397408));
#2940=CARTESIAN_POINT('Ctrl Pts',(-55.2082281284373,44.4117436829295,81.4507606230924));
#2941=CARTESIAN_POINT('Ctrl Pts',(-55.7177703092037,44.0750854737976,81.6026688812447));
#2942=CARTESIAN_POINT('Ctrl Pts',(-56.2650528997547,43.9965785204837,81.6052674738656));
#2943=CARTESIAN_POINT('Ctrl Pts',(-56.8123354903057,43.9180715671699,81.6078660664866));
#2944=CARTESIAN_POINT('Ctrl Pts',(-57.3973584906412,44.0977158696742,81.4611549935763));
#2945=CARTESIAN_POINT('Ctrl Pts',(-57.7522428528787,44.4447579790543,81.2176242849216));
#2946=CARTESIAN_POINT('Ctrl Pts',(-58.1071272151161,44.7918000884345,80.9740935762669));
#2947=CARTESIAN_POINT('Ctrl Pts',(-58.2318729392554,45.3062400046905,80.6337432318678));
#2948=CARTESIAN_POINT('Ctrl Pts',(-58.0693596706042,45.7440227947161,80.3377298783609));
#2949=CARTESIAN_POINT('Ctrl Pts',(-57.9068464019531,46.1818055847417,80.041716524854));
#2950=CARTESIAN_POINT('Ctrl Pts',(-57.4570741405115,46.542931248537,79.7900401622394));
#2951=CARTESIAN_POINT('Ctrl Pts',(-56.9259911394417,46.653547290293,79.6832536928019));
#2952=CARTESIAN_POINT('Ctrl Pts',(-56.3949081383719,46.7641633320489,79.5764672233644));
#2953=CARTESIAN_POINT('Ctrl Pts',(-55.7825143976739,46.6242697517657,79.6145706471041));
#2954=CARTESIAN_POINT('Ctrl Pts',(-55.3692221621477,46.28942684783,79.765428968037));
#2955=CARTESIAN_POINT('Ctrl Pts',(-55.0184745921617,46.0052566535049,79.8934574789332));
#2956=CARTESIAN_POINT('Ctrl Pts',(-54.8111271017558,45.5806769303734,80.1026961304388));
#2957=CARTESIAN_POINT('Ctrl Pts',(-54.8071278444823,45.1587764989017,80.3103851317584));
#2958=CARTESIAN_POINT('Origin',(-56.4745771176019,44.5948757102034,79.3328504131867));
#2959=CARTESIAN_POINT('',(-54.8070398968697,44.8104917453261,79.7031750427371));
#2960=CARTESIAN_POINT('',(-54.8106814082408,44.9068359218065,79.8703627684104));
#2961=CARTESIAN_POINT('',(-54.8085771176019,44.5948757102034,79.3328504131867));
#2962=CARTESIAN_POINT('',(-57.7436479974544,45.5292106145411,78.7924492765792));
#2963=CARTESIAN_POINT('Ctrl Pts',(-54.8070398968697,44.8104917453261,79.7031750427371));
#2964=CARTESIAN_POINT('Ctrl Pts',(-54.8109724617577,44.3857476323437,79.9122527666891));
#2965=CARTESIAN_POINT('Ctrl Pts',(-55.0215597931457,43.9583893169671,80.1228424944617));
#2966=CARTESIAN_POINT('Ctrl Pts',(-55.3766641713473,43.6739501125754,80.2507705881023));
#2967=CARTESIAN_POINT('Ctrl Pts',(-55.7921622137706,43.3411354815315,80.4004557954428));
#2968=CARTESIAN_POINT('Ctrl Pts',(-56.4055143261852,43.2039872331836,80.4369713725855));
#2969=CARTESIAN_POINT('Ctrl Pts',(-56.9355878523079,43.3175515828407,80.3284796592002));
#2970=CARTESIAN_POINT('Ctrl Pts',(-57.4656613784307,43.4311159324979,80.2199879458149));
#2971=CARTESIAN_POINT('Ctrl Pts',(-57.9124563182617,43.7953928801601,79.9664889419016));
#2972=CARTESIAN_POINT('Ctrl Pts',(-58.0717066841709,44.2332046528406,79.6704588253908));
#2973=CARTESIAN_POINT('Ctrl Pts',(-58.23095705008,44.6710164255211,79.3744287088801));
#2974=CARTESIAN_POINT('Ctrl Pts',(-58.1026628420674,45.1823630232198,79.0358674797719));
#2975=CARTESIAN_POINT('Ctrl Pts',(-57.7436479974544,45.5292106145411,78.7924492765793));
#2976=CARTESIAN_POINT('',(-55.2030551575264,45.5308523724827,78.7914997157167));
#2977=CARTESIAN_POINT('Origin',(-56.4745771176019,44.5948757102034,79.3328504131867));
#2978=CARTESIAN_POINT('Ctrl Pts',(-55.2030538489565,45.5308532489756,78.7914992087702));
#2979=CARTESIAN_POINT('Ctrl Pts',(-55.5541804116109,45.9055346805629,78.6167882079151));
#2980=CARTESIAN_POINT('Ctrl Pts',(-56.1249121585702,46.1195134248269,78.5350245158699));
#2981=CARTESIAN_POINT('Ctrl Pts',(-56.6627612009734,46.0848375618213,78.5970778125377));
#2982=CARTESIAN_POINT('Ctrl Pts',(-57.210994565936,46.0494922073448,78.6603291804069));
#2983=CARTESIAN_POINT('Ctrl Pts',(-57.7250632273623,45.7557979410323,78.8730045342039));
#2984=CARTESIAN_POINT('Ctrl Pts',(-57.9699132173182,45.3464921870808,79.1525473239009));
#2985=CARTESIAN_POINT('Ctrl Pts',(-58.2147632072741,44.9371864331292,79.432090113598));
#2986=CARTESIAN_POINT('Ctrl Pts',(-58.1903945257595,44.4122691915387,79.778500339195));
#2987=CARTESIAN_POINT('Ctrl Pts',(-57.9078061635436,44.0207033648043,80.047782700017));
#2988=CARTESIAN_POINT('Ctrl Pts',(-57.6252178013277,43.6291375380699,80.3170650608389));
#2989=CARTESIAN_POINT('Ctrl Pts',(-57.0844097584104,43.3709231261916,80.5092195568857));
#2990=CARTESIAN_POINT('Ctrl Pts',(-56.5330905990018,43.3727378207145,80.5509782751467));
#2991=CARTESIAN_POINT('Ctrl Pts',(-55.9817714395932,43.3745525152374,80.5927369934078));
#2992=CARTESIAN_POINT('Ctrl Pts',(-55.4199411636933,43.6363963161616,80.484099933883));
#2993=CARTESIAN_POINT('Ctrl Pts',(-55.1048232727115,44.0468925530323,80.289485196577));
#2994=CARTESIAN_POINT('Ctrl Pts',(-54.9128150826481,44.2970168453211,80.1709022010087));
#2995=CARTESIAN_POINT('Ctrl Pts',(-54.8124045436745,44.6023317757532,80.0203980137517));
#2996=CARTESIAN_POINT('Ctrl Pts',(-54.8106814082408,44.9068359218065,79.8703627684104));
#2997=CARTESIAN_POINT('Origin',(59.5233204705665,44.6324330594499,79.3111279728427));
#2998=CARTESIAN_POINT('',(61.1879104432451,46.5982744227371,82.7124123962128));
#2999=CARTESIAN_POINT('',(61.1893204705665,46.635108018626,82.773683821907));
#3000=CARTESIAN_POINT('',(61.1893204705665,44.6324330594499,79.3111279728427));
#3001=CARTESIAN_POINT('',(60.8604086809262,47.4999163499867,82.2734955028735));
#3002=CARTESIAN_POINT('Origin',(59.5233204705665,46.635108018626,82.773683821907));
#3003=CARTESIAN_POINT('Ctrl Pts',(60.8604099388949,47.4999172440991,82.2734949857363));
#3004=CARTESIAN_POINT('Ctrl Pts',(61.0723345546696,47.2417859553962,82.3952680156189));
#3005=CARTESIAN_POINT('Ctrl Pts',(61.1855249117676,46.919405516984,82.5542015040991));
#3006=CARTESIAN_POINT('Ctrl Pts',(61.1879104432451,46.5982744227371,82.7124123962128));
#3007=CARTESIAN_POINT('Origin',(59.5233204705665,44.6324330594499,79.3111279728427));
#3008=CARTESIAN_POINT('',(61.1920341997454,46.2484873133383,82.1060712405801));
#3009=CARTESIAN_POINT('',(61.1899493975107,46.3467483323838,82.2721503017949));
#3010=CARTESIAN_POINT('',(61.1893204705665,44.6324330594499,79.3111279728427));
#3011=CARTESIAN_POINT('',(60.2932225112372,45.356184866186,83.513388099253));
#3012=CARTESIAN_POINT('Ctrl Pts',(61.1899493975107,46.3467483323838,82.2721503017949));
#3013=CARTESIAN_POINT('Ctrl Pts',(61.1909905776856,46.4482619414001,82.2221670113944));
#3014=CARTESIAN_POINT('Ctrl Pts',(61.1804956928075,46.5496088471845,82.172280138901));
#3015=CARTESIAN_POINT('Ctrl Pts',(61.1577533407875,46.6487684045442,82.1236583861943));
#3016=CARTESIAN_POINT('Ctrl Pts',(61.0462369112645,47.1349942698409,81.8852431046869));
#3017=CARTESIAN_POINT('Ctrl Pts',(60.6402422206991,47.5686275008464,81.6772463799692));
#3018=CARTESIAN_POINT('Ctrl Pts',(60.1258754000668,47.7596169343172,81.6095901085191));
#3019=CARTESIAN_POINT('Ctrl Pts',(59.6115085794345,47.950606367788,81.541933837069));
#3020=CARTESIAN_POINT('Ctrl Pts',(58.9887696287355,47.8989520037242,81.6146180188864));
#3021=CARTESIAN_POINT('Ctrl Pts',(58.5423745105794,47.6367809444695,81.8090609628221));
#3022=CARTESIAN_POINT('Ctrl Pts',(58.0959793924234,47.3746098852147,82.0035039067579));
#3023=CARTESIAN_POINT('Ctrl Pts',(57.8259281068103,46.901922130769,82.3197056128119));
#3024=CARTESIAN_POINT('Ctrl Pts',(57.8567724720642,46.4437293032187,82.6275237350642));
#3025=CARTESIAN_POINT('Ctrl Pts',(57.8876168373181,45.9855364756684,82.9353418573166));
#3026=CARTESIAN_POINT('Ctrl Pts',(58.219356853439,45.5418385750135,83.2347763957673));
#3027=CARTESIAN_POINT('Ctrl Pts',(58.6979028603545,45.3244433826211,83.4033218491645));
#3028=CARTESIAN_POINT('Ctrl Pts',(59.17644886727,45.1070481902286,83.5718673025616));
#3029=CARTESIAN_POINT('Ctrl Pts',(59.8018008649801,45.1159557060986,83.6095236709051));
#3030=CARTESIAN_POINT('Ctrl Pts',(60.2932225112373,45.356184866186,83.513388099253));
#3031=CARTESIAN_POINT('Origin',(59.5233204705665,46.635108018626,82.773683821907));
#3032=CARTESIAN_POINT('Ctrl Pts',(61.1879104432451,46.5982744227371,82.7124123962128));
#3033=CARTESIAN_POINT('Ctrl Pts',(61.1891647274502,46.4294274957194,82.7955978099977));
#3034=CARTESIAN_POINT('Ctrl Pts',(61.1597866642869,46.26092595388,82.878583459713));
#3035=CARTESIAN_POINT('Ctrl Pts',(61.0980217266801,46.1022903840659,82.955862823094));
#3036=CARTESIAN_POINT('Ctrl Pts',(60.9153251084081,45.6330568145744,83.1844500911942));
#3037=CARTESIAN_POINT('Ctrl Pts',(60.4492635986649,45.250144328554,83.3631109234902));
#3038=CARTESIAN_POINT('Ctrl Pts',(59.9129017365291,45.1201611704295,83.3954823518029));
#3039=CARTESIAN_POINT('Ctrl Pts',(59.3765398743932,44.990178012305,83.4278537801156));
#3040=CARTESIAN_POINT('Ctrl Pts',(58.7698776598647,45.1131241820764,83.3139358044451));
#3041=CARTESIAN_POINT('Ctrl Pts',(58.3708619218382,45.4243177922766,83.0911391704916));
#3042=CARTESIAN_POINT('Ctrl Pts',(57.9718461838118,45.7355114024768,82.8683425365382));
#3043=CARTESIAN_POINT('Ctrl Pts',(57.7804769222874,46.2349524531058,82.5366672443018));
#3044=CARTESIAN_POINT('Ctrl Pts',(57.8843053935568,46.6854022629752,82.2333275328806));
#3045=CARTESIAN_POINT('Ctrl Pts',(57.9881338648262,47.1358520728446,81.9299878214594));
#3046=CARTESIAN_POINT('Ctrl Pts',(58.3871600688894,47.5373106419545,81.6549836908534));
#3047=CARTESIAN_POINT('Ctrl Pts',(58.8987077574583,47.6974813719667,81.5195357535273));
#3048=CARTESIAN_POINT('Ctrl Pts',(59.4102554460271,47.8576521019789,81.3840878162012));
#3049=CARTESIAN_POINT('Ctrl Pts',(60.0343246191014,47.7765349928935,81.388196072155));
#3050=CARTESIAN_POINT('Ctrl Pts',(60.4851402768587,47.4827661883658,81.5152979328485));
#3051=CARTESIAN_POINT('Ctrl Pts',(60.9172973341769,47.2011560448137,81.6371392335037));
#3052=CARTESIAN_POINT('Ctrl Pts',(61.1902455099916,46.7241326161735,81.872003777623));
#3053=CARTESIAN_POINT('Ctrl Pts',(61.1920341997454,46.2484873133383,82.1060712405801));
#3054=CARTESIAN_POINT('Origin',(59.5233204705665,44.6324330594499,79.3111279728427));
#3055=CARTESIAN_POINT('',(61.1890548279748,45.8996996643071,81.4991520165095));
#3056=CARTESIAN_POINT('',(61.1866922526289,45.9949882911946,81.6669502515377));
#3057=CARTESIAN_POINT('',(61.1893204705665,44.6324330594499,79.3111279728427));
#3058=CARTESIAN_POINT('Ctrl Pts',(61.1866922526289,45.9949882911946,81.6669502515377));
#3059=CARTESIAN_POINT('Ctrl Pts',(61.1866838982609,46.2453605406097,81.5435706105826));
#3060=CARTESIAN_POINT('Ctrl Pts',(61.1205222960982,46.4957360649031,81.4201890755016));
#3061=CARTESIAN_POINT('Ctrl Pts',(60.9882296953703,46.7148717908343,81.3148760322043));
#3062=CARTESIAN_POINT('Ctrl Pts',(60.723973483767,47.1525982883323,81.1045118417581));
#3063=CARTESIAN_POINT('Ctrl Pts',(60.1958506964183,47.4656761520635,80.966241996767));
#3064=CARTESIAN_POINT('Ctrl Pts',(59.6456883200425,47.5192441162625,80.9780676304068));
#3065=CARTESIAN_POINT('Ctrl Pts',(59.0955259436666,47.5728120804615,80.9898932640466));
#3066=CARTESIAN_POINT('Ctrl Pts',(58.5233239782636,47.3668701451284,81.1518143763172));
#3067=CARTESIAN_POINT('Ctrl Pts',(58.1910859231542,47.0042131341737,81.4043764403454));
#3068=CARTESIAN_POINT('Ctrl Pts',(57.8588478680447,46.6415561232191,81.6569385043735));
#3069=CARTESIAN_POINT('Ctrl Pts',(57.7665737232289,46.1221840366429,82.0001415201592));
#3070=CARTESIAN_POINT('Ctrl Pts',(57.9565255509752,45.6924105939741,82.2915224229302));
#3071=CARTESIAN_POINT('Ctrl Pts',(58.1464773787214,45.2626371513052,82.5829033257013));
#3072=CARTESIAN_POINT('Ctrl Pts',(58.6186551790299,44.9224623525438,82.8224621154578));
#3073=CARTESIAN_POINT('Ctrl Pts',(59.1568296005062,44.8361446175446,82.9151949168496));
#3074=CARTESIAN_POINT('Ctrl Pts',(59.6950040219826,44.7498268825454,83.0079277182414));
#3075=CARTESIAN_POINT('Ctrl Pts',(60.2991750646269,44.9173662113084,82.9538345312686));
#3076=CARTESIAN_POINT('Ctrl Pts',(60.6927415017089,45.270545125484,82.7923710186337));
#3077=CARTESIAN_POINT('Ctrl Pts',(61.0060450887903,45.5516977093098,82.6638359279223));
#3078=CARTESIAN_POINT('Ctrl Pts',(61.1858851824523,45.9504930556,82.4672585514584));
#3079=CARTESIAN_POINT('Ctrl Pts',(61.1899493975107,46.3467483323838,82.2721503017949));
#3080=CARTESIAN_POINT('Ctrl Pts',(61.1920341997454,46.2484873133383,82.1060712405801));
#3081=CARTESIAN_POINT('Ctrl Pts',(61.192111427334,46.2279510858116,82.1161772221744));
#3082=CARTESIAN_POINT('Ctrl Pts',(61.1916831798862,46.2074174272829,82.1262817179103));
#3083=CARTESIAN_POINT('Ctrl Pts',(61.1907404471111,46.1869021764147,82.1363755670133));
#3084=CARTESIAN_POINT('Ctrl Pts',(61.1679628171658,45.6912274689614,82.3802558750517));
#3085=CARTESIAN_POINT('Ctrl Pts',(60.844845414835,45.2062985540247,82.6179210256955));
#3086=CARTESIAN_POINT('Ctrl Pts',(60.369338238917,44.9456639347191,82.7258587180897));
#3087=CARTESIAN_POINT('Ctrl Pts',(59.893831062999,44.6850293154136,82.8337964104838));
#3088=CARTESIAN_POINT('Ctrl Pts',(59.2659341134938,44.6486889917392,82.8120066446283));
#3089=CARTESIAN_POINT('Ctrl Pts',(58.7731599609785,44.8447888962996,82.6557779715371));
#3090=CARTESIAN_POINT('Ctrl Pts',(58.2803858084633,45.0408888008599,82.4995492984458));
#3091=CARTESIAN_POINT('Ctrl Pts',(57.9227344529379,45.4694289336551,82.2088817181188));
#3092=CARTESIAN_POINT('Ctrl Pts',(57.8639717564618,45.925687049962,81.902182595221));
#3093=CARTESIAN_POINT('Ctrl Pts',(57.8052090599856,46.3819451662689,81.5954834723233));
#3094=CARTESIAN_POINT('Ctrl Pts',(58.0453350225586,46.8659212660875,81.2727528068548));
#3095=CARTESIAN_POINT('Ctrl Pts',(58.4743976060517,47.1475101193249,81.06707898854));
#3096=CARTESIAN_POINT('Ctrl Pts',(58.9034601895449,47.4290989725622,80.8614051702252));
#3097=CARTESIAN_POINT('Ctrl Pts',(59.5214593939583,47.5083005792182,80.7727881990641));
#3098=CARTESIAN_POINT('Ctrl Pts',(60.0454163800729,47.3403534564519,80.8271172461571));
#3099=CARTESIAN_POINT('Ctrl Pts',(60.5693733661875,47.1724063336856,80.8814462932501));
#3100=CARTESIAN_POINT('Ctrl Pts',(60.9992881340033,46.757310481497,81.0787213585972));
#3101=CARTESIAN_POINT('Ctrl Pts',(61.1383050181237,46.2766408666214,81.3139230129257));
#3102=CARTESIAN_POINT('Ctrl Pts',(61.1737955717446,46.15392749372,81.3739692222582));
#3103=CARTESIAN_POINT('Ctrl Pts',(61.1903264450871,46.0269402582542,81.4364873505749));
#3104=CARTESIAN_POINT('Ctrl Pts',(61.1890548279748,45.8996996643071,81.4991520165095));
#3105=CARTESIAN_POINT('Origin',(59.5233204705665,44.6324330594499,79.3111279728427));
#3106=CARTESIAN_POINT('',(61.1868139026982,45.5475106893859,80.8942000531806));
#3107=CARTESIAN_POINT('',(61.1899364857384,45.643242508203,81.0617419546165));
#3108=CARTESIAN_POINT('',(61.1893204705665,44.6324330594499,79.3111279728427));
#3109=CARTESIAN_POINT('Ctrl Pts',(61.1899364857384,45.643242508203,81.0617419546165));
#3110=CARTESIAN_POINT('Ctrl Pts',(61.1858674916303,46.0401051571599,80.8663357075581));
#3111=CARTESIAN_POINT('Ctrl Pts',(61.0054386814042,46.4395127023292,80.6694575420265));
#3112=CARTESIAN_POINT('Ctrl Pts',(60.6912734845922,46.7207667117364,80.5409170835887));
#3113=CARTESIAN_POINT('Ctrl Pts',(60.2972409375003,47.0735213606635,80.3796989577218));
#3114=CARTESIAN_POINT('Ctrl Pts',(59.6928316933347,47.2404122275957,80.3259808284599));
#3115=CARTESIAN_POINT('Ctrl Pts',(59.1548016535953,47.1535161914132,80.4190481080087));
#3116=CARTESIAN_POINT('Ctrl Pts',(58.616771613856,47.0666201552306,80.5121153875575));
#3117=CARTESIAN_POINT('Ctrl Pts',(58.1451207785429,46.7259372159333,80.751968075917));
#3118=CARTESIAN_POINT('Ctrl Pts',(57.9558155791096,46.2959596770043,81.0434670239955));
#3119=CARTESIAN_POINT('Ctrl Pts',(57.7665103796763,45.8659821380753,81.3349659720739));
#3120=CARTESIAN_POINT('Ctrl Pts',(57.8595508161227,45.3467099995146,81.6781111798713));
#3121=CARTESIAN_POINT('Ctrl Pts',(58.192334266852,44.9844106475279,81.9304663809085));
#3122=CARTESIAN_POINT('Ctrl Pts',(58.5251177175814,44.6221112955412,82.1828215819457));
#3123=CARTESIAN_POINT('Ctrl Pts',(59.0976441825936,44.4167847301284,82.3443867762228));
#3124=CARTESIAN_POINT('Ctrl Pts',(59.6477565036137,44.4709442584373,82.355870260687));
#3125=CARTESIAN_POINT('Ctrl Pts',(60.1978688246337,44.5251037867462,82.3673537451511));
#3126=CARTESIAN_POINT('Ctrl Pts',(60.7255670016617,44.8387494087767,82.2287555198022));
#3127=CARTESIAN_POINT('Ctrl Pts',(60.9892212722466,45.2767597854243,82.018227139177));
#3128=CARTESIAN_POINT('Ctrl Pts',(61.1208842873107,45.4954923198559,81.9130939991442));
#3129=CARTESIAN_POINT('Ctrl Pts',(61.186700586221,45.74523867622,81.7900230676994));
#3130=CARTESIAN_POINT('Ctrl Pts',(61.1866922526289,45.9949882911946,81.6669502515377));
#3131=CARTESIAN_POINT('Ctrl Pts',(61.1890548279748,45.8996996643071,81.4991520165095));
#3132=CARTESIAN_POINT('Ctrl Pts',(61.1853455070426,45.5285374693563,81.6819455278619));
#3133=CARTESIAN_POINT('Ctrl Pts',(61.0301556425193,45.1552194591515,81.8659859208282));
#3134=CARTESIAN_POINT('Ctrl Pts',(60.7522075034347,44.879537385716,81.9935555869075));
#3135=CARTESIAN_POINT('Ctrl Pts',(60.3789741042003,44.5093468972488,82.1648582632514));
#3136=CARTESIAN_POINT('Ctrl Pts',(59.7843883053065,44.315209297877,82.2343353726293));
#3137=CARTESIAN_POINT('Ctrl Pts',(59.2407078981099,44.3775238614343,82.1554855387571));
#3138=CARTESIAN_POINT('Ctrl Pts',(58.6970274909134,44.4398384249916,82.0766357048849));
#3139=CARTESIAN_POINT('Ctrl Pts',(58.204252475414,44.758605151478,81.8494589277626));
#3140=CARTESIAN_POINT('Ctrl Pts',(57.9880219810841,45.1793670498851,81.5632901269252));
#3141=CARTESIAN_POINT('Ctrl Pts',(57.7717914867542,45.6001289482922,81.2771213260879));
#3142=CARTESIAN_POINT('Ctrl Pts',(57.8321055135936,46.1228860186199,80.9319605015356));
#3143=CARTESIAN_POINT('Ctrl Pts',(58.1413465834528,46.4997751495795,80.6711668560999));
#3144=CARTESIAN_POINT('Ctrl Pts',(58.4505876533119,46.8766642805391,80.4103732106641));
#3145=CARTESIAN_POINT('Ctrl Pts',(59.0087557661906,47.1076854721307,80.233946744345));
#3146=CARTESIAN_POINT('Ctrl Pts',(59.5602686208597,47.0785599701029,80.2079840659716));
#3147=CARTESIAN_POINT('Ctrl Pts',(60.1117814755288,47.049434468075,80.1820213875982));
#3148=CARTESIAN_POINT('Ctrl Pts',(60.6566390719883,46.7601622724277,80.3065224971706));
#3149=CARTESIAN_POINT('Ctrl Pts',(60.9453539238751,46.3347042753609,80.5097908255799));
#3150=CARTESIAN_POINT('Ctrl Pts',(61.1047193147297,46.099859134726,80.6219912766256));
#3151=CARTESIAN_POINT('Ctrl Pts',(61.1860420870307,45.8235203473733,80.7581908459149));
#3152=CARTESIAN_POINT('Ctrl Pts',(61.1868139026982,45.5475106893859,80.8942000531806));
#3153=CARTESIAN_POINT('Origin',(59.5233204705665,44.6324330594499,79.3111279728427));
#3154=CARTESIAN_POINT('',(61.1907710107392,45.1963338517824,80.2886626893123));
#3155=CARTESIAN_POINT('',(61.1915598209234,45.2948342088899,80.4546033220469));
#3156=CARTESIAN_POINT('',(61.1893204705665,44.6324330594499,79.3111279728427));
#3157=CARTESIAN_POINT('Ctrl Pts',(61.1915598209234,45.2948342088899,80.4546033220469));
#3158=CARTESIAN_POINT('Ctrl Pts',(61.1918976677519,45.3415056361005,80.4316331563019));
#3159=CARTESIAN_POINT('Ctrl Pts',(61.1896856389761,45.3881518050197,80.4086775994614));
#3160=CARTESIAN_POINT('Ctrl Pts',(61.1848295828753,45.4345826744618,80.385846567651));
#3161=CARTESIAN_POINT('Ctrl Pts',(61.1331655549708,45.9285649688735,80.1429451183998));
#3162=CARTESIAN_POINT('Ctrl Pts',(60.7822233341919,46.3981774552097,79.9141386921664));
#3163=CARTESIAN_POINT('Ctrl Pts',(60.2926976432413,46.6368824049068,79.8188846941594));
#3164=CARTESIAN_POINT('Ctrl Pts',(59.8031719522909,46.8755873546039,79.7236306961524));
#3165=CARTESIAN_POINT('Ctrl Pts',(59.1750627911688,46.8833847676618,79.7619291263717));
#3166=CARTESIAN_POINT('Ctrl Pts',(58.6959780638689,46.6651995645886,79.9309315065815));
#3167=CARTESIAN_POINT('Ctrl Pts',(58.2168933365689,46.4470143615154,80.0999338867913));
#3168=CARTESIAN_POINT('Ctrl Pts',(57.8868330430909,46.002846542311,80.3996402169916));
#3169=CARTESIAN_POINT('Ctrl Pts',(57.8569301093316,45.5445736201512,80.7075046644083));
#3170=CARTESIAN_POINT('Ctrl Pts',(57.8270271755723,45.0863006979914,81.015369111825));
#3171=CARTESIAN_POINT('Ctrl Pts',(58.0972816015316,44.6139226728762,81.3313916764582));
#3172=CARTESIAN_POINT('Ctrl Pts',(58.5439452709068,44.3522343453788,81.5255554177343));
#3173=CARTESIAN_POINT('Ctrl Pts',(58.9906089402819,44.0905460178814,81.7197191590103));
#3174=CARTESIAN_POINT('Ctrl Pts',(59.6136818530729,44.0395473880018,81.7920240769291));
#3175=CARTESIAN_POINT('Ctrl Pts',(60.1278621371112,44.2310858135358,81.7240502791471));
#3176=CARTESIAN_POINT('Ctrl Pts',(60.6420424211495,44.4226242390698,81.6560764813651));
#3177=CARTESIAN_POINT('Ctrl Pts',(61.0473300764351,44.8566997200174,81.4478239678822));
#3178=CARTESIAN_POINT('Ctrl Pts',(61.1581459790688,45.3430466759523,81.2093386499048));
#3179=CARTESIAN_POINT('Ctrl Pts',(61.1806075056039,45.4416254430463,81.1609995201347));
#3180=CARTESIAN_POINT('Ctrl Pts',(61.1909709089686,45.5423517395281,81.1114183011344));
#3181=CARTESIAN_POINT('Ctrl Pts',(61.1899364857384,45.643242508203,81.0617419546165));
#3182=CARTESIAN_POINT('Ctrl Pts',(61.1868139026982,45.5475106893859,80.8942000531806));
#3183=CARTESIAN_POINT('Ctrl Pts',(61.1874403495075,45.3234865125623,81.0045923884355));
#3184=CARTESIAN_POINT('Ctrl Pts',(61.135001337327,45.0996791599895,81.1148593167607));
#3185=CARTESIAN_POINT('Ctrl Pts',(61.0281556526908,44.8984513549822,81.2120666739281));
#3186=CARTESIAN_POINT('Ctrl Pts',(60.7896704223055,44.4493002301565,81.4290386466209));
#3187=CARTESIAN_POINT('Ctrl Pts',(60.2801278542208,44.1126417789916,81.5809470447601));
#3188=CARTESIAN_POINT('Ctrl Pts',(59.7328448476711,44.0341347802233,81.5835456636711));
#3189=CARTESIAN_POINT('Ctrl Pts',(59.1855618411213,43.9556277814549,81.5861442825821));
#3190=CARTESIAN_POINT('Ctrl Pts',(58.6005383961065,44.1352722350831,81.4394331222648));
#3191=CARTESIAN_POINT('Ctrl Pts',(58.2456537641214,44.4823146221268,81.1959022530149));
#3192=CARTESIAN_POINT('Ctrl Pts',(57.8907691321363,44.8293570091705,80.952371383765));
#3193=CARTESIAN_POINT('Ctrl Pts',(57.7660233131809,45.3437973296298,80.6120208055825));
#3194=CARTESIAN_POINT('Ctrl Pts',(57.9285367053366,45.7815804669794,80.3160072511902));
#3195=CARTESIAN_POINT('Ctrl Pts',(58.0910500974923,46.2193636043289,80.019993696798));
#3196=CARTESIAN_POINT('Ctrl Pts',(58.5408227007592,46.5804895585688,79.7683171661959));
#3197=CARTESIAN_POINT('Ctrl Pts',(59.0719061055911,46.6911056976184,79.6615306404856));
#3198=CARTESIAN_POINT('Ctrl Pts',(59.602989510423,46.801721836668,79.5547441147754));
#3199=CARTESIAN_POINT('Ctrl Pts',(60.2153837168198,46.6618281605274,79.592847593957));
#3200=CARTESIAN_POINT('Ctrl Pts',(60.6286762662825,46.3269850179029,79.7437060529429));
#3201=CARTESIAN_POINT('Ctrl Pts',(60.9794241026961,46.0428146210104,79.8717346810001));
#3202=CARTESIAN_POINT('Ctrl Pts',(61.1867717502249,45.6182345924391,80.0809735091662));
#3203=CARTESIAN_POINT('Ctrl Pts',(61.1907710107392,45.1963338517824,80.2886626893123));
#3204=CARTESIAN_POINT('Origin',(59.5233204705665,44.6324330594499,79.3111279728427));
#3205=CARTESIAN_POINT('',(61.1908590155889,44.8480491374697,79.6814525775822));
#3206=CARTESIAN_POINT('',(61.1872174463103,44.9443932831399,79.8486403210756));
#3207=CARTESIAN_POINT('',(61.1893204705665,44.6324330594499,79.3111279728427));
#3208=CARTESIAN_POINT('',(58.2542495907141,45.5667679637877,78.7707268362352));
#3209=CARTESIAN_POINT('Ctrl Pts',(61.1908590155889,44.8480491374697,79.6814525775822));
#3210=CARTESIAN_POINT('Ctrl Pts',(61.1869266229624,44.4233044913195,79.8905306099081));
#3211=CARTESIAN_POINT('Ctrl Pts',(60.9763394326853,43.9959454244278,80.1011207723424));
#3212=CARTESIAN_POINT('Ctrl Pts',(60.6212347029478,43.7115060863494,80.2290489433047));
#3213=CARTESIAN_POINT('Ctrl Pts',(60.2057362492018,43.3786912988824,80.3787342411174));
#3214=CARTESIAN_POINT('Ctrl Pts',(59.592383050996,43.2415437399621,80.4152494195086));
#3215=CARTESIAN_POINT('Ctrl Pts',(59.0623104294637,43.3551072658869,80.3067581825541));
#3216=CARTESIAN_POINT('Ctrl Pts',(58.5322378079314,43.4686707918117,80.1982669455996));
#3217=CARTESIAN_POINT('Ctrl Pts',(58.0854457630727,43.8329454025815,79.9447692932994));
#3218=CARTESIAN_POINT('Ctrl Pts',(57.9261949976151,44.2707577977452,79.6487388167564));
#3219=CARTESIAN_POINT('Ctrl Pts',(57.7669442321575,44.7085701929089,79.3527083402134));
#3220=CARTESIAN_POINT('Ctrl Pts',(57.8952347461011,45.2199203724665,79.0141450394278));
#3221=CARTESIAN_POINT('Ctrl Pts',(58.2542495907141,45.5667679637877,78.7707268362352));
#3222=CARTESIAN_POINT('',(60.794842986113,45.5684113821148,78.7697763150379));
#3223=CARTESIAN_POINT('Origin',(59.5233204705665,44.6324330594499,79.3111279728427));
#3224=CARTESIAN_POINT('Ctrl Pts',(60.7948442735715,45.568412245144,78.7697758158786));
#3225=CARTESIAN_POINT('Ctrl Pts',(60.4437178859084,45.9430926583352,78.595065404044));
#3226=CARTESIAN_POINT('Ctrl Pts',(59.8729857079187,46.157072462862,78.5133010987635));
#3227=CARTESIAN_POINT('Ctrl Pts',(59.3351362335123,46.1223966723516,78.5753543535014));
#3228=CARTESIAN_POINT('Ctrl Pts',(58.786902428206,46.0870513917702,78.6386056786312));
#3229=CARTESIAN_POINT('Ctrl Pts',(58.2728333254252,45.7933561730752,78.8512815832676));
#3230=CARTESIAN_POINT('Ctrl Pts',(58.0279831646904,45.3840499040254,79.1308246708875));
#3231=CARTESIAN_POINT('Ctrl Pts',(57.7831330039555,44.9747436349756,79.4103677585073));
#3232=CARTESIAN_POINT('Ctrl Pts',(57.8075017852666,44.449826315571,79.7567780291106));
#3233=CARTESIAN_POINT('Ctrl Pts',(58.0900903727191,44.0582602546757,80.0260605253666));
#3234=CARTESIAN_POINT('Ctrl Pts',(58.3726789601716,43.6666941937804,80.2953430216226));
#3235=CARTESIAN_POINT('Ctrl Pts',(58.9134873537656,43.4084793913945,80.4874977435315));
#3236=CARTESIAN_POINT('Ctrl Pts',(59.4648069212708,43.4102940289114,80.5292564947637));
#3237=CARTESIAN_POINT('Ctrl Pts',(60.0161264887761,43.4121086664283,80.5710152459959));
#3238=CARTESIAN_POINT('Ctrl Pts',(60.5779572301927,43.6739527438481,80.4623780265514));
#3239=CARTESIAN_POINT('Ctrl Pts',(60.8930753680747,44.084449300451,80.2677631043185));
#3240=CARTESIAN_POINT('Ctrl Pts',(61.0850837085799,44.3345737875596,80.1491799960701));
#3241=CARTESIAN_POINT('Ctrl Pts',(61.1854943168288,44.6398889288641,79.9986756868487));
#3242=CARTESIAN_POINT('Ctrl Pts',(61.1872174463103,44.9443932831399,79.8486403210756));
#3243=CARTESIAN_POINT('Origin',(-56.4745771176019,43.8208792481809,77.9946372576012));
#3244=CARTESIAN_POINT('',(-54.4190528471434,46.4218637664246,82.4879873604204));
#3245=CARTESIAN_POINT('',(-54.4215682710431,46.4481006553288,82.539987617783));
#3246=CARTESIAN_POINT('',(-54.4198271176019,43.8208792481809,77.9946372576012));
#3247=CARTESIAN_POINT('',(-58.2920050063617,47.427370000347,82.3154549005371));
#3248=CARTESIAN_POINT('Ctrl Pts',(-54.4215682710431,46.4481006553288,82.539987617783));
#3249=CARTESIAN_POINT('Ctrl Pts',(-54.4245968244451,46.8529671096844,82.3341566723235));
#3250=CARTESIAN_POINT('Ctrl Pts',(-54.7958332015485,47.8735827772173,81.8149966600674));
#3251=CARTESIAN_POINT('Ctrl Pts',(-56.6888082768955,48.6349302322013,81.4886006416703));
#3252=CARTESIAN_POINT('Ctrl Pts',(-57.9731498969346,47.9321047554265,81.9807178326049));
#3253=CARTESIAN_POINT('Ctrl Pts',(-58.2920050063617,47.427370000347,82.3154549005371));
#3254=CARTESIAN_POINT('',(-58.5317621839842,46.532237253124,82.8331822719198));
#3255=CARTESIAN_POINT('Origin',(-56.4745771176019,46.5975506693795,82.795406262251));
#3256=CARTESIAN_POINT('Ctrl Pts',(-54.4190528471434,46.4218637664246,82.4879873604204));
#3257=CARTESIAN_POINT('Ctrl Pts',(-54.4177687108007,46.5461819168095,82.4248143668223));
#3258=CARTESIAN_POINT('Ctrl Pts',(-54.4941819842395,47.2788765914193,82.0525765263247));
#3259=CARTESIAN_POINT('Ctrl Pts',(-55.5977613756172,48.4480416744645,81.4707009928647));
#3260=CARTESIAN_POINT('Ctrl Pts',(-57.887362273234,48.2452183665377,81.7156241059));
#3261=CARTESIAN_POINT('Ctrl Pts',(-58.5553479095753,47.0914572179851,82.4677428686992));
#3262=CARTESIAN_POINT('Ctrl Pts',(-58.5317642176378,46.5322371069912,82.8331823564402));
#3263=CARTESIAN_POINT('Origin',(-56.4745771176019,43.8208792481809,77.9946372576012));
#3264=CARTESIAN_POINT('',(-54.4230701672999,46.069802349018,81.882961620306));
#3265=CARTESIAN_POINT('',(-54.4164817306194,46.0984723303497,81.9335546243301));
#3266=CARTESIAN_POINT('',(-54.4198271176019,43.8208792481809,77.9946372576012));
#3267=CARTESIAN_POINT('Ctrl Pts',(-54.4164817306194,46.0984723303497,81.9335546243301));
#3268=CARTESIAN_POINT('Ctrl Pts',(-54.4186877867557,46.6809558184853,81.6376940329119));
#3269=CARTESIAN_POINT('Ctrl Pts',(-55.1064993756074,47.8745446127912,81.0311903201896));
#3270=CARTESIAN_POINT('Ctrl Pts',(-57.3837161207547,48.1577309063978,80.9940540095552));
#3271=CARTESIAN_POINT('Ctrl Pts',(-58.8601235132777,46.6593356896267,81.9891215671915));
#3272=CARTESIAN_POINT('Ctrl Pts',(-58.1520528429721,44.7984025415098,83.1938740132477));
#3273=CARTESIAN_POINT('Ctrl Pts',(-55.9073846851975,44.3305107092587,83.5929184557385));
#3274=CARTESIAN_POINT('Ctrl Pts',(-54.5634308535747,45.4245729057707,83.0602231293275));
#3275=CARTESIAN_POINT('Ctrl Pts',(-54.4200214603904,46.2413181881139,82.6451142102022));
#3276=CARTESIAN_POINT('Ctrl Pts',(-54.4215682710431,46.4481006553288,82.539987617783));
#3277=CARTESIAN_POINT('Ctrl Pts',(-54.4230701672999,46.069802349018,81.882961620306));
#3278=CARTESIAN_POINT('Ctrl Pts',(-54.4230804699919,46.3764297588447,81.7270450886863));
#3279=CARTESIAN_POINT('Ctrl Pts',(-54.6676772704147,47.2955615640662,81.2596762297663));
#3280=CARTESIAN_POINT('Ctrl Pts',(-56.2964733196871,48.2503067149994,80.8145176066162));
#3281=CARTESIAN_POINT('Ctrl Pts',(-58.413636102467,47.4753282963176,81.3911749581119));
#3282=CARTESIAN_POINT('Ctrl Pts',(-58.7550530549295,45.540649844164,82.6385802537361));
#3283=CARTESIAN_POINT('Ctrl Pts',(-57.0079821476576,44.269006118101,83.5024991592808));
#3284=CARTESIAN_POINT('Ctrl Pts',(-54.9244969814763,44.8346613609367,83.295029868503));
#3285=CARTESIAN_POINT('Ctrl Pts',(-54.4240654341932,45.936591657913,82.7345812142497));
#3286=CARTESIAN_POINT('Ctrl Pts',(-54.4190528471434,46.4218637664246,82.4879873604204));
#3287=CARTESIAN_POINT('Origin',(-56.4745771176019,43.8208792481809,77.9946372576012));
#3288=CARTESIAN_POINT('',(-54.4190689189965,45.717758433114,81.2779257576628));
#3289=CARTESIAN_POINT('',(-54.4201563079175,45.750076808229,81.326408601681));
#3290=CARTESIAN_POINT('',(-54.4198271176019,43.8208792481809,77.9946372576012));
#3291=CARTESIAN_POINT('Ctrl Pts',(-54.4201563079175,45.750076808229,81.326408601681));
#3292=CARTESIAN_POINT('Ctrl Pts',(-54.4185879686258,45.9059027939155,81.2472107011271));
#3293=CARTESIAN_POINT('Ctrl Pts',(-54.5188371022463,46.6705644020142,80.8586824202114));
#3294=CARTESIAN_POINT('Ctrl Pts',(-55.7146678391765,47.8154118812565,80.2930703280139));
#3295=CARTESIAN_POINT('Ctrl Pts',(-58.0012817085196,47.5093761426264,80.5985003539251));
#3296=CARTESIAN_POINT('Ctrl Pts',(-58.8897542939638,45.705663773252,81.7701574144546));
#3297=CARTESIAN_POINT('Ctrl Pts',(-57.5664345652319,44.1070659829611,82.8231801917555));
#3298=CARTESIAN_POINT('Ctrl Pts',(-55.2431987445719,44.2285385383538,82.8813477350959));
#3299=CARTESIAN_POINT('Ctrl Pts',(-54.429676070895,45.4406215034914,82.2676908996494));
#3300=CARTESIAN_POINT('Ctrl Pts',(-54.4163864830253,46.0733233099104,81.94632855563));
#3301=CARTESIAN_POINT('Ctrl Pts',(-54.4164817306194,46.0984723303497,81.9335546243301));
#3302=CARTESIAN_POINT('Ctrl Pts',(-54.4190689189965,45.717758433114,81.2779257576628));
#3303=CARTESIAN_POINT('Ctrl Pts',(-54.4240873819311,46.2037742507661,81.0309550517883));
#3304=CARTESIAN_POINT('Ctrl Pts',(-54.9257202843506,47.3064366381007,80.4701362655674));
#3305=CARTESIAN_POINT('Ctrl Pts',(-57.0109552880676,47.8701063699199,80.2638686506023));
#3306=CARTESIAN_POINT('Ctrl Pts',(-58.7560762088262,46.5965825876118,81.1288749441137));
#3307=CARTESIAN_POINT('Ctrl Pts',(-58.4118240648073,44.6622739101156,82.3760663692678));
#3308=CARTESIAN_POINT('Ctrl Pts',(-56.2934605650087,43.8895723928905,82.9514068052447));
#3309=CARTESIAN_POINT('Ctrl Pts',(-54.6667843610116,44.8455923722635,82.5054575512623));
#3310=CARTESIAN_POINT('Ctrl Pts',(-54.423059890229,45.7639374709263,82.0384904132579));
#3311=CARTESIAN_POINT('Ctrl Pts',(-54.4230701672999,46.069802349018,81.882961620306));
#3312=CARTESIAN_POINT('Origin',(-56.4745771176019,43.8208792481809,77.9946372576012));
#3313=CARTESIAN_POINT('',(-54.4170667907481,45.3698307769541,80.6705091304415));
#3314=CARTESIAN_POINT('',(-54.4229201358856,45.3974862843929,80.7216888864347));
#3315=CARTESIAN_POINT('',(-54.4198271176019,43.8208792481809,77.9946372576012));
#3316=CARTESIAN_POINT('Ctrl Pts',(-54.4229201358856,45.3974862843929,80.7216888864347));
#3317=CARTESIAN_POINT('Ctrl Pts',(-54.4238720488724,45.7355110509904,80.5498113464928));
#3318=CARTESIAN_POINT('Ctrl Pts',(-54.7058775758122,46.6870608669274,80.0658911528598));
#3319=CARTESIAN_POINT('Ctrl Pts',(-56.4207991851047,47.586487645308,79.6549262126771));
#3320=CARTESIAN_POINT('Ctrl Pts',(-58.4860363847251,46.7187153143451,80.2852537582694));
#3321=CARTESIAN_POINT('Ctrl Pts',(-58.7091999244367,44.7715122968822,81.5399030188756));
#3322=CARTESIAN_POINT('Ctrl Pts',(-56.8859189640564,43.5790791000185,82.3580080949125));
#3323=CARTESIAN_POINT('Ctrl Pts',(-54.8731515318698,44.224383325284,82.1022727696254));
#3324=CARTESIAN_POINT('Ctrl Pts',(-54.4247311706707,45.2955307150084,81.5574297380429));
#3325=CARTESIAN_POINT('Ctrl Pts',(-54.4201563079175,45.750076808229,81.326408601681));
#3326=CARTESIAN_POINT('Ctrl Pts',(-54.4170667907481,45.3698307769541,80.6705091304415));
#3327=CARTESIAN_POINT('Ctrl Pts',(-54.4166501099037,45.4269857114755,80.6414755079637));
#3328=CARTESIAN_POINT('Ctrl Pts',(-54.4484037512078,46.0918546735787,80.3037602137597));
#3329=CARTESIAN_POINT('Ctrl Pts',(-55.3547507582411,47.2956153916931,79.6971687111683));
#3330=CARTESIAN_POINT('Ctrl Pts',(-57.6787717412783,47.3114783942574,79.8164187658439));
#3331=CARTESIAN_POINT('Ctrl Pts',(-58.9000038066062,45.6550577408483,80.9028851625643));
#3332=CARTESIAN_POINT('Ctrl Pts',(-57.9000550782597,43.8942585586477,82.0497220702594));
#3333=CARTESIAN_POINT('Ctrl Pts',(-55.594668350481,43.692574602021,82.294797055018));
#3334=CARTESIAN_POINT('Ctrl Pts',(-54.4936340078962,44.8622801519093,81.7125556311904));
#3335=CARTESIAN_POINT('Ctrl Pts',(-54.4177931209733,45.5942030681535,81.3407108658642));
#3336=CARTESIAN_POINT('Ctrl Pts',(-54.4190689189965,45.717758433114,81.2779257576628));
#3337=CARTESIAN_POINT('Origin',(-56.4745771176019,43.8208792481809,77.9946372576012));
#3338=CARTESIAN_POINT('',(-54.4224224304411,45.0193961819687,80.064542467879));
#3339=CARTESIAN_POINT('',(-54.4180396662558,45.0461440669661,80.1162471750397));
#3340=CARTESIAN_POINT('',(-54.4198271176019,43.8208792481809,77.9946372576012));
#3341=CARTESIAN_POINT('Ctrl Pts',(-54.4180396662558,45.0461440669661,80.1162471750397));
#3342=CARTESIAN_POINT('Ctrl Pts',(-54.4229721235683,45.5628180773904,79.8537429789237));
#3343=CARTESIAN_POINT('Ctrl Pts',(-54.9800348364828,46.6954966863674,79.277762006077));
#3344=CARTESIAN_POINT('Ctrl Pts',(-57.1316096527917,47.1746641187357,79.1225674897932));
#3345=CARTESIAN_POINT('Ctrl Pts',(-58.795780518693,45.8255006339221,80.0313223161025));
#3346=CARTESIAN_POINT('Ctrl Pts',(-58.3342175955083,43.9090698137358,81.2681735362983));
#3347=CARTESIAN_POINT('Ctrl Pts',(-56.1696149365537,43.2313928123184,81.7885536404826));
#3348=CARTESIAN_POINT('Ctrl Pts',(-54.6311813709739,44.2372489773546,81.3115814938055));
#3349=CARTESIAN_POINT('Ctrl Pts',(-54.4221475124752,45.1231273339305,80.8611938757914));
#3350=CARTESIAN_POINT('Ctrl Pts',(-54.4229201358856,45.3974862843929,80.7216888864347));
#3351=CARTESIAN_POINT('Ctrl Pts',(-54.4224224304412,45.0193961819687,80.064542467879));
#3352=CARTESIAN_POINT('Ctrl Pts',(-54.4210598067747,45.2585010989996,79.9429731061697));
#3353=CARTESIAN_POINT('Ctrl Pts',(-54.5943234012658,46.10816787001,79.5110749453336));
#3354=CARTESIAN_POINT('Ctrl Pts',(-56.0323144790375,47.1632920586442,79.0031525124041));
#3355=CARTESIAN_POINT('Ctrl Pts',(-58.2418126635876,46.5939727071764,79.4608606593264));
#3356=CARTESIAN_POINT('Ctrl Pts',(-58.8329037657976,44.7036153637893,80.6826314876499));
#3357=CARTESIAN_POINT('Ctrl Pts',(-57.2642593809169,43.2743711263752,81.6377034637571));
#3358=CARTESIAN_POINT('Ctrl Pts',(-55.0442393054768,43.6538217189942,81.542637847799));
#3359=CARTESIAN_POINT('Ctrl Pts',(-54.4210832157675,44.8189091014296,80.9503668903352));
#3360=CARTESIAN_POINT('Ctrl Pts',(-54.4170667907481,45.3698307769541,80.6705091304415));
#3361=CARTESIAN_POINT('Origin',(-56.4745771176019,43.8208792481809,77.9946372576012));
#3362=CARTESIAN_POINT('',(-54.4219377177549,44.666353805731,79.4600840952736));
#3363=CARTESIAN_POINT('',(-54.4179311966538,44.6983687868984,79.5087424164503));
#3364=CARTESIAN_POINT('',(-54.4198271176019,43.8208792481809,77.9946372576012));
#3365=CARTESIAN_POINT('',(-55.944406900413,42.8764314670118,80.3267651410922));
#3366=CARTESIAN_POINT('Ctrl Pts',(-55.944406900413,42.8764314670118,80.3267651410922));
#3367=CARTESIAN_POINT('Ctrl Pts',(-55.284100847325,43.047635198305,80.2705525349657));
#3368=CARTESIAN_POINT('Ctrl Pts',(-54.5495871205527,43.6753098595124,79.9637094594729));
#3369=CARTESIAN_POINT('Ctrl Pts',(-54.4203324924711,44.4753186527775,79.5571916737579));
#3370=CARTESIAN_POINT('Ctrl Pts',(-54.4219377177549,44.666353805731,79.4600840952736));
#3371=CARTESIAN_POINT('',(-57.0059032301051,42.8732775804344,80.3285892877481));
#3372=CARTESIAN_POINT('Origin',(-56.4745771176019,44.5948757102034,79.3328504131867));
#3373=CARTESIAN_POINT('Ctrl Pts',(-57.0059038469729,42.8732758972973,80.3285902612418));
#3374=CARTESIAN_POINT('Ctrl Pts',(-56.3608291484783,42.7430860049332,80.4458870148196));
#3375=CARTESIAN_POINT('Ctrl Pts',(-54.980650543774,43.0540411565305,80.3446200649519));
#3376=CARTESIAN_POINT('Ctrl Pts',(-54.4227813993571,44.1782134310216,79.7730041476206));
#3377=CARTESIAN_POINT('Ctrl Pts',(-54.4179311966538,44.6983687868984,79.5087424164503));
#3378=CARTESIAN_POINT('Origin',(-56.4694281251867,102.580110027428,45.795318650212));
#3379=CARTESIAN_POINT('',(-54.8048241260364,104.545950341575,49.1966036803848));
#3380=CARTESIAN_POINT('',(-54.8034281251867,104.582784986604,49.2578744992763));
#3381=CARTESIAN_POINT('',(-54.8034281251867,102.580110027428,45.795318650212));
#3382=CARTESIAN_POINT('',(-55.1323231724981,105.447593741101,48.7576859355094));
#3383=CARTESIAN_POINT('Origin',(-56.4694281251867,104.582784986604,49.2578744992763));
#3384=CARTESIAN_POINT('Ctrl Pts',(-55.1323220810689,105.447594511653,48.7576854898368));
#3385=CARTESIAN_POINT('Ctrl Pts',(-54.9204030940561,105.189465099593,48.8794574343056));
#3386=CARTESIAN_POINT('Ctrl Pts',(-54.8072112509214,104.867083369251,49.0383916700128));
#3387=CARTESIAN_POINT('Ctrl Pts',(-54.8048241260364,104.545950341575,49.1966036803848));
#3388=CARTESIAN_POINT('Origin',(-56.4694281251867,102.580110027428,45.795318650212));
#3389=CARTESIAN_POINT('',(-54.8007042862041,104.196164293323,48.590261911005));
#3390=CARTESIAN_POINT('',(-54.8027900474028,104.294425832699,48.756340671271));
#3391=CARTESIAN_POINT('',(-54.8034281251867,102.580110027428,45.795318650212));
#3392=CARTESIAN_POINT('',(-55.6995260845166,103.303861834164,49.9975787766224));
#3393=CARTESIAN_POINT('Ctrl Pts',(-54.8027900474028,104.294425832699,48.756340671271));
#3394=CARTESIAN_POINT('Ctrl Pts',(-54.8017488898857,104.395940034048,48.7063570382765));
#3395=CARTESIAN_POINT('Ctrl Pts',(-54.8122438137305,104.497287499474,48.6564698420975));
#3396=CARTESIAN_POINT('Ctrl Pts',(-54.8349862003574,104.59644755785,48.6078477996129));
#3397=CARTESIAN_POINT('Ctrl Pts',(-54.9465027995743,105.082675879863,48.3694310971882));
#3398=CARTESIAN_POINT('Ctrl Pts',(-55.3524975550097,105.516310157993,48.1614337668341));
#3399=CARTESIAN_POINT('Ctrl Pts',(-55.8668685455123,105.707301796847,48.0937762198334));
#3400=CARTESIAN_POINT('Ctrl Pts',(-56.3812395360149,105.898293435701,48.0261186728326));
#3401=CARTESIAN_POINT('Ctrl Pts',(-57.0039867615848,105.846642435279,48.0988009091853));
#3402=CARTESIAN_POINT('Ctrl Pts',(-57.4503841265439,105.584469108458,48.293245164637));
#3403=CARTESIAN_POINT('Ctrl Pts',(-57.896781491503,105.322295781637,48.4876894200887));
#3404=CARTESIAN_POINT('Ctrl Pts',(-58.1668289958512,104.849600128418,48.8038956946396));
#3405=CARTESIAN_POINT('Ctrl Pts',(-58.1359902667005,104.391414582803,49.1117096051624));
#3406=CARTESIAN_POINT('Ctrl Pts',(-58.1051515375497,103.933229037188,49.4195235156851));
#3407=CARTESIAN_POINT('Ctrl Pts',(-57.7734265749,103.489553599176,49.7189450621797));
#3408=CARTESIAN_POINT('Ctrl Pts',(-57.2948756232061,103.272154508399,49.887492770327));
#3409=CARTESIAN_POINT('Ctrl Pts',(-56.8163246715122,103.054755417621,50.0560404784743));
#3410=CARTESIAN_POINT('Ctrl Pts',(-56.1909477307741,103.063632674077,50.0937143482744));
#3411=CARTESIAN_POINT('Ctrl Pts',(-55.6995260845168,103.303861834164,49.9975787766225));
#3412=CARTESIAN_POINT('Origin',(-56.4694281251867,104.582784986604,49.2578744992763));
#3413=CARTESIAN_POINT('Ctrl Pts',(-54.8048241260364,104.545950341575,49.1966036803848));
#3414=CARTESIAN_POINT('Ctrl Pts',(-54.8035690040366,104.377102397982,49.2797896821368));
#3415=CARTESIAN_POINT('Ctrl Pts',(-54.8329461997223,104.208599662223,49.362776022392));
#3416=CARTESIAN_POINT('Ctrl Pts',(-54.894711258739,104.049963088469,49.4400559664322));
#3417=CARTESIAN_POINT('Ctrl Pts',(-55.0774082361334,103.580726549391,49.6686449520836));
#3418=CARTESIAN_POINT('Ctrl Pts',(-55.5434787571456,103.197812755989,49.8473065405434));
#3419=CARTESIAN_POINT('Ctrl Pts',(-56.0798454960455,103.067829358729,49.8796781071675));
#3420=CARTESIAN_POINT('Ctrl Pts',(-56.6162122349454,102.937845961469,49.9120496737917));
#3421=CARTESIAN_POINT('Ctrl Pts',(-57.222875191733,103.06079296035,49.7981312185802));
#3422=CARTESIAN_POINT('Ctrl Pts',(-57.6218926832115,103.371988506951,49.5753334646505));
#3423=CARTESIAN_POINT('Ctrl Pts',(-58.02091017469,103.683184053551,49.3525357107208));
#3424=CARTESIAN_POINT('Ctrl Pts',(-58.2122822008595,104.182628147871,49.0208586580729));
#3425=CARTESIAN_POINT('Ctrl Pts',(-58.1084534949524,104.633080794246,48.7175173060719));
#3426=CARTESIAN_POINT('Ctrl Pts',(-58.0046247890453,105.083533440621,48.4141759540709));
#3427=CARTESIAN_POINT('Ctrl Pts',(-57.6055953510618,105.484994639052,48.139170302717));
#3428=CARTESIAN_POINT('Ctrl Pts',(-57.0940443796644,105.645166459504,48.0037217347015));
#3429=CARTESIAN_POINT('Ctrl Pts',(-56.582493408267,105.805338279957,47.868273166686));
#3430=CARTESIAN_POINT('Ctrl Pts',(-55.9584209034557,105.724220722431,47.872381682009));
#3431=CARTESIAN_POINT('Ctrl Pts',(-55.5076026328577,105.430450246166,47.9994845096024));
#3432=CARTESIAN_POINT('Ctrl Pts',(-55.0754430708407,105.148838500069,48.1213267371391));
#3433=CARTESIAN_POINT('Ctrl Pts',(-54.8024930509465,104.671812344752,48.3561928583152));
#3434=CARTESIAN_POINT('Ctrl Pts',(-54.8007042862041,104.196164293323,48.590261911005));
#3435=CARTESIAN_POINT('Origin',(-56.4694281251867,102.580110027428,45.795318650212));
#3436=CARTESIAN_POINT('',(-54.8036837246421,103.847376640649,47.9833426890414));
#3437=CARTESIAN_POINT('',(-54.8060463232483,103.942665262259,48.1511409271224));
#3438=CARTESIAN_POINT('',(-54.8034281251867,102.580110027428,45.795318650212));
#3439=CARTESIAN_POINT('Ctrl Pts',(-54.8060463232483,103.942665262259,48.1511409271224));
#3440=CARTESIAN_POINT('Ctrl Pts',(-54.8060546842095,104.19303896709,48.0277604443827));
#3441=CARTESIAN_POINT('Ctrl Pts',(-54.872216689282,104.443415946076,47.904378067936));
#3442=CARTESIAN_POINT('Ctrl Pts',(-55.0045100808607,104.662552935522,47.7990642938464));
#3443=CARTESIAN_POINT('Ctrl Pts',(-55.2687678721992,105.100281956907,47.5886986436329));
#3444=CARTESIAN_POINT('Ctrl Pts',(-55.7968937871909,105.413361581715,47.4504277800694));
#3445=CARTESIAN_POINT('Ctrl Pts',(-56.3470595082153,105.466929765897,47.4622532864752));
#3446=CARTESIAN_POINT('Ctrl Pts',(-56.8972252292397,105.520497950079,47.4740787928809));
#3447=CARTESIAN_POINT('Ctrl Pts',(-57.4694307562967,105.314554693636,47.636000669256));
#3448=CARTESIAN_POINT('Ctrl Pts',(-57.8016707645098,104.951895364675,47.8885640739736));
#3449=CARTESIAN_POINT('Ctrl Pts',(-58.1339107727228,104.589236035715,48.1411274786913));
#3450=CARTESIAN_POINT('Ctrl Pts',(-58.2261852620918,104.069860634237,48.4843324117514));
#3451=CARTESIAN_POINT('Ctrl Pts',(-58.0362323834213,103.640084529144,48.7757148544168));
#3452=CARTESIAN_POINT('Ctrl Pts',(-57.846279504751,103.210308424051,49.0670972970822));
#3453=CARTESIAN_POINT('Ctrl Pts',(-57.3740992580412,102.870131615343,49.3066572493529));
#3454=CARTESIAN_POINT('Ctrl Pts',(-56.835921418655,102.783813160556,49.3993904670557));
#3455=CARTESIAN_POINT('Ctrl Pts',(-56.2977435792687,102.69749470577,49.4921236847586));
#3456=CARTESIAN_POINT('Ctrl Pts',(-55.693568147206,102.865034604905,49.4380301678935));
#3457=CARTESIAN_POINT('Ctrl Pts',(-55.2999996526739,103.218215737422,49.2765653722133));
#3458=CARTESIAN_POINT('Ctrl Pts',(-54.9866944277328,103.499370087186,49.1480292601172));
#3459=CARTESIAN_POINT('Ctrl Pts',(-54.8068541740169,103.898168243759,48.9514502582404));
#3460=CARTESIAN_POINT('Ctrl Pts',(-54.8027900474028,104.294425832699,48.756340671271));
#3461=CARTESIAN_POINT('Ctrl Pts',(-54.8007042862041,104.196164293323,48.590261911005));
#3462=CARTESIAN_POINT('Ctrl Pts',(-54.8006270553779,104.175627947125,48.600367961237));
#3463=CARTESIAN_POINT('Ctrl Pts',(-54.8010553028859,104.155094169883,48.6104725256341));
#3464=CARTESIAN_POINT('Ctrl Pts',(-54.8019980391081,104.13457880035,48.6205664433707));
#3465=CARTESIAN_POINT('Ctrl Pts',(-54.8247757523413,103.6389012258,48.8644484096816));
#3466=CARTESIAN_POINT('Ctrl Pts',(-55.1478952151924,103.153969471705,49.1021152024395));
#3467=CARTESIAN_POINT('Ctrl Pts',(-55.6234052854845,102.893333387092,49.2100537423389));
#3468=CARTESIAN_POINT('Ctrl Pts',(-56.0989153557765,102.632697302479,49.3179922822384));
#3469=CARTESIAN_POINT('Ctrl Pts',(-56.7268160335095,102.596356887349,49.2962025692794));
#3470=CARTESIAN_POINT('Ctrl Pts',(-57.2195931426136,102.792458089474,49.1399731457015));
#3471=CARTESIAN_POINT('Ctrl Pts',(-57.7123702517177,102.9885592916,48.9837437221237));
#3472=CARTESIAN_POINT('Ctrl Pts',(-58.0700237921929,103.417102110982,48.693074587927));
#3473=CARTESIAN_POINT('Ctrl Pts',(-58.1287868500912,103.873363087721,48.3863738106112));
#3474=CARTESIAN_POINT('Ctrl Pts',(-58.1875499079894,104.32962406446,48.0796730332954));
#3475=CARTESIAN_POINT('Ctrl Pts',(-57.9474224833105,104.813603198554,47.7569406128605));
#3476=CARTESIAN_POINT('Ctrl Pts',(-57.5183573095659,105.095193862327,47.5512657473673));
#3477=CARTESIAN_POINT('Ctrl Pts',(-57.0892921358213,105.3767845261,47.3455908818742));
#3478=CARTESIAN_POINT('Ctrl Pts',(-56.4712892130109,105.45598671955,47.2569735713228));
#3479=CARTESIAN_POINT('Ctrl Pts',(-55.9473290700006,105.288038695549,47.311303139672));
#3480=CARTESIAN_POINT('Ctrl Pts',(-55.4233689269903,105.120090671549,47.3656327080213));
#3481=CARTESIAN_POINT('Ctrl Pts',(-54.9934515637801,104.704992430098,47.5629091552712));
#3482=CARTESIAN_POINT('Ctrl Pts',(-54.8544338406763,104.224320029641,47.7981124207256));
#3483=CARTESIAN_POINT('Ctrl Pts',(-54.8189430728658,104.10160594559,47.8581590413733));
#3484=CARTESIAN_POINT('Ctrl Pts',(-54.8024120998101,103.974617973144,47.920677595945));
#3485=CARTESIAN_POINT('Ctrl Pts',(-54.8036837246421,103.847376640649,47.9833426890414));
#3486=CARTESIAN_POINT('Origin',(-56.4694281251867,102.580110027428,45.795318650212));
#3487=CARTESIAN_POINT('',(-54.8059246645361,103.49518765533,47.3783907317266));
#3488=CARTESIAN_POINT('',(-54.8028020589641,103.590919468422,47.5459326364735));
#3489=CARTESIAN_POINT('',(-54.8034281251867,102.580110027428,45.795318650212));
#3490=CARTESIAN_POINT('Ctrl Pts',(-54.8028020589641,103.590919468422,47.5459326364735));
#3491=CARTESIAN_POINT('Ctrl Pts',(-54.8068710777899,103.987784421602,47.3505250566976));
#3492=CARTESIAN_POINT('Ctrl Pts',(-54.9873009763931,104.387194286379,47.1536455495499));
#3493=CARTESIAN_POINT('Ctrl Pts',(-55.3014680676774,104.668449902745,47.0251041616785));
#3494=CARTESIAN_POINT('Ctrl Pts',(-55.6955029908563,105.021206567153,46.8638848700965));
#3495=CARTESIAN_POINT('Ctrl Pts',(-56.2999158791534,105.188098328518,46.8101662235118));
#3496=CARTESIAN_POINT('Ctrl Pts',(-56.8379491641451,105.101201656472,46.9032338708318));
#3497=CARTESIAN_POINT('Ctrl Pts',(-57.3759824491368,105.014304984426,46.9963015181519));
#3498=CARTESIAN_POINT('Ctrl Pts',(-57.8476361308231,104.673619878968,47.2361554593766));
#3499=CARTESIAN_POINT('Ctrl Pts',(-58.0369424709615,104.243639634848,47.5276559720851));
#3500=CARTESIAN_POINT('Ctrl Pts',(-58.2262488110999,103.813659390727,47.8191564847936));
#3501=CARTESIAN_POINT('Ctrl Pts',(-58.1332078096904,103.294384007944,48.1623035689859));
#3502=CARTESIAN_POINT('Ctrl Pts',(-57.8004223538944,102.932082359505,48.4146600982464));
#3503=CARTESIAN_POINT('Ctrl Pts',(-57.4676368980985,102.569780711066,48.6670166275069));
#3504=CARTESIAN_POINT('Ctrl Pts',(-56.8951069879162,102.364452796972,48.8285826018357));
#3505=CARTESIAN_POINT('Ctrl Pts',(-56.3449913455614,102.418612539147,48.8400659626038));
#3506=CARTESIAN_POINT('Ctrl Pts',(-55.7948757032065,102.472772281322,48.8515493233719));
#3507=CARTESIAN_POINT('Ctrl Pts',(-55.2671743286791,102.786419679766,48.7129500705793));
#3508=CARTESIAN_POINT('Ctrl Pts',(-55.0035184752581,103.22443258797,48.5024202257514));
#3509=CARTESIAN_POINT('Ctrl Pts',(-54.8718546697611,103.443166386604,48.3972863545284));
#3510=CARTESIAN_POINT('Ctrl Pts',(-54.8060379830794,103.692914195487,48.2742145829755));
#3511=CARTESIAN_POINT('Ctrl Pts',(-54.8060463232483,103.942665262259,48.1511409271224));
#3512=CARTESIAN_POINT('Ctrl Pts',(-54.8036837246421,103.847376640649,47.9833426890414));
#3513=CARTESIAN_POINT('Ctrl Pts',(-54.8073930680925,103.476212291346,48.1661374464295));
#3514=CARTESIAN_POINT('Ctrl Pts',(-54.9625838692749,103.102892113449,48.3501790931467));
#3515=CARTESIAN_POINT('Ctrl Pts',(-55.2405336843291,102.827208461208,48.4777496723763));
#3516=CARTESIAN_POINT('Ctrl Pts',(-55.6137693340833,102.457015852695,48.6490535749136));
#3517=CARTESIAN_POINT('Ctrl Pts',(-56.208358716589,102.262877195131,48.7185312963291));
#3518=CARTESIAN_POINT('Ctrl Pts',(-56.7520424011753,102.325192246305,48.6396811804288));
#3519=CARTESIAN_POINT('Ctrl Pts',(-57.2957260857617,102.387507297479,48.5608310645286));
#3520=CARTESIAN_POINT('Ctrl Pts',(-57.7885040724287,102.706276057391,48.3336531113125));
#3521=CARTESIAN_POINT('Ctrl Pts',(-58.0047358704343,103.127040604169,48.047482778709));
#3522=CARTESIAN_POINT('Ctrl Pts',(-58.22096766844,103.547805150947,47.7613124461054));
#3523=CARTESIAN_POINT('Ctrl Pts',(-58.1606532777843,104.070565484591,47.4161497341142));
#3524=CARTESIAN_POINT('Ctrl Pts',(-57.851410343583,104.447456999579,47.155354709803));
#3525=CARTESIAN_POINT('Ctrl Pts',(-57.5421674093818,104.824348514567,46.8945596854917));
#3526=CARTESIAN_POINT('Ctrl Pts',(-56.983995931635,105.055371210899,46.7181323488602));
#3527=CARTESIAN_POINT('Ctrl Pts',(-56.4324797521643,105.026245645015,46.6921697074196));
#3528=CARTESIAN_POINT('Ctrl Pts',(-55.8809635726937,104.997120079132,46.666207065979));
#3529=CARTESIAN_POINT('Ctrl Pts',(-55.3361026914992,104.707846251034,46.7907091197293));
#3530=CARTESIAN_POINT('Ctrl Pts',(-55.0473860990507,104.28238580113,46.9939788668114));
#3531=CARTESIAN_POINT('Ctrl Pts',(-54.8880197474376,104.047539306574,47.106180100939));
#3532=CARTESIAN_POINT('Ctrl Pts',(-54.806696484863,103.771198915342,47.242380597881));
#3533=CARTESIAN_POINT('Ctrl Pts',(-54.8059246645361,103.49518765533,47.3783907317266));
#3534=CARTESIAN_POINT('Origin',(-56.4694281251867,102.580110027428,45.795318650212));
#3535=CARTESIAN_POINT('',(-54.8019675353865,103.144010845798,46.7728533516221));
#3536=CARTESIAN_POINT('',(-54.8011787147721,103.242511180673,46.938793997216));
#3537=CARTESIAN_POINT('',(-54.8034281251867,102.580110027428,45.795318650212));
#3538=CARTESIAN_POINT('',(-57.5488938543782,104.468179198259,46.5228249265572));
#3539=CARTESIAN_POINT('Ctrl Pts',(-54.8011787147721,103.242511180673,46.938793997216));
#3540=CARTESIAN_POINT('Ctrl Pts',(-54.8008408660594,103.289182878638,46.9158236748715));
#3541=CARTESIAN_POINT('Ctrl Pts',(-54.8030529083071,103.335829318187,46.8928679615043));
#3542=CARTESIAN_POINT('Ctrl Pts',(-54.8079089937956,103.382260456996,46.870036773897));
#3543=CARTESIAN_POINT('Ctrl Pts',(-54.8595733343583,103.876245617236,46.6271336671066));
#3544=CARTESIAN_POINT('Ctrl Pts',(-55.2105176693068,104.345860826596,46.3983256659293));
#3545=CARTESIAN_POINT('Ctrl Pts',(-55.7000463119336,104.584567104687,46.3030708996049));
#3546=CARTESIAN_POINT('Ctrl Pts',(-56.1895749545605,104.823273382778,46.2078161332806));
#3547=CARTESIAN_POINT('Ctrl Pts',(-56.8176879048656,104.831070729601,46.2461146018092));
#3548=CARTESIAN_POINT('Ctrl Pts',(-57.296775521738,104.612884098456,46.4151178079878));
#3549=CARTESIAN_POINT('Ctrl Pts',(-57.3863543156497,104.572088021544,46.4467176716526));
#3550=CARTESIAN_POINT('Ctrl Pts',(-57.4707230746611,104.523391379104,46.4828870687592));
#3551=CARTESIAN_POINT('Ctrl Pts',(-57.5488938543782,104.468179198259,46.5228249265572));
#3552=CARTESIAN_POINT('',(-57.4819124789495,104.466786708588,46.4147744056514));
#3553=CARTESIAN_POINT('Origin',(-56.4694281251867,104.466786708588,49.0573174821798));
#3554=CARTESIAN_POINT('',(-58.0023216825541,103.886366877159,46.7504779474516));
#3555=CARTESIAN_POINT('Origin',(-56.4694281251867,103.321512850915,47.0771785302753));
#3556=CARTESIAN_POINT('',(-57.8845650837822,104.142843401681,46.7511661331684));
#3557=CARTESIAN_POINT('Origin',(-56.4694281251867,103.132555587873,46.7504779474516));
#3558=CARTESIAN_POINT('Ctrl Pts',(-57.8845650837822,104.142843401681,46.7511661331684));
#3559=CARTESIAN_POINT('Ctrl Pts',(-58.0308112683295,103.947186954971,46.8857430095042));
#3560=CARTESIAN_POINT('Ctrl Pts',(-58.1208708027217,103.721483613299,47.0376984254981));
#3561=CARTESIAN_POINT('Ctrl Pts',(-58.1358285359853,103.492251060557,47.1916950685349));
#3562=CARTESIAN_POINT('Ctrl Pts',(-58.1657316499204,103.033975262914,47.499561179075));
#3563=CARTESIAN_POINT('Ctrl Pts',(-57.8954755943509,102.56159427674,47.8155854563268));
#3564=CARTESIAN_POINT('Ctrl Pts',(-57.4488092313328,102.299904259076,48.0097501751625));
#3565=CARTESIAN_POINT('Ctrl Pts',(-57.0021428683146,102.038214241412,48.2039148939981));
#3566=CARTESIAN_POINT('Ctrl Pts',(-56.3790661978478,101.987215192257,48.2762200544177));
#3567=CARTESIAN_POINT('Ctrl Pts',(-55.8648828127804,102.178754661068,48.2082456532244));
#3568=CARTESIAN_POINT('Ctrl Pts',(-55.350699427713,102.370294129879,48.1402712520311));
#3569=CARTESIAN_POINT('Ctrl Pts',(-54.9454093280451,102.804372116657,47.9320172892251));
#3570=CARTESIAN_POINT('Ctrl Pts',(-54.8345927572415,103.290721893771,47.6935303395324));
#3571=CARTESIAN_POINT('Ctrl Pts',(-54.8121310952734,103.389301232697,47.6451908790261));
#3572=CARTESIAN_POINT('Ctrl Pts',(-54.80176762945,103.490028113966,47.5956093217962));
#3573=CARTESIAN_POINT('Ctrl Pts',(-54.8028020589641,103.590919468422,47.5459326364735));
#3574=CARTESIAN_POINT('Ctrl Pts',(-54.8059246645361,103.49518765533,47.3783907317266));
#3575=CARTESIAN_POINT('Ctrl Pts',(-54.8052982139451,103.271162178217,47.4887838190432));
#3576=CARTESIAN_POINT('Ctrl Pts',(-54.8577375422575,103.047353526578,47.5990514987233));
#3577=CARTESIAN_POINT('Ctrl Pts',(-54.9645838710288,102.846124558371,47.6962595286626));
#3578=CARTESIAN_POINT('Ctrl Pts',(-55.2030705391578,102.396970837224,47.9132330030175));
#3579=CARTESIAN_POINT('Ctrl Pts',(-55.712616179118,102.060310466636,48.0651425113134));
#3580=CARTESIAN_POINT('Ctrl Pts',(-56.2599024849959,101.981803107283,48.06774133878));
#3581=CARTESIAN_POINT('Ctrl Pts',(-56.8071887908739,101.903295747929,48.0703401662466));
#3582=CARTESIAN_POINT('Ctrl Pts',(-57.3922157626694,102.082941399808,47.9236283128839));
#3583=CARTESIAN_POINT('Ctrl Pts',(-57.7471025340716,102.429985989187,47.6800961698462));
#3584=CARTESIAN_POINT('Ctrl Pts',(-58.1019893054738,102.777030578566,47.4365640268084));
#3585=CARTESIAN_POINT('Ctrl Pts',(-58.2267358764826,103.291474105444,47.0962115940956));
#3586=CARTESIAN_POINT('Ctrl Pts',(-58.064221504758,103.729259997168,46.8001964466271));
#3587=CARTESIAN_POINT('Ctrl Pts',(-57.9017071330334,104.167045888891,46.5041812991585));
#3588=CARTESIAN_POINT('Ctrl Pts',(-57.4519318185754,104.52817414546,46.2525034369342));
#3589=CARTESIAN_POINT('Ctrl Pts',(-56.9208452115531,104.638791056711,46.1457164645974));
#3590=CARTESIAN_POINT('Ctrl Pts',(-56.3897586045309,104.749407967963,46.0389294922606));
#3591=CARTESIAN_POINT('Ctrl Pts',(-55.7773607049444,104.609513533897,46.0770334098113));
#3592=CARTESIAN_POINT('Ctrl Pts',(-55.3640656654,104.274668497161,46.2278929643144));
#3593=CARTESIAN_POINT('Ctrl Pts',(-55.0133157157358,103.990496492799,46.3559225221012));
#3594=CARTESIAN_POINT('Ctrl Pts',(-54.8059668214779,103.565914038435,46.5651627532985));
#3595=CARTESIAN_POINT('Ctrl Pts',(-54.8019675353865,103.144010845798,46.7728533516221));
#3596=CARTESIAN_POINT('Origin',(-56.4694281251867,102.580110027428,45.795318650212));
#3597=CARTESIAN_POINT('',(-54.8018789708219,102.7957263189,46.165643131495));
#3598=CARTESIAN_POINT('',(-54.8055210853268,102.89207034145,46.3328309461986));
#3599=CARTESIAN_POINT('',(-54.8034281251867,102.580110027428,45.795318650212));
#3600=CARTESIAN_POINT('',(-57.7384990050389,103.514444931766,45.2549175136043));
#3601=CARTESIAN_POINT('Ctrl Pts',(-54.8018789708219,102.7957263189,46.165643131495));
#3602=CARTESIAN_POINT('Ctrl Pts',(-54.8058100345539,102.370977504542,46.3747235746312));
#3603=CARTESIAN_POINT('Ctrl Pts',(-55.0163961828484,101.943612620099,46.5853171018243));
#3604=CARTESIAN_POINT('Ctrl Pts',(-55.3715035206078,101.659172092483,46.7132459607917));
#3605=CARTESIAN_POINT('Ctrl Pts',(-55.7870050259297,101.326355913172,46.8629320636202));
#3606=CARTESIAN_POINT('Ctrl Pts',(-56.4003662728258,101.189213298487,46.8994443823619));
#3607=CARTESIAN_POINT('Ctrl Pts',(-56.9304319510175,101.302770450737,46.7909568318164));
#3608=CARTESIAN_POINT('Ctrl Pts',(-57.4604976292092,101.416327602988,46.6824692812709));
#3609=CARTESIAN_POINT('Ctrl Pts',(-57.9072677386965,101.780584522175,46.4289818614382));
#3610=CARTESIAN_POINT('Ctrl Pts',(-58.0665217938072,102.218401956539,46.1329484703197));
#3611=CARTESIAN_POINT('Ctrl Pts',(-58.2257758489179,102.656219390904,45.8369150792012));
#3612=CARTESIAN_POINT('Ctrl Pts',(-58.097513849652,103.167597340445,45.4983357167969));
#3613=CARTESIAN_POINT('Ctrl Pts',(-57.7384990050389,103.514444931766,45.2549175136043));
#3614=CARTESIAN_POINT('',(-55.1979014048865,103.516102386234,45.2539588741764));
#3615=CARTESIAN_POINT('Origin',(-56.4694281251867,102.580110027428,45.7953186502121));
#3616=CARTESIAN_POINT('Ctrl Pts',(-55.1979002936722,103.516103136196,45.2539584404128));
#3617=CARTESIAN_POINT('Ctrl Pts',(-55.5490253666553,103.890775660236,45.07925259151));
#3618=CARTESIAN_POINT('Ctrl Pts',(-56.1197608548063,104.104763205991,44.9974838088538));
#3619=CARTESIAN_POINT('Ctrl Pts',(-56.6576136903971,104.070087767721,45.0595368598623));
#3620=CARTESIAN_POINT('Ctrl Pts',(-57.2058509217826,104.034742846182,45.1227879773293));
#3621=CARTESIAN_POINT('Ctrl Pts',(-57.7199235036551,103.741040309467,45.3354681145662));
#3622=CARTESIAN_POINT('Ctrl Pts',(-57.9647750194211,103.331729976295,45.6150135527952));
#3623=CARTESIAN_POINT('Ctrl Pts',(-58.2096265351871,102.922419643123,45.8945589910242));
#3624=CARTESIAN_POINT('Ctrl Pts',(-58.1852569848467,102.397501513494,46.2409697302454));
#3625=CARTESIAN_POINT('Ctrl Pts',(-57.9026666060372,102.005933541457,46.5102533318688));
#3626=CARTESIAN_POINT('Ctrl Pts',(-57.6200762272277,101.61436556942,46.7795369334922));
#3627=CARTESIAN_POINT('Ctrl Pts',(-57.0792650199491,101.356147754974,46.9716933975178));
#3628=CARTESIAN_POINT('Ctrl Pts',(-56.5279422044223,101.357961959066,47.0134523994343));
#3629=CARTESIAN_POINT('Ctrl Pts',(-55.9766193888955,101.359776163159,47.0552114013509));
#3630=CARTESIAN_POINT('Ctrl Pts',(-55.4147849651205,101.621622385789,46.9465729411584));
#3631=CARTESIAN_POINT('Ctrl Pts',(-55.0996648678826,102.032121471249,46.7519565562836));
#3632=CARTESIAN_POINT('Ctrl Pts',(-54.9076553334992,102.282247499246,46.6333725568156));
#3633=CARTESIAN_POINT('Ctrl Pts',(-54.8072441710764,102.587564323876,46.4828672739913));
#3634=CARTESIAN_POINT('Ctrl Pts',(-54.8055210853268,102.89207034145,46.3328309461986));
#3635=CARTESIAN_POINT('Origin',(-56.4694281251867,101.806113565406,44.4571054946265));
#3636=CARTESIAN_POINT('',(-54.4138911562032,104.407098826218,48.9504551679586));
#3637=CARTESIAN_POINT('',(-54.4163998735337,104.433333556249,49.0024566739712));
#3638=CARTESIAN_POINT('',(-54.4146781251867,101.806113565406,44.4571054946265));
#3639=CARTESIAN_POINT('',(-58.286856013946,105.412604317573,48.7779231375619));
#3640=CARTESIAN_POINT('Ctrl Pts',(-54.4163998735337,104.433333556249,49.0024566739712));
#3641=CARTESIAN_POINT('Ctrl Pts',(-54.4194307484646,104.838202790444,48.796624120707));
#3642=CARTESIAN_POINT('Ctrl Pts',(-54.7906725581571,105.858823060918,48.2774614461991));
#3643=CARTESIAN_POINT('Ctrl Pts',(-56.6835468237762,106.62012942813,47.9510891921702));
#3644=CARTESIAN_POINT('Ctrl Pts',(-57.9680009045186,105.917339072652,48.4431860696297));
#3645=CARTESIAN_POINT('Ctrl Pts',(-58.286856013946,105.412604317573,48.7779231375619));
#3646=CARTESIAN_POINT('',(-58.5266326240545,104.517482416724,49.295644235613));
#3647=CARTESIAN_POINT('Origin',(-56.4694281251867,104.582784986604,49.2578744992763));
#3648=CARTESIAN_POINT('Ctrl Pts',(-54.4138911562032,104.407098826218,48.9504551679586));
#3649=CARTESIAN_POINT('Ctrl Pts',(-54.4126070515165,104.531417798867,48.8872816987791));
#3650=CARTESIAN_POINT('Ctrl Pts',(-54.4890206421627,105.264117057302,48.515041207086));
#3651=CARTESIAN_POINT('Ctrl Pts',(-55.5926001748022,106.433285301228,47.9331638454341));
#3652=CARTESIAN_POINT('Ctrl Pts',(-57.8822354248431,106.230475994312,48.1780788605569));
#3653=CARTESIAN_POINT('Ctrl Pts',(-58.5502108330955,105.076693232028,48.9302101243182));
#3654=CARTESIAN_POINT('Ctrl Pts',(-58.5266343564429,104.517482297778,49.2956443044085));
#3655=CARTESIAN_POINT('Origin',(-56.4694281251867,101.806113565406,44.4571054946265));
#3656=CARTESIAN_POINT('',(-54.4179072623218,104.055036670578,48.3454298548238));
#3657=CARTESIAN_POINT('',(-54.4113186965256,104.083706664396,48.3960228516265));
#3658=CARTESIAN_POINT('',(-54.4146781251867,101.806113565406,44.4571054946265));
#3659=CARTESIAN_POINT('Ctrl Pts',(-54.4113186965256,104.083706664396,48.3960228516265));
#3660=CARTESIAN_POINT('Ctrl Pts',(-54.4135248576026,104.666193969823,48.1001600523608));
#3661=CARTESIAN_POINT('Ctrl Pts',(-55.1013416844985,105.859790500773,47.4936518649142));
#3662=CARTESIAN_POINT('Ctrl Pts',(-57.3785721045805,106.142978638719,47.4565144875496));
#3663=CARTESIAN_POINT('Ctrl Pts',(-58.8549930007931,104.644572465205,48.4515883823531));
#3664=CARTESIAN_POINT('Ctrl Pts',(-58.146910760508,102.783626636237,49.6563481627668));
#3665=CARTESIAN_POINT('Ctrl Pts',(-55.9022396132224,102.315731359825,50.0553945972933));
#3666=CARTESIAN_POINT('Ctrl Pts',(-54.558256414514,103.409797790244,49.522696822073));
#3667=CARTESIAN_POINT('Ctrl Pts',(-54.4148518771776,104.226549669252,49.1075840875647));
#3668=CARTESIAN_POINT('Ctrl Pts',(-54.4163998735337,104.433333556249,49.0024566739712));
#3669=CARTESIAN_POINT('Ctrl Pts',(-54.4179072623218,104.055036670578,48.3454298548238));
#3670=CARTESIAN_POINT('Ctrl Pts',(-54.4179175742576,104.361666101294,48.1895121543612));
#3671=CARTESIAN_POINT('Ctrl Pts',(-54.6625160517906,105.280803961108,47.7221397935827));
#3672=CARTESIAN_POINT('Ctrl Pts',(-56.2913229588196,106.235555226122,47.2769776341668));
#3673=CARTESIAN_POINT('Ctrl Pts',(-58.4085005819657,105.460571305846,47.8536381676779));
#3674=CARTESIAN_POINT('Ctrl Pts',(-58.7499189619733,103.525879042216,49.1010514515913));
#3675=CARTESIAN_POINT('Ctrl Pts',(-57.0028378780714,102.254226949941,49.9649751959903));
#3676=CARTESIAN_POINT('Ctrl Pts',(-54.9193356471103,102.819884394879,49.7575046315598));
#3677=CARTESIAN_POINT('Ctrl Pts',(-54.4189036196848,103.921823508023,49.1970508782064));
#3678=CARTESIAN_POINT('Ctrl Pts',(-54.4138911562032,104.407098826218,48.9504551679586));
#3679=CARTESIAN_POINT('Origin',(-56.4694281251867,101.806113565406,44.4571054946265));
#3680=CARTESIAN_POINT('',(-54.4139059705823,103.702992739565,47.7403940009197));
#3681=CARTESIAN_POINT('',(-54.414993367072,103.735311137075,47.7888768319847));
#3682=CARTESIAN_POINT('',(-54.4146781251867,101.806113565406,44.4571054946265));
#3683=CARTESIAN_POINT('',(-54.8364811091509,104.465628379032,46.5743043700165));
#3684=CARTESIAN_POINT('Ctrl Pts',(-54.836481109151,104.465628379032,46.5743043700165));
#3685=CARTESIAN_POINT('Ctrl Pts',(-55.0195543416412,104.683507661547,46.4672341439146));
#3686=CARTESIAN_POINT('Ctrl Pts',(-55.7814009373968,105.283809680813,46.1817863469688));
#3687=CARTESIAN_POINT('Ctrl Pts',(-57.6736309264681,105.296725107708,46.2788798331332));
#3688=CARTESIAN_POINT('Ctrl Pts',(-58.8948712810258,103.640292832878,47.3653529514578));
#3689=CARTESIAN_POINT('Ctrl Pts',(-57.8949157644927,101.879481316269,48.5121969931344));
#3690=CARTESIAN_POINT('Ctrl Pts',(-55.5895133839854,101.677795613146,48.7572729880325));
#3691=CARTESIAN_POINT('Ctrl Pts',(-54.4884715653403,102.847508827019,48.1750271315056));
#3692=CARTESIAN_POINT('Ctrl Pts',(-54.4126301638332,103.579436561239,47.8031795795554));
#3693=CARTESIAN_POINT('Ctrl Pts',(-54.4139059705823,103.702992739565,47.7403940009197));
#3694=CARTESIAN_POINT('',(-54.8066008097256,104.467630441146,46.6377936744198));
#3695=CARTESIAN_POINT('Origin',(-56.4694281251867,104.466786708588,49.0573174821798));
#3696=CARTESIAN_POINT('Ctrl Pts',(-54.8066008097256,104.467630441146,46.6377936744198));
#3697=CARTESIAN_POINT('Ctrl Pts',(-55.1788555335068,104.921006750462,46.4149649141027));
#3698=CARTESIAN_POINT('Ctrl Pts',(-56.4705359886212,105.548674130923,46.1341378903354));
#3699=CARTESIAN_POINT('Ctrl Pts',(-58.4809010472156,104.703957633164,46.7477173673281));
#3700=CARTESIAN_POINT('Ctrl Pts',(-58.7040661027975,102.756741018929,48.0023744920432));
#3701=CARTESIAN_POINT('Ctrl Pts',(-56.8807727628742,101.5642993497,48.8204844683312));
#3702=CARTESIAN_POINT('Ctrl Pts',(-54.8679916700638,102.209607608761,48.5647468099749));
#3703=CARTESIAN_POINT('Ctrl Pts',(-54.4195682611024,103.28076205178,48.0198996989043));
#3704=CARTESIAN_POINT('Ctrl Pts',(-54.414993367072,103.735311137075,47.7888768319847));
#3705=CARTESIAN_POINT('Origin',(-56.4694281251867,101.806113565406,44.4571054946265));
#3706=CARTESIAN_POINT('',(-54.4119038298389,103.355065099446,47.1329773644204));
#3707=CARTESIAN_POINT('',(-54.4177572153597,103.382720598799,47.1841571250903));
#3708=CARTESIAN_POINT('',(-54.4146781251867,101.806113565406,44.4571054946265));
#3709=CARTESIAN_POINT('',(-54.6498930105491,104.242487654165,46.7493918195585));
#3710=CARTESIAN_POINT('Ctrl Pts',(-54.4177572153597,103.382720598799,47.1841571250903));
#3711=CARTESIAN_POINT('Ctrl Pts',(-54.4185965910044,103.68078323598,47.0325992386616));
#3712=CARTESIAN_POINT('Ctrl Pts',(-54.4966808339885,103.979161493797,46.8808588033954));
#3713=CARTESIAN_POINT('Ctrl Pts',(-54.6498889419059,104.242490838069,46.7493899780503));
#3714=CARTESIAN_POINT('',(-54.5982666558594,104.109046721461,46.751566406805));
#3715=CARTESIAN_POINT('Origin',(-56.4694281251867,103.132555587873,46.7504779474516));
#3716=CARTESIAN_POINT('Ctrl Pts',(-54.4119038298389,103.355065099446,47.1329773644204));
#3717=CARTESIAN_POINT('Ctrl Pts',(-54.4114871463801,103.412220409911,47.1039435245041));
#3718=CARTESIAN_POINT('Ctrl Pts',(-54.4238449178763,103.67097172406,46.9725125796463));
#3719=CARTESIAN_POINT('Ctrl Pts',(-54.5031106893105,103.92427481346,46.8442327820191));
#3720=CARTESIAN_POINT('Ctrl Pts',(-54.5982666558594,104.109046721461,46.751566406805));
#3721=CARTESIAN_POINT('Origin',(-56.4694281251867,101.806113565406,44.4571054946265));
#3722=CARTESIAN_POINT('',(-54.4172594636308,103.004630625512,46.5270106318445));
#3723=CARTESIAN_POINT('',(-54.412876716488,103.031378420787,46.5787153908989));
#3724=CARTESIAN_POINT('',(-54.4146781251867,101.806113565406,44.4571054946265));
#3725=CARTESIAN_POINT('Ctrl Pts',(-54.412876716488,103.031378420787,46.5787153908989));
#3726=CARTESIAN_POINT('Ctrl Pts',(-54.417809209343,103.548055836675,46.3162092251286));
#3727=CARTESIAN_POINT('Ctrl Pts',(-54.9748756938662,104.68074178342,45.7402240082595));
#3728=CARTESIAN_POINT('Ctrl Pts',(-57.12646512195,105.159912215454,45.5850277570276));
#3729=CARTESIAN_POINT('Ctrl Pts',(-58.7906472841037,103.810739137301,46.4937881319378));
#3730=CARTESIAN_POINT('Ctrl Pts',(-58.3290812274763,101.894294957704,47.7306470789569));
#3731=CARTESIAN_POINT('Ctrl Pts',(-56.1644638740005,101.216612963557,48.2510300708386));
#3732=CARTESIAN_POINT('Ctrl Pts',(-54.6260198642606,102.222475654561,47.7740541496691));
#3733=CARTESIAN_POINT('Ctrl Pts',(-54.4169845866971,103.108359842432,47.3236631589469));
#3734=CARTESIAN_POINT('Ctrl Pts',(-54.4177572153597,103.382720598799,47.1841571250903));
#3735=CARTESIAN_POINT('Ctrl Pts',(-54.4172594636308,103.004630625512,46.5270106318445));
#3736=CARTESIAN_POINT('Ctrl Pts',(-54.4158968792536,103.243737022506,46.4054404141528));
#3737=CARTESIAN_POINT('Ctrl Pts',(-54.5891618284918,104.093409020745,45.9735392299898));
#3738=CARTESIAN_POINT('Ctrl Pts',(-56.0271623314172,105.148540662024,45.4656124865955));
#3739=CARTESIAN_POINT('Ctrl Pts',(-58.2366757533011,104.579216693129,45.9233233041475));
#3740=CARTESIAN_POINT('Ctrl Pts',(-58.8277707406746,102.688846325237,47.1451016655914));
#3741=CARTESIAN_POINT('Ctrl Pts',(-57.2591157737674,101.259591911703,48.1001795273685));
#3742=CARTESIAN_POINT('Ctrl Pts',(-55.0390805904425,101.639044760169,48.0051126066726));
#3743=CARTESIAN_POINT('Ctrl Pts',(-54.4159202800585,102.804139800164,47.4128372202252));
#3744=CARTESIAN_POINT('Ctrl Pts',(-54.4119038298389,103.355065099446,47.1329773644204));
#3745=CARTESIAN_POINT('Origin',(-56.4694281251867,101.806113565406,44.4571054946265));
#3746=CARTESIAN_POINT('',(-54.4167924307424,102.651644285305,45.9225198490885));
#3747=CARTESIAN_POINT('',(-54.4127674859724,102.68360342029,45.9712104706111));
#3748=CARTESIAN_POINT('',(-54.4146781251867,101.806113565406,44.4571054946265));
#3749=CARTESIAN_POINT('',(-55.9392579079985,100.861665784237,46.7892333781176));
#3750=CARTESIAN_POINT('Ctrl Pts',(-55.9392579079985,100.861665784237,46.7892333781176));
#3751=CARTESIAN_POINT('Ctrl Pts',(-55.2789518549105,101.03286951553,46.7330207719912));
#3752=CARTESIAN_POINT('Ctrl Pts',(-54.5444476681219,101.660611613969,46.4261386921148));
#3753=CARTESIAN_POINT('Ctrl Pts',(-54.4151885994767,102.460613079669,46.0196251445213));
#3754=CARTESIAN_POINT('Ctrl Pts',(-54.4167924307424,102.651644285305,45.9225198490885));
#3755=CARTESIAN_POINT('',(-57.0007463419986,100.858493082663,46.7910684070011));
#3756=CARTESIAN_POINT('Origin',(-56.4694281251867,102.580110027428,45.795318650212));
#3757=CARTESIAN_POINT('Ctrl Pts',(-57.0007468612016,100.858491647753,46.7910692369254));
#3758=CARTESIAN_POINT('Ctrl Pts',(-56.3556808899646,100.728309884664,46.9083612886884));
#3759=CARTESIAN_POINT('Ctrl Pts',(-54.9754818475058,101.039252589327,46.8071015378855));
#3760=CARTESIAN_POINT('Ctrl Pts',(-54.4176158372349,102.163442266003,46.235475555469));
#3761=CARTESIAN_POINT('Ctrl Pts',(-54.4127674859724,102.68360342029,45.9712104706111));
#3762=CARTESIAN_POINT('Origin',(59.5262046311118,102.588037024029,45.7907338295518));
#3763=CARTESIAN_POINT('',(61.1908103670579,104.553877181592,49.1920189502895));
#3764=CARTESIAN_POINT('',(61.1922046311118,104.590711983205,49.253289678616));
#3765=CARTESIAN_POINT('',(61.1922046311118,102.588037024029,45.7907338295518));
#3766=CARTESIAN_POINT('',(60.8633116905557,105.455520746301,48.7531011098755));
#3767=CARTESIAN_POINT('Origin',(59.5262046311118,104.590711983205,49.253289678616));
#3768=CARTESIAN_POINT('Ctrl Pts',(60.8633127612312,105.455521501546,48.7531006730566));
#3769=CARTESIAN_POINT('Ctrl Pts',(61.0752310908307,105.197392305765,48.8748724924339));
#3770=CARTESIAN_POINT('Ctrl Pts',(61.1884230817019,104.875010429883,49.0338068123185));
#3771=CARTESIAN_POINT('Ctrl Pts',(61.1908103670579,104.553877181592,49.1920189502895));
#3772=CARTESIAN_POINT('Origin',(59.5262046311118,102.588037024029,45.7907338295518));
#3773=CARTESIAN_POINT('',(61.1949296797917,104.204091291256,48.5856770895744));
#3774=CARTESIAN_POINT('',(61.1928438070191,104.302352890822,48.7517558150273));
#3775=CARTESIAN_POINT('',(61.1922046311118,102.588037024029,45.7907338295518));
#3776=CARTESIAN_POINT('',(60.2961066717824,103.311788830765,49.992993955962));
#3777=CARTESIAN_POINT('Ctrl Pts',(61.1928438070191,104.302352890822,48.7517558150273));
#3778=CARTESIAN_POINT('Ctrl Pts',(61.1938849619472,104.403867163093,48.7017721410131));
#3779=CARTESIAN_POINT('Ctrl Pts',(61.1833900331586,104.505214695828,48.651884905904));
#3780=CARTESIAN_POINT('Ctrl Pts',(61.1606476415123,104.604374814923,48.6032628283006));
#3781=CARTESIAN_POINT('Ctrl Pts',(61.0491310176828,105.090603434671,48.3648459536721));
#3782=CARTESIAN_POINT('Ctrl Pts',(60.6431362358193,105.524237852102,48.1568485427491));
#3783=CARTESIAN_POINT('Ctrl Pts',(60.1287647498292,105.715229752517,48.0891908444663));
#3784=CARTESIAN_POINT('Ctrl Pts',(59.6143932638391,105.906221652932,48.0215331461834));
#3785=CARTESIAN_POINT('Ctrl Pts',(58.9916450737224,105.854571036332,48.0942151605406));
#3786=CARTESIAN_POINT('Ctrl Pts',(58.5452474264073,105.592397462666,48.2886595587629));
#3787=CARTESIAN_POINT('Ctrl Pts',(58.0988497790921,105.330223889,48.4831039569852));
#3788=CARTESIAN_POINT('Ctrl Pts',(57.8288026745784,104.857527358268,48.7993107390725));
#3789=CARTESIAN_POINT('Ctrl Pts',(57.859640745405,104.399342655767,49.1071241619548));
#3790=CARTESIAN_POINT('Ctrl Pts',(57.8904788162316,103.941157953265,49.4149375848371));
#3791=CARTESIAN_POINT('Ctrl Pts',(58.2222020623984,103.497485078993,49.7143576485145));
#3792=CARTESIAN_POINT('Ctrl Pts',(58.7007536147218,103.280085508347,49.8829056342087));
#3793=CARTESIAN_POINT('Ctrl Pts',(59.1793051670452,103.0626859377,50.051453619903));
#3794=CARTESIAN_POINT('Ctrl Pts',(59.8046850255252,103.071559670678,50.0891295276141));
#3795=CARTESIAN_POINT('Ctrl Pts',(60.2961066717825,103.311788830765,49.992993955962));
#3796=CARTESIAN_POINT('Origin',(59.5262046311118,104.590711983205,49.253289678616));
#3797=CARTESIAN_POINT('Ctrl Pts',(61.1908103670579,104.553877181592,49.1920189502895));
#3798=CARTESIAN_POINT('Ctrl Pts',(61.1920655734315,104.385029122003,49.2752050191315));
#3799=CARTESIAN_POINT('Ctrl Pts',(61.1626884656401,104.216526249493,49.3581914384807));
#3800=CARTESIAN_POINT('Ctrl Pts',(61.1009233828561,104.057889559914,49.4354714495122));
#3801=CARTESIAN_POINT('Ctrl Pts',(60.9182263351595,103.58865267823,49.6640606333199));
#3802=CARTESIAN_POINT('Ctrl Pts',(60.4521547668756,103.205738725305,49.842722314045));
#3803=CARTESIAN_POINT('Ctrl Pts',(59.9157874475418,103.075755299162,49.8750938973745));
#3804=CARTESIAN_POINT('Ctrl Pts',(59.379420128208,102.945771873019,49.907465480704));
#3805=CARTESIAN_POINT('Ctrl Pts',(58.7727570578244,103.068718973657,49.7935469666381));
#3806=CARTESIAN_POINT('Ctrl Pts',(58.3737393500447,103.379914753451,49.5707490778338));
#3807=CARTESIAN_POINT('Ctrl Pts',(57.974721642265,103.691110533245,49.3479511890295));
#3808=CARTESIAN_POINT('Ctrl Pts',(57.7833492970892,104.190554992195,49.0162739254869));
#3809=CARTESIAN_POINT('Ctrl Pts',(57.8871780335731,104.641007978061,48.7129323771307));
#3810=CARTESIAN_POINT('Ctrl Pts',(57.991006770057,105.091460963928,48.4095908287746));
#3811=CARTESIAN_POINT('Ctrl Pts',(58.3900365882007,105.492922476711,48.134584995605));
#3812=CARTESIAN_POINT('Ctrl Pts',(58.901587950917,105.653094427709,47.9991363520846));
#3813=CARTESIAN_POINT('Ctrl Pts',(59.4131393136334,105.813266378707,47.8636877085642));
#3814=CARTESIAN_POINT('Ctrl Pts',(60.0372122209224,105.732148767919,47.8677962546929));
#3815=CARTESIAN_POINT('Ctrl Pts',(60.4880308051288,105.438378091606,47.9948991979906));
#3816=CARTESIAN_POINT('Ctrl Pts',(60.9201906677746,105.156766153739,48.1167415364428));
#3817=CARTESIAN_POINT('Ctrl Pts',(61.1931409066321,104.679739671765,48.3516078465508));
#3818=CARTESIAN_POINT('Ctrl Pts',(61.1949296797917,104.204091291256,48.5856770895744));
#3819=CARTESIAN_POINT('Origin',(59.5262046311118,102.588037024029,45.7907338295518));
#3820=CARTESIAN_POINT('',(61.1919502338318,103.855303638247,47.9787578678043));
#3821=CARTESIAN_POINT('',(61.1895876299378,103.950592259193,48.1465561062694));
#3822=CARTESIAN_POINT('',(61.1922046311118,102.588037024029,45.7907338295518));
#3823=CARTESIAN_POINT('Ctrl Pts',(61.1895876299378,103.950592259193,48.1465561062694));
#3824=CARTESIAN_POINT('Ctrl Pts',(61.1895792682514,104.200966137842,48.0231755229967));
#3825=CARTESIAN_POINT('Ctrl Pts',(61.1234172150938,104.451343290568,47.8997930460623));
#3826=CARTESIAN_POINT('Ctrl Pts',(60.9911237289933,104.670480430951,47.7944791846734));
#3827=CARTESIAN_POINT('Ctrl Pts',(60.7268657488466,105.108209753836,47.5841133600784));
#3828=CARTESIAN_POINT('Ctrl Pts',(60.1987394597624,105.421289589161,47.4458423747555));
#3829=CARTESIAN_POINT('Ctrl Pts',(59.6485733394777,105.474857799528,47.4576678660167));
#3830=CARTESIAN_POINT('Ctrl Pts',(59.098407219193,105.528426009895,47.4694933572779));
#3831=CARTESIAN_POINT('Ctrl Pts',(58.5262012677078,105.322482595303,47.6314153251232));
#3832=CARTESIAN_POINT('Ctrl Pts',(58.1939610257982,104.959822989665,47.8839788898656));
#3833=CARTESIAN_POINT('Ctrl Pts',(57.8617207838886,104.597163384027,48.136542454608));
#3834=CARTESIAN_POINT('Ctrl Pts',(57.7694462515546,104.077787587344,48.4797476162475));
#3835=CARTESIAN_POINT('Ctrl Pts',(57.9593992564834,103.648011163884,48.77113024305));
#3836=CARTESIAN_POINT('Ctrl Pts',(58.1493522614121,103.218234740424,49.0625128698525));
#3837=CARTESIAN_POINT('Ctrl Pts',(58.6215328036036,102.878057690188,49.3020729618181));
#3838=CARTESIAN_POINT('Ctrl Pts',(59.1597110498889,102.791739150252,49.3948062287698));
#3839=CARTESIAN_POINT('Ctrl Pts',(59.6978892961742,102.705420610316,49.4875394957216));
#3840=CARTESIAN_POINT('Ctrl Pts',(60.3020652465533,102.87296058068,49.4334459376595));
#3841=CARTESIAN_POINT('Ctrl Pts',(60.6956339888451,103.226141976894,49.2719809894614));
#3842=CARTESIAN_POINT('Ctrl Pts',(61.0089394110184,103.507296536579,49.1434447559515));
#3843=CARTESIAN_POINT('Ctrl Pts',(61.1887796905107,103.906095025043,48.9468655621152));
#3844=CARTESIAN_POINT('Ctrl Pts',(61.1928438070191,104.302352890822,48.7517558150273));
#3845=CARTESIAN_POINT('Ctrl Pts',(61.1949296797917,104.204091291256,48.5856770895744));
#3846=CARTESIAN_POINT('Ctrl Pts',(61.1950069109814,104.183554930849,48.595783148024));
#3847=CARTESIAN_POINT('Ctrl Pts',(61.1945786634443,104.163021139395,48.6058877206414));
#3848=CARTESIAN_POINT('Ctrl Pts',(61.1936359267901,104.142505755655,48.6159816465947));
#3849=CARTESIAN_POINT('Ctrl Pts',(61.1708582031213,103.646827837857,48.8598638114343));
#3850=CARTESIAN_POINT('Ctrl Pts',(60.8477384946599,103.161895744098,49.0975308006469));
#3851=CARTESIAN_POINT('Ctrl Pts',(60.372228078151,102.901259484122,49.2054694419731));
#3852=CARTESIAN_POINT('Ctrl Pts',(59.8967176616421,102.640623224146,49.3134080832993));
#3853=CARTESIAN_POINT('Ctrl Pts',(59.2688165370856,102.604282797952,49.2916183767391));
#3854=CARTESIAN_POINT('Ctrl Pts',(58.7760390739399,102.800384155375,49.1353888633402));
#3855=CARTESIAN_POINT('Ctrl Pts',(58.2832616107942,102.996485512798,48.9791593499413));
#3856=CARTESIAN_POINT('Ctrl Pts',(57.9256078090591,103.425028653839,48.6884900297038));
#3857=CARTESIAN_POINT('Ctrl Pts',(57.8668447079661,103.881289972992,48.3817890543417));
#3858=CARTESIAN_POINT('Ctrl Pts',(57.808081606873,104.337551292146,48.0750880789796));
#3859=CARTESIAN_POINT('Ctrl Pts',(58.048209206422,104.821530789413,47.752355448493));
#3860=CARTESIAN_POINT('Ctrl Pts',(58.4772746901902,105.103121669903,47.5466804576549));
#3861=CARTESIAN_POINT('Ctrl Pts',(58.9063401739584,105.384712550393,47.3410054668168));
#3862=CARTESIAN_POINT('Ctrl Pts',(59.5243435419458,105.463914814105,47.2523881156272));
#3863=CARTESIAN_POINT('Ctrl Pts',(60.0483040628627,105.29596668223,47.3067177463692));
#3864=CARTESIAN_POINT('Ctrl Pts',(60.5722645837796,105.128018550354,47.3610473771112));
#3865=CARTESIAN_POINT('Ctrl Pts',(61.002182257626,104.712920022892,47.5583239897848));
#3866=CARTESIAN_POINT('Ctrl Pts',(61.1412000811488,104.232247288991,47.7935274480965));
#3867=CARTESIAN_POINT('Ctrl Pts',(61.176690874596,104.109533119813,47.85357411798));
#3868=CARTESIAN_POINT('Ctrl Pts',(61.1932218595872,103.982545059148,47.9160927235756));
#3869=CARTESIAN_POINT('Ctrl Pts',(61.1919502338318,103.855303638247,47.9787578678043));
#3870=CARTESIAN_POINT('Origin',(59.5262046311118,102.588037024029,45.7907338295518));
#3871=CARTESIAN_POINT('',(61.1897092922004,103.503114651683,47.3738059112097));
#3872=CARTESIAN_POINT('',(61.1928318978405,103.598846464097,47.5413478163491));
#3873=CARTESIAN_POINT('',(61.1922046311118,102.588037024029,45.7907338295518));
#3874=CARTESIAN_POINT('Ctrl Pts',(61.1928318978405,103.598846464097,47.5413478163491));
#3875=CARTESIAN_POINT('Ctrl Pts',(61.1887628760643,103.995711692494,47.3459400773924));
#3876=CARTESIAN_POINT('Ctrl Pts',(61.008332847467,104.395121834327,47.1490604100014));
#3877=CARTESIAN_POINT('Ctrl Pts',(60.694165529903,104.676377642629,47.0205189111174));
#3878=CARTESIAN_POINT('Ctrl Pts',(60.3001303229195,105.029134547769,46.8592994803013));
#3879=CARTESIAN_POINT('Ctrl Pts',(59.6957169993539,105.196026415968,46.8055807719258));
#3880=CARTESIAN_POINT('Ctrl Pts',(59.1576833267516,105.109129667973,46.8986484631735));
#3881=CARTESIAN_POINT('Ctrl Pts',(58.6196496541492,105.022232919977,46.9917161544211));
#3882=CARTESIAN_POINT('Ctrl Pts',(58.1479956325102,104.681547555786,47.231570245292));
#3883=CARTESIAN_POINT('Ctrl Pts',(57.9586891561156,104.251566988558,47.5230709448798));
#3884=CARTESIAN_POINT('Ctrl Pts',(57.7693826797211,103.821586421329,47.8145716444677));
#3885=CARTESIAN_POINT('Ctrl Pts',(57.8624237485709,103.302310651064,48.1577189527725));
#3886=CARTESIAN_POINT('Ctrl Pts',(58.1952094438721,102.94000872833,48.4100756406801));
#3887=CARTESIAN_POINT('Ctrl Pts',(58.5279951391734,102.577706805595,48.6624323285876));
#3888=CARTESIAN_POINT('Ctrl Pts',(59.100525460926,102.372378730393,48.8239983960978));
#3889=CARTESIAN_POINT('Ctrl Pts',(59.650641499949,102.426538498123,48.8354817420853));
#3890=CARTESIAN_POINT('Ctrl Pts',(60.200757538972,102.480698265853,48.8469650880729));
#3891=CARTESIAN_POINT('Ctrl Pts',(60.7284592952652,102.794345876516,48.7083657125378));
#3892=CARTESIAN_POINT('Ctrl Pts',(60.9921153378072,103.232359087069,48.4978356928367));
#3893=CARTESIAN_POINT('Ctrl Pts',(61.1237792377469,103.451093036689,48.3927017342861));
#3894=CARTESIAN_POINT('Ctrl Pts',(61.18959597083,103.700841019035,48.2696298624053));
#3895=CARTESIAN_POINT('Ctrl Pts',(61.1895876299378,103.950592259193,48.1465561062694));
#3896=CARTESIAN_POINT('Ctrl Pts',(61.1919502338318,103.855303638247,47.9787578678043));
#3897=CARTESIAN_POINT('Ctrl Pts',(61.1882408876879,103.484139031063,48.1615527743454));
#3898=CARTESIAN_POINT('Ctrl Pts',(61.0330499743972,103.110818593693,48.3455945711374));
#3899=CARTESIAN_POINT('Ctrl Pts',(60.7550999587292,102.835134752466,48.4731652596727));
#3900=CARTESIAN_POINT('Ctrl Pts',(60.3818640395874,102.46494189018,48.6444693089874));
#3901=CARTESIAN_POINT('Ctrl Pts',(59.7872742281046,102.270803105945,48.7139471036671));
#3902=CARTESIAN_POINT('Ctrl Pts',(59.2435901512042,102.333118215487,48.6350969540081));
#3903=CARTESIAN_POINT('Ctrl Pts',(58.6999060743038,102.395433325029,48.556246804349));
#3904=CARTESIAN_POINT('Ctrl Pts',(58.2071277319859,102.714202328347,48.3290687103512));
#3905=CARTESIAN_POINT('Ctrl Pts',(57.9908957779282,103.134967192142,48.0428981943911));
#3906=CARTESIAN_POINT('Ctrl Pts',(57.7746638238705,103.555732055937,47.756727678431));
#3907=CARTESIAN_POINT('Ctrl Pts',(57.8349782580731,104.078492780209,47.4115647405086));
#3908=CARTESIAN_POINT('Ctrl Pts',(58.1442214154398,104.45538458057,47.150769551143));
#3909=CARTESIAN_POINT('Ctrl Pts',(58.4534645728066,104.832276380931,46.8899743617774));
#3910=CARTESIAN_POINT('Ctrl Pts',(59.0116364533374,105.063299257382,46.7135469209685));
#3911=CARTESIAN_POINT('Ctrl Pts',(59.5631530307952,105.034173683856,46.687584283948));
#3912=CARTESIAN_POINT('Ctrl Pts',(60.114669608253,105.005048110331,46.6616216469275));
#3913=CARTESIAN_POINT('Ctrl Pts',(60.6595308826376,104.715774086829,46.7861238136954));
#3914=CARTESIAN_POINT('Ctrl Pts',(60.9482476834356,104.290313343313,46.9893937305975));
#3915=CARTESIAN_POINT('Ctrl Pts',(61.107614150054,104.055466686687,47.1015950584626));
#3916=CARTESIAN_POINT('Ctrl Pts',(61.1889374713157,103.779126103463,47.237795666449));
#3917=CARTESIAN_POINT('Ctrl Pts',(61.1897092922004,103.503114651683,47.3738059112097));
#3918=CARTESIAN_POINT('Origin',(59.5262046311118,102.588037024029,45.7907338295518));
#3919=CARTESIAN_POINT('',(61.1936664239276,103.151937845212,46.768268529335));
#3920=CARTESIAN_POINT('',(61.194455243116,103.250438177738,46.934209176287));
#3921=CARTESIAN_POINT('',(61.1922046311118,102.588037024029,45.7907338295518));
#3922=CARTESIAN_POINT('',(58.4355102524358,104.468101308392,46.5240240496211));
#3923=CARTESIAN_POINT('Ctrl Pts',(61.194455243116,103.250438177738,46.934209176287));
#3924=CARTESIAN_POINT('Ctrl Pts',(61.1947930920551,103.297109908045,46.9112388352369));
#3925=CARTESIAN_POINT('Ctrl Pts',(61.1925810481995,103.34375637992,46.8882831031729));
#3926=CARTESIAN_POINT('Ctrl Pts',(61.1877249592018,103.390187550904,46.8654518969562));
#3927=CARTESIAN_POINT('Ctrl Pts',(61.1360605813044,103.884173053455,46.6225485921796));
#3928=CARTESIAN_POINT('Ctrl Pts',(60.7851159938159,104.353788588025,46.3937404029072));
#3929=CARTESIAN_POINT('Ctrl Pts',(60.2955869986331,104.592495024773,46.2984855448188));
#3930=CARTESIAN_POINT('Ctrl Pts',(59.8060580034503,104.831201461521,46.2032306867303));
#3931=CARTESIAN_POINT('Ctrl Pts',(59.1779446005732,104.838998800448,46.2415291598258));
#3932=CARTESIAN_POINT('Ctrl Pts',(58.6988566385708,104.620811998737,46.4105324646566));
#3933=CARTESIAN_POINT('Ctrl Pts',(58.604972520864,104.578055183708,46.44365107214));
#3934=CARTESIAN_POINT('Ctrl Pts',(58.5168112767964,104.526620127744,46.4817890053952));
#3935=CARTESIAN_POINT('Ctrl Pts',(58.4355102524357,104.468101308392,46.5240240496212));
#3936=CARTESIAN_POINT('',(58.5018649018516,104.466786708588,46.4147744056511));
#3937=CARTESIAN_POINT('Origin',(59.5262046311118,104.466786708588,49.0390271581275));
#3938=CARTESIAN_POINT('',(57.9894451445888,103.886366877159,46.7504779474516));
#3939=CARTESIAN_POINT('Origin',(59.5262046311118,103.329439847516,47.072593709615));
#3940=CARTESIAN_POINT('',(58.106096551943,104.144080798066,46.751181355281));
#3941=CARTESIAN_POINT('Origin',(59.5262046311118,103.143134355572,46.7504779474516));
#3942=CARTESIAN_POINT('Ctrl Pts',(58.106096551943,104.144080798066,46.751181355281));
#3943=CARTESIAN_POINT('Ctrl Pts',(57.9627806979078,103.94997780403,46.8846161087651));
#3944=CARTESIAN_POINT('Ctrl Pts',(57.8745905754958,103.726802638833,47.0348656406186));
#3945=CARTESIAN_POINT('Ctrl Pts',(57.8598030199835,103.500178113582,47.1871102152397));
#3946=CARTESIAN_POINT('Ctrl Pts',(57.8298998845266,103.041901972487,47.4949765244258));
#3947=CARTESIAN_POINT('Ctrl Pts',(58.1001561347406,102.569520632647,47.8110010062318));
#3948=CARTESIAN_POINT('Ctrl Pts',(58.546822819491,102.307830413109,48.0051658418274));
#3949=CARTESIAN_POINT('Ctrl Pts',(58.9934895042413,102.04614019357,48.199330677423));
#3950=CARTESIAN_POINT('Ctrl Pts',(59.6165666235279,101.995141094335,48.2716358668083));
#3951=CARTESIAN_POINT('Ctrl Pts',(60.1307503789836,102.186680687756,48.2036613935432));
#3952=CARTESIAN_POINT('Ctrl Pts',(60.6449341344394,102.378220281177,48.1356869202781));
#3953=CARTESIAN_POINT('Ctrl Pts',(61.0502245260643,102.812298567254,47.9274327843627));
#3954=CARTESIAN_POINT('Ctrl Pts',(61.1610411766761,103.298648681332,47.6889456397765));
#3955=CARTESIAN_POINT('Ctrl Pts',(61.1835028548207,103.397228088558,47.6406061397669));
#3956=CARTESIAN_POINT('Ctrl Pts',(61.1938663281046,103.497955039674,47.5910245421387));
#3957=CARTESIAN_POINT('Ctrl Pts',(61.1928318978405,103.598846464097,47.5413478163491));
#3958=CARTESIAN_POINT('Ctrl Pts',(61.1897092922004,103.503114651683,47.3738059112097));
#3959=CARTESIAN_POINT('Ctrl Pts',(61.1903357432443,103.279089018921,47.4841990885508));
#3960=CARTESIAN_POINT('Ctrl Pts',(61.1378963770903,103.05528021178,47.5944668581703));
#3961=CARTESIAN_POINT('Ctrl Pts',(61.0310499712145,102.854051104338,47.6916749686407));
#3962=CARTESIAN_POINT('Ctrl Pts',(60.7925631309841,102.404897072408,47.9086486227457));
#3963=CARTESIAN_POINT('Ctrl Pts',(60.2830171233121,102.068236472079,48.0605582639195));
#3964=CARTESIAN_POINT('Ctrl Pts',(59.7357304224973,101.989729069554,48.0631571163558));
#3965=CARTESIAN_POINT('Ctrl Pts',(59.1884437216825,101.911221667028,48.0657559687922));
#3966=CARTESIAN_POINT('Ctrl Pts',(58.6034163277248,102.090867462306,47.919044032491));
#3967=CARTESIAN_POINT('Ctrl Pts',(58.2485293002274,102.437912315326,47.6755117369682));
#3968=CARTESIAN_POINT('Ctrl Pts',(57.89364227273,102.784957168346,47.4319794414454));
#3969=CARTESIAN_POINT('Ctrl Pts',(57.7688956116928,103.29940107911,47.091626786701));
#3970=CARTESIAN_POINT('Ctrl Pts',(57.9314101006781,103.737187300506,46.7956114485557));
#3971=CARTESIAN_POINT('Ctrl Pts',(58.0939245896635,104.174973521903,46.4995961104104));
#3972=CARTESIAN_POINT('Ctrl Pts',(58.5437002286713,104.536102053934,46.2479180888643));
#3973=CARTESIAN_POINT('Ctrl Pts',(59.0747872189937,104.646719057681,46.1411310630301));
#3974=CARTESIAN_POINT('Ctrl Pts',(59.6058742093161,104.757336061427,46.034344037196));
#3975=CARTESIAN_POINT('Ctrl Pts',(60.2182725509531,104.61744153689,46.0724480070739));
#3976=CARTESIAN_POINT('Ctrl Pts',(60.6315678885891,104.28259627331,46.2233076927789));
#3977=CARTESIAN_POINT('Ctrl Pts',(60.982318091234,103.998424076433,46.3513373619124));
#3978=CARTESIAN_POINT('Ctrl Pts',(61.1896671347882,103.573841331334,46.5605777612651));
#3979=CARTESIAN_POINT('Ctrl Pts',(61.1936664239276,103.151937845212,46.768268529335));
#3980=CARTESIAN_POINT('Origin',(59.5262046311118,102.588037024029,45.7907338295518));
#3981=CARTESIAN_POINT('',(61.1937550686487,102.803653325908,46.1610583048156));
#3982=CARTESIAN_POINT('',(61.1901128728501,102.899997348222,46.3282461196556));
#3983=CARTESIAN_POINT('',(61.1922046311118,102.588037024029,45.7907338295518));
#3984=CARTESIAN_POINT('',(58.2571337512594,103.522371928367,45.2503326929442));
#3985=CARTESIAN_POINT('Ctrl Pts',(61.1937550686487,102.803653325908,46.1610583048156));
#3986=CARTESIAN_POINT('Ctrl Pts',(61.1898241603106,102.378904019024,46.3701390328191));
#3987=CARTESIAN_POINT('Ctrl Pts',(60.979238128827,101.951538453683,46.5807329538302));
#3988=CARTESIAN_POINT('Ctrl Pts',(60.6241304993431,101.667097769,46.7086619036427));
#3989=CARTESIAN_POINT('Ctrl Pts',(60.2086286526822,101.334281405906,46.8583481127669));
#3990=CARTESIAN_POINT('Ctrl Pts',(59.5952665051333,101.197139324599,46.8948601230131));
#3991=CARTESIAN_POINT('Ctrl Pts',(59.0652016313315,101.310695732401,46.7863730030427));
#3992=CARTESIAN_POINT('Ctrl Pts',(58.5351367575297,101.424252140202,46.6778858830722));
#3993=CARTESIAN_POINT('Ctrl Pts',(58.088369157475,101.788507037113,46.4243996328851));
#3994=CARTESIAN_POINT('Ctrl Pts',(57.9291146947542,102.226325086323,46.1283658861512));
#3995=CARTESIAN_POINT('Ctrl Pts',(57.7698602320333,102.664143135534,45.8323321394174));
#3996=CARTESIAN_POINT('Ctrl Pts',(57.8981189066464,103.175524337046,45.4937508961368));
#3997=CARTESIAN_POINT('Ctrl Pts',(58.2571337512594,103.522371928367,45.2503326929442));
#3998=CARTESIAN_POINT('',(60.7977318291509,103.524031155184,45.2493730284239));
#3999=CARTESIAN_POINT('Origin',(59.5262046311118,102.588037024029,45.7907338295518));
#4000=CARTESIAN_POINT('Ctrl Pts',(60.7977329185496,103.524031891066,45.2493726028043));
#4001=CARTESIAN_POINT('Ctrl Pts',(60.4466079937956,103.89870349669,45.074667285095));
#4002=CARTESIAN_POINT('Ctrl Pts',(59.8758721231566,104.112691890639,44.9928980118594));
#4003=CARTESIAN_POINT('Ctrl Pts',(59.3380188943401,104.078016469053,45.0549510532188));
#4004=CARTESIAN_POINT('Ctrl Pts',(58.7897812621365,104.042671564519,45.1182021608504));
#4005=CARTESIAN_POINT('Ctrl Pts',(58.2757082682898,103.748968180879,45.330882787932));
#4006=CARTESIAN_POINT('Ctrl Pts',(58.030856591126,103.33965736515,45.6104285052628));
#4007=CARTESIAN_POINT('Ctrl Pts',(57.7860049139621,102.93034654942,45.8899742225936));
#4008=CARTESIAN_POINT('Ctrl Pts',(57.8103745534811,102.405428301602,46.2363850301736));
#4009=CARTESIAN_POINT('Ctrl Pts',(58.0929651464042,102.013860095584,46.5056687671268));
#4010=CARTESIAN_POINT('Ctrl Pts',(58.3755557393273,101.622291889566,46.77495250408));
#4011=CARTESIAN_POINT('Ctrl Pts',(58.9163672856546,101.364073725349,46.9671091704065));
#4012=CARTESIAN_POINT('Ctrl Pts',(59.4676904896301,101.365887879783,47.0088682010447));
#4013=CARTESIAN_POINT('Ctrl Pts',(60.0190136936056,101.367702034216,47.0506272316828));
#4014=CARTESIAN_POINT('Ctrl Pts',(60.5808485552293,101.629548507301,46.9419886266326));
#4015=CARTESIAN_POINT('Ctrl Pts',(60.895968886148,102.040047893421,46.7473720678619));
#4016=CARTESIAN_POINT('Ctrl Pts',(61.0879785629182,102.290174104616,46.6287879624355));
#4017=CARTESIAN_POINT('Ctrl Pts',(61.1883897919256,102.595491131085,46.4782825628717));
#4018=CARTESIAN_POINT('Ctrl Pts',(61.1901128728501,102.899997348222,46.3282461196556));
#4019=CARTESIAN_POINT('Origin',(59.5262046311118,101.814040562007,44.4525206739662));
#4020=CARTESIAN_POINT('',(61.5837304084321,103.36299209662,47.1283925434287));
#4021=CARTESIAN_POINT('',(61.5778770214911,103.390647595094,47.1795723046069));
#4022=CARTESIAN_POINT('',(61.5809546311118,101.814040562007,44.4525206739662));
#4023=CARTESIAN_POINT('',(61.3510406593111,104.241250562183,46.7493830413032));
#4024=CARTESIAN_POINT('Ctrl Pts',(61.5778770214911,103.390647595094,47.1795723046069));
#4025=CARTESIAN_POINT('Ctrl Pts',(61.5770473713184,103.685256706353,47.0297704410041));
#4026=CARTESIAN_POINT('Ctrl Pts',(61.5007525422468,103.980174166471,46.879790234418));
#4027=CARTESIAN_POINT('Ctrl Pts',(61.3510406593111,104.241250562183,46.7493830413032));
#4028=CARTESIAN_POINT('',(61.4020357006071,104.107846651139,46.7515597148789));
#4029=CARTESIAN_POINT('Origin',(59.5262046311118,103.143134355572,46.7504779474516));
#4030=CARTESIAN_POINT('Ctrl Pts',(61.5837304084321,103.36299209662,47.1283925434287));
#4031=CARTESIAN_POINT('Ctrl Pts',(61.5841470921702,103.420147446973,47.0993586804419));
#4032=CARTESIAN_POINT('Ctrl Pts',(61.571947699033,103.675582572604,46.9696121581053));
#4033=CARTESIAN_POINT('Ctrl Pts',(61.4945443624838,103.925708232516,46.8429365274757));
#4034=CARTESIAN_POINT('Ctrl Pts',(61.4020357006071,104.107846651139,46.7515597148789));
#4035=CARTESIAN_POINT('Origin',(59.5262046311118,101.814040562007,44.4525206739662));
#4036=CARTESIAN_POINT('',(61.5783747749964,103.012557634657,46.522425803929));
#4037=CARTESIAN_POINT('',(61.5827575235417,103.039305420856,46.5741305682322));
#4038=CARTESIAN_POINT('',(61.5809546311118,101.814040562007,44.4525206739662));
#4039=CARTESIAN_POINT('Ctrl Pts',(61.5827575235417,103.039305420856,46.5741305682322));
#4040=CARTESIAN_POINT('Ctrl Pts',(61.5778250269276,103.555983198713,46.3116241931065));
#4041=CARTESIAN_POINT('Ctrl Pts',(61.020758141303,104.68866992655,45.735638524469));
#4042=CARTESIAN_POINT('Ctrl Pts',(58.8691671601254,105.167840676447,45.5804420893916));
#4043=CARTESIAN_POINT('Ctrl Pts',(57.2049837971279,103.818666579076,46.4892030537973));
#4044=CARTESIAN_POINT('Ctrl Pts',(57.6665501868627,101.902220979093,47.7260628223401));
#4045=CARTESIAN_POINT('Ctrl Pts',(59.8311691023511,101.22453845437,48.2464461210967));
#4046=CARTESIAN_POINT('Ctrl Pts',(61.3696142223032,102.23040183902,47.769469798736));
#4047=CARTESIAN_POINT('Ctrl Pts',(61.5786496507122,103.116286646759,47.3190784494946));
#4048=CARTESIAN_POINT('Ctrl Pts',(61.5778770214911,103.390647595094,47.1795723046069));
#4049=CARTESIAN_POINT('Ctrl Pts',(61.5783747749964,103.012557634657,46.522425803929));
#4050=CARTESIAN_POINT('Ctrl Pts',(61.5797373555579,103.251664189462,46.4008554949626));
#4051=CARTESIAN_POINT('Ctrl Pts',(61.4064722638542,104.101336745345,45.968953988269));
#4052=CARTESIAN_POINT('Ctrl Pts',(59.9684707584478,105.156469172014,45.46102679062));
#4053=CARTESIAN_POINT('Ctrl Pts',(57.7589557218356,104.587144716704,45.9187378895054));
#4054=CARTESIAN_POINT('Ctrl Pts',(57.1678603212308,102.696772965197,47.1405170512056));
#4055=CARTESIAN_POINT('Ctrl Pts',(58.7365164113959,101.26751747298,48.0955955368718));
#4056=CARTESIAN_POINT('Ctrl Pts',(60.9565531972595,101.64697056031,48.0005284780213));
#4057=CARTESIAN_POINT('Ctrl Pts',(61.5797139555207,102.812066412855,47.408252621611));
#4058=CARTESIAN_POINT('Ctrl Pts',(61.5837304084321,103.36299209662,47.1283925434287));
#4059=CARTESIAN_POINT('Origin',(59.5262046311118,101.814040562007,44.4525206739662));
#4060=CARTESIAN_POINT('',(61.5788399480154,102.659577180842,45.9179316165984));
#4061=CARTESIAN_POINT('',(61.5828668529179,102.691530429726,45.9666256425271));
#4062=CARTESIAN_POINT('',(61.5809546311118,101.814040562007,44.4525206739662));
#4063=CARTESIAN_POINT('',(60.0563748483004,100.869592780838,46.7846485574573));
#4064=CARTESIAN_POINT('Ctrl Pts',(60.0563748483003,100.869592780838,46.7846485574573));
#4065=CARTESIAN_POINT('Ctrl Pts',(60.7166809013883,101.040796512131,46.7284359513308));
#4066=CARTESIAN_POINT('Ctrl Pts',(61.4511841221032,101.668545578991,46.4215498410557));
#4067=CARTESIAN_POINT('Ctrl Pts',(61.5804436386445,102.468546364347,46.0150366869592));
#4068=CARTESIAN_POINT('Ctrl Pts',(61.5788399480154,102.659577180842,45.9179316165984));
#4069=CARTESIAN_POINT('',(58.9948873682337,100.866417987066,46.7864847964273));
#4070=CARTESIAN_POINT('Origin',(59.5262046311118,102.588037024029,45.7907338295518));
#4071=CARTESIAN_POINT('Ctrl Pts',(58.9948868597705,100.866416579741,46.7864856103968));
#4072=CARTESIAN_POINT('Ctrl Pts',(59.6399519348822,100.736235659716,46.903777174548));
#4073=CARTESIAN_POINT('Ctrl Pts',(61.0201529924831,101.047177187536,46.8025181044082));
#4074=CARTESIAN_POINT('Ctrl Pts',(61.5780186933095,102.171368667986,46.2308910787243));
#4075=CARTESIAN_POINT('Ctrl Pts',(61.5828668529179,102.691530429726,45.9666256425271));
#4076=CARTESIAN_POINT('Origin',(59.5262046311118,101.814040562007,44.4525206739662));
#4077=CARTESIAN_POINT('',(61.5817429544584,104.415025898697,48.9458703034117));
#4078=CARTESIAN_POINT('',(61.5792350248304,104.441260359729,48.9978719650087));
#4079=CARTESIAN_POINT('',(61.5809546311118,101.814040562007,44.4525206739662));
#4080=CARTESIAN_POINT('',(57.7087767423522,105.420531314173,48.773338316902));
#4081=CARTESIAN_POINT('Ctrl Pts',(61.5792350248304,104.441260359729,48.9978719650087));
#4082=CARTESIAN_POINT('Ctrl Pts',(61.5762039461533,104.846129874032,48.792039249735));
#4083=CARTESIAN_POINT('Ctrl Pts',(61.2049616666982,105.866750601411,48.2728763109623));
#4084=CARTESIAN_POINT('Ctrl Pts',(59.3120975826629,106.628052813889,47.9465064599506));
#4085=CARTESIAN_POINT('Ctrl Pts',(58.0276318517793,105.925266069253,48.4386012489698));
#4086=CARTESIAN_POINT('Ctrl Pts',(57.7087767423522,105.420531314173,48.773338316902));
#4087=CARTESIAN_POINT('',(57.4689979924106,104.525410681105,49.291058681693));
#4088=CARTESIAN_POINT('Origin',(59.5262046311118,104.590711983205,49.253289678616));
#4089=CARTESIAN_POINT('Ctrl Pts',(61.5817429544584,104.415025898697,48.9458703034117));
#4090=CARTESIAN_POINT('Ctrl Pts',(61.5830270559522,104.539344958817,48.8826967836408));
#4091=CARTESIAN_POINT('Ctrl Pts',(61.5066134293097,105.272044707325,48.5104560084988));
#4092=CARTESIAN_POINT('Ctrl Pts',(60.4030338248325,106.441213329901,47.9285784278435));
#4093=CARTESIAN_POINT('Ctrl Pts',(58.1133950284728,106.238405434172,48.173492626763));
#4094=CARTESIAN_POINT('Ctrl Pts',(57.4454205655744,105.084620557026,48.9256251137193));
#4095=CARTESIAN_POINT('Ctrl Pts',(57.4689962934146,104.52541056508,49.2910587487996));
#4096=CARTESIAN_POINT('Origin',(59.5262046311118,101.814040562007,44.4525206739662));
#4097=CARTESIAN_POINT('',(61.5777269701501,104.06296366759,48.3408450339258));
#4098=CARTESIAN_POINT('',(61.5843155517451,104.091633662639,48.391438030016));
#4099=CARTESIAN_POINT('',(61.5809546311118,101.814040562007,44.4525206739662));
#4100=CARTESIAN_POINT('Ctrl Pts',(61.5843155517451,104.091633662639,48.391438030016));
#4101=CARTESIAN_POINT('Ctrl Pts',(61.5821093802867,104.674121373936,48.0955749960034));
#4102=CARTESIAN_POINT('Ctrl Pts',(60.894292001617,105.86771872804,47.4890663324606));
#4103=CARTESIAN_POINT('Ctrl Pts',(58.6170601128999,106.150907060339,47.4519288426863));
#4104=CARTESIAN_POINT('Ctrl Pts',(57.1406378100836,104.652499723709,48.4470034102131));
#4105=CARTESIAN_POINT('Ctrl Pts',(57.8487212307018,102.791552545601,49.6517639709434));
#4106=CARTESIAN_POINT('Ctrl Pts',(60.0933927982962,102.323656892683,50.0508106232334));
#4107=CARTESIAN_POINT('Ctrl Pts',(61.4373790169671,103.417723783111,49.5181125819526));
#4108=CARTESIAN_POINT('Ctrl Pts',(61.5807831252483,104.234476329669,49.1029994613471));
#4109=CARTESIAN_POINT('Ctrl Pts',(61.5792350248304,104.441260359729,48.9978719650087));
#4110=CARTESIAN_POINT('Ctrl Pts',(61.5777269701501,104.06296366759,48.3408450339258));
#4111=CARTESIAN_POINT('Ctrl Pts',(61.57771665732,104.369593312683,48.1849272094715));
#4112=CARTESIAN_POINT('Ctrl Pts',(61.3331180020179,105.288731814806,47.7175544771939));
#4113=CARTESIAN_POINT('Ctrl Pts',(59.7043099412402,106.243483729084,47.2723919422569));
#4114=CARTESIAN_POINT('Ctrl Pts',(57.5871307476973,105.468499223652,47.8490528142103));
#4115=CARTESIAN_POINT('Ctrl Pts',(57.2457122087178,103.533805497749,49.0964669438743));
#4116=CARTESIAN_POINT('Ctrl Pts',(58.9927943859111,102.262152511815,49.9603912051485));
#4117=CARTESIAN_POINT('Ctrl Pts',(61.0762984042885,102.827810202383,49.7529204986498));
#4118=CARTESIAN_POINT('Ctrl Pts',(61.5767305034407,103.929750239064,49.1924662111408));
#4119=CARTESIAN_POINT('Ctrl Pts',(61.5817429544584,104.415025898697,48.9458703034117));
#4120=CARTESIAN_POINT('Origin',(59.5262046311118,101.814040562007,44.4525206739662));
#4121=CARTESIAN_POINT('',(61.5817282663524,103.710919735023,47.7358091809203));
#4122=CARTESIAN_POINT('',(61.5806408719215,103.743238134907,47.7842920106129));
#4123=CARTESIAN_POINT('',(61.5809546311118,101.814040562007,44.4525206739662));
#4124=CARTESIAN_POINT('',(61.165815111663,104.465585446619,46.5736373637024));
#4125=CARTESIAN_POINT('Ctrl Pts',(61.165815111663,104.465585446619,46.5736373637023));
#4126=CARTESIAN_POINT('Ctrl Pts',(60.9817644309532,104.686943899542,46.464785465633));
#4127=CARTESIAN_POINT('Ctrl Pts',(60.2184055891803,105.291709531741,46.1769866143091));
#4128=CARTESIAN_POINT('Ctrl Pts',(58.3220009622578,105.304653419485,46.2742942518007));
#4129=CARTESIAN_POINT('Ctrl Pts',(57.1007597282467,103.648219911668,47.3607680832606));
#4130=CARTESIAN_POINT('Ctrl Pts',(58.1007159649706,101.887407086481,48.5076128817939));
#4131=CARTESIAN_POINT('Ctrl Pts',(60.4061200061245,101.685721198058,48.7526889838659));
#4132=CARTESIAN_POINT('Ctrl Pts',(61.507162617922,102.855435225031,48.1704426570572));
#4133=CARTESIAN_POINT('Ctrl Pts',(61.5830040740265,103.587363470406,47.7985948094657));
#4134=CARTESIAN_POINT('Ctrl Pts',(61.5817282663524,103.710919735023,47.7358091809203));
#4135=CARTESIAN_POINT('',(61.1954550335154,104.467691522715,46.6370761101953));
#4136=CARTESIAN_POINT('Origin',(59.5262046311118,104.466786708588,49.0390271581275));
#4137=CARTESIAN_POINT('Ctrl Pts',(61.1954550335154,104.467691522715,46.6370761101953));
#4138=CARTESIAN_POINT('Ctrl Pts',(60.823924661581,104.92545294343,46.4119384986763));
#4139=CARTESIAN_POINT('Ctrl Pts',(59.5287538700434,105.558139270888,46.1284360255246));
#4140=CARTESIAN_POINT('Ctrl Pts',(57.5147302575683,104.711885480333,46.743132054716));
#4141=CARTESIAN_POINT('Ctrl Pts',(57.2915650408616,102.764667420765,47.9977900153834));
#4142=CARTESIAN_POINT('Ctrl Pts',(59.1148596967041,101.572224850923,48.8159005125684));
#4143=CARTESIAN_POINT('Ctrl Pts',(61.1276422416711,102.217533538787,48.560162606201));
#4144=CARTESIAN_POINT('Ctrl Pts',(61.5760659745691,103.288688731556,48.0153150614894));
#4145=CARTESIAN_POINT('Ctrl Pts',(61.5806408719215,103.743238134907,47.7842920106129));
#4146=CARTESIAN_POINT('Origin',(59.5233204705665,43.8584365974274,77.9729148172572));
#4147=CARTESIAN_POINT('',(61.5788461534228,46.4594212016857,82.4662648703273));
#4148=CARTESIAN_POINT('',(61.5763314227642,46.4856578822219,82.5182652482058));
#4149=CARTESIAN_POINT('',(61.5780704705665,43.8584365974274,77.9729148172572));
#4150=CARTESIAN_POINT('',(57.705892581807,47.4649273495938,82.2937324601929));
#4151=CARTESIAN_POINT('Ctrl Pts',(61.5763314227642,46.4856578822219,82.5182652482058));
#4152=CARTESIAN_POINT('Ctrl Pts',(61.5733025709441,46.8905246615868,82.3124341147673));
#4153=CARTESIAN_POINT('Ctrl Pts',(61.2020654884,47.9111408738519,81.7932737874486));
#4154=CARTESIAN_POINT('Ctrl Pts',(59.3091021727036,48.6724835405682,81.4668805384925));
#4155=CARTESIAN_POINT('Ctrl Pts',(58.0247476912342,47.9696621046732,81.9589953922607));
#4156=CARTESIAN_POINT('Ctrl Pts',(57.705892581807,47.4649273495938,82.2937324601929));
#4157=CARTESIAN_POINT('',(57.466133301367,46.5697957122647,82.8114591896346));
#4158=CARTESIAN_POINT('Origin',(59.5233204705665,46.635108018626,82.773683821907));
#4159=CARTESIAN_POINT('Ctrl Pts',(61.5788461534228,46.4594212016857,82.4662648703273));
#4160=CARTESIAN_POINT('Ctrl Pts',(61.5801302860545,46.5837394437843,82.4030918236837));
#4161=CARTESIAN_POINT('Ctrl Pts',(61.5037169791245,47.3164346274667,82.0308536887484));
#4162=CARTESIAN_POINT('Ctrl Pts',(60.4001376228146,48.4856000250875,81.448977973344));
#4163=CARTESIAN_POINT('Ctrl Pts',(58.1105327967329,48.2827783511758,81.6939001412967));
#4164=CARTESIAN_POINT('Ctrl Pts',(57.4425484285994,47.1290146275528,82.4460203934666));
#4165=CARTESIAN_POINT('Ctrl Pts',(57.4661312998715,46.5697955691049,82.8114592724354));
#4166=CARTESIAN_POINT('Origin',(59.5233204705665,43.8584365974274,77.9729148172572));
#4167=CARTESIAN_POINT('',(61.5748289754841,46.1073596987944,81.8612391796555));
#4168=CARTESIAN_POINT('',(61.5814174303686,46.1360296816091,81.9118321828219));
#4169=CARTESIAN_POINT('',(61.5780704705665,43.8584365974274,77.9729148172572));
#4170=CARTESIAN_POINT('Ctrl Pts',(61.5814174303686,46.1360296816091,81.9118321828219));
#4171=CARTESIAN_POINT('Ctrl Pts',(61.5792113617781,46.7185135970779,81.6159713442425));
#4172=CARTESIAN_POINT('Ctrl Pts',(60.8913991818462,47.9121032569736,81.0094671308798));
#4173=CARTESIAN_POINT('Ctrl Pts',(58.6141809192178,48.1952897585683,80.9723306999491));
#4174=CARTESIAN_POINT('Ctrl Pts',(57.1377719886074,46.6968933136195,81.9673989679396));
#4175=CARTESIAN_POINT('Ctrl Pts',(57.8458439996229,44.8359587463992,83.1721522347775));
#4176=CARTESIAN_POINT('Ctrl Pts',(60.0905124005277,44.368066537718,83.5711968949881));
#4177=CARTESIAN_POINT('Ctrl Pts',(61.4344696139104,45.4621291981101,83.0385013002779));
#4178=CARTESIAN_POINT('Ctrl Pts',(61.5778783858317,46.2788752490108,82.623391936634));
#4179=CARTESIAN_POINT('Ctrl Pts',(61.5763314227642,46.4856578822219,82.5182652482058));
#4180=CARTESIAN_POINT('Ctrl Pts',(61.5748289754841,46.1073596987944,81.8612391796555));
#4181=CARTESIAN_POINT('Ctrl Pts',(61.5748186716799,46.413987334482,81.7053225174023));
#4182=CARTESIAN_POINT('Ctrl Pts',(61.3302216836896,47.3331198163519,81.237953267122));
#4183=CARTESIAN_POINT('Ctrl Pts',(59.7014244227059,48.2878656499842,80.7927942491121));
#4184=CARTESIAN_POINT('Ctrl Pts',(57.5842599777867,47.5128866178554,81.3694519554135));
#4185=CARTESIAN_POINT('Ctrl Pts',(57.2428428726359,45.57820661946,82.6168581453539));
#4186=CARTESIAN_POINT('Ctrl Pts',(58.9899149047795,44.3065619640491,83.4807775884153));
#4187=CARTESIAN_POINT('Ctrl Pts',(61.0734019988071,44.8722174420545,83.2733081616201));
#4188=CARTESIAN_POINT('Ctrl Pts',(61.573833580859,45.9741487351721,82.7128589312179));
#4189=CARTESIAN_POINT('Ctrl Pts',(61.5788461534228,46.4594212016857,82.4662648703273));
#4190=CARTESIAN_POINT('Origin',(59.5233204705665,43.8584365974274,77.9729148172572));
#4191=CARTESIAN_POINT('',(61.5788302287744,45.755315781156,81.2562033180154));
#4192=CARTESIAN_POINT('',(61.5777428420459,45.7876341587818,81.3046861605815));
#4193=CARTESIAN_POINT('',(61.5780704705665,43.8584365974274,77.9729148172572));
#4194=CARTESIAN_POINT('Ctrl Pts',(61.5777428420459,45.7876341587818,81.3046861605815));
#4195=CARTESIAN_POINT('Ctrl Pts',(61.579311182539,45.9434602593178,81.2254881936009));
#4196=CARTESIAN_POINT('Ctrl Pts',(61.4790619726713,46.7081224309322,80.8369595867586));
#4197=CARTESIAN_POINT('Ctrl Pts',(60.283230325373,47.8529707480861,80.2713470099293));
#4198=CARTESIAN_POINT('Ctrl Pts',(57.9966147216484,47.546934735794,80.5767771941214));
#4199=CARTESIAN_POINT('Ctrl Pts',(57.1081414534669,45.743220950706,81.7484350734719));
#4200=CARTESIAN_POINT('Ctrl Pts',(58.4314622027448,44.1446219073496,82.8014585755217));
#4201=CARTESIAN_POINT('Ctrl Pts',(60.7546997603604,44.2660945049249,82.8596260944645));
#4202=CARTESIAN_POINT('Ctrl Pts',(61.5682230911754,45.4781783718933,82.2459687374165));
#4203=CARTESIAN_POINT('Ctrl Pts',(61.5815126785005,46.1108806427193,81.9246061247932));
#4204=CARTESIAN_POINT('Ctrl Pts',(61.5814174303686,46.1360296816091,81.9118321828219));
#4205=CARTESIAN_POINT('Ctrl Pts',(61.5788302287744,45.755315781156,81.2562033180154));
#4206=CARTESIAN_POINT('Ctrl Pts',(61.5738117620015,46.2413319563506,81.0092324053454));
#4207=CARTESIAN_POINT('Ctrl Pts',(61.0721784788771,47.3439951550482,80.4484131498478));
#4208=CARTESIAN_POINT('Ctrl Pts',(58.9869418934559,47.9076652750885,80.2421453103433));
#4209=CARTESIAN_POINT('Ctrl Pts',(57.2418196476103,46.6341404844446,81.1071521870564));
#4210=CARTESIAN_POINT('Ctrl Pts',(57.5860720547922,44.6998302967061,82.3543444857053));
#4211=CARTESIAN_POINT('Ctrl Pts',(59.7044371580043,43.9271281517513,82.9296852847489));
#4212=CARTESIAN_POINT('Ctrl Pts',(61.3311146025898,44.8831488199099,82.4837356323864));
#4213=CARTESIAN_POINT('Ctrl Pts',(61.5748392536644,45.8014945954035,82.0167681029161));
#4214=CARTESIAN_POINT('Ctrl Pts',(61.5748289754841,46.1073596987944,81.8612391796555));
#4215=CARTESIAN_POINT('Origin',(59.5233204705665,43.8584365974274,77.9729148172572));
#4216=CARTESIAN_POINT('',(61.5808323584092,45.407388126776,80.6487866897647));
#4217=CARTESIAN_POINT('',(61.5749790117866,45.4350436333296,80.6999664462698));
#4218=CARTESIAN_POINT('',(61.5780704705665,43.8584365974274,77.9729148172572));
#4219=CARTESIAN_POINT('Ctrl Pts',(61.5749790117866,45.4350436333296,80.6999664462698));
#4220=CARTESIAN_POINT('Ctrl Pts',(61.5740270980754,45.7730686490499,80.5280887622402));
#4221=CARTESIAN_POINT('Ctrl Pts',(61.2920213567733,46.7246191662397,80.0441681630163));
#4222=CARTESIAN_POINT('Ctrl Pts',(59.5770984439285,47.6240465924767,79.633202848126));
#4223=CARTESIAN_POINT('Ctrl Pts',(57.5118596745332,46.756273559513,80.2635307997418));
#4224=CARTESIAN_POINT('Ctrl Pts',(57.2886959650822,44.8090690196468,81.5181809408766));
#4225=CARTESIAN_POINT('Ctrl Pts',(59.1119783115959,43.6166348741526,82.3362865655828));
#4226=CARTESIAN_POINT('Ctrl Pts',(61.1247472733009,44.2619395510641,82.0805509790724));
#4227=CARTESIAN_POINT('Ctrl Pts',(61.5731679757882,45.3330877305433,81.5357074907112));
#4228=CARTESIAN_POINT('Ctrl Pts',(61.5777428420459,45.7876341587818,81.3046861605815));
#4229=CARTESIAN_POINT('Ctrl Pts',(61.5808323584092,45.407388126776,80.6487866897647));
#4230=CARTESIAN_POINT('Ctrl Pts',(61.5812490395441,45.464543103307,80.6197530429894));
#4231=CARTESIAN_POINT('Ctrl Pts',(61.5494953738901,46.1294125541416,80.2820374661127));
#4232=CARTESIAN_POINT('Ctrl Pts',(60.6431476799834,47.3331741571149,79.675445451736));
#4233=CARTESIAN_POINT('Ctrl Pts',(58.3191249330168,47.3490371287795,79.7946955242834));
#4234=CARTESIAN_POINT('Ctrl Pts',(57.0978919413772,45.6926151766907,80.8811626721349));
#4235=CARTESIAN_POINT('Ctrl Pts',(58.0978414283039,43.9318146160869,82.0280003770716));
#4236=CARTESIAN_POINT('Ctrl Pts',(60.4032299052978,43.7301304642954,82.2730754747096));
#4237=CARTESIAN_POINT('Ctrl Pts',(61.5042650833483,44.8998368706402,81.6908335555243));
#4238=CARTESIAN_POINT('Ctrl Pts',(61.5801060277734,45.6317603253007,81.3189884787886));
#4239=CARTESIAN_POINT('Ctrl Pts',(61.5788302287744,45.755315781156,81.2562033180154));
#4240=CARTESIAN_POINT('Origin',(59.5233204705665,43.8584365974274,77.9729148172572));
#4241=CARTESIAN_POINT('',(61.5754767196119,45.0569535461225,80.0428200189129));
#4242=CARTESIAN_POINT('',(61.579859484624,45.0837014206951,80.0945247321032));
#4243=CARTESIAN_POINT('',(61.5780704705665,43.8584365974274,77.9729148172572));
#4244=CARTESIAN_POINT('Ctrl Pts',(61.579859484624,45.0837014206951,80.0945247321032));
#4245=CARTESIAN_POINT('Ctrl Pts',(61.5749270233144,45.6003758124504,79.8320203154327));
#4246=CARTESIAN_POINT('Ctrl Pts',(61.0178638882714,46.7330552420264,79.2560388679674));
#4247=CARTESIAN_POINT('Ctrl Pts',(58.8662874357832,47.2122230111782,79.1008441568947));
#4248=CARTESIAN_POINT('Ctrl Pts',(57.2021153051183,45.863058451711,80.0095996047626));
#4249=CARTESIAN_POINT('Ctrl Pts',(57.6636785791254,43.9466261359604,81.2464516899639));
#4250=CARTESIAN_POINT('Ctrl Pts',(59.8282828834066,43.2689485753801,81.766832117557));
#4251=CARTESIAN_POINT('Ctrl Pts',(61.3667176183961,44.2748054711736,81.2898595482241));
#4252=CARTESIAN_POINT('Ctrl Pts',(61.575751635785,45.1606844806656,80.839471552576));
#4253=CARTESIAN_POINT('Ctrl Pts',(61.5749790117866,45.4350436333296,80.6999664462698));
#4254=CARTESIAN_POINT('Ctrl Pts',(61.5754767196119,45.0569535461225,80.0428200189129));
#4255=CARTESIAN_POINT('Ctrl Pts',(61.5768393385714,45.2960586278119,79.9212505619684));
#4256=CARTESIAN_POINT('Ctrl Pts',(61.4035755915526,46.1457259801665,79.4893520648941));
#4257=CARTESIAN_POINT('Ctrl Pts',(59.9655834627937,47.2008510064712,78.9814291474722));
#4258=CARTESIAN_POINT('Ctrl Pts',(57.7560835737796,46.6315311358265,79.4391375946764));
#4259=CARTESIAN_POINT('Ctrl Pts',(57.1649920383419,44.7411723385894,80.6609092638784));
#4260=CARTESIAN_POINT('Ctrl Pts',(58.7336376052548,43.3119269631204,81.6159818982144));
#4261=CARTESIAN_POINT('Ctrl Pts',(60.9536593692994,43.6913778082629,81.5209161362016));
#4262=CARTESIAN_POINT('Ctrl Pts',(61.5768159305904,44.8564660463167,80.9286446838648));
#4263=CARTESIAN_POINT('Ctrl Pts',(61.5808323584092,45.407388126776,80.6487866897647));
#4264=CARTESIAN_POINT('Origin',(59.5233204705665,43.8584365974274,77.9729148172572));
#4265=CARTESIAN_POINT('',(61.5759594423491,44.703917484264,79.4383579941934));
#4266=CARTESIAN_POINT('',(61.5799680248191,44.7359261890519,79.487019945506));
#4267=CARTESIAN_POINT('',(61.5780704705665,43.8584365974274,77.9729148172572));
#4268=CARTESIAN_POINT('',(60.0534906877554,42.9139888162583,80.3050427007482));
#4269=CARTESIAN_POINT('Ctrl Pts',(60.0534906877554,42.9139888162583,80.3050427007482));
#4270=CARTESIAN_POINT('Ctrl Pts',(60.7137967408433,43.0851925475514,80.2488300946217));
#4271=CARTESIAN_POINT('Ctrl Pts',(61.4483093607617,43.7128749098514,79.9419825649667));
#4272=CARTESIAN_POINT('Ctrl Pts',(61.5775645054702,44.5128827985853,79.535465302415));
#4273=CARTESIAN_POINT('Ctrl Pts',(61.5759594423491,44.703917484264,79.4383579941934));
#4274=CARTESIAN_POINT('',(58.9919951422103,42.9108329038905,80.3068680190819));
#4275=CARTESIAN_POINT('Origin',(59.5233204705665,44.6324330594499,79.3111279728427));
#4276=CARTESIAN_POINT('Ctrl Pts',(58.9919945358692,42.9108312472881,80.3068689772284));
#4277=CARTESIAN_POINT('Ctrl Pts',(59.6370682299029,42.7806422832899,80.4241651938573));
#4278=CARTESIAN_POINT('Ctrl Pts',(61.0172492639752,43.0915959102585,80.3228991258053));
#4279=CARTESIAN_POINT('Ctrl Pts',(61.5751180345734,44.2157701755962,79.7512820570071));
#4280=CARTESIAN_POINT('Ctrl Pts',(61.5799680248191,44.7359261890519,79.487019945506));
#4281=CARTESIAN_POINT('Origin',(67.5460714620835,32.9918357999702,39.6004779474516));
#4282=CARTESIAN_POINT('',(65.9960714620835,32.9918357999702,39.6004779474516));
#4283=CARTESIAN_POINT('Origin',(67.5460714620835,32.9918357999702,39.6004779474516));
#4284=CARTESIAN_POINT('',(65.9960714620835,32.9918357999702,42.7004779474515));
#4285=CARTESIAN_POINT('',(65.9960714620835,32.9918357999702,39.6004779474516));
#4286=CARTESIAN_POINT('Origin',(67.5460714620835,32.9918357999702,42.7004779474515));
#4287=CARTESIAN_POINT('Origin',(67.5460714620835,32.9918357999702,42.7004779474515));
#4288=CARTESIAN_POINT('Origin',(-67.4539285379165,32.9918357999702,39.6004779474516));
#4289=CARTESIAN_POINT('',(-69.0039285379165,32.9918357999702,39.6004779474516));
#4290=CARTESIAN_POINT('Origin',(-67.4539285379165,32.9918357999702,39.6004779474516));
#4291=CARTESIAN_POINT('',(-69.0039285379165,32.9918357999702,42.7004779474515));
#4292=CARTESIAN_POINT('',(-69.0039285379165,32.9918357999702,39.6004779474516));
#4293=CARTESIAN_POINT('Origin',(-67.4539285379165,32.9918357999702,42.7004779474515));
#4294=CARTESIAN_POINT('Origin',(-67.4539285379165,32.9918357999702,42.7004779474515));
#4295=CARTESIAN_POINT('Origin',(-67.4539285379165,106.99183579997,39.6004779474516));
#4296=CARTESIAN_POINT('',(-69.0039285379165,106.99183579997,39.6004779474516));
#4297=CARTESIAN_POINT('Origin',(-67.4539285379165,106.99183579997,39.6004779474516));
#4298=CARTESIAN_POINT('',(-69.0039285379165,106.99183579997,42.7004779474515));
#4299=CARTESIAN_POINT('',(-69.0039285379165,106.99183579997,39.6004779474516));
#4300=CARTESIAN_POINT('Origin',(-67.4539285379165,106.99183579997,42.7004779474515));
#4301=CARTESIAN_POINT('Origin',(-67.4539285379165,106.99183579997,42.7004779474515));
#4302=CARTESIAN_POINT('Origin',(67.5460714620835,106.99183579997,39.6004779474516));
#4303=CARTESIAN_POINT('',(65.9960714620835,106.99183579997,39.6004779474516));
#4304=CARTESIAN_POINT('Origin',(67.5460714620835,106.99183579997,39.6004779474516));
#4305=CARTESIAN_POINT('',(65.9960714620835,106.99183579997,42.7004779474515));
#4306=CARTESIAN_POINT('',(65.9960714620835,106.99183579997,39.6004779474516));
#4307=CARTESIAN_POINT('Origin',(67.5460714620835,106.99183579997,42.7004779474515));
#4308=CARTESIAN_POINT('Origin',(67.5460714620835,106.99183579997,42.7004779474515));
#4309=CARTESIAN_POINT('Origin',(-69.6435404300692,30.,-40.3995220525484));
#4310=CARTESIAN_POINT('',(-69.6435404300692,30.,-40.3995220525484));
#4311=CARTESIAN_POINT('',(70.2248170466049,30.,-40.3995220525484));
#4312=CARTESIAN_POINT('',(70.2248170466049,30.,-40.3995220525484));
#4313=CARTESIAN_POINT('',(70.2248170466049,0.,-40.3995220525484));
#4314=CARTESIAN_POINT('',(70.2248170466049,30.,-40.3995220525484));
#4315=CARTESIAN_POINT('',(-69.6435404300692,0.,-40.3995220525484));
#4316=CARTESIAN_POINT('',(70.2248170466049,0.,-40.3995220525484));
#4317=CARTESIAN_POINT('',(-69.6435404300692,30.,-40.3995220525484));
#4318=CARTESIAN_POINT('Origin',(0.290638308267832,0.,64.7041790759798));
#4319=CARTESIAN_POINT('',(70.2248170466049,0.,89.8078802045081));
#4320=CARTESIAN_POINT('',(70.2248170466049,0.,39.6004779474516));
#4321=CARTESIAN_POINT('',(-69.6435404300692,0.,89.8078802045081));
#4322=CARTESIAN_POINT('',(70.2248170466049,0.,89.8078802045081));
#4323=CARTESIAN_POINT('',(-69.6435404300692,0.,89.8078802045081));
#4324=CARTESIAN_POINT('Origin',(0.290638308267832,30.,64.7041790759798));
#4325=CARTESIAN_POINT('',(70.2248170466049,30.,39.6004779474516));
#4326=CARTESIAN_POINT('',(-69.6435404300692,30.,39.6004779474516));
#4327=CARTESIAN_POINT('',(70.2248170466049,30.,39.6004779474516));
#4328=CARTESIAN_POINT('',(70.2248170466049,30.,39.6004779474516));
#4329=CARTESIAN_POINT('',(-69.6435404300692,30.,89.8078802045081));
#4330=CARTESIAN_POINT('Origin',(59.5233204705665,43.8584365974274,77.9729148172572));
#4331=CARTESIAN_POINT('Ctrl Pts',(61.5799680248191,44.7359261890519,79.487019945506));
#4332=CARTESIAN_POINT('Ctrl Pts',(61.5807928771734,44.824390678785,79.4420760974201));
#4333=CARTESIAN_POINT('Ctrl Pts',(61.5292004894291,45.5207407400834,79.0883513599043));
#4334=CARTESIAN_POINT('Ctrl Pts',(60.5312973959771,46.7115276149619,78.4914622880903));
#4335=CARTESIAN_POINT('Ctrl Pts',(58.2126253535871,46.6242248424602,78.670381420573));
#4336=CARTESIAN_POINT('Ctrl Pts',(57.0943399096264,44.9159727932218,79.7868260885621));
#4337=CARTESIAN_POINT('Ctrl Pts',(58.2004588488857,43.2018627681159,80.90665889586));
#4338=CARTESIAN_POINT('Ctrl Pts',(60.5180554769188,43.1027638274442,81.0924007025863));
#4339=CARTESIAN_POINT('Ctrl Pts',(61.5267592221059,44.2914291264923,80.4969947164157));
#4340=CARTESIAN_POINT('Ctrl Pts',(61.5807390321086,44.9915689875986,80.1413340398458));
#4341=CARTESIAN_POINT('Ctrl Pts',(61.579859484624,45.0837014206951,80.0945247321032));
#4342=CARTESIAN_POINT('Ctrl Pts',(61.5759594423491,44.703917484264,79.4383579941934));
#4343=CARTESIAN_POINT('Ctrl Pts',(61.5724305462681,45.1239268563382,79.2248576060043));
#4344=CARTESIAN_POINT('Ctrl Pts',(61.1794138735363,46.1608330438668,78.6973644001814));
#4345=CARTESIAN_POINT('Ctrl Pts',(59.2490878873723,46.888334797724,78.3916330034057));
#4346=CARTESIAN_POINT('Ctrl Pts',(57.3470167788392,45.7886659835045,79.1560849647137));
#4347=CARTESIAN_POINT('Ctrl Pts',(57.437182001046,43.8334684572204,80.4153580937354));
#4348=CARTESIAN_POINT('Ctrl Pts',(59.4381892880878,42.8650782481825,81.1038810630694));
#4349=CARTESIAN_POINT('Ctrl Pts',(61.2462671460461,43.6964457844863,80.7347348844334));
#4350=CARTESIAN_POINT('Ctrl Pts',(61.5733515093464,44.6840330237945,80.2324259656481));
#4351=CARTESIAN_POINT('Ctrl Pts',(61.5754767196119,45.0569535461225,80.0428200189129));
#4352=CARTESIAN_POINT('Ctrl Pts',(58.2542495907141,45.5667679637877,78.7707268362352));
#4353=CARTESIAN_POINT('Ctrl Pts',(57.8952347461011,45.2199203724665,79.0141450394278));
#4354=CARTESIAN_POINT('Ctrl Pts',(57.638653718214,44.1972200133513,79.6912716409991));
#4355=CARTESIAN_POINT('Ctrl Pts',(58.9790298527902,43.1043961810418,80.4517645978998));
#4356=CARTESIAN_POINT('Ctrl Pts',(60.8190894474075,43.5158388578027,80.3422190627261));
#4357=CARTESIAN_POINT('Ctrl Pts',(61.4720205752665,45.1012849058439,79.5536528110242));
#4358=CARTESIAN_POINT('Ctrl Pts',(60.3405924295561,46.4619362434852,78.8951034477413));
#4359=CARTESIAN_POINT('Ctrl Pts',(58.4606033201163,46.4016812604759,79.0583786648394));
#4360=CARTESIAN_POINT('Ctrl Pts',(57.5538927472298,45.0271537406405,79.981803555695));
#4361=CARTESIAN_POINT('Ctrl Pts',(58.4507386665902,43.6478765491685,80.9079755642481));
#4362=CARTESIAN_POINT('Ctrl Pts',(60.3298558255162,43.5780571830609,81.0767826345105));
#4363=CARTESIAN_POINT('Ctrl Pts',(61.470350600802,44.9325566570614,80.4217913895088));
#4364=CARTESIAN_POINT('Ctrl Pts',(60.8277779232167,46.5219344843868,79.6309510731387));
#4365=CARTESIAN_POINT('Ctrl Pts',(58.9905953040261,46.9416155128086,79.5166406355938));
#4366=CARTESIAN_POINT('Ctrl Pts',(57.6412774942255,45.8582376500891,80.2716702274001));
#4367=CARTESIAN_POINT('Ctrl Pts',(58.0155149510917,44.3149166887113,81.2927219619475));
#4368=CARTESIAN_POINT('Ctrl Pts',(59.7705852861361,43.7759833278268,81.7328554428994));
#4369=CARTESIAN_POINT('Ctrl Pts',(61.2992129903902,44.7859586813214,81.2771302484816));
#4370=CARTESIAN_POINT('Ctrl Pts',(61.2014966684478,46.4708900767805,80.431023606743));
#4371=CARTESIAN_POINT('Ctrl Pts',(59.5669238790693,47.3387066637222,80.0575202780258));
#4372=CARTESIAN_POINT('Ctrl Pts',(57.8924195404331,46.6456430889476,80.5867996769833));
#4373=CARTESIAN_POINT('Ctrl Pts',(57.7114774599147,45.0773718779645,81.6222821506402));
#4374=CARTESIAN_POINT('Ctrl Pts',(59.1898025064127,44.1210716985052,82.3038124820073));
#4375=CARTESIAN_POINT('Ctrl Pts',(60.9735599030941,44.7034844966207,82.0953811538734));
#4376=CARTESIAN_POINT('Ctrl Pts',(61.4292029018192,46.3422146293084,81.2759964239444));
#4377=CARTESIAN_POINT('Ctrl Pts',(60.1394585983716,47.5875021858742,80.684171227903));
#4378=CARTESIAN_POINT('Ctrl Pts',(58.2854609851316,47.3498973659062,80.9500221413863));
#4379=CARTESIAN_POINT('Ctrl Pts',(57.5650830974126,45.8979690664503,81.9182141377918));
#4380=CARTESIAN_POINT('Ctrl Pts',(58.6380371639886,44.6123486680648,82.7902168787729));
#4381=CARTESIAN_POINT('Ctrl Pts',(60.5217280125042,44.721369639088,82.8555861763393));
#4382=CARTESIAN_POINT('Ctrl Pts',(61.4910802194965,46.1761563838981,82.142590724408));
#4383=CARTESIAN_POINT('Ctrl Pts',(60.6583937921758,47.695417883808,81.3923043281088));
#4384=CARTESIAN_POINT('Ctrl Pts',(58.7861862729527,47.9387692110643,81.3799795602475));
#4385=CARTESIAN_POINT('Ctrl Pts',(57.5891076607629,46.7343935037348,82.2049919520654));
#4386=CARTESIAN_POINT('Ctrl Pts',(58.1632154453362,45.2360703518478,83.2000178287745));
#4387=CARTESIAN_POINT('Ctrl Pts',(59.9832020889217,44.8672318425336,83.5417717557862));
#4388=CARTESIAN_POINT('Ctrl Pts',(61.3813866181512,46.0159693005947,83.0057892588982));
#4389=CARTESIAN_POINT('Ctrl Pts',(61.0793817985537,47.682633259483,82.1702481471852));
#4390=CARTESIAN_POINT('Ctrl Pts',(59.3496313676393,48.38886279749,81.8902036248339));
#4391=CARTESIAN_POINT('Ctrl Pts',(58.3082713159892,47.8260325178446,82.3013503165426));
#4392=CARTESIAN_POINT('Ctrl Pts',(58.0497422432039,47.4203015995272,82.5788254908366));
#4393=CARTESIAN_POINT('Ctrl Pts',(58.1555398459077,45.6019840541028,78.6639310796082));
#4394=CARTESIAN_POINT('Ctrl Pts',(57.7686004272964,45.2267151945391,78.9237875915815));
#4395=CARTESIAN_POINT('Ctrl Pts',(57.4920622416279,44.1215819103128,79.6485917937831));
#4396=CARTESIAN_POINT('Ctrl Pts',(58.9366943230462,42.9394277943979,80.460751649319));
#4397=CARTESIAN_POINT('Ctrl Pts',(60.9198757998979,43.3785437100427,80.3352004509972));
#4398=CARTESIAN_POINT('Ctrl Pts',(61.6235926372317,45.0829782852,79.4778135494423));
#4399=CARTESIAN_POINT('Ctrl Pts',(60.4041607516965,46.5451333673107,78.7605563945243));
#4400=CARTESIAN_POINT('Ctrl Pts',(58.3779439979399,46.4758624544707,78.9290462500839));
#4401=CARTESIAN_POINT('Ctrl Pts',(57.4007084680287,44.9900934248342,79.9168110666506));
#4402=CARTESIAN_POINT('Ctrl Pts',(58.3673120606887,43.4992052888177,80.9075366747855));
#4403=CARTESIAN_POINT('Ctrl Pts',(60.3925890426505,43.419626064522,81.0819886572024));
#4404=CARTESIAN_POINT('Ctrl Pts',(61.6217927702955,44.8751507841944,80.3685663749637));
#4405=CARTESIAN_POINT('Ctrl Pts',(60.929240075021,46.5838229568026,79.508728529461));
#4406=CARTESIAN_POINT('Ctrl Pts',(58.9491593479451,47.0318180122651,79.3780418093608));
#4407=CARTESIAN_POINT('Ctrl Pts',(57.4948900978564,45.8598445839631,80.1843133531876));
#4408=CARTESIAN_POINT('Ctrl Pts',(57.8982361604362,44.1921531711276,81.2772985379529));
#4409=CARTESIAN_POINT('Ctrl Pts',(59.7898178185596,43.6069717436779,81.7441810011186));
#4410=CARTESIAN_POINT('Ctrl Pts',(61.4373438861648,44.6911748734874,81.2455239045507));
#4411=CARTESIAN_POINT('Ctrl Pts',(61.3320270799977,46.5028328770567,80.3261210574117));
#4412=CARTESIAN_POINT('Ctrl Pts',(59.5703154006891,47.4338199733071,79.9160811347258));
#4413=CARTESIAN_POINT('Ctrl Pts',(57.7655662517998,46.6825199124694,80.4790433845695));
#4414=CARTESIAN_POINT('Ctrl Pts',(57.5705502949705,44.9879375918586,81.5875817473856));
#4415=CARTESIAN_POINT('Ctrl Pts',(59.1638611081405,43.9529260903877,82.3146371765325));
#4416=CARTESIAN_POINT('Ctrl Pts',(61.0863611394676,44.5763103736208,82.0825087382689));
#4417=CARTESIAN_POINT('Ctrl Pts',(61.5774445575114,46.3381735288041,81.1919062629665));
#4418=CARTESIAN_POINT('Ctrl Pts',(60.1873825073721,47.6759917066115,80.5465631552451));
#4419=CARTESIAN_POINT('Ctrl Pts',(58.1891788973038,47.4155764892021,80.8256071589646));
#4420=CARTESIAN_POINT('Ctrl Pts',(57.4127692160974,45.8463863612022,81.8616211163519));
#4421=CARTESIAN_POINT('Ctrl Pts',(58.569178843574,44.4564397478263,82.7939641110225));
#4422=CARTESIAN_POINT('Ctrl Pts',(60.5993852617896,44.5696112610337,82.8569328157143));
#4423=CARTESIAN_POINT('Ctrl Pts',(61.6441347617928,46.1332237070032,82.0809946948046));
#4424=CARTESIAN_POINT('Ctrl Pts',(60.7466810578372,47.7663258262491,81.26486509839));
#4425=CARTESIAN_POINT('Ctrl Pts',(58.728851155041,48.0242760602323,81.2440966068146));
#4426=CARTESIAN_POINT('Ctrl Pts',(57.4386624367111,46.721893440363,82.1257942906902));
#4427=CARTESIAN_POINT('Ctrl Pts',(58.0574249634318,45.1026998166983,83.1907292974422));
#4428=CARTESIAN_POINT('Ctrl Pts',(60.0189721927904,44.7008434075951,83.5515801355201));
#4429=CARTESIAN_POINT('Ctrl Pts',(61.5259090701067,45.9346017128294,82.9664232342143));
#4430=CARTESIAN_POINT('Ctrl Pts',(61.2004139796771,47.7265714182901,82.0584077157796));
#4431=CARTESIAN_POINT('Ctrl Pts',(59.3361216359941,48.4834030451827,81.7490959293868));
#4432=CARTESIAN_POINT('Ctrl Pts',(58.2137634410709,47.8739090467875,82.1872320084487));
#4433=CARTESIAN_POINT('Ctrl Pts',(57.9351256894049,47.4351768495494,82.483794480622));
#4434=CARTESIAN_POINT('Ctrl Pts',(58.0568301011012,45.6372001444179,78.5571353229812));
#4435=CARTESIAN_POINT('Ctrl Pts',(57.6419661084917,45.2335100166117,78.8334301437351));
#4436=CARTESIAN_POINT('Ctrl Pts',(57.3454707650418,44.0459438072742,79.605911946567));
#4437=CARTESIAN_POINT('Ctrl Pts',(58.8943587933022,42.774459407754,80.4697387007383));
#4438=CARTESIAN_POINT('Ctrl Pts',(61.0206621523883,43.2412485622826,80.3281818392682));
#4439=CARTESIAN_POINT('Ctrl Pts',(61.7751646991969,45.064671664556,79.4019742878604));
#4440=CARTESIAN_POINT('Ctrl Pts',(60.4677290738367,46.6283304911363,78.6260093413073));
#4441=CARTESIAN_POINT('Ctrl Pts',(58.2952846757636,46.5500436484655,78.7997138353284));
#4442=CARTESIAN_POINT('Ctrl Pts',(57.2475241888275,44.953033109028,79.8518185776064));
#4443=CARTESIAN_POINT('Ctrl Pts',(58.2838854547872,43.3505340284668,80.9070977853228));
#4444=CARTESIAN_POINT('Ctrl Pts',(60.4553222597846,43.2611949459831,81.0871946798943));
#4445=CARTESIAN_POINT('Ctrl Pts',(61.7732349397891,44.8177449113275,80.3153413604187));
#4446=CARTESIAN_POINT('Ctrl Pts',(61.0307022268252,46.6457114292184,79.3865059857833));
#4447=CARTESIAN_POINT('Ctrl Pts',(58.9077233918642,47.1220205117217,79.2394429831277));
#4448=CARTESIAN_POINT('Ctrl Pts',(57.3485027014873,45.861451517837,80.0969564789751));
#4449=CARTESIAN_POINT('Ctrl Pts',(57.7809573697808,44.069389653544,81.2618751139584));
#4450=CARTESIAN_POINT('Ctrl Pts',(59.8090503509831,43.437960159529,81.7555065593378));
#4451=CARTESIAN_POINT('Ctrl Pts',(61.5754747819395,44.5963910656534,81.2139175606199));
#4452=CARTESIAN_POINT('Ctrl Pts',(61.4625574915475,46.5347756773329,80.2212185080802));
#4453=CARTESIAN_POINT('Ctrl Pts',(59.5737069223088,47.5289332828919,79.7746419914259));
#4454=CARTESIAN_POINT('Ctrl Pts',(57.6387129631665,46.7193967359912,80.3712870921556));
#4455=CARTESIAN_POINT('Ctrl Pts',(57.4296231300264,44.8985033057527,81.5528813441311));
#4456=CARTESIAN_POINT('Ctrl Pts',(59.1379197098682,43.7847804822702,82.3254618710576));
#4457=CARTESIAN_POINT('Ctrl Pts',(61.1991623758411,44.4491362506209,82.0696363226645));
#4458=CARTESIAN_POINT('Ctrl Pts',(61.7256862132035,46.3341324282999,81.1078161019887));
#4459=CARTESIAN_POINT('Ctrl Pts',(60.2353064163725,47.7644812273488,80.4089550825872));
#4460=CARTESIAN_POINT('Ctrl Pts',(58.0928968094761,47.481255612498,80.701192176543));
#4461=CARTESIAN_POINT('Ctrl Pts',(57.2604553347821,45.7948036559541,81.8050280949119));
#4462=CARTESIAN_POINT('Ctrl Pts',(58.5003205231594,44.300530827588,82.7977113432721));
#4463=CARTESIAN_POINT('Ctrl Pts',(60.677042511075,44.4178528829793,82.8582794550894));
#4464=CARTESIAN_POINT('Ctrl Pts',(61.797189304089,46.0902910301084,82.0193986652012));
#4465=CARTESIAN_POINT('Ctrl Pts',(60.8349683234986,47.8372337686901,81.1374258686711));
#4466=CARTESIAN_POINT('Ctrl Pts',(58.6715160371294,48.1097829094003,81.1082136533819));
#4467=CARTESIAN_POINT('Ctrl Pts',(57.2882172126592,46.7093933769913,82.0465966293149));
#4468=CARTESIAN_POINT('Ctrl Pts',(57.9516344815273,44.9693292815487,83.1814407661098));
#4469=CARTESIAN_POINT('Ctrl Pts',(60.0547422966591,44.5344549726566,83.5613885152542));
#4470=CARTESIAN_POINT('Ctrl Pts',(61.6704315220622,45.8532341250641,82.9270572095303));
#4471=CARTESIAN_POINT('Ctrl Pts',(61.3214461608005,47.7705095770971,81.9465672843741));
#4472=CARTESIAN_POINT('Ctrl Pts',(59.3226119043489,48.5779432928754,81.6079882339397));
#4473=CARTESIAN_POINT('Ctrl Pts',(58.1192555661525,47.9217855757304,82.0731137003547));
#4474=CARTESIAN_POINT('Ctrl Pts',(57.8205091356059,47.4500520995716,82.3887634704075));
#4475=CARTESIAN_POINT('Ctrl Pts',(57.9581203562948,45.672416234733,78.4503395663542));
#4476=CARTESIAN_POINT('Ctrl Pts',(57.515331789687,45.2403048386843,78.7430726958888));
#4477=CARTESIAN_POINT('Ctrl Pts',(57.1988792884558,43.9703057042357,79.563232099351));
#4478=CARTESIAN_POINT('Ctrl Pts',(58.8520232635582,42.60949102111,80.4787257521576));
#4479=CARTESIAN_POINT('Ctrl Pts',(61.1214485048788,43.1039534145224,80.3211632275392));
#4480=CARTESIAN_POINT('Ctrl Pts',(61.926736761162,45.0463650439121,79.3261350262785));
#4481=CARTESIAN_POINT('Ctrl Pts',(60.5312973959771,46.7115276149619,78.4914622880903));
#4482=CARTESIAN_POINT('Ctrl Pts',(58.2126253535871,46.6242248424602,78.670381420573));
#4483=CARTESIAN_POINT('Ctrl Pts',(57.0943399096264,44.9159727932218,79.7868260885621));
#4484=CARTESIAN_POINT('Ctrl Pts',(58.2004588488857,43.2018627681159,80.90665889586));
#4485=CARTESIAN_POINT('Ctrl Pts',(60.5180554769188,43.1027638274442,81.0924007025863));
#4486=CARTESIAN_POINT('Ctrl Pts',(61.9246771092827,44.7603390384604,80.2621163458735));
#4487=CARTESIAN_POINT('Ctrl Pts',(61.1321643786295,46.7075999016342,79.2642834421056));
#4488=CARTESIAN_POINT('Ctrl Pts',(58.8662874357832,47.2122230111782,79.1008441568947));
#4489=CARTESIAN_POINT('Ctrl Pts',(57.2021153051183,45.863058451711,80.0095996047626));
#4490=CARTESIAN_POINT('Ctrl Pts',(57.6636785791254,43.9466261359604,81.2464516899639));
#4491=CARTESIAN_POINT('Ctrl Pts',(59.8282828834066,43.2689485753801,81.766832117557));
#4492=CARTESIAN_POINT('Ctrl Pts',(61.713605677714,44.5016072578193,81.182311216689));
#4493=CARTESIAN_POINT('Ctrl Pts',(61.5930879030975,46.5667184776092,80.1163159587488));
#4494=CARTESIAN_POINT('Ctrl Pts',(59.5770984439285,47.6240465924767,79.633202848126));
#4495=CARTESIAN_POINT('Ctrl Pts',(57.5118596745332,46.756273559513,80.2635307997418));
#4496=CARTESIAN_POINT('Ctrl Pts',(57.2886959650822,44.8090690196468,81.5181809408766));
#4497=CARTESIAN_POINT('Ctrl Pts',(59.1119783115959,43.6166348741526,82.3362865655828));
#4498=CARTESIAN_POINT('Ctrl Pts',(61.3119636122147,44.321962127621,82.05676390706));
#4499=CARTESIAN_POINT('Ctrl Pts',(61.8739278688957,46.3300913277955,81.023725941011));
#4500=CARTESIAN_POINT('Ctrl Pts',(60.283230325373,47.8529707480861,80.2713470099293));
#4501=CARTESIAN_POINT('Ctrl Pts',(57.9966147216484,47.546934735794,80.5767771941214));
#4502=CARTESIAN_POINT('Ctrl Pts',(57.1081414534669,45.743220950706,81.7484350734719));
#4503=CARTESIAN_POINT('Ctrl Pts',(58.4314622027448,44.1446219073496,82.8014585755217));
#4504=CARTESIAN_POINT('Ctrl Pts',(60.7546997603604,44.2660945049249,82.8596260944645));
#4505=CARTESIAN_POINT('Ctrl Pts',(61.9502438463852,46.0473583532136,81.9578026355979));
#4506=CARTESIAN_POINT('Ctrl Pts',(60.92325558916,47.9081417111312,81.0099866389522));
#4507=CARTESIAN_POINT('Ctrl Pts',(58.6141809192178,48.1952897585683,80.9723306999491));
#4508=CARTESIAN_POINT('Ctrl Pts',(57.1377719886074,46.6968933136195,81.9673989679396));
#4509=CARTESIAN_POINT('Ctrl Pts',(57.8458439996229,44.8359587463992,83.1721522347775));
#4510=CARTESIAN_POINT('Ctrl Pts',(60.0905124005277,44.368066537718,83.5711968949881));
#4511=CARTESIAN_POINT('Ctrl Pts',(61.8149539740177,45.7718665372988,82.8876911848464));
#4512=CARTESIAN_POINT('Ctrl Pts',(61.442478341924,47.8144477359041,81.8347268529686));
#4513=CARTESIAN_POINT('Ctrl Pts',(59.3091021727036,48.6724835405682,81.4668805384925));
#4514=CARTESIAN_POINT('Ctrl Pts',(58.0247476912342,47.9696621046732,81.9589953922607));
#4515=CARTESIAN_POINT('Ctrl Pts',(57.705892581807,47.4649273495938,82.2937324601929));
#4516=CARTESIAN_POINT('Ctrl Pts',(57.705892581807,47.4649273495938,82.2937324601929));
#4517=CARTESIAN_POINT('Ctrl Pts',(57.746729332746,47.5189993874354,82.2624582451629));
#4518=CARTESIAN_POINT('Ctrl Pts',(57.7911671857892,47.5708623520517,82.2324617151217));
#4519=CARTESIAN_POINT('Ctrl Pts',(57.8388762059967,47.6203871830921,82.203817516066));
#4520=CARTESIAN_POINT('Ctrl Pts',(57.885362753738,47.6686430142228,82.1759072818771));
#4521=CARTESIAN_POINT('Ctrl Pts',(57.9349559759282,47.7146791807435,82.1492808585279));
#4522=CARTESIAN_POINT('Ctrl Pts',(57.9873767815136,47.7583436334056,82.1240261883465));
#4523=CARTESIAN_POINT('Ctrl Pts',(57.9990715909389,47.7680849459787,82.118392002615));
#4524=CARTESIAN_POINT('Ctrl Pts',(58.010908805566,47.7777093434492,82.1128254383048));
#4525=CARTESIAN_POINT('Ctrl Pts',(58.0228803185336,47.787210845152,82.1073299545165));
#4526=CARTESIAN_POINT('Ctrl Pts',(58.0778228496167,47.8308174096738,82.0821087657096));
#4527=CARTESIAN_POINT('Ctrl Pts',(58.1354822882589,47.8717528696535,82.0584324918191));
#4528=CARTESIAN_POINT('Ctrl Pts',(58.1955411636414,47.9098684030167,82.0363872086383));
#4529=CARTESIAN_POINT('Ctrl Pts',(58.2377238661708,47.9366390708883,82.0209035750093));
#4530=CARTESIAN_POINT('Ctrl Pts',(58.2810909036367,47.9620178838817,82.0062249631713));
#4531=CARTESIAN_POINT('Ctrl Pts',(58.3255376128712,47.9859407920211,81.9923884183848));
#4532=CARTESIAN_POINT('Ctrl Pts',(58.3424638652066,47.9950511443225,81.9871191678027));
#4533=CARTESIAN_POINT('Ctrl Pts',(58.3595467253551,48.0039502418704,81.9819721028613));
#4534=CARTESIAN_POINT('Ctrl Pts',(58.3767804885537,48.0126341219684,81.976949515507));
#4535=CARTESIAN_POINT('Ctrl Pts',(58.3930933954348,48.0208539939589,81.9721953014177));
#4536=CARTESIAN_POINT('Ctrl Pts',(58.4095467431155,48.0288833620364,81.9675512710864));
#4537=CARTESIAN_POINT('Ctrl Pts',(58.4261063688748,48.0367052314308,81.9630272539577));
#4538=CARTESIAN_POINT('Ctrl Pts',(58.4898530430313,48.0668157041447,81.9456119421644));
#4539=CARTESIAN_POINT('Ctrl Pts',(58.5552389502687,48.0938901314939,81.9299526199615));
#4540=CARTESIAN_POINT('Ctrl Pts',(58.6219711007911,48.1177890509862,81.9161299497419));
#4541=CARTESIAN_POINT('Ctrl Pts',(58.6872740300306,48.1411761205814,81.9026033235477));
#4542=CARTESIAN_POINT('Ctrl Pts',(58.7538670816714,48.1615223799476,81.8908354428486));
#4543=CARTESIAN_POINT('Ctrl Pts',(58.8214842721013,48.1786553584912,81.8809260612816));
#4544=CARTESIAN_POINT('Ctrl Pts',(58.8876160614919,48.1954119631574,81.8712343670451));
#4545=CARTESIAN_POINT('Ctrl Pts',(58.9547282519341,48.2090950089528,81.8633203594814));
#4546=CARTESIAN_POINT('Ctrl Pts',(59.0225680133753,48.2195010987897,81.8573016795097));
#4547=CARTESIAN_POINT('Ctrl Pts',(59.0444322974407,48.2228549092892,81.8553619007457));
#4548=CARTESIAN_POINT('Ctrl Pts',(59.0663720780554,48.2258679951494,81.8536191904863));
#4549=CARTESIAN_POINT('Ctrl Pts',(59.0883786039021,48.2285325619026,81.8520780568999));
#4550=CARTESIAN_POINT('Ctrl Pts',(59.1003780013129,48.2299854579945,81.851237730058));
#4551=CARTESIAN_POINT('Ctrl Pts',(59.1123990077114,48.2313348408257,81.8504572732729));
#4552=CARTESIAN_POINT('Ctrl Pts',(59.1244234334626,48.232577856248,81.8497383373282));
#4553=CARTESIAN_POINT('Ctrl Pts',(59.1922753938772,48.2395919985427,81.8456814938445));
#4554=CARTESIAN_POINT('Ctrl Pts',(59.2603494617964,48.2432376641156,81.8435729117823));
#4555=CARTESIAN_POINT('Ctrl Pts',(59.3283986662955,48.2433615164486,81.8435012780017));
#4556=CARTESIAN_POINT('Ctrl Pts',(59.3390734339042,48.2433809449619,81.8434900409275));
#4557=CARTESIAN_POINT('Ctrl Pts',(59.349747582511,48.2433136196787,81.8435289805619));
#4558=CARTESIAN_POINT('Ctrl Pts',(59.3604201464608,48.2431588469045,81.8436184981243));
#4559=CARTESIAN_POINT('Ctrl Pts',(59.4297880965331,48.2421528777553,81.8442003311149));
#4560=CARTESIAN_POINT('Ctrl Pts',(59.4990905630978,48.2374561227087,81.8469168428857));
#4561=CARTESIAN_POINT('Ctrl Pts',(59.5680034994297,48.2292182385307,81.8516814748741));
#4562=CARTESIAN_POINT('Ctrl Pts',(59.6323091345674,48.2215311132614,81.8561275586214));
#4563=CARTESIAN_POINT('Ctrl Pts',(59.6962760961791,48.2107597302244,81.8623575170753));
#4564=CARTESIAN_POINT('Ctrl Pts',(59.7596205006645,48.196995868076,81.8703182672459));
#4565=CARTESIAN_POINT('Ctrl Pts',(59.7745048999293,48.1937616941769,81.8721888505271));
#4566=CARTESIAN_POINT('Ctrl Pts',(59.7893548129204,48.1903621848344,81.874155060613));
#4567=CARTESIAN_POINT('Ctrl Pts',(59.8041663328049,48.1867983376446,81.8762163205137));
#4568=CARTESIAN_POINT('Ctrl Pts',(59.8140116676623,48.1844294201237,81.8775864563342));
#4569=CARTESIAN_POINT('Ctrl Pts',(59.8238378845489,48.1819883650854,81.8789983150918));
#4570=CARTESIAN_POINT('Ctrl Pts',(59.8336355027417,48.1794778102754,81.8804503711657));
#4571=CARTESIAN_POINT('Ctrl Pts',(59.8991789433145,48.1626828712648,81.8901642372414));
#4572=CARTESIAN_POINT('Ctrl Pts',(59.963553186043,48.1427551347732,81.9016900524497));
#4573=CARTESIAN_POINT('Ctrl Pts',(60.0264568012991,48.1198519553951,81.9149368059536));
#4574=CARTESIAN_POINT('Ctrl Pts',(60.0890720776741,48.0970537600802,81.9281228387172));
#4575=CARTESIAN_POINT('Ctrl Pts',(60.1502310679612,48.071306729943,81.9430144201895));
#4576=CARTESIAN_POINT('Ctrl Pts',(60.2096066564675,48.0427301015287,81.9595425862719));
#4577=CARTESIAN_POINT('Ctrl Pts',(60.2677157604524,48.0147630141476,81.9757182056758));
#4578=CARTESIAN_POINT('Ctrl Pts',(60.3241174025745,47.9840851445343,81.9934616888003));
#4579=CARTESIAN_POINT('Ctrl Pts',(60.3784650185656,47.9507828002871,82.0127231170091));
#4580=CARTESIAN_POINT('Ctrl Pts',(60.3900097656959,47.9437085775052,82.0168147098782));
#4581=CARTESIAN_POINT('Ctrl Pts',(60.4014616603093,47.9365158530278,82.0209748418233));
#4582=CARTESIAN_POINT('Ctrl Pts',(60.4128170981784,47.929205341062,82.0252030997607));
#4583=CARTESIAN_POINT('Ctrl Pts',(60.4233847178923,47.9224020181731,82.0291380094005));
#4584=CARTESIAN_POINT('Ctrl Pts',(60.4338699031859,47.915495808416,82.0331324268038));
#4585=CARTESIAN_POINT('Ctrl Pts',(60.4442534508156,47.9084985838494,82.0371794854027));
#4586=CARTESIAN_POINT('Ctrl Pts',(60.4957992683385,47.8737630894361,82.057269819794));
#4587=CARTESIAN_POINT('Ctrl Pts',(60.5449388629147,47.8367269159862,82.0786908221936));
#4588=CARTESIAN_POINT('Ctrl Pts',(60.5913820009863,47.7975041810447,82.1013764892332));
#4589=CARTESIAN_POINT('Ctrl Pts',(60.636945470076,47.7590243550612,82.1236324721805));
#4590=CARTESIAN_POINT('Ctrl Pts',(60.679914242654,47.7184394405578,82.1471059973853));
#4591=CARTESIAN_POINT('Ctrl Pts',(60.719971753777,47.6758348804519,82.1717476463262));
#4592=CARTESIAN_POINT('Ctrl Pts',(60.7587307682478,47.6346113816529,82.1955905162677));
#4593=CARTESIAN_POINT('Ctrl Pts',(60.7947645443876,47.5914965560634,82.22052729284));
#4594=CARTESIAN_POINT('Ctrl Pts',(60.8277396622538,47.5465544907673,82.2465209093203));
#4595=CARTESIAN_POINT('Ctrl Pts',(60.8333523676022,47.5389048874732,82.250945291087));
#4596=CARTESIAN_POINT('Ctrl Pts',(60.8388763393903,47.5312023238894,82.2554003040552));
#4597=CARTESIAN_POINT('Ctrl Pts',(60.8443097823876,47.5234470914182,82.2598857796835));
#4598=CARTESIAN_POINT('Ctrl Pts',(60.8497679796717,47.515656526792,82.2643916907431));
#4599=CARTESIAN_POINT('Ctrl Pts',(60.8551348203864,47.5078128114607,82.2689283431368));
#4600=CARTESIAN_POINT('Ctrl Pts',(60.860409938895,47.499917244099,82.2734949857364));
#4601=CARTESIAN_POINT('Ctrl Pts',(58.2542495907141,45.5667679637877,78.7707268362352));
#4602=CARTESIAN_POINT('Ctrl Pts',(58.2089414674767,45.5301794215444,78.791888937451));
#4603=CARTESIAN_POINT('Ctrl Pts',(58.1663646602054,45.4913655192037,78.8143381436657));
#4604=CARTESIAN_POINT('Ctrl Pts',(58.1265168126527,45.4506252692582,78.8379015118692));
#4605=CARTESIAN_POINT('Ctrl Pts',(58.0840003542702,45.4071566442838,78.8630429191246));
#4606=CARTESIAN_POINT('Ctrl Pts',(58.0445898833991,45.3614948208959,78.8894528296865));
#4607=CARTESIAN_POINT('Ctrl Pts',(58.0083114877379,45.3139554990062,78.9169486488659));
#4608=CARTESIAN_POINT('Ctrl Pts',(57.9765678915343,45.2723585923528,78.941007490648));
#4609=CARTESIAN_POINT('Ctrl Pts',(57.9472225362704,45.2293231610056,78.9658983471347));
#4610=CARTESIAN_POINT('Ctrl Pts',(57.9203158653133,45.18503677459,78.9915127317029));
#4611=CARTESIAN_POINT('Ctrl Pts',(57.9068072176575,45.1628025416376,79.0043725796047));
#4612=CARTESIAN_POINT('Ctrl Pts',(57.893913626626,45.1402526838454,79.0174149787751));
#4613=CARTESIAN_POINT('Ctrl Pts',(57.8816425636671,45.1174093358361,79.030627126979));
#4614=CARTESIAN_POINT('Ctrl Pts',(57.8760582263075,45.107013744017,79.0366397351012));
#4615=CARTESIAN_POINT('Ctrl Pts',(57.8706022734252,45.0965559848198,79.0426882996259));
#4616=CARTESIAN_POINT('Ctrl Pts',(57.8652838280444,45.0860552586723,79.048761715399));
#4617=CARTESIAN_POINT('Ctrl Pts',(57.8383928286393,45.0329617322065,79.0794699784804));
#4618=CARTESIAN_POINT('Ctrl Pts',(57.8149618628664,44.9786773193385,79.1108670270952));
#4619=CARTESIAN_POINT('Ctrl Pts',(57.7950134674412,44.923512255069,79.1427734273526));
#4620=CARTESIAN_POINT('Ctrl Pts',(57.7747077780017,44.8673591340243,79.1752513004319));
#4621=CARTESIAN_POINT('Ctrl Pts',(57.7580099722136,44.8102928039035,79.2082573558796));
#4622=CARTESIAN_POINT('Ctrl Pts',(57.744983148696,44.752608847384,79.2416206344239));
#4623=CARTESIAN_POINT('Ctrl Pts',(57.7340758134593,44.7043101772835,79.2695556458399));
#4624=CARTESIAN_POINT('Ctrl Pts',(57.7257426399683,44.6555776928389,79.297741567035));
#4625=CARTESIAN_POINT('Ctrl Pts',(57.7200455747242,44.6065742293745,79.3260842172249));
#4626=CARTESIAN_POINT('Ctrl Pts',(57.7174177275008,44.5839707291715,79.3391576421225));
#4627=CARTESIAN_POINT('Ctrl Pts',(57.7153510858063,44.5613094759587,79.3522644702377));
#4628=CARTESIAN_POINT('Ctrl Pts',(57.7138535456144,44.5386061010716,79.36539566071));
#4629=CARTESIAN_POINT('Ctrl Pts',(57.7132034530487,44.5287504088428,79.3710960014099));
#4630=CARTESIAN_POINT('Ctrl Pts',(57.7126607312549,44.5188871013955,79.376800746604));
#4631=CARTESIAN_POINT('Ctrl Pts',(57.7122263418466,44.5090294386046,79.3825022270386));
#4632=CARTESIAN_POINT('Ctrl Pts',(57.7095505900356,44.4483082088403,79.4176222053553));
#4633=CARTESIAN_POINT('Ctrl Pts',(57.7109732675661,44.3876876220503,79.452683973733));
#4634=CARTESIAN_POINT('Ctrl Pts',(57.7165480482828,44.3274808668351,79.4875063899766));
#4635=CARTESIAN_POINT('Ctrl Pts',(57.7215427265954,44.2735391263742,79.5187052435357));
#4636=CARTESIAN_POINT('Ctrl Pts',(57.7298706861834,44.2199287358204,79.5497124507531));
#4637=CARTESIAN_POINT('Ctrl Pts',(57.7416039129423,44.1668643641748,79.5804038512537));
#4638=CARTESIAN_POINT('Ctrl Pts',(57.7543624908201,44.1091627674965,79.6137773325228));
#4639=CARTESIAN_POINT('Ctrl Pts',(57.771146433925,44.0521060640123,79.6467778201112));
#4640=CARTESIAN_POINT('Ctrl Pts',(57.7917110249512,43.9958785885312,79.6792986983503));
#4641=CARTESIAN_POINT('Ctrl Pts',(57.7996117252403,43.9742765818966,79.6917928788461));
#4642=CARTESIAN_POINT('Ctrl Pts',(57.8080710047915,43.9527970121155,79.7042162442472));
#4643=CARTESIAN_POINT('Ctrl Pts',(57.8170769647212,43.9314506081669,79.7165625891207));
#4644=CARTESIAN_POINT('Ctrl Pts',(57.8210335055408,43.9220726052407,79.7219866436186));
#4645=CARTESIAN_POINT('Ctrl Pts',(57.8250953959384,43.9127209355195,79.7273954675029));
#4646=CARTESIAN_POINT('Ctrl Pts',(57.8292566344135,43.9034071408017,79.7327823852219));
#4647=CARTESIAN_POINT('Ctrl Pts',(57.8544846675408,43.846941085542,79.7654412533648));
#4648=CARTESIAN_POINT('Ctrl Pts',(57.883402516594,43.7917643310911,79.7973544149957));
#4649=CARTESIAN_POINT('Ctrl Pts',(57.9156979499481,43.7380656545968,79.828412685084));
#4650=CARTESIAN_POINT('Ctrl Pts',(57.9487379826986,43.6831289082595,79.8601870306901));
#4651=CARTESIAN_POINT('Ctrl Pts',(57.9853134439846,43.629738473883,79.8910670195325));
#4652=CARTESIAN_POINT('Ctrl Pts',(58.0251461202837,43.5780997681486,79.920933842598));
#4653=CARTESIAN_POINT('Ctrl Pts',(58.055488963422,43.5387635925877,79.9436851214855));
#4654=CARTESIAN_POINT('Ctrl Pts',(58.0877231012851,43.5004438797469,79.9658484981051));
#4655=CARTESIAN_POINT('Ctrl Pts',(58.1217447776951,43.4632366398579,79.987368442006));
#4656=CARTESIAN_POINT('Ctrl Pts',(58.1428965450385,43.4401043617143,80.0007477017801));
#4657=CARTESIAN_POINT('Ctrl Pts',(58.1647395645816,43.4174021910053,80.0138781957793));
#4658=CARTESIAN_POINT('Ctrl Pts',(58.1872517427179,43.3951546275034,80.0267457538116));
#4659=CARTESIAN_POINT('Ctrl Pts',(58.200222654948,43.3823361791166,80.03415969505));
#4660=CARTESIAN_POINT('Ctrl Pts',(58.213420488669,43.3696644449727,80.0414887796238));
#4661=CARTESIAN_POINT('Ctrl Pts',(58.2268162320035,43.3571671381257,80.0487169788416));
#4662=CARTESIAN_POINT('Ctrl Pts',(58.2776770548208,43.309717489878,80.0761609325306));
#4663=CARTESIAN_POINT('Ctrl Pts',(58.3314338267654,43.2647310333392,80.1021802240423));
#4664=CARTESIAN_POINT('Ctrl Pts',(58.3878022436948,43.2224354636466,80.1266431589377));
#4665=CARTESIAN_POINT('Ctrl Pts',(58.4300217411043,43.1907564172526,80.1449657032401));
#4666=CARTESIAN_POINT('Ctrl Pts',(58.4737074989997,43.1605871001781,80.162415049467));
#4667=CARTESIAN_POINT('Ctrl Pts',(58.5187565304843,43.132031678102,80.1789309502159));
#4668=CARTESIAN_POINT('Ctrl Pts',(58.5326243858792,43.1232412013472,80.1840151910032));
#4669=CARTESIAN_POINT('Ctrl Pts',(58.5466215223661,43.1146037305217,80.1890109361368));
#4670=CARTESIAN_POINT('Ctrl Pts',(58.5607451665881,43.1061224923638,80.1939163193341));
#4671=CARTESIAN_POINT('Ctrl Pts',(58.5745778126516,43.0978159983899,80.198720633894));
#4672=CARTESIAN_POINT('Ctrl Pts',(58.5885248503263,43.0896635996827,80.2034358227486));
#4673=CARTESIAN_POINT('Ctrl Pts',(58.6025780775276,43.0816708255075,80.2080586878785));
#4674=CARTESIAN_POINT('Ctrl Pts',(58.6655132365149,43.0458764484396,80.2287614594028));
#4675=CARTESIAN_POINT('Ctrl Pts',(58.7306068102011,43.013262050576,80.2476249928033));
#4676=CARTESIAN_POINT('Ctrl Pts',(58.7975981242329,42.9840684827465,80.2645099846446));
#4677=CARTESIAN_POINT('Ctrl Pts',(58.8492212293201,42.9615720943458,80.2775214581589));
#4678=CARTESIAN_POINT('Ctrl Pts',(58.9019722165676,42.9411073869661,80.2893578468853));
#4679=CARTESIAN_POINT('Ctrl Pts',(58.9557460486766,42.9227981431619,80.2999475574015));
#4680=CARTESIAN_POINT('Ctrl Pts',(58.9677782094733,42.9187013593383,80.302317057486));
#4681=CARTESIAN_POINT('Ctrl Pts',(58.9798616224342,42.9147125470759,80.3046241089194));
#4682=CARTESIAN_POINT('Ctrl Pts',(58.9919945358694,42.9108312472881,80.3068689772285));
#4683=CARTESIAN_POINT('Ctrl Pts',(61.1907710107392,45.1963338517824,80.2886626893123));
#4684=CARTESIAN_POINT('Ctrl Pts',(61.1914841515638,45.1211012829109,80.325697444276));
#4685=CARTESIAN_POINT('Ctrl Pts',(61.1857313483874,45.0459539083498,80.3626829245076));
#4686=CARTESIAN_POINT('Ctrl Pts',(61.1731726919901,44.9717030492822,80.3991498776141));
#4687=CARTESIAN_POINT('Ctrl Pts',(61.0901856757067,44.4810568323945,80.6401218045094));
#4688=CARTESIAN_POINT('Ctrl Pts',(60.7100207506115,44.0295570077277,80.85845221951));
#4689=CARTESIAN_POINT('Ctrl Pts',(60.2067520949095,43.8154436564122,80.9394829152998));
#4690=CARTESIAN_POINT('Ctrl Pts',(59.7034834392076,43.6013303050967,81.0205136110897));
#4691=CARTESIAN_POINT('Ctrl Pts',(59.0771110528989,43.6246034271326,80.9642445876689));
#4692=CARTESIAN_POINT('Ctrl Pts',(58.6144505398511,43.8661195200625,80.781748074533));
#4693=CARTESIAN_POINT('Ctrl Pts',(58.1517900268034,44.1076356129925,80.5992515613971));
#4694=CARTESIAN_POINT('Ctrl Pts',(57.8528413870166,44.5673946768165,80.290527558546));
#4695=CARTESIAN_POINT('Ctrl Pts',(57.8544854959376,45.0263621287011,79.9822614086446));
#4696=CARTESIAN_POINT('Ctrl Pts',(57.8561296048586,45.4853295805856,79.6739952587431));
#4697=CARTESIAN_POINT('Ctrl Pts',(58.1583664624875,45.9435054205308,79.3661869617912));
#4698=CARTESIAN_POINT('Ctrl Pts',(58.6228164095419,46.1826358376716,79.1850702771323));
#4699=CARTESIAN_POINT('Ctrl Pts',(59.0872663565963,46.4217662548123,79.0039535924733));
#4700=CARTESIAN_POINT('Ctrl Pts',(59.7139293930762,46.4418512491488,78.9495285201073));
#4701=CARTESIAN_POINT('Ctrl Pts',(60.2158322689346,46.2251185233768,79.0320742111381));
#4702=CARTESIAN_POINT('Ctrl Pts',(60.7177351447929,46.0083857976048,79.1146199021689));
#4703=CARTESIAN_POINT('Ctrl Pts',(61.0948778600297,45.5548353517243,79.3341363565966));
#4704=CARTESIAN_POINT('Ctrl Pts',(61.174627363005,45.0638191207773,79.5753222924274));
#4705=CARTESIAN_POINT('Ctrl Pts',(61.1862191497591,44.9924487017825,79.6103792624642));
#4706=CARTESIAN_POINT('Ctrl Pts',(61.1915278093703,44.9202867304544,79.6458940509755));
#4707=CARTESIAN_POINT('Ctrl Pts',(61.1908590155889,44.8480491374697,79.6814525775822));
#4708=CARTESIAN_POINT('Ctrl Pts',(60.0534906877554,42.9139888162583,80.3050427007482));
#4709=CARTESIAN_POINT('Ctrl Pts',(60.7137967408433,43.0851925475514,80.2488300946217));
#4710=CARTESIAN_POINT('Ctrl Pts',(61.8329376616597,44.0415614347228,79.781301535444));
#4711=CARTESIAN_POINT('Ctrl Pts',(61.403979845297,46.0761985627048,78.7329318995088));
#4712=CARTESIAN_POINT('Ctrl Pts',(59.2490878873723,46.888334797724,78.3916330034057));
#4713=CARTESIAN_POINT('Ctrl Pts',(57.3470167788392,45.7886659835045,79.1560849647137));
#4714=CARTESIAN_POINT('Ctrl Pts',(57.437182001046,43.8334684572204,80.4153580937354));
#4715=CARTESIAN_POINT('Ctrl Pts',(59.4381892880878,42.8650782481825,81.1038810630694));
#4716=CARTESIAN_POINT('Ctrl Pts',(61.516979892996,43.8209215024356,80.6794648220272));
#4717=CARTESIAN_POINT('Ctrl Pts',(61.7700824230692,45.8768020253611,79.6188084196237));
#4718=CARTESIAN_POINT('Ctrl Pts',(59.9655834627937,47.2008510064712,78.9814291474722));
#4719=CARTESIAN_POINT('Ctrl Pts',(57.7560835737796,46.6315311358265,79.4391375946764));
#4720=CARTESIAN_POINT('Ctrl Pts',(57.1649920383419,44.7411723385894,80.6609092638784));
#4721=CARTESIAN_POINT('Ctrl Pts',(58.7336376052548,43.3119269631204,81.6159818982144));
#4722=CARTESIAN_POINT('Ctrl Pts',(61.0254645875585,43.7036509090024,81.5178412934677));
#4723=CARTESIAN_POINT('Ctrl Pts',(61.9416444293452,45.6085815543247,80.5444913644164));
#4724=CARTESIAN_POINT('Ctrl Pts',(60.6431476799834,47.3331741571149,79.675445451736));
#4725=CARTESIAN_POINT('Ctrl Pts',(58.3191249330168,47.3490371287795,79.7946955242834));
#4726=CARTESIAN_POINT('Ctrl Pts',(57.0978919413772,45.6926151766907,80.8811626721349));
#4727=CARTESIAN_POINT('Ctrl Pts',(58.0978414283039,43.9318146160869,82.0280003770716));
#4728=CARTESIAN_POINT('Ctrl Pts',(60.4032299052978,43.7301304642954,82.2730754747096));
#4729=CARTESIAN_POINT('Ctrl Pts',(61.9028063933495,45.323235080611,81.4800796560707));
#4730=CARTESIAN_POINT('Ctrl Pts',(61.2232742364016,47.3031517493758,80.463359269478));
#4731=CARTESIAN_POINT('Ctrl Pts',(58.9869418934559,47.9076652750885,80.2421453103433));
#4732=CARTESIAN_POINT('Ctrl Pts',(57.2418196476103,46.6341404844446,81.1071521870564));
#4733=CARTESIAN_POINT('Ctrl Pts',(57.5860720547922,44.6998302967061,82.3543444857053));
#4734=CARTESIAN_POINT('Ctrl Pts',(59.7044371580043,43.9271281517513,82.9296852847489));
#4735=CARTESIAN_POINT('Ctrl Pts',(61.6569362502879,45.0746386757321,82.3944124226703));
#4736=CARTESIAN_POINT('Ctrl Pts',(61.6554945859195,47.1424558487504,81.3268520940112));
#4737=CARTESIAN_POINT('Ctrl Pts',(59.7014244227059,48.2878656499842,80.7927942491121));
#4738=CARTESIAN_POINT('Ctrl Pts',(57.5842599777867,47.5128866178554,81.3694519554135));
#4739=CARTESIAN_POINT('Ctrl Pts',(57.2428428726359,45.57820661946,82.6168581453539));
#4740=CARTESIAN_POINT('Ctrl Pts',(58.9899149047795,44.3065619640491,83.4807775884153));
#4741=CARTESIAN_POINT('Ctrl Pts',(61.2253658949476,44.9134748179976,83.2581759044939));
#4742=CARTESIAN_POINT('Ctrl Pts',(61.9023301626216,46.8941317468306,82.2410273658753));
#4743=CARTESIAN_POINT('Ctrl Pts',(60.4001376228146,48.4856000250875,81.448977973344));
#4744=CARTESIAN_POINT('Ctrl Pts',(58.0959848155838,48.2814896371344,81.6954563587897));
#4745=CARTESIAN_POINT('Ctrl Pts',(57.096786954035,46.5195430687124,82.8429568923594));
#4746=CARTESIAN_POINT('Ctrl Pts',(58.3242349698652,44.8648598293597,83.9284184025809));
#4747=CARTESIAN_POINT('Ctrl Pts',(59.866782409595,44.8781734196168,84.0063346854723));
#4748=CARTESIAN_POINT('Ctrl Pts',(60.4728740228285,45.1701292234222,83.8802814291352));
#4749=CARTESIAN_POINT('Ctrl Pts',(60.0200553676544,42.9849054232383,80.1775984596286));
#4750=CARTESIAN_POINT('Ctrl Pts',(60.6387190509264,43.1464822002401,80.1269538966276));
#4751=CARTESIAN_POINT('Ctrl Pts',(61.6872810638519,44.0448775448412,79.6929561069338));
#4752=CARTESIAN_POINT('Ctrl Pts',(61.2853755816921,45.9547099210929,78.7167711120476));
#4753=CARTESIAN_POINT('Ctrl Pts',(59.2663824352438,46.7191387353044,78.4030652602687));
#4754=CARTESIAN_POINT('Ctrl Pts',(57.4842659267743,45.6923309737964,79.1253758057772));
#4755=CARTESIAN_POINT('Ctrl Pts',(57.5687448562232,43.863948636869,80.3113014957282));
#4756=CARTESIAN_POINT('Ctrl Pts',(59.443558107845,42.9601403617912,80.9624715305264));
#4757=CARTESIAN_POINT('Ctrl Pts',(61.3912492525338,43.8592132753797,80.5708901503871));
#4758=CARTESIAN_POINT('Ctrl Pts',(61.6283898069301,45.7889493264493,79.5831932570968));
#4759=CARTESIAN_POINT('Ctrl Pts',(59.9376920342779,47.0330069787266,78.9920794137751));
#4760=CARTESIAN_POINT('Ctrl Pts',(57.8675348198559,46.5031015692674,79.4269913032092));
#4761=CARTESIAN_POINT('Ctrl Pts',(57.3137206230078,44.7354688903862,80.5777805724784));
#4762=CARTESIAN_POINT('Ctrl Pts',(58.7834391567639,43.3998693976058,81.4786902496041));
#4763=CARTESIAN_POINT('Ctrl Pts',(60.9307314853189,43.7703993310268,81.3928078494585));
#4764=CARTESIAN_POINT('Ctrl Pts',(61.7891322114801,45.5587051970622,80.4869114244887));
#4765=CARTESIAN_POINT('Ctrl Pts',(60.5725254911265,47.1780460852586,79.6787410564683));
#4766=CARTESIAN_POINT('Ctrl Pts',(58.3950678320268,47.1964188127596,79.7965395350526));
#4767=CARTESIAN_POINT('Ctrl Pts',(57.2508522107891,45.6479696921627,80.8205572971539));
#4768=CARTESIAN_POINT('Ctrl Pts',(58.1877396280329,44.0017246266449,81.9011383317448));
#4769=CARTESIAN_POINT('Ctrl Pts',(60.3477381921531,43.816269895571,82.136826648089));
#4770=CARTESIAN_POINT('Ctrl Pts',(61.7527435061399,45.3124151207291,81.3999102555136));
#4771=CARTESIAN_POINT('Ctrl Pts',(61.1160662181563,47.1709779974943,80.4533785419799));
#4772=CARTESIAN_POINT('Ctrl Pts',(59.0207687453603,47.7408778815683,80.2521844399616));
#4773=CARTESIAN_POINT('Ctrl Pts',(57.3857030794834,46.551178415175,81.0687083794631));
#4774=CARTESIAN_POINT('Ctrl Pts',(57.7082451207179,44.7423661514554,82.2433151196931));
#4775=CARTESIAN_POINT('Ctrl Pts',(59.6930149878715,44.0219048227394,82.7884408466659));
#4776=CARTESIAN_POINT('Ctrl Pts',(61.5223792264218,45.1005574607571,82.2929940465979));
#4777=CARTESIAN_POINT('Ctrl Pts',(61.5210284809849,47.041477374034,81.2988286249239));
#4778=CARTESIAN_POINT('Ctrl Pts',(59.6901922514939,48.118161771921,80.8045202166667));
#4779=CARTESIAN_POINT('Ctrl Pts',(57.7065473228113,47.395567148502,81.3508797998049));
#4780=CARTESIAN_POINT('Ctrl Pts',(57.3866617745616,45.5864083963289,82.5256869422175));
#4781=CARTESIAN_POINT('Ctrl Pts',(59.0235542629658,44.3984704939602,83.3411920273483));
#4782=CARTESIAN_POINT('Ctrl Pts',(61.1180259657221,44.9706183920222,83.1386977177613));
#4783=CARTESIAN_POINT('Ctrl Pts',(61.7522973090244,46.8298748441655,82.1917648537184));
#4784=CARTESIAN_POINT('Ctrl Pts',(60.3448409252542,48.3244869273423,81.4557352006465));
#4785=CARTESIAN_POINT('Ctrl Pts',(58.1860001030681,48.1367589713097,81.6927383060944));
#4786=CARTESIAN_POINT('Ctrl Pts',(57.2498169097558,46.4894401712494,82.7739403678616));
#4787=CARTESIAN_POINT('Ctrl Pts',(58.3998556030968,44.942620111026,83.7970159131266));
#4788=CARTESIAN_POINT('Ctrl Pts',(59.8451218947234,44.9574341817774,83.8740643472832));
#4789=CARTESIAN_POINT('Ctrl Pts',(60.4129901856314,45.2321477710102,83.7579836525078));
#4790=CARTESIAN_POINT('Ctrl Pts',(59.9866200475535,43.0558220302182,80.0501542185089));
#4791=CARTESIAN_POINT('Ctrl Pts',(60.5636413610096,43.2077718529287,80.0050776986336));
#4792=CARTESIAN_POINT('Ctrl Pts',(61.5416244660439,44.0481936549597,79.6046106784236));
#4793=CARTESIAN_POINT('Ctrl Pts',(61.1667713180872,45.833221279481,78.7006103245863));
#4794=CARTESIAN_POINT('Ctrl Pts',(59.2836769831153,46.5499426728848,78.4144975171317));
#4795=CARTESIAN_POINT('Ctrl Pts',(57.6215150747094,45.5959959640883,79.0946666468406));
#4796=CARTESIAN_POINT('Ctrl Pts',(57.7003077114004,43.8944288165177,80.2072448977209));
#4797=CARTESIAN_POINT('Ctrl Pts',(59.4489269276023,43.0552024753999,80.8210619979834));
#4798=CARTESIAN_POINT('Ctrl Pts',(61.2655186120715,43.8975050483238,80.462315478747));
#4799=CARTESIAN_POINT('Ctrl Pts',(61.486697190791,45.7010966275375,79.5475780945698));
#4800=CARTESIAN_POINT('Ctrl Pts',(59.9098006057622,46.8651629509821,79.0027296800781));
#4801=CARTESIAN_POINT('Ctrl Pts',(57.9789860659322,46.3746720027083,79.4148450117419));
#4802=CARTESIAN_POINT('Ctrl Pts',(57.4624492076738,44.729765442183,80.4946518810783));
#4803=CARTESIAN_POINT('Ctrl Pts',(58.833240708273,43.4878118320913,81.341398600994));
#4804=CARTESIAN_POINT('Ctrl Pts',(60.8359983830792,43.8371477530513,81.2677744054493));
#4805=CARTESIAN_POINT('Ctrl Pts',(61.6366199936149,45.5088288397998,80.4293314845609));
#4806=CARTESIAN_POINT('Ctrl Pts',(60.5019033022697,47.0229180134022,79.6820366612006));
#4807=CARTESIAN_POINT('Ctrl Pts',(58.4710107310368,47.0438004967397,79.7983835458219));
#4808=CARTESIAN_POINT('Ctrl Pts',(57.4038124802011,45.6033242076347,80.7599519221728));
#4809=CARTESIAN_POINT('Ctrl Pts',(58.2776378277619,44.0716346372029,81.7742762864181));
#4810=CARTESIAN_POINT('Ctrl Pts',(60.2922464790086,43.9024093268466,82.0005778214684));
#4811=CARTESIAN_POINT('Ctrl Pts',(61.6026806189303,45.301595160847,81.3197408549564));
#4812=CARTESIAN_POINT('Ctrl Pts',(61.0088581999111,47.0388042456128,80.4433978144818));
#4813=CARTESIAN_POINT('Ctrl Pts',(59.0545955972647,47.5740904880481,80.2622235695798));
#4814=CARTESIAN_POINT('Ctrl Pts',(57.5295865113566,46.4682163459055,81.0302645718697));
#4815=CARTESIAN_POINT('Ctrl Pts',(57.8304181866435,44.7849020062046,82.1322857536809));
#4816=CARTESIAN_POINT('Ctrl Pts',(59.6815928177386,44.1166814937276,82.6471964085829));
#4817=CARTESIAN_POINT('Ctrl Pts',(61.3878222025557,45.1264762457821,82.1915756705256));
#4818=CARTESIAN_POINT('Ctrl Pts',(61.3865623760502,46.9404988993175,81.2708051558365));
#4819=CARTESIAN_POINT('Ctrl Pts',(59.6789600802818,47.9484578938578,80.8162461842213));
#4820=CARTESIAN_POINT('Ctrl Pts',(57.8288346678359,47.2782476791486,81.3323076441964));
#4821=CARTESIAN_POINT('Ctrl Pts',(57.5304806764874,45.5946101731978,82.4345157390811));
#4822=CARTESIAN_POINT('Ctrl Pts',(59.057193621152,44.4903790238712,83.2016064662812));
#4823=CARTESIAN_POINT('Ctrl Pts',(61.0106860364966,45.0277619660469,83.0192195310286));
#4824=CARTESIAN_POINT('Ctrl Pts',(61.6022644554272,46.7656179415005,82.1425023415615));
#4825=CARTESIAN_POINT('Ctrl Pts',(60.2895442276938,48.1633738295971,81.462492427949));
#4826=CARTESIAN_POINT('Ctrl Pts',(58.2760153905523,47.992028305485,81.6900202533992));
#4827=CARTESIAN_POINT('Ctrl Pts',(57.4028468654765,46.4593372737863,82.7049238433637));
#4828=CARTESIAN_POINT('Ctrl Pts',(58.4754762363284,45.0203803926923,83.6656134236723));
#4829=CARTESIAN_POINT('Ctrl Pts',(59.8234613798518,45.036694943938,83.7417940090941));
#4830=CARTESIAN_POINT('Ctrl Pts',(60.3531063484344,45.2941663185981,83.6356858758804));
#4831=CARTESIAN_POINT('Ctrl Pts',(59.9531847274526,43.1267386371982,79.9227099773892));
#4832=CARTESIAN_POINT('Ctrl Pts',(60.4885636710927,43.2690615056173,79.8832015006395));
#4833=CARTESIAN_POINT('Ctrl Pts',(61.395967868236,44.0515097650781,79.5162652499133));
#4834=CARTESIAN_POINT('Ctrl Pts',(61.0481670544823,45.7117326378691,78.684449537125));
#4835=CARTESIAN_POINT('Ctrl Pts',(59.3009715309868,46.3807466104651,78.4259297739947));
#4836=CARTESIAN_POINT('Ctrl Pts',(57.7587642226445,45.4996609543802,79.0639574879041));
#4837=CARTESIAN_POINT('Ctrl Pts',(57.8318705665776,43.9249089961664,80.1031882997138));
#4838=CARTESIAN_POINT('Ctrl Pts',(59.4542957473595,43.1502645890085,80.6796524654403));
#4839=CARTESIAN_POINT('Ctrl Pts',(61.1397879716092,43.935796821268,80.3537408071069));
#4840=CARTESIAN_POINT('Ctrl Pts',(61.3450045746519,45.6132439286256,79.5119629320428));
#4841=CARTESIAN_POINT('Ctrl Pts',(59.8819091772464,46.6973189232376,79.0133799463809));
#4842=CARTESIAN_POINT('Ctrl Pts',(58.0904373120085,46.2462424361492,79.4026987202748));
#4843=CARTESIAN_POINT('Ctrl Pts',(57.6111777923399,44.7240619939799,80.411523189678));
#4844=CARTESIAN_POINT('Ctrl Pts',(58.8830422597821,43.5757542665766,81.2041069523839));
#4845=CARTESIAN_POINT('Ctrl Pts',(60.7412652808396,43.9038961750758,81.14274096144));
#4846=CARTESIAN_POINT('Ctrl Pts',(61.4841077757498,45.4589524825372,80.3717515446332));
#4847=CARTESIAN_POINT('Ctrl Pts',(60.4312811134129,46.8677899415459,79.685332265933));
#4848=CARTESIAN_POINT('Ctrl Pts',(58.5469536300468,46.8911821807198,79.8002275565911));
#4849=CARTESIAN_POINT('Ctrl Pts',(57.556772749613,45.5586787231066,80.6993465471918));
#4850=CARTESIAN_POINT('Ctrl Pts',(58.3675360274909,44.141544647761,81.6474142410914));
#4851=CARTESIAN_POINT('Ctrl Pts',(60.2367547658639,43.9885487581222,81.8643289948479));
#4852=CARTESIAN_POINT('Ctrl Pts',(61.4526177317207,45.2907752009651,81.2395714543993));
#4853=CARTESIAN_POINT('Ctrl Pts',(60.9016501816658,46.9066304937313,80.4334170869836));
#4854=CARTESIAN_POINT('Ctrl Pts',(59.0884224491691,47.4073030945279,80.272262699198));
#4855=CARTESIAN_POINT('Ctrl Pts',(57.6734699432298,46.385254276636,80.9918207642765));
#4856=CARTESIAN_POINT('Ctrl Pts',(57.9525912525692,44.8274378609539,82.0212563876686));
#4857=CARTESIAN_POINT('Ctrl Pts',(59.6701706476058,44.2114581647157,82.5059519705));
#4858=CARTESIAN_POINT('Ctrl Pts',(61.2532651786896,45.1523950308072,82.0901572944533));
#4859=CARTESIAN_POINT('Ctrl Pts',(61.2520962711156,46.839520424601,81.2427816867491));
#4860=CARTESIAN_POINT('Ctrl Pts',(59.6677279090697,47.7787540157947,80.827972151776));
#4861=CARTESIAN_POINT('Ctrl Pts',(57.9511220128606,47.1609282097952,81.3137354885879));
#4862=CARTESIAN_POINT('Ctrl Pts',(57.6742995784131,45.6028119500667,82.3433445359448));
#4863=CARTESIAN_POINT('Ctrl Pts',(59.0908329793383,44.5822875537823,83.0620209052142));
#4864=CARTESIAN_POINT('Ctrl Pts',(60.9033461072712,45.0849055400715,82.8997413442958));
#4865=CARTESIAN_POINT('Ctrl Pts',(61.45223160183,46.7013610388354,82.0932398294046));
#4866=CARTESIAN_POINT('Ctrl Pts',(60.2342475301336,48.0022607318518,81.4692496552515));
#4867=CARTESIAN_POINT('Ctrl Pts',(58.3660306780365,47.8472976396604,81.6873022007039));
#4868=CARTESIAN_POINT('Ctrl Pts',(57.5558768211972,46.4292343763233,82.6359073188659));
#4869=CARTESIAN_POINT('Ctrl Pts',(58.5510968695599,45.0981406743586,83.534210934218));
#4870=CARTESIAN_POINT('Ctrl Pts',(59.8018008649802,45.1159557060986,83.6095236709051));
#4871=CARTESIAN_POINT('Ctrl Pts',(60.2932225112374,45.3561848661861,83.5133880992529));
#4872=CARTESIAN_POINT('Ctrl Pts',(60.2932225112374,45.3561848661861,83.5133880992529));
#4873=CARTESIAN_POINT('Ctrl Pts',(60.2415041236168,45.3258380433205,83.5309401113771));
#4874=CARTESIAN_POINT('Ctrl Pts',(60.1878078564814,45.2983105607978,83.5468614718809));
#4875=CARTESIAN_POINT('Ctrl Pts',(60.132465234893,45.2735461386702,83.5611847319914));
#4876=CARTESIAN_POINT('Ctrl Pts',(60.0973310849544,45.2578244960157,83.5702778243295));
#4877=CARTESIAN_POINT('Ctrl Pts',(60.0615325077948,45.2432170162751,83.5787265065078));
#4878=CARTESIAN_POINT('Ctrl Pts',(60.0251467018849,45.2297155678221,83.5865354817007));
#4879=CARTESIAN_POINT('Ctrl Pts',(60.0003075948562,45.2204986791267,83.591866350861));
#4880=CARTESIAN_POINT('Ctrl Pts',(59.9751947066641,45.2117973291601,83.5968990424474));
#4881=CARTESIAN_POINT('Ctrl Pts',(59.9498313445056,45.2036103144569,83.6016342525209));
#4882=CARTESIAN_POINT('Ctrl Pts',(59.9363633349266,45.199262988903,83.6041486610693));
#4883=CARTESIAN_POINT('Ctrl Pts',(59.9228248095642,45.1950608573255,83.6065790922457));
#4884=CARTESIAN_POINT('Ctrl Pts',(59.9092328538941,45.1910076150099,83.6089234087687));
#4885=CARTESIAN_POINT('Ctrl Pts',(59.8468734212564,45.1724114764351,83.6196790536405));
#4886=CARTESIAN_POINT('Ctrl Pts',(59.7833216498087,45.1569232070947,83.6286371673926));
#4887=CARTESIAN_POINT('Ctrl Pts',(59.7189278343551,45.1445015786637,83.6358215956865));
#4888=CARTESIAN_POINT('Ctrl Pts',(59.6724405941468,45.1355341456798,83.6410081845149));
#4889=CARTESIAN_POINT('Ctrl Pts',(59.6255136055679,45.1281656691441,83.6452699680323));
#4890=CARTESIAN_POINT('Ctrl Pts',(59.5782695283771,45.1223928160144,83.6486088740052));
#4891=CARTESIAN_POINT('Ctrl Pts',(59.5653300411759,45.120811712866,83.649523353315));
#4892=CARTESIAN_POINT('Ctrl Pts',(59.5523667346326,45.1193503643355,83.650368568883));
#4893=CARTESIAN_POINT('Ctrl Pts',(59.5393820614817,45.1180088424976,83.6511444790225));
#4894=CARTESIAN_POINT('Ctrl Pts',(59.5261082070049,45.1166374436608,83.6519376694371));
#4895=CARTESIAN_POINT('Ctrl Pts',(59.5128200692291,45.1153921323258,83.652657933293));
#4896=CARTESIAN_POINT('Ctrl Pts',(59.4995255486392,45.1142729376944,83.6533052537003));
#4897=CARTESIAN_POINT('Ctrl Pts',(59.4319948169673,45.1085878863359,83.6565933768364));
#4898=CARTESIAN_POINT('Ctrl Pts',(59.3642602200425,45.1061495451225,83.6580036659705));
#4899=CARTESIAN_POINT('Ctrl Pts',(59.2966768757137,45.1069154449749,83.657560684392));
#4900=CARTESIAN_POINT('Ctrl Pts',(59.2280955422906,45.10769265471,83.6571111613973));
#4901=CARTESIAN_POINT('Ctrl Pts',(59.1596689512069,45.1117691484775,83.6547533966867));
#4902=CARTESIAN_POINT('Ctrl Pts',(59.0917466718085,45.1191423785246,83.6504888638308));
#4903=CARTESIAN_POINT('Ctrl Pts',(59.0496168441533,45.1237157366907,83.6478437224157));
#4904=CARTESIAN_POINT('Ctrl Pts',(59.0076806710906,45.1295582859772,83.6444645055413));
#4905=CARTESIAN_POINT('Ctrl Pts',(58.9660201896556,45.1366780618496,83.6403465656506));
#4906=CARTESIAN_POINT('Ctrl Pts',(58.9318454343859,45.1425185271931,83.6369685540882));
#4907=CARTESIAN_POINT('Ctrl Pts',(58.8978561563853,45.1492185789442,83.633093374466));
#4908=CARTESIAN_POINT('Ctrl Pts',(58.8640979906237,45.1567861367254,83.6287164462283));
#4909=CARTESIAN_POINT('Ctrl Pts',(58.8504123566085,45.1598540411523,83.626942029976));
#4910=CARTESIAN_POINT('Ctrl Pts',(58.8367624559507,45.1630652342351,83.6250847383521));
#4911=CARTESIAN_POINT('Ctrl Pts',(58.8231741399291,45.1664144219815,83.6231476332986));
#4912=CARTESIAN_POINT('Ctrl Pts',(58.755368428767,45.1831268723394,83.6134814770552));
#4913=CARTESIAN_POINT('Ctrl Pts',(58.6889748979787,45.203297759857,83.6018150280226));
#4914=CARTESIAN_POINT('Ctrl Pts',(58.6243570264956,45.226909886751,83.588158233064));
#4915=CARTESIAN_POINT('Ctrl Pts',(58.6170496476856,45.2295800885352,83.5866138402852));
#4916=CARTESIAN_POINT('Ctrl Pts',(58.6097649685471,45.232294345376,83.5850439669186));
#4917=CARTESIAN_POINT('Ctrl Pts',(58.6025035103614,45.2350526685851,83.5834486064217));
#4918=CARTESIAN_POINT('Ctrl Pts',(58.5407372697908,45.2585150711145,83.5698784091235));
#4919=CARTESIAN_POINT('Ctrl Pts',(58.4806502987501,45.2851620544482,83.5544663122256));
#4920=CARTESIAN_POINT('Ctrl Pts',(58.4223840279751,45.3147256013454,83.5373673316875));
#4921=CARTESIAN_POINT('Ctrl Pts',(58.3596981071761,45.3465316211006,83.5189713484625));
#4922=CARTESIAN_POINT('Ctrl Pts',(58.2991185649256,45.3817134505505,83.498622862567));
#4923=CARTESIAN_POINT('Ctrl Pts',(58.2408415230741,45.4199902076846,83.4764843306927));
#4924=CARTESIAN_POINT('Ctrl Pts',(58.2302468389427,45.4269488682227,83.4724595767778));
#4925=CARTESIAN_POINT('Ctrl Pts',(58.2197283288407,45.4340099484824,83.4683755852879));
#4926=CARTESIAN_POINT('Ctrl Pts',(58.2092872788686,45.4411719276975,83.4642332358046));
#4927=CARTESIAN_POINT('Ctrl Pts',(58.2003346480445,45.4473129342107,83.460681397075));
#4928=CARTESIAN_POINT('Ctrl Pts',(58.1914465204567,45.4535229480011,83.4570896458784));
#4929=CARTESIAN_POINT('Ctrl Pts',(58.1826240860381,45.4598001889745,83.4534590117867));
#4930=CARTESIAN_POINT('Ctrl Pts',(58.1277226657591,45.4988630403964,83.4308658182652));
#4931=CARTESIAN_POINT('Ctrl Pts',(58.0753564736557,45.5405307511039,83.4067660247954));
#4932=CARTESIAN_POINT('Ctrl Pts',(58.0256749033351,45.5845008736787,83.3813345610816));
#4933=CARTESIAN_POINT('Ctrl Pts',(57.9749511730318,45.6293933483831,83.3553696268351));
#4934=CARTESIAN_POINT('Ctrl Pts',(57.927025111797,45.6766863108203,83.3280162971715));
#4935=CARTESIAN_POINT('Ctrl Pts',(57.8820759815167,45.7261022435274,83.2994350827937));
#4936=CARTESIAN_POINT('Ctrl Pts',(57.8368578449122,45.7758139149582,83.2706828188902));
#4937=CARTESIAN_POINT('Ctrl Pts',(57.7946515921003,45.8276746734456,83.240687564831));
#4938=CARTESIAN_POINT('Ctrl Pts',(57.7556717087292,45.8814379196877,83.2095919488565));
#4939=CARTESIAN_POINT('Ctrl Pts',(57.7460213552251,45.8947482296962,83.2018935244223));
#4940=CARTESIAN_POINT('Ctrl Pts',(57.7365689380973,45.90817529273,83.1941275723091));
#4941=CARTESIAN_POINT('Ctrl Pts',(57.7273181004473,45.9217156335177,83.1862961025463));
#4942=CARTESIAN_POINT('Ctrl Pts',(57.7208407443525,45.9311964624161,83.180812575506));
#4943=CARTESIAN_POINT('Ctrl Pts',(57.7144612864864,45.9407343827677,83.1752960278794));
#4944=CARTESIAN_POINT('Ctrl Pts',(57.7081896255902,45.9503147117442,83.1697549519291));
#4945=CARTESIAN_POINT('Ctrl Pts',(57.6710575870484,46.007036073228,83.1369484196317));
#4946=CARTESIAN_POINT('Ctrl Pts',(57.6376352563536,46.0653359164206,83.1032289242141));
#4947=CARTESIAN_POINT('Ctrl Pts',(57.6081020009446,46.124914549132,83.0687698018102));
#4948=CARTESIAN_POINT('Ctrl Pts',(57.5785296695851,46.1845720113415,83.0342650859578));
#4949=CARTESIAN_POINT('Ctrl Pts',(57.552855947268,46.24551236429,82.9990183710532));
#4950=CARTESIAN_POINT('Ctrl Pts',(57.5312964687148,46.3074675648088,82.9631846880519));
#4951=CARTESIAN_POINT('Ctrl Pts',(57.5102238745475,46.368023611833,82.9281602482194));
#4952=CARTESIAN_POINT('Ctrl Pts',(57.493081238228,46.4295499454366,82.8925746135007));
#4953=CARTESIAN_POINT('Ctrl Pts',(57.4801133532401,46.4918165833076,82.8565608011921));
#4954=CARTESIAN_POINT('Ctrl Pts',(57.4770171002108,46.5066835617169,82.8479620300309));
#4955=CARTESIAN_POINT('Ctrl Pts',(57.4741590605269,46.5215928075878,82.839338812192));
#4956=CARTESIAN_POINT('Ctrl Pts',(57.4715429983468,46.5365412944207,82.8306928981439));
#4957=CARTESIAN_POINT('Ctrl Pts',(57.4696067929931,46.5476049994261,82.8242938663489));
#4958=CARTESIAN_POINT('Ctrl Pts',(57.467803142274,46.5586902006073,82.8178824015839));
#4959=CARTESIAN_POINT('Ctrl Pts',(57.4661312998715,46.5697955691048,82.8114592724355));
#4960=CARTESIAN_POINT('Ctrl Pts',(61.1872174463103,44.9443932831399,79.8486403210756));
#4961=CARTESIAN_POINT('Ctrl Pts',(61.1883222635321,45.1396320381683,79.752442294307));
#4962=CARTESIAN_POINT('Ctrl Pts',(61.1488568854173,45.3345374805156,79.6564370491104));
#4963=CARTESIAN_POINT('Ctrl Pts',(61.0669525745772,45.5143485765014,79.5691620802765));
#4964=CARTESIAN_POINT('Ctrl Pts',(60.8573061088501,45.974602260163,79.3457686034888));
#4965=CARTESIAN_POINT('Ctrl Pts',(60.3696076430482,46.3359605917003,79.1795742749349));
#4966=CARTESIAN_POINT('Ctrl Pts',(59.827179765941,46.4414603429542,79.1613635729736));
#4967=CARTESIAN_POINT('Ctrl Pts',(59.2847518888338,46.5469600942082,79.1431528710122));
#4968=CARTESIAN_POINT('Ctrl Pts',(58.6875946004211,46.3966012651787,79.2729257956435));
#4969=CARTESIAN_POINT('Ctrl Pts',(58.3091393696034,46.0677251103024,79.5059496695264));
#4970=CARTESIAN_POINT('Ctrl Pts',(57.9306841387856,45.7388489554261,79.7389735434092));
#4971=CARTESIAN_POINT('Ctrl Pts',(57.7709309655627,45.231455474703,80.0752483665436));
#4972=CARTESIAN_POINT('Ctrl Pts',(57.9030317901917,44.7863741131076,80.3754830718951));
#4973=CARTESIAN_POINT('Ctrl Pts',(58.0351326148206,44.3412927515121,80.6757177772466));
#4974=CARTESIAN_POINT('Ctrl Pts',(58.4590874373013,43.9585235090443,80.9399123648153));
#4975=CARTESIAN_POINT('Ctrl Pts',(58.9807686853846,43.8218292058937,81.0617819934423));
#4976=CARTESIAN_POINT('Ctrl Pts',(59.5024499334679,43.685134902743,81.1836516220693));
#4977=CARTESIAN_POINT('Ctrl Pts',(60.1218576071537,43.7945155389094,81.1631962917546));
#4978=CARTESIAN_POINT('Ctrl Pts',(60.5553685264817,44.1083819082362,81.0244703904628));
#4979=CARTESIAN_POINT('Ctrl Pts',(60.9481324613029,44.3927470412204,80.8987837504644));
#4980=CARTESIAN_POINT('Ctrl Pts',(61.188303284242,44.8449640254443,80.6760148642922));
#4981=CARTESIAN_POINT('Ctrl Pts',(61.1915598209234,45.2948342088899,80.4546033220469));
#4982=CARTESIAN_POINT('Ctrl Pts',(60.0534906877554,42.9139888162583,80.3050427007482));
#4983=CARTESIAN_POINT('Ctrl Pts',(60.1221327686362,42.9359895651728,80.2923178954729));
#4984=CARTESIAN_POINT('Ctrl Pts',(60.1890716423264,42.9613605874732,80.2776437896203));
#4985=CARTESIAN_POINT('Ctrl Pts',(60.2541188157244,42.9898464246065,80.261168135449));
#4986=CARTESIAN_POINT('Ctrl Pts',(60.320996387668,43.0191338405346,80.2442288636929));
#4987=CARTESIAN_POINT('Ctrl Pts',(60.3858750702708,43.0517144330928,80.2253848826235));
#4988=CARTESIAN_POINT('Ctrl Pts',(60.4485187931997,43.0873492554365,80.2047743944484));
#4989=CARTESIAN_POINT('Ctrl Pts',(60.5014744288985,43.1174730185527,80.187351395745));
#4990=CARTESIAN_POINT('Ctrl Pts',(60.5528326065838,43.1497802770753,80.1686655057657));
#4991=CARTESIAN_POINT('Ctrl Pts',(60.602427943886,43.1841423087414,80.1487911749638));
#4992=CARTESIAN_POINT('Ctrl Pts',(60.624446165319,43.1993975900494,80.1399678169582));
#4993=CARTESIAN_POINT('Ctrl Pts',(60.6461166306441,43.2150580184464,80.1309101297562));
#4994=CARTESIAN_POINT('Ctrl Pts',(60.6674233169942,43.2311129555891,80.1216242663684));
#4995=CARTESIAN_POINT('Ctrl Pts',(60.6791194801257,43.2399262060777,80.1165268536964));
#4996=CARTESIAN_POINT('Ctrl Pts',(60.690706004924,43.2488583430354,80.111360679403));
#4997=CARTESIAN_POINT('Ctrl Pts',(60.7021801073548,43.2579076424787,80.1061267406065));
#4998=CARTESIAN_POINT('Ctrl Pts',(60.7127910223288,43.2662761704352,80.1012865467976));
#4999=CARTESIAN_POINT('Ctrl Pts',(60.7233072576517,43.2747462333216,80.0963876271601));
#5000=CARTESIAN_POINT('Ctrl Pts',(60.7337106531654,43.2833030228568,80.0914385465155));
#5001=CARTESIAN_POINT('Ctrl Pts',(60.7867924894994,43.3269628165328,80.0661865710012));
#5002=CARTESIAN_POINT('Ctrl Pts',(60.8370342577112,43.372950910584,80.0395879518334));
#5003=CARTESIAN_POINT('Ctrl Pts',(60.8842175432421,43.4210415143864,80.0117732819175));
#5004=CARTESIAN_POINT('Ctrl Pts',(60.9310390447673,43.4687633772017,79.984171884617));
#5005=CARTESIAN_POINT('Ctrl Pts',(60.9748492951299,43.5185563981237,79.9553725697499));
#5006=CARTESIAN_POINT('Ctrl Pts',(61.0153900633551,43.5702209186711,79.9254908158986));
#5007=CARTESIAN_POINT('Ctrl Pts',(61.0491045403376,43.613186120493,79.9006405788034));
#5008=CARTESIAN_POINT('Ctrl Pts',(61.0805572334265,43.6574461987642,79.8750414103541));
#5009=CARTESIAN_POINT('Ctrl Pts',(61.1095719441135,43.7028919164583,79.8487564911225));
#5010=CARTESIAN_POINT('Ctrl Pts',(61.121659703638,43.7218249643466,79.8378059844564));
#5011=CARTESIAN_POINT('Ctrl Pts',(61.1333239999028,43.7409638278134,79.8267364380628));
#5012=CARTESIAN_POINT('Ctrl Pts',(61.1445506567102,43.7603006777504,79.8155523801453));
#5013=CARTESIAN_POINT('Ctrl Pts',(61.1497643967242,43.7692808496742,79.8103584233617));
#5014=CARTESIAN_POINT('Ctrl Pts',(61.1548837368743,43.77830372208,79.8051397694498));
#5015=CARTESIAN_POINT('Ctrl Pts',(61.1599071915584,43.7873685089673,79.799896873017));
#5016=CARTESIAN_POINT('Ctrl Pts',(61.1651201410973,43.7967752379212,79.7944562039434));
#5017=CARTESIAN_POINT('Ctrl Pts',(61.1702261859107,43.8062205737827,79.7889932053852));
#5018=CARTESIAN_POINT('Ctrl Pts',(61.1752223896763,43.8157001230615,79.783510418452));
#5019=CARTESIAN_POINT('Ctrl Pts',(61.2037631694482,43.8698519833527,79.7521900356696));
#5020=CARTESIAN_POINT('Ctrl Pts',(61.2287432013072,43.9251550128377,79.7202038390149));
#5021=CARTESIAN_POINT('Ctrl Pts',(61.2499391946841,43.981431141487,79.6876548207295));
#5022=CARTESIAN_POINT('Ctrl Pts',(61.2692002826965,44.0325700264472,79.6580770842787));
#5023=CARTESIAN_POINT('Ctrl Pts',(61.285336355963,44.0845129797655,79.6280342903279));
#5024=CARTESIAN_POINT('Ctrl Pts',(61.2981427733906,44.1371305525228,79.5976013096145));
#5025=CARTESIAN_POINT('Ctrl Pts',(61.3132566890477,44.1992289154121,79.5616848242825));
#5026=CARTESIAN_POINT('Ctrl Pts',(61.3237335319055,44.2622682247618,79.5252241138184));
#5027=CARTESIAN_POINT('Ctrl Pts',(61.3296483590387,44.3258829357029,79.488430602265));
#5028=CARTESIAN_POINT('Ctrl Pts',(61.3309540506604,44.33992581358,79.4803084748236));
#5029=CARTESIAN_POINT('Ctrl Pts',(61.3320372096371,44.3539966592918,79.4721701713305));
#5030=CARTESIAN_POINT('Ctrl Pts',(61.3328982703124,44.3680913963716,79.4640180495348));
#5031=CARTESIAN_POINT('Ctrl Pts',(61.3337689128279,44.3823429789823,79.4557752113346));
#5032=CARTESIAN_POINT('Ctrl Pts',(61.3344124924789,44.3966240325446,79.4475153277091));
#5033=CARTESIAN_POINT('Ctrl Pts',(61.3348289204467,44.4109018173004,79.4392573346978));
#5034=CARTESIAN_POINT('Ctrl Pts',(61.3365595304415,44.4702380745052,79.4049383975729));
#5035=CARTESIAN_POINT('Ctrl Pts',(61.334378730549,44.5295952277764,79.3706073745697));
#5036=CARTESIAN_POINT('Ctrl Pts',(61.3284071606636,44.5886813598743,79.336433104942));
#5037=CARTESIAN_POINT('Ctrl Pts',(61.3224365088446,44.6477584080966,79.3022640892512));
#5038=CARTESIAN_POINT('Ctrl Pts',(61.3126757992262,44.7065654439799,79.2682512434458));
#5039=CARTESIAN_POINT('Ctrl Pts',(61.2991960031635,44.7647976623985,79.2345708608822));
#5040=CARTESIAN_POINT('Ctrl Pts',(61.2894077410219,44.8070825913628,79.2101140803771));
#5041=CARTESIAN_POINT('Ctrl Pts',(61.2776574132347,44.8490642018999,79.1858327333509));
#5042=CARTESIAN_POINT('Ctrl Pts',(61.2639578146577,44.8906173361044,79.161799208702));
#5043=CARTESIAN_POINT('Ctrl Pts',(61.2582553116431,44.9079139650337,79.1517951749348));
#5044=CARTESIAN_POINT('Ctrl Pts',(61.2522149296054,44.9251362490607,79.1418341408132));
#5045=CARTESIAN_POINT('Ctrl Pts',(61.2458370360704,44.9422746685593,79.1319216123036));
#5046=CARTESIAN_POINT('Ctrl Pts',(61.2412090940046,44.954710688713,79.1247288601173));
#5047=CARTESIAN_POINT('Ctrl Pts',(61.2364034360613,44.9671025456647,79.1175616510681));
#5048=CARTESIAN_POINT('Ctrl Pts',(61.2314201022001,44.9794464920566,79.1104221525548));
#5049=CARTESIAN_POINT('Ctrl Pts',(61.2267275502301,44.9910701583755,79.1036992500269));
#5050=CARTESIAN_POINT('Ctrl Pts',(61.2218801156822,45.0026446007827,79.0970048176521));
#5051=CARTESIAN_POINT('Ctrl Pts',(61.2168808838707,45.014161239632,79.0903438177311));
#5052=CARTESIAN_POINT('Ctrl Pts',(61.19371699468,45.0675234673132,79.0594801430927));
#5053=CARTESIAN_POINT('Ctrl Pts',(61.1672813163651,45.1196863033297,79.0293101732658));
#5054=CARTESIAN_POINT('Ctrl Pts',(61.137623607361,45.1703612124771,79.0000007914011));
#5055=CARTESIAN_POINT('Ctrl Pts',(61.1166046434714,45.2062754526947,78.9792286933624));
#5056=CARTESIAN_POINT('Ctrl Pts',(61.0939664554878,45.2414418801825,78.9588891156621));
#5057=CARTESIAN_POINT('Ctrl Pts',(61.0697160983463,45.2757476843605,78.9390473057458));
#5058=CARTESIAN_POINT('Ctrl Pts',(61.0622547830419,45.28630284527,78.9329424059651));
#5059=CARTESIAN_POINT('Ctrl Pts',(61.054639591798,45.2967780631594,78.9268837436725));
#5060=CARTESIAN_POINT('Ctrl Pts',(61.0468744642434,45.3071646837506,78.9208763243339));
#5061=CARTESIAN_POINT('Ctrl Pts',(61.0126062621474,45.3530017689773,78.8943650457332));
#5062=CARTESIAN_POINT('Ctrl Pts',(60.9754822438709,45.3970352513577,78.8688969359401));
#5063=CARTESIAN_POINT('Ctrl Pts',(60.9355365363147,45.4389928278149,78.8446294897583));
#5064=CARTESIAN_POINT('Ctrl Pts',(60.8986794548484,45.4777062192709,78.8222384170844));
#5065=CARTESIAN_POINT('Ctrl Pts',(60.8594195801758,45.5146524018046,78.8008694636805));
#5066=CARTESIAN_POINT('Ctrl Pts',(60.8177621976997,45.5495888648803,78.7806628929236));
#5067=CARTESIAN_POINT('Ctrl Pts',(60.8102014380733,45.5559297865564,78.7769954271519));
#5068=CARTESIAN_POINT('Ctrl Pts',(60.8025616506354,45.5622044206206,78.7733663008458));
#5069=CARTESIAN_POINT('Ctrl Pts',(60.7948442735713,45.5684122451442,78.7697758158785));
#5070=CARTESIAN_POINT('Ctrl Pts',(58.2571337512594,103.522371928367,45.2503326929442));
#5071=CARTESIAN_POINT('Ctrl Pts',(57.8981189066464,103.175524337046,45.4937508961368));
#5072=CARTESIAN_POINT('Ctrl Pts',(57.6416015574203,102.152761934023,46.1709133826979));
#5073=CARTESIAN_POINT('Ctrl Pts',(58.9819043575844,101.059997243292,46.9313721332593));
#5074=CARTESIAN_POINT('Ctrl Pts',(60.8219908002311,101.471423487213,46.8218361025207));
#5075=CARTESIAN_POINT('Ctrl Pts',(61.4749154375499,103.056895421852,46.0332548785141));
#5076=CARTESIAN_POINT('Ctrl Pts',(60.3434833428012,104.417547785535,45.3747049217887));
#5077=CARTESIAN_POINT('Ctrl Pts',(58.4634798299115,104.357296438731,45.5379780357764));
#5078=CARTESIAN_POINT('Ctrl Pts',(57.5567638134003,102.982756924357,46.4614098640399));
#5079=CARTESIAN_POINT('Ctrl Pts',(58.4536155089102,101.603471288645,47.3875867565772));
#5080=CARTESIAN_POINT('Ctrl Pts',(60.3327454602297,101.533650427409,47.5563946915929));
#5081=CARTESIAN_POINT('Ctrl Pts',(61.4732478934954,102.888159004487,46.9013981815483));
#5082=CARTESIAN_POINT('Ctrl Pts',(60.8306708925901,104.477547012352,46.1105519769517));
#5083=CARTESIAN_POINT('Ctrl Pts',(58.9934758676791,104.897230585965,45.9962400673181));
#5084=CARTESIAN_POINT('Ctrl Pts',(57.6441489506557,103.813844989873,46.7512741319565));
#5085=CARTESIAN_POINT('Ctrl Pts',(58.0183889337671,102.270513257583,47.7723320961898));
#5086=CARTESIAN_POINT('Ctrl Pts',(59.7734711156402,101.731575871751,48.2124679050933));
#5087=CARTESIAN_POINT('Ctrl Pts',(61.3021091386561,102.741557672737,47.7567389815719));
#5088=CARTESIAN_POINT('Ctrl Pts',(61.2043921570222,104.426500063327,46.9106259804633));
#5089=CARTESIAN_POINT('Ctrl Pts',(59.5698083338683,105.294322133832,46.5371194801596));
#5090=CARTESIAN_POINT('Ctrl Pts',(57.8952926922757,104.60125350448,47.0664018025863));
#5091=CARTESIAN_POINT('Ctrl Pts',(57.7143493896679,103.032971331666,48.1018906163533));
#5092=CARTESIAN_POINT('Ctrl Pts',(59.1926844166218,102.07666432171,48.7834248983469));
#5093=CARTESIAN_POINT('Ctrl Pts',(60.9764538510702,102.659080674415,48.5749915143077));
#5094=CARTESIAN_POINT('Ctrl Pts',(61.4320999314724,104.297821495429,47.7556006024584));
#5095=CARTESIAN_POINT('Ctrl Pts',(60.1423469099332,105.543117077817,47.1637707644376));
#5096=CARTESIAN_POINT('Ctrl Pts',(58.288336805971,105.305510286681,47.4296228180064));
#5097=CARTESIAN_POINT('Ctrl Pts',(57.5679540073241,103.853571794879,48.3978207094662));
#5098=CARTESIAN_POINT('Ctrl Pts',(58.6409154125292,102.567942371758,49.2698286701789));
#5099=CARTESIAN_POINT('Ctrl Pts',(60.5246187861985,102.67696365034,49.3351977898595));
#5100=CARTESIAN_POINT('Ctrl Pts',(61.4939779115827,104.131759931616,48.6221968222217));
#5101=CARTESIAN_POINT('Ctrl Pts',(60.6612851282114,105.651031157131,47.8719048008216));
#5102=CARTESIAN_POINT('Ctrl Pts',(58.7890664063444,105.894383989495,47.8595791624354));
#5103=CARTESIAN_POINT('Ctrl Pts',(57.5919769519134,104.689999451144,48.6845966619442));
#5104=CARTESIAN_POINT('Ctrl Pts',(58.1660939874408,103.191666074296,49.6796284525721));
#5105=CARTESIAN_POINT('Ctrl Pts',(59.9860831985916,102.82282477238,50.02138399477));
#5106=CARTESIAN_POINT('Ctrl Pts',(61.3842979034435,103.971566631155,49.4853989525949));
#5107=CARTESIAN_POINT('Ctrl Pts',(61.0822654847708,105.638246062483,48.6498488919237));
#5108=CARTESIAN_POINT('Ctrl Pts',(59.3526057296805,106.34443863425,48.3698257501265));
#5109=CARTESIAN_POINT('Ctrl Pts',(58.3111554765344,105.781636482424,48.7809561732517));
#5110=CARTESIAN_POINT('Ctrl Pts',(58.0526264037491,105.375905564107,49.0584313475456));
#5111=CARTESIAN_POINT('Ctrl Pts',(58.158424006453,103.557588018682,45.1435369363172));
#5112=CARTESIAN_POINT('Ctrl Pts',(57.7714845878417,103.182319159118,45.4033934482904));
#5113=CARTESIAN_POINT('Ctrl Pts',(57.4950150338313,102.07711900514,46.1282363266563));
#5114=CARTESIAN_POINT('Ctrl Pts',(58.9395680768054,100.895028630902,46.9403593152458));
#5115=CARTESIAN_POINT('Ctrl Pts',(60.9227784899561,101.334126835542,46.8148183606247));
#5116=CARTESIAN_POINT('Ctrl Pts',(61.6264883319082,103.038589310786,45.9574153222026));
#5117=CARTESIAN_POINT('Ctrl Pts',(60.407052190174,104.500745498745,45.2401575276834));
#5118=CARTESIAN_POINT('Ctrl Pts',(58.3808199126512,104.431478504938,45.4086451165504));
#5119=CARTESIAN_POINT('Ctrl Pts',(57.4035785157041,102.945696547814,46.3964174101244));
#5120=CARTESIAN_POINT('Ctrl Pts',(58.370188333789,101.454799310755,47.387148282125));
#5121=CARTESIAN_POINT('Ctrl Pts',(60.3954791031509,101.375218475038,47.5616011965567));
#5122=CARTESIAN_POINT('Ctrl Pts',(61.6246910844221,102.830753005836,46.8481732397542));
#5123=CARTESIAN_POINT('Ctrl Pts',(60.9321337295548,104.539436150838,45.9883290480323));
#5124=CARTESIAN_POINT('Ctrl Pts',(58.9520396318279,104.987433949459,45.8576407413426));
#5125=CARTESIAN_POINT('Ctrl Pts',(57.4977605661464,103.815452186274,46.6639171059035));
#5126=CARTESIAN_POINT('Ctrl Pts',(57.9011093514656,102.147749164753,47.7569090049066));
#5127=CARTESIAN_POINT('Ctrl Pts',(59.7927037778771,101.562563399291,48.2237939770945));
#5128=CARTESIAN_POINT('Ctrl Pts',(61.4402409668489,102.646773478085,47.7251328613692));
#5129=CARTESIAN_POINT('Ctrl Pts',(61.3349234496789,104.458443331998,46.8057231602212));
#5130=CARTESIAN_POINT('Ctrl Pts',(59.5731998783754,105.38943633833,46.3956798192594));
#5131=CARTESIAN_POINT('Ctrl Pts',(57.7684385473732,104.638130829764,46.9586452199629));
#5132=CARTESIAN_POINT('Ctrl Pts',(57.5734212733991,102.943536694699,48.06719041603));
#5133=CARTESIAN_POINT('Ctrl Pts',(59.1667428433159,101.908517831448,48.7942501030874));
#5134=CARTESIAN_POINT('Ctrl Pts',(61.089255848721,102.53190594575,48.5621194490081));
#5135=CARTESIAN_POINT('Ctrl Pts',(61.5803425881381,104.29378062061,47.6715103109486));
#5136=CARTESIAN_POINT('Ctrl Pts',(60.1902711418043,105.631607448497,47.0261622001895));
#5137=CARTESIAN_POINT('Ctrl Pts',(58.1920540694718,105.371190106599,47.3052074326716));
#5138=CARTESIAN_POINT('Ctrl Pts',(57.4156390953598,103.801988993482,48.341227743637));
#5139=CARTESIAN_POINT('Ctrl Pts',(58.5720566322723,102.412032653416,49.2735763640359));
#5140=CARTESIAN_POINT('Ctrl Pts',(60.6022765498619,102.525204498104,49.3365448770057));
#5141=CARTESIAN_POINT('Ctrl Pts',(61.6470335063773,104.088827222297,48.5606008113717));
#5142=CARTESIAN_POINT('Ctrl Pts',(60.7495729519904,105.721939823616,47.7444651523295));
#5143=CARTESIAN_POINT('Ctrl Pts',(58.7317309751962,105.979891679776,47.723695722519));
#5144=CARTESIAN_POINT('Ctrl Pts',(57.4415305713035,104.677499541999,48.6053989113672));
#5145=CARTESIAN_POINT('Ctrl Pts',(58.0603030685278,103.058294898064,49.6703402920292));
#5146=CARTESIAN_POINT('Ctrl Pts',(60.0218530651598,102.656435479148,50.0311928709244));
#5147=CARTESIAN_POINT('Ctrl Pts',(61.528822465192,103.890198527388,49.4460332263562));
#5148=CARTESIAN_POINT('Ctrl Pts',(61.2032976290005,105.682184908752,48.5380080629034));
#5149=CARTESIAN_POINT('Ctrl Pts',(59.339103014008,106.43897669413,48.2287193200678));
#5150=CARTESIAN_POINT('Ctrl Pts',(58.2166476016161,105.829513011367,48.6668378651577));
#5151=CARTESIAN_POINT('Ctrl Pts',(57.9380098499501,105.390780814129,48.9634003373311));
#5152=CARTESIAN_POINT('Ctrl Pts',(58.0597142616465,103.592804108997,45.0367411796902));
#5153=CARTESIAN_POINT('Ctrl Pts',(57.644850269037,103.189113981191,45.3130360004441));
#5154=CARTESIAN_POINT('Ctrl Pts',(57.3484285102423,102.001476076257,46.0855592706147));
#5155=CARTESIAN_POINT('Ctrl Pts',(58.8972317960263,100.730060018512,46.9493464972324));
#5156=CARTESIAN_POINT('Ctrl Pts',(61.0235661796809,101.196830183871,46.8078006187285));
#5157=CARTESIAN_POINT('Ctrl Pts',(61.7780612262665,103.020283199719,45.881575765891));
#5158=CARTESIAN_POINT('Ctrl Pts',(60.4706210375468,104.583943211955,45.1056101335781));
#5159=CARTESIAN_POINT('Ctrl Pts',(58.298159995391,104.505660571145,45.2793121973244));
#5160=CARTESIAN_POINT('Ctrl Pts',(57.250393218008,102.908636171272,46.3314249562087));
#5161=CARTESIAN_POINT('Ctrl Pts',(58.2867611586678,101.306127332866,47.3867098076728));
#5162=CARTESIAN_POINT('Ctrl Pts',(60.4582127460719,101.216786522668,47.5668077015205));
#5163=CARTESIAN_POINT('Ctrl Pts',(61.7761342753488,102.773347007185,46.7949482979602));
#5164=CARTESIAN_POINT('Ctrl Pts',(61.0335965665195,104.601325289323,45.8661061191128));
#5165=CARTESIAN_POINT('Ctrl Pts',(58.9106033959767,105.077637312953,45.7190414153671));
#5166=CARTESIAN_POINT('Ctrl Pts',(57.3513721816371,103.817059382675,46.5765600798504));
#5167=CARTESIAN_POINT('Ctrl Pts',(57.7838297691642,102.024985071924,47.7414859136233));
#5168=CARTESIAN_POINT('Ctrl Pts',(59.8119364401141,101.393550926831,48.2351200490956));
#5169=CARTESIAN_POINT('Ctrl Pts',(61.5783727950418,102.551989283432,47.6935267411665));
#5170=CARTESIAN_POINT('Ctrl Pts',(61.4654547423354,104.49038660067,46.7008203399791));
#5171=CARTESIAN_POINT('Ctrl Pts',(59.5765914228826,105.484550542828,46.2542401583592));
#5172=CARTESIAN_POINT('Ctrl Pts',(57.6415844024707,104.675008155049,46.8508886373395));
#5173=CARTESIAN_POINT('Ctrl Pts',(57.4324931571304,102.854102057732,48.0324902157067));
#5174=CARTESIAN_POINT('Ctrl Pts',(59.14080127001,101.740371341185,48.8050753078279));
#5175=CARTESIAN_POINT('Ctrl Pts',(61.2020578463719,102.404731217085,48.5492473837083));
#5176=CARTESIAN_POINT('Ctrl Pts',(61.7285852448039,104.289739745791,47.5874200194389));
#5177=CARTESIAN_POINT('Ctrl Pts',(60.2381953736754,105.720097819176,46.8885536359414));
#5178=CARTESIAN_POINT('Ctrl Pts',(58.0957713329724,105.436869926518,47.1807920473369));
#5179=CARTESIAN_POINT('Ctrl Pts',(57.2633241833955,103.750406192085,48.2846347778079));
#5180=CARTESIAN_POINT('Ctrl Pts',(58.5031978520154,102.256122935075,49.2773240578928));
#5181=CARTESIAN_POINT('Ctrl Pts',(60.6799343135254,102.373445345869,49.337891964152));
#5182=CARTESIAN_POINT('Ctrl Pts',(61.8000891011718,104.045894512978,48.4990048005217));
#5183=CARTESIAN_POINT('Ctrl Pts',(60.8378607757694,105.792848490102,47.6170255038375));
#5184=CARTESIAN_POINT('Ctrl Pts',(58.6743955440481,106.065399370057,47.5878122826026));
#5185=CARTESIAN_POINT('Ctrl Pts',(57.2910841906936,104.664999632854,48.5262011607902));
#5186=CARTESIAN_POINT('Ctrl Pts',(57.9545121496148,102.924923721832,49.6610521314862));
#5187=CARTESIAN_POINT('Ctrl Pts',(60.0576229317279,102.490046185915,50.041001747079));
#5188=CARTESIAN_POINT('Ctrl Pts',(61.6733470269405,103.808830423622,49.4066675001174));
#5189=CARTESIAN_POINT('Ctrl Pts',(61.3243297732301,105.726123755021,48.4261672338831));
#5190=CARTESIAN_POINT('Ctrl Pts',(59.3256002983355,106.53351475401,48.0876128900092));
#5191=CARTESIAN_POINT('Ctrl Pts',(58.1221397266977,105.87738954031,48.5527195570637));
#5192=CARTESIAN_POINT('Ctrl Pts',(57.8233932961512,105.405656064151,48.8683693271165));
#5193=CARTESIAN_POINT('Ctrl Pts',(57.9610045168401,103.628020199312,44.9299454230631));
#5194=CARTESIAN_POINT('Ctrl Pts',(57.5182159502323,103.195908803264,45.2226785525978));
#5195=CARTESIAN_POINT('Ctrl Pts',(57.2018419866534,101.925833147374,46.0428822145731));
#5196=CARTESIAN_POINT('Ctrl Pts',(58.8548955152472,100.565091406121,46.958333679219));
#5197=CARTESIAN_POINT('Ctrl Pts',(61.1243538694059,101.0595335322,46.8007828768324));
#5198=CARTESIAN_POINT('Ctrl Pts',(61.9296341206248,103.001977088652,45.8057362095794));
#5199=CARTESIAN_POINT('Ctrl Pts',(60.5341898849196,104.667140925164,44.9710627394728));
#5200=CARTESIAN_POINT('Ctrl Pts',(58.2155000781308,104.579842637352,45.1499792780984));
#5201=CARTESIAN_POINT('Ctrl Pts',(57.0972079203118,102.871575794729,46.2664325022932));
#5202=CARTESIAN_POINT('Ctrl Pts',(58.2033339835465,101.157455354976,47.3862713332205));
#5203=CARTESIAN_POINT('Ctrl Pts',(60.520946388993,101.058354570298,47.5720142064843));
#5204=CARTESIAN_POINT('Ctrl Pts',(61.9275774662755,102.715941008534,46.7417233561661));
#5205=CARTESIAN_POINT('Ctrl Pts',(61.1350594034842,104.663214427809,45.7438831901933));
#5206=CARTESIAN_POINT('Ctrl Pts',(58.8691671601254,105.167840676447,45.5804420893916));
#5207=CARTESIAN_POINT('Ctrl Pts',(57.2049837971279,103.818666579076,46.4892030537973));
#5208=CARTESIAN_POINT('Ctrl Pts',(57.6665501868627,101.902220979093,47.7260628223401));
#5209=CARTESIAN_POINT('Ctrl Pts',(59.8311691023511,101.22453845437,48.2464461210967));
#5210=CARTESIAN_POINT('Ctrl Pts',(61.7165046232346,102.45720508878,47.6619206209637));
#5211=CARTESIAN_POINT('Ctrl Pts',(61.5959860349921,104.522329869342,46.5959175197369));
#5212=CARTESIAN_POINT('Ctrl Pts',(59.5799829673896,105.579664747326,46.112800497459));
#5213=CARTESIAN_POINT('Ctrl Pts',(57.5147302575683,104.711885480333,46.743132054716));
#5214=CARTESIAN_POINT('Ctrl Pts',(57.2915650408616,102.764667420765,47.9977900153834));
#5215=CARTESIAN_POINT('Ctrl Pts',(59.1148596967041,101.572224850923,48.8159005125684));
#5216=CARTESIAN_POINT('Ctrl Pts',(61.3148598440227,102.27755648842,48.5363753184086));
#5217=CARTESIAN_POINT('Ctrl Pts',(61.8768279014695,104.285698870972,47.5033297279292));
#5218=CARTESIAN_POINT('Ctrl Pts',(60.2861196055465,105.808588189856,46.7509450716933));
#5219=CARTESIAN_POINT('Ctrl Pts',(57.9994885964731,105.502549746437,47.0563766620022));
#5220=CARTESIAN_POINT('Ctrl Pts',(57.1110092714312,103.698823390687,48.2280418119787));
#5221=CARTESIAN_POINT('Ctrl Pts',(58.4343390717586,102.100213216733,49.2810717517498));
#5222=CARTESIAN_POINT('Ctrl Pts',(60.7575920771888,102.221686193634,49.3392390512982));
#5223=CARTESIAN_POINT('Ctrl Pts',(61.9531446959663,104.002961803659,48.4374087896718));
#5224=CARTESIAN_POINT('Ctrl Pts',(60.9261485995484,105.863757156587,47.4895858553453));
#5225=CARTESIAN_POINT('Ctrl Pts',(58.6170601128999,106.150907060339,47.4519288426863));
#5226=CARTESIAN_POINT('Ctrl Pts',(57.1406378100836,104.652499723709,48.4470034102131));
#5227=CARTESIAN_POINT('Ctrl Pts',(57.8487212307018,102.791552545601,49.6517639709434));
#5228=CARTESIAN_POINT('Ctrl Pts',(60.0933927982962,102.323656892683,50.0508106232334));
#5229=CARTESIAN_POINT('Ctrl Pts',(61.817871588689,103.727462319855,49.3673017738785));
#5230=CARTESIAN_POINT('Ctrl Pts',(61.4453619174598,105.770062601291,48.3143264048628));
#5231=CARTESIAN_POINT('Ctrl Pts',(59.3120975826629,106.628052813889,47.9465064599506));
#5232=CARTESIAN_POINT('Ctrl Pts',(58.0276318517793,105.925266069253,48.4386012489698));
#5233=CARTESIAN_POINT('Ctrl Pts',(57.7087767423522,105.420531314173,48.773338316902));
#5234=CARTESIAN_POINT('',(61.0299530800158,104.466786708588,46.7504779474516));
#5235=CARTESIAN_POINT('Ctrl Pts',(61.3510406593111,104.241250562183,46.7493830413032));
#5236=CARTESIAN_POINT('Ctrl Pts',(61.3069896721042,104.275698649322,46.7494211670143));
#5237=CARTESIAN_POINT('Ctrl Pts',(61.2622541764897,104.309374792342,46.7494810941859));
#5238=CARTESIAN_POINT('Ctrl Pts',(61.216784536227,104.342148609884,46.7495826682006));
#5239=CARTESIAN_POINT('Ctrl Pts',(61.15663208761,104.385505569919,46.7497170419423));
#5240=CARTESIAN_POINT('Ctrl Pts',(61.0951935164154,104.42728024676,46.7499261069295));
#5241=CARTESIAN_POINT('Ctrl Pts',(61.0325673654166,104.467337743086,46.750159239815));
#5242=CARTESIAN_POINT('Ctrl Pts',(61.5828668529179,102.691530429726,45.9666256425271));
#5243=CARTESIAN_POINT('Ctrl Pts',(61.5836913939302,102.779995897087,45.9216812290001));
#5244=CARTESIAN_POINT('Ctrl Pts',(61.5320964613657,103.476353145332,45.5679523346945));
#5245=CARTESIAN_POINT('Ctrl Pts',(60.5341898849196,104.667140925164,44.9710627394728));
#5246=CARTESIAN_POINT('Ctrl Pts',(58.2155000781308,104.579842637352,45.1499792780984));
#5247=CARTESIAN_POINT('Ctrl Pts',(57.0972079203118,102.871575794729,46.2664325022932));
#5248=CARTESIAN_POINT('Ctrl Pts',(58.2033339835465,101.157455354976,47.3862713332205));
#5249=CARTESIAN_POINT('Ctrl Pts',(60.520946388993,101.058354570298,47.5720142064843));
#5250=CARTESIAN_POINT('Ctrl Pts',(61.5296569072345,102.247027920508,46.9766035636783));
#5251=CARTESIAN_POINT('Ctrl Pts',(61.5836370773217,102.947172383956,46.6209402252031));
#5252=CARTESIAN_POINT('Ctrl Pts',(61.5827575235417,103.039305420856,46.5741305682322));
#5253=CARTESIAN_POINT('Ctrl Pts',(58.2571337512594,103.522371928367,45.2503326929442));
#5254=CARTESIAN_POINT('Ctrl Pts',(58.2118278684234,103.485785195358,45.2714937477339));
#5255=CARTESIAN_POINT('Ctrl Pts',(58.1692534237572,103.446972939902,45.2939420014229));
#5256=CARTESIAN_POINT('Ctrl Pts',(58.1294079770151,103.406234210087,45.3175044904122));
#5257=CARTESIAN_POINT('Ctrl Pts',(58.0868917315919,103.36276480576,45.3426463484301));
#5258=CARTESIAN_POINT('Ctrl Pts',(58.0474818603123,103.31710181676,45.3690569331594));
#5259=CARTESIAN_POINT('Ctrl Pts',(58.0112043560484,103.269561038552,45.3965535946449));
#5260=CARTESIAN_POINT('Ctrl Pts',(57.9794615398175,103.22796285762,45.4206131734447));
#5261=CARTESIAN_POINT('Ctrl Pts',(57.9501171881499,103.18492592919,45.4455048958154));
#5262=CARTESIAN_POINT('Ctrl Pts',(57.9232116846539,103.140637882697,45.4711202405401));
#5263=CARTESIAN_POINT('Ctrl Pts',(57.9097045140864,103.118404282862,45.483979722259));
#5264=CARTESIAN_POINT('Ctrl Pts',(57.8968123603726,103.095855058683,45.4970217549601));
#5265=CARTESIAN_POINT('Ctrl Pts',(57.884542686074,103.073012347766,45.5102335346816));
#5266=CARTESIAN_POINT('Ctrl Pts',(57.8789573890806,103.062614082784,45.5162476889094));
#5267=CARTESIAN_POINT('Ctrl Pts',(57.8735005375722,103.052153611566,45.5222978220146));
#5268=CARTESIAN_POINT('Ctrl Pts',(57.8681812593856,103.041650148125,45.5283728209849));
#5269=CARTESIAN_POINT('Ctrl Pts',(57.8412930072612,102.988556520893,45.5590811423473));
#5270=CARTESIAN_POINT('Ctrl Pts',(57.8178646697215,102.93427195838,45.5904782775138));
#5271=CARTESIAN_POINT('Ctrl Pts',(57.7979186891681,102.879106750624,45.6223847607611));
#5272=CARTESIAN_POINT('Ctrl Pts',(57.7776150964939,102.822952484101,45.654863296363));
#5273=CARTESIAN_POINT('Ctrl Pts',(57.7609192949793,102.765884982391,45.6878700294347));
#5274=CARTESIAN_POINT('Ctrl Pts',(57.7478942857371,102.708199901584,45.7212339582451));
#5275=CARTESIAN_POINT('Ctrl Pts',(57.7369880792504,102.659898561387,45.7491705139931));
#5276=CARTESIAN_POINT('Ctrl Pts',(57.7286560855195,102.611163408907,45.7773579783281));
#5277=CARTESIAN_POINT('Ctrl Pts',(57.7229601994791,102.562157339637,45.8057021356651));
#5278=CARTESIAN_POINT('Ctrl Pts',(57.7203331471642,102.539554796888,45.8187750067898));
#5279=CARTESIAN_POINT('Ctrl Pts',(57.7182671930803,102.516894525388,45.8318812671013));
#5280=CARTESIAN_POINT('Ctrl Pts',(57.7167702258897,102.4941921579,45.845011874914));
#5281=CARTESIAN_POINT('Ctrl Pts',(57.7161202065868,102.484334241721,45.8507135019031));
#5282=CARTESIAN_POINT('Ctrl Pts',(57.7155775939622,102.47446870311,45.8564195375592));
#5283=CARTESIAN_POINT('Ctrl Pts',(57.7151433500695,102.464608816372,45.8621223042814));
#5284=CARTESIAN_POINT('Ctrl Pts',(57.7124690109353,102.403885611275,45.8972434250924));
#5285=CARTESIAN_POINT('Ctrl Pts',(57.7138928921532,102.34326322184,45.9323062360847));
#5286=CARTESIAN_POINT('Ctrl Pts',(57.7194685706417,102.283054927892,45.9671295423015));
#5287=CARTESIAN_POINT('Ctrl Pts',(57.7244642910293,102.229109241784,45.9983306779462));
#5288=CARTESIAN_POINT('Ctrl Pts',(57.7327933642466,102.175495148862,46.0293400265416));
#5289=CARTESIAN_POINT('Ctrl Pts',(57.7445277172968,102.122427413848,46.0600333723486));
#5290=CARTESIAN_POINT('Ctrl Pts',(57.7572871431813,102.064723863523,46.0934079835692));
#5291=CARTESIAN_POINT('Ctrl Pts',(57.7740717118928,102.007665568741,46.126409391533));
#5292=CARTESIAN_POINT('Ctrl Pts',(57.7946367558238,101.951436821085,46.1589310055734));
#5293=CARTESIAN_POINT('Ctrl Pts',(57.8025372597261,101.929835338406,46.1714248830237));
#5294=CARTESIAN_POINT('Ctrl Pts',(57.8109962650316,101.908356328249,46.1838479247488));
#5295=CARTESIAN_POINT('Ctrl Pts',(57.8200018773095,101.887010515802,46.1961939275095));
#5296=CARTESIAN_POINT('Ctrl Pts',(57.8239583137117,101.877632658218,46.2016178979444));
#5297=CARTESIAN_POINT('Ctrl Pts',(57.8280200877297,101.868281141463,46.2070266333558));
#5298=CARTESIAN_POINT('Ctrl Pts',(57.8321811988289,101.858967505747,46.2124134591115));
#5299=CARTESIAN_POINT('Ctrl Pts',(57.8574094017322,101.802500305995,46.2450729892064));
#5300=CARTESIAN_POINT('Ctrl Pts',(57.8863272895594,101.747322730861,46.2769866255042));
#5301=CARTESIAN_POINT('Ctrl Pts',(57.9186226812493,101.693623509957,46.3080452104686));
#5302=CARTESIAN_POINT('Ctrl Pts',(57.9516623346205,101.638686766597,46.3398195543528));
#5303=CARTESIAN_POINT('Ctrl Pts',(57.9882372602803,101.585296592865,46.3706993924435));
#5304=CARTESIAN_POINT('Ctrl Pts',(58.0280693066088,101.533658353388,46.4005659458344));
#5305=CARTESIAN_POINT('Ctrl Pts',(58.0584092780717,101.494325633719,46.4233152259015));
#5306=CARTESIAN_POINT('Ctrl Pts',(58.0906401914941,101.456009336018,46.4454766272704));
#5307=CARTESIAN_POINT('Ctrl Pts',(58.1246583415024,101.418805426128,46.466994645165));
#5308=CARTESIAN_POINT('Ctrl Pts',(58.1458085007625,101.395674579239,46.4803730771292));
#5309=CARTESIAN_POINT('Ctrl Pts',(58.1676498335816,101.372973830625,46.493502748616));
#5310=CARTESIAN_POINT('Ctrl Pts',(58.1901602558956,101.350727671157,46.5063694945827));
#5311=CARTESIAN_POINT('Ctrl Pts',(58.203132657525,101.337907560041,46.5137843975114));
#5312=CARTESIAN_POINT('Ctrl Pts',(58.2163320451274,101.325234213797,46.5211144144928));
#5313=CARTESIAN_POINT('Ctrl Pts',(58.2297293996819,101.312735352719,46.528343512647));
#5314=CARTESIAN_POINT('Ctrl Pts',(58.2805886160228,101.26528700932,46.555786711637));
#5315=CARTESIAN_POINT('Ctrl Pts',(58.334343730225,101.220301937459,46.581805202278));
#5316=CARTESIAN_POINT('Ctrl Pts',(58.3907105111845,101.178007770752,46.6062673257138));
#5317=CARTESIAN_POINT('Ctrl Pts',(58.4329285620212,101.146329941191,46.6245891662235));
#5318=CARTESIAN_POINT('Ctrl Pts',(58.4766128701113,101.116161835493,46.6420378118139));
#5319=CARTESIAN_POINT('Ctrl Pts',(58.5216604803006,101.08760759252,46.6585530305928));
#5320=CARTESIAN_POINT('Ctrl Pts',(58.5355282176841,101.078817276206,46.6636371785841));
#5321=CARTESIAN_POINT('Ctrl Pts',(58.5495252448161,101.070179969814,46.6686328286125));
#5322=CARTESIAN_POINT('Ctrl Pts',(58.5636487890716,101.061698899523,46.6735381147187));
#5323=CARTESIAN_POINT('Ctrl Pts',(58.5774806149565,101.053393003676,46.6783420833336));
#5324=CARTESIAN_POINT('Ctrl Pts',(58.5914268274185,101.045241191472,46.6830569329666));
#5325=CARTESIAN_POINT('Ctrl Pts',(58.6054792287951,101.037248989213,46.6876794673111));
#5326=CARTESIAN_POINT('Ctrl Pts',(58.6684126975258,101.001456031308,46.7083814180194));
#5327=CARTESIAN_POINT('Ctrl Pts',(58.7335046868848,100.968842975273,46.7272441753324));
#5328=CARTESIAN_POINT('Ctrl Pts',(58.8004945961785,100.939650609697,46.7441284718134));
#5329=CARTESIAN_POINT('Ctrl Pts',(58.8521163792183,100.917155252141,46.757139349107));
#5330=CARTESIAN_POINT('Ctrl Pts',(58.9048661405391,100.896691473932,46.7689752004193));
#5331=CARTESIAN_POINT('Ctrl Pts',(58.9586388781752,100.878383027234,46.7795644499049));
#5332=CARTESIAN_POINT('Ctrl Pts',(58.9706708633268,100.874286398189,46.7819338604682));
#5333=CARTESIAN_POINT('Ctrl Pts',(58.9827541078158,100.870297735333,46.7842408254879));
#5334=CARTESIAN_POINT('Ctrl Pts',(58.9948868597706,100.866416579741,46.7864856103968));
#5335=CARTESIAN_POINT('Ctrl Pts',(61.1936664239276,103.151937845212,46.768268529335));
#5336=CARTESIAN_POINT('Ctrl Pts',(61.1943795698565,103.076704786774,46.8053035674544));
#5337=CARTESIAN_POINT('Ctrl Pts',(61.1886267283047,103.001556921726,46.8422893313738));
#5338=CARTESIAN_POINT('Ctrl Pts',(61.1760679878002,102.927305576285,46.8787565657896));
#5339=CARTESIAN_POINT('Ctrl Pts',(61.0930804157402,102.436656145461,47.1197303515631));
#5340=CARTESIAN_POINT('Ctrl Pts',(60.712912937985,101.985153286435,47.338062521578));
#5341=CARTESIAN_POINT('Ctrl Pts',(60.2096408738874,101.771038667128,47.4190939507495));
#5342=CARTESIAN_POINT('Ctrl Pts',(59.7063688097899,101.556924047821,47.500125379921));
#5343=CARTESIAN_POINT('Ctrl Pts',(59.0799921593501,101.580197668233,47.4438560682491));
#5344=CARTESIAN_POINT('Ctrl Pts',(58.6173285515451,101.821715417724,47.2613585969903));
#5345=CARTESIAN_POINT('Ctrl Pts',(58.1546649437402,102.063233167216,47.0788611257314));
#5346=CARTESIAN_POINT('Ctrl Pts',(57.8557143785702,102.522995045786,46.7701354948857));
#5347=CARTESIAN_POINT('Ctrl Pts',(57.8573584320705,102.981965904134,46.4618673747522));
#5348=CARTESIAN_POINT('Ctrl Pts',(57.8590024855707,103.440936762482,46.1535992546188));
#5349=CARTESIAN_POINT('Ctrl Pts',(58.1612411577411,103.899116600606,45.8457886451976));
#5350=CARTESIAN_POINT('Ctrl Pts',(58.6256944126412,104.138248410803,45.6646711548224));
#5351=CARTESIAN_POINT('Ctrl Pts',(59.0901476675414,104.377380220999,45.4835536644472));
#5352=CARTESIAN_POINT('Ctrl Pts',(59.7168155051713,104.397464003267,45.429129293118));
#5353=CARTESIAN_POINT('Ctrl Pts',(60.2187214397777,104.180730500454,45.5116754335742));
#5354=CARTESIAN_POINT('Ctrl Pts',(60.7206273743841,103.963996997641,45.5942215740305));
#5355=CARTESIAN_POINT('Ctrl Pts',(61.097771405967,103.510446209747,45.8137382262723));
#5356=CARTESIAN_POINT('Ctrl Pts',(61.177522648872,103.01942549336,46.0549267563943));
#5357=CARTESIAN_POINT('Ctrl Pts',(61.1891146885292,102.948054422395,46.0899841035178));
#5358=CARTESIAN_POINT('Ctrl Pts',(61.1944236099926,102.875891711558,46.1254993197469));
#5359=CARTESIAN_POINT('Ctrl Pts',(61.1937550686487,102.803653325908,46.1610583048156));
#5360=CARTESIAN_POINT('Ctrl Pts',(57.7087767423522,105.420531314173,48.7733383169019));
#5361=CARTESIAN_POINT('Ctrl Pts',(57.7496124396876,105.474601956936,48.7420649087585));
#5362=CARTESIAN_POINT('Ctrl Pts',(57.7940497103307,105.526463435479,48.7120692382328));
#5363=CARTESIAN_POINT('Ctrl Pts',(57.8417585097795,105.575986744173,48.6834259196732));
#5364=CARTESIAN_POINT('Ctrl Pts',(57.888246195682,105.624242496696,48.6555157309493));
#5365=CARTESIAN_POINT('Ctrl Pts',(57.9378410803587,105.670278420981,48.6288894477044));
#5366=CARTESIAN_POINT('Ctrl Pts',(57.9902639483409,105.713942507107,48.6036349895207));
#5367=CARTESIAN_POINT('Ctrl Pts',(58.0019589704976,105.723683531861,48.598000970258));
#5368=CARTESIAN_POINT('Ctrl Pts',(58.0137964104161,105.733307639161,48.5924345737764));
#5369=CARTESIAN_POINT('Ctrl Pts',(58.0257681649148,105.742808852943,48.5869392565162));
#5370=CARTESIAN_POINT('Ctrl Pts',(58.0807127173062,105.786414820509,48.5617184129767));
#5371=CARTESIAN_POINT('Ctrl Pts',(58.1383745364359,105.827349587231,48.5380425400531));
#5372=CARTESIAN_POINT('Ctrl Pts',(58.1984360168963,105.865464377189,48.5159976868435));
#5373=CARTESIAN_POINT('Ctrl Pts',(58.2406208092575,105.892234688009,48.5005142597259));
#5374=CARTESIAN_POINT('Ctrl Pts',(58.2839900620559,105.917613102036,48.4858358786428));
#5375=CARTESIAN_POINT('Ctrl Pts',(58.3284390637075,105.941535584194,48.4719995802353));
#5376=CARTESIAN_POINT('Ctrl Pts',(58.3453642078077,105.95064470797,48.4667310402083));
#5377=CARTESIAN_POINT('Ctrl Pts',(58.3624459342364,105.959542622521,48.4615846594894));
#5378=CARTESIAN_POINT('Ctrl Pts',(58.3796785375371,105.968225367381,48.4565627287345));
#5379=CARTESIAN_POINT('Ctrl Pts',(58.3959959082415,105.97644696711,48.4518075153551));
#5380=CARTESIAN_POINT('Ctrl Pts',(58.4124537928102,105.984477976041,48.447162535986));
#5381=CARTESIAN_POINT('Ctrl Pts',(58.4290180085406,105.99230139212,48.442637624285));
#5382=CARTESIAN_POINT('Ctrl Pts',(58.4927679297091,106.022411007113,48.4252228085807));
#5383=CARTESIAN_POINT('Ctrl Pts',(58.5581571305467,106.049484558201,48.4095639931904));
#5384=CARTESIAN_POINT('Ctrl Pts',(58.62489249147,106.07338262365,48.3957418169324));
#5385=CARTESIAN_POINT('Ctrl Pts',(58.6901990091607,106.096769017497,48.3822155815779));
#5386=CARTESIAN_POINT('Ctrl Pts',(58.7567955875069,106.11711458075,48.3704481034973));
#5387=CARTESIAN_POINT('Ctrl Pts',(58.8244161134886,106.134246877748,48.360539116123));
#5388=CARTESIAN_POINT('Ctrl Pts',(58.8905509307823,106.15100275646,48.3508478417642));
#5389=CARTESIAN_POINT('Ctrl Pts',(58.9576659595769,106.164685111931,48.3429342334708));
#5390=CARTESIAN_POINT('Ctrl Pts',(59.0255082453904,106.175090582337,48.3369159117659));
#5391=CARTESIAN_POINT('Ctrl Pts',(59.0473705606581,106.178443766443,48.3349764952956));
#5392=CARTESIAN_POINT('Ctrl Pts',(59.0693083205903,106.181456319984,48.3332340929194));
#5393=CARTESIAN_POINT('Ctrl Pts',(59.0913127728601,106.184120452716,48.3316932103622));
#5394=CARTESIAN_POINT('Ctrl Pts',(59.1033136462583,106.185573427744,48.3308528378656));
#5395=CARTESIAN_POINT('Ctrl Pts',(59.1153361228475,106.186922873841,48.3300723444885));
#5396=CARTESIAN_POINT('Ctrl Pts',(59.1273620076753,106.18816593643,48.3293533812639));
#5397=CARTESIAN_POINT('Ctrl Pts',(59.1952163386701,106.195179738867,48.325296734347));
#5398=CARTESIAN_POINT('Ctrl Pts',(59.2632923994092,106.198825135942,48.3231883075786));
#5399=CARTESIAN_POINT('Ctrl Pts',(59.331343097128,106.19894882453,48.3231167685053));
#5400=CARTESIAN_POINT('Ctrl Pts',(59.3420173622038,106.198968226017,48.3231055470622));
#5401=CARTESIAN_POINT('Ctrl Pts',(59.3526909960586,106.198900888261,48.3231444939108));
#5402=CARTESIAN_POINT('Ctrl Pts',(59.3633630327518,106.198746117841,48.3232340101117));
#5403=CARTESIAN_POINT('Ctrl Pts',(59.4327316401455,106.197740104759,48.3238158685118));
#5404=CARTESIAN_POINT('Ctrl Pts',(59.5020342281897,106.193043497055,48.3265322950631));
#5405=CARTESIAN_POINT('Ctrl Pts',(59.5709468426498,106.184805916397,48.3312967515011));
#5406=CARTESIAN_POINT('Ctrl Pts',(59.6352522275552,106.177119068365,48.3357426749));
#5407=CARTESIAN_POINT('Ctrl Pts',(59.6992185521524,106.166348093831,48.3419723970834));
#5408=CARTESIAN_POINT('Ctrl Pts',(59.7625620053794,106.15258474379,48.3499328510612));
#5409=CARTESIAN_POINT('Ctrl Pts',(59.7774469146784,106.149350530835,48.3518034569313));
#5410=CARTESIAN_POINT('Ctrl Pts',(59.7922973169507,106.145950971861,48.3537696957231));
#5411=CARTESIAN_POINT('Ctrl Pts',(59.8071093057244,106.14238706425,48.3558309905706));
#5412=CARTESIAN_POINT('Ctrl Pts',(59.8169549382473,106.140018109937,48.357201147671));
#5413=CARTESIAN_POINT('Ctrl Pts',(59.8267814419023,106.137577014009,48.3586130300785));
#5414=CARTESIAN_POINT('Ctrl Pts',(59.8365793376891,106.135066413787,48.3600651124174));
#5415=CARTESIAN_POINT('Ctrl Pts',(59.9021213040659,106.118272024576,48.3697786605));
#5416=CARTESIAN_POINT('Ctrl Pts',(59.9664937699994,106.098344957132,48.3813040887439));
#5417=CARTESIAN_POINT('Ctrl Pts',(60.0293953984702,106.075442529864,48.3945504072419));
#5418=CARTESIAN_POINT('Ctrl Pts',(60.0920088737299,106.052645018925,48.4077360441757));
#5419=CARTESIAN_POINT('Ctrl Pts',(60.1531658463965,106.026898738945,48.4226271917722));
#5420=CARTESIAN_POINT('Ctrl Pts',(60.2125392877014,105.9983228927,48.4391549054629));
#5421=CARTESIAN_POINT('Ctrl Pts',(60.2706468100559,105.970356320644,48.4553302268128));
#5422=CARTESIAN_POINT('Ctrl Pts',(60.3270467157617,105.939678948626,48.473073422138));
#5423=CARTESIAN_POINT('Ctrl Pts',(60.381392513766,105.90637705418,48.4923345901905));
#5424=CARTESIAN_POINT('Ctrl Pts',(60.3929392033473,105.899301500011,48.496426953108));
#5425=CARTESIAN_POINT('Ctrl Pts',(60.4043929992746,105.892107394171,48.5005878840059));
#5426=CARTESIAN_POINT('Ctrl Pts',(60.4157502958398,105.884795450997,48.5048169697263));
#5427=CARTESIAN_POINT('Ctrl Pts',(60.4263150679044,105.877993743167,48.5087509452479));
#5428=CARTESIAN_POINT('Ctrl Pts',(60.4367974353914,105.871089197412,48.5127444002243));
#5429=CARTESIAN_POINT('Ctrl Pts',(60.4471782098284,105.864093677327,48.5167904729845));
#5430=CARTESIAN_POINT('Ctrl Pts',(60.498721927146,105.829358782358,48.5368804606691));
#5431=CARTESIAN_POINT('Ctrl Pts',(60.547859407748,105.792323173628,48.5583011364457));
#5432=CARTESIAN_POINT('Ctrl Pts',(60.5943004946818,105.753100938449,48.5809865144323));
#5433=CARTESIAN_POINT('Ctrl Pts',(60.6398623187062,105.714621292621,48.603242393181));
#5434=CARTESIAN_POINT('Ctrl Pts',(60.6828294647727,105.674036461898,48.6267158699289));
#5435=CARTESIAN_POINT('Ctrl Pts',(60.7228854337299,105.631431861458,48.6513575421982));
#5436=CARTESIAN_POINT('Ctrl Pts',(60.7616433665862,105.590207886949,48.675200687281));
#5437=CARTESIAN_POINT('Ctrl Pts',(60.7976760823254,105.547092429416,48.7001378293573));
#5438=CARTESIAN_POINT('Ctrl Pts',(60.8306502114538,105.502149550625,48.7261319163471));
#5439=CARTESIAN_POINT('Ctrl Pts',(60.8362604725021,105.494502911004,48.7305545839831));
#5440=CARTESIAN_POINT('Ctrl Pts',(60.8417820740147,105.486803348775,48.7350078610261));
#5441=CARTESIAN_POINT('Ctrl Pts',(60.847213223204,105.479051154854,48.7394915792158));
#5442=CARTESIAN_POINT('Ctrl Pts',(60.8526712072004,105.471260658058,48.7439974510435));
#5443=CARTESIAN_POINT('Ctrl Pts',(60.8580378418184,105.463417007375,48.7485340660461));
#5444=CARTESIAN_POINT('Ctrl Pts',(60.8633127612313,105.455521501546,48.7531006730567));
#5445=CARTESIAN_POINT('Ctrl Pts',(61.5806408719215,103.743238134907,47.7842920106129));
#5446=CARTESIAN_POINT('Ctrl Pts',(61.5822092230744,103.899065255361,47.7050934537315));
#5447=CARTESIAN_POINT('Ctrl Pts',(61.4819593361292,104.66373243128,47.3165619524965));
#5448=CARTESIAN_POINT('Ctrl Pts',(60.2861196055465,105.808588189856,46.7509450716933));
#5449=CARTESIAN_POINT('Ctrl Pts',(57.9994885964731,105.502549746437,47.0563766620022));
#5450=CARTESIAN_POINT('Ctrl Pts',(57.1110092714312,103.698823390687,48.2280418119787));
#5451=CARTESIAN_POINT('Ctrl Pts',(58.4343390717586,102.100213216733,49.2810717517498));
#5452=CARTESIAN_POINT('Ctrl Pts',(60.7575920771888,102.221686193634,49.3392390512982));
#5453=CARTESIAN_POINT('Ctrl Pts',(61.571121214225,103.433778064027,48.725577065225));
#5454=CARTESIAN_POINT('Ctrl Pts',(61.5844108043183,104.066484459863,48.4042120667762));
#5455=CARTESIAN_POINT('Ctrl Pts',(61.5843155517451,104.091633662639,48.391438030016));
#5456=CARTESIAN_POINT('Ctrl Pts',(61.0325673654166,104.467337743086,46.750159239815));
#5457=CARTESIAN_POINT('Ctrl Pts',(61.038971300926,104.467352070435,46.7457222399402));
#5458=CARTESIAN_POINT('Ctrl Pts',(61.0453729722961,104.467366351985,46.7412856564501));
#5459=CARTESIAN_POINT('Ctrl Pts',(61.0517709676997,104.467380574149,46.7368505188712));
#5460=CARTESIAN_POINT('Ctrl Pts',(61.0829674484091,104.467449921099,46.7152248884672));
#5461=CARTESIAN_POINT('Ctrl Pts',(61.1142201951169,104.467518241298,46.6935339616679));
#5462=CARTESIAN_POINT('Ctrl Pts',(61.1453869292226,104.467585133609,46.6718804084722));
#5463=CARTESIAN_POINT('Ctrl Pts',(61.1620766278986,104.467620954253,46.6602849914844));
#5464=CARTESIAN_POINT('Ctrl Pts',(61.1787726538289,104.467656433878,46.648678760107));
#5465=CARTESIAN_POINT('Ctrl Pts',(61.1954550335153,104.467691522715,46.6370761101953));
#5466=CARTESIAN_POINT('Origin',(59.5262046311118,101.814040562007,44.4525206739662));
#5467=CARTESIAN_POINT('Ctrl Pts',(61.5817282663524,103.710919735023,47.7358091809203));
#5468=CARTESIAN_POINT('Ctrl Pts',(61.5767097654552,104.196939091553,47.4888364282276));
#5469=CARTESIAN_POINT('Ctrl Pts',(61.075073094981,105.299609509568,46.9280129972175));
#5470=CARTESIAN_POINT('Ctrl Pts',(58.9898224354629,105.863283084021,46.7217431597474));
#5471=CARTESIAN_POINT('Ctrl Pts',(57.2446884001158,104.589749321198,47.5867552257945));
#5472=CARTESIAN_POINT('Ctrl Pts',(57.5889431472092,102.655425696043,48.8339552963842));
#5473=CARTESIAN_POINT('Ctrl Pts',(59.7073225204768,101.88271796482,49.4092993264163));
#5474=CARTESIAN_POINT('Ctrl Pts',(61.334010998472,102.838744763117,48.9633461285008));
#5475=CARTESIAN_POINT('Ctrl Pts',(61.5777372573339,103.757096559791,48.4963751164974));
#5476=CARTESIAN_POINT('Ctrl Pts',(61.5777269701501,104.06296366759,48.3408450339258));
#5477=CARTESIAN_POINT('Origin',(59.5262046311118,101.814040562007,44.4525206739662));
#5478=CARTESIAN_POINT('Ctrl Pts',(61.5788399480154,102.659577180842,45.9179316165984));
#5479=CARTESIAN_POINT('Ctrl Pts',(61.5753140694989,103.079578046117,45.7044361485765));
#5480=CARTESIAN_POINT('Ctrl Pts',(61.1823087349018,104.116437513858,45.1769699645702));
#5481=CARTESIAN_POINT('Ctrl Pts',(59.2519702773931,104.843968822721,44.8712214737537));
#5482=CARTESIAN_POINT('Ctrl Pts',(57.3498847717991,103.744269797961,45.6356909082509));
#5483=CARTESIAN_POINT('Ctrl Pts',(57.440053169401,101.789068836517,46.8949660241024));
#5484=CARTESIAN_POINT('Ctrl Pts',(59.4410721216507,100.820666188603,47.5834961878402));
#5485=CARTESIAN_POINT('Ctrl Pts',(61.249163239217,101.65204143461,47.214345550062));
#5486=CARTESIAN_POINT('Ctrl Pts',(61.5762496246185,102.639634814781,46.7120330795213));
#5487=CARTESIAN_POINT('Ctrl Pts',(61.5783747749964,103.012557634657,46.522425803929));
#5488=CARTESIAN_POINT('Ctrl Pts',(60.0563748483003,100.869592780838,46.7846485574573));
#5489=CARTESIAN_POINT('Ctrl Pts',(60.7166809013883,101.040796512131,46.7284359513308));
#5490=CARTESIAN_POINT('Ctrl Pts',(61.8358075010983,101.997267033774,46.2608486087509));
#5491=CARTESIAN_POINT('Ctrl Pts',(61.4068761575263,104.031799594391,45.2125394525462));
#5492=CARTESIAN_POINT('Ctrl Pts',(59.2519702773931,104.843968822721,44.8712214737537));
#5493=CARTESIAN_POINT('Ctrl Pts',(57.3498847717991,103.744269797961,45.6356909082509));
#5494=CARTESIAN_POINT('Ctrl Pts',(57.440053169401,101.789068836517,46.8949660241024));
#5495=CARTESIAN_POINT('Ctrl Pts',(59.4410721216507,100.820666188603,47.5834961878402));
#5496=CARTESIAN_POINT('Ctrl Pts',(61.519877971449,101.776518306887,47.159074820015));
#5497=CARTESIAN_POINT('Ctrl Pts',(61.7729814852348,103.832410904379,46.0984114339173));
#5498=CARTESIAN_POINT('Ctrl Pts',(59.9684707584478,105.156469172014,45.46102679062));
#5499=CARTESIAN_POINT('Ctrl Pts',(57.7589557218356,104.587144716704,45.9187378895054));
#5500=CARTESIAN_POINT('Ctrl Pts',(57.1678603212308,102.696772965197,47.1405170512056));
#5501=CARTESIAN_POINT('Ctrl Pts',(58.7365164113959,101.26751747298,48.0955955368718));
#5502=CARTESIAN_POINT('Ctrl Pts',(61.0283589013898,101.659243733572,47.997453593342));
#5503=CARTESIAN_POINT('Ctrl Pts',(61.9445449101034,103.564186840763,47.0240964565878));
#5504=CARTESIAN_POINT('Ctrl Pts',(60.6460394038455,105.288790722109,46.1550440206105));
#5505=CARTESIAN_POINT('Ctrl Pts',(58.3220009622578,105.304653419485,46.2742942518007));
#5506=CARTESIAN_POINT('Ctrl Pts',(57.1007597282467,103.648219911668,47.3607680832606));
#5507=CARTESIAN_POINT('Ctrl Pts',(58.1007159649706,101.887407086481,48.5076128817939));
#5508=CARTESIAN_POINT('Ctrl Pts',(60.4061200061245,101.685721198058,48.7526889838659));
#5509=CARTESIAN_POINT('Ctrl Pts',(61.9057066187139,103.278836193438,47.9596871621777));
#5510=CARTESIAN_POINT('Ctrl Pts',(61.2261698723113,105.258765853589,46.9429592616198));
#5511=CARTESIAN_POINT('Ctrl Pts',(58.9898224354629,105.863283084021,46.7217431597474));
#5512=CARTESIAN_POINT('Ctrl Pts',(57.2446884001158,104.589749321198,47.5867552257945));
#5513=CARTESIAN_POINT('Ctrl Pts',(57.5889431472092,102.655425696043,48.8339552963842));
#5514=CARTESIAN_POINT('Ctrl Pts',(59.7073225204768,101.88271796482,49.4092993264163));
#5515=CARTESIAN_POINT('Ctrl Pts',(61.6598348561495,103.030235846799,48.8740222086145));
#5516=CARTESIAN_POINT('Ctrl Pts',(61.6583930609807,105.098066632892,47.806454006418));
#5517=CARTESIAN_POINT('Ctrl Pts',(59.7043099412402,106.243483729084,47.2723919422569));
#5518=CARTESIAN_POINT('Ctrl Pts',(57.5871307476973,105.468499223652,47.8490528142103));
#5519=CARTESIAN_POINT('Ctrl Pts',(57.2457122087178,103.533805497749,49.0964669438743));
#5520=CARTESIAN_POINT('Ctrl Pts',(58.9927943859111,102.262152511815,49.9603912051485));
#5521=CARTESIAN_POINT('Ctrl Pts',(61.2282635348451,102.869067739705,49.7377881481856));
#5522=CARTESIAN_POINT('Ctrl Pts',(61.9052267024449,104.849740661835,48.7206303593549));
#5523=CARTESIAN_POINT('Ctrl Pts',(60.4030338248325,106.441213329901,47.9285784278435));
#5524=CARTESIAN_POINT('Ctrl Pts',(58.0988468314791,106.237116807676,48.1750487936213));
#5525=CARTESIAN_POINT('Ctrl Pts',(57.0996644401236,104.475137766732,49.3225681086666));
#5526=CARTESIAN_POINT('Ctrl Pts',(58.3270504066205,102.820547125748,50.4079760617922));
#5527=CARTESIAN_POINT('Ctrl Pts',(59.86966657014,102.833777384196,50.4859405421813));
#5528=CARTESIAN_POINT('Ctrl Pts',(60.4757581833735,103.125733188001,50.3598872858443));
#5529=CARTESIAN_POINT('Ctrl Pts',(60.0229395281994,100.940509387817,46.6572043163376));
#5530=CARTESIAN_POINT('Ctrl Pts',(60.6416032114714,101.102086164819,46.6065597533367));
#5531=CARTESIAN_POINT('Ctrl Pts',(61.6901518064546,102.000576734289,46.172506887431));
#5532=CARTESIAN_POINT('Ctrl Pts',(61.2882711275724,103.910311137743,45.1963785581055));
#5533=CARTESIAN_POINT('Ctrl Pts',(59.2692649369231,104.674770864534,44.882654827092));
#5534=CARTESIAN_POINT('Ctrl Pts',(57.4871349393471,103.64793479772,45.6049817438385));
#5535=CARTESIAN_POINT('Ctrl Pts',(57.5716168439341,101.819549242272,46.7909092953194));
#5536=CARTESIAN_POINT('Ctrl Pts',(59.4464410250944,100.915729312779,47.4420860708045));
#5537=CARTESIAN_POINT('Ctrl Pts',(61.3941464532503,101.814810531386,47.0504998872041));
#5538=CARTESIAN_POINT('Ctrl Pts',(61.6312879293212,103.744557895537,46.062796450648));
#5539=CARTESIAN_POINT('Ctrl Pts',(59.9405791322156,104.988624248682,45.4716775749133));
#5540=CARTESIAN_POINT('Ctrl Pts',(57.8704077254826,104.458714543691,45.9065919487995));
#5541=CARTESIAN_POINT('Ctrl Pts',(57.3165899072253,102.691069727504,47.0573882380506));
#5542=CARTESIAN_POINT('Ctrl Pts',(58.7863183005819,101.35546075599,47.9583033974911));
#5543=CARTESIAN_POINT('Ctrl Pts',(60.9336251588306,101.725992858144,47.8724197429929));
#5544=CARTESIAN_POINT('Ctrl Pts',(61.7920316629999,103.514310400137,46.9665165648758));
#5545=CARTESIAN_POINT('Ctrl Pts',(60.5754167380061,105.133661855604,46.158340084952));
#5546=CARTESIAN_POINT('Ctrl Pts',(58.3979443740706,105.152034326115,46.2761387121742));
#5547=CARTESIAN_POINT('Ctrl Pts',(57.2537210302686,103.603574378555,47.3001627363804));
#5548=CARTESIAN_POINT('Ctrl Pts',(58.190614771632,101.957317821923,48.3807504172085));
#5549=CARTESIAN_POINT('Ctrl Pts',(60.3506279183544,101.771861463738,48.6164396746418));
#5550=CARTESIAN_POINT('Ctrl Pts',(61.7556427183724,103.268016413403,47.8795176576009));
#5551=CARTESIAN_POINT('Ctrl Pts',(61.1189611303692,105.126591462249,46.9329789039721));
#5552=CARTESIAN_POINT('Ctrl Pts',(59.0236495155713,105.696494817404,46.7317827943484));
#5553=CARTESIAN_POINT('Ctrl Pts',(57.3885728037009,104.506786944664,47.5483115959173));
#5554=CARTESIAN_POINT('Ctrl Pts',(57.7111170372797,102.697962090961,48.7229256179486));
#5555=CARTESIAN_POINT('Ctrl Pts',(59.6959002745442,101.977495528277,49.2680543721469));
#5556=CARTESIAN_POINT('Ctrl Pts',(61.5252769212858,103.056155060259,48.7726035847439));
#5557=CARTESIAN_POINT('Ctrl Pts',(61.5239260532974,104.997087728098,47.7784307860791));
#5558=CARTESIAN_POINT('Ctrl Pts',(59.6930776843861,106.073778960885,47.2841184246488));
#5559=CARTESIAN_POINT('Ctrl Pts',(57.7094189372057,105.351179209338,47.8304809737963));
#5560=CARTESIAN_POINT('Ctrl Pts',(57.3895320455521,103.542007595386,49.0052955552119));
#5561=CARTESIAN_POINT('Ctrl Pts',(59.0264340392057,102.354061887861,49.8208051546935));
#5562=CARTESIAN_POINT('Ctrl Pts',(61.1209227555408,102.926212010151,49.6183095586562));
#5563=CARTESIAN_POINT('Ctrl Pts',(61.7551930681454,104.78548344697,48.6713680277683));
#5564=CARTESIAN_POINT('Ctrl Pts',(60.3477363678736,106.280099643111,47.9353359958377));
#5565=CARTESIAN_POINT('Ctrl Pts',(58.1888635155213,106.092384678362,48.1723315873802));
#5566=CARTESIAN_POINT('Ctrl Pts',(57.2526948167706,104.445035453667,49.2535512461643));
#5567=CARTESIAN_POINT('Ctrl Pts',(58.4026753739354,102.898302152073,50.2765766119254));
#5568=CARTESIAN_POINT('Ctrl Pts',(59.8480060552684,102.913038146357,50.3536702039923));
#5569=CARTESIAN_POINT('Ctrl Pts',(60.4158743461765,103.187751735589,50.2375895092169));
#5570=CARTESIAN_POINT('Ctrl Pts',(59.9895042080985,101.011425994797,46.5297600752179));
#5571=CARTESIAN_POINT('Ctrl Pts',(60.5665255215546,101.163375817508,46.4846835553427));
#5572=CARTESIAN_POINT('Ctrl Pts',(61.5444961118109,102.003886434803,46.0841651661111));
#5573=CARTESIAN_POINT('Ctrl Pts',(61.1696660976184,103.788822681095,45.1802176636649));
#5574=CARTESIAN_POINT('Ctrl Pts',(59.2865595964532,104.505572906346,44.8940881804303));
#5575=CARTESIAN_POINT('Ctrl Pts',(57.6243851068951,103.55159979748,45.5742725794261));
#5576=CARTESIAN_POINT('Ctrl Pts',(57.7031805184671,101.850029648028,46.6868525665365));
#5577=CARTESIAN_POINT('Ctrl Pts',(59.4518099285382,101.010792436956,47.3006759537687));
#5578=CARTESIAN_POINT('Ctrl Pts',(61.2684149350517,101.853102755886,46.9419249543932));
#5579=CARTESIAN_POINT('Ctrl Pts',(61.4895943734076,103.656704886694,46.0271814673786));
#5580=CARTESIAN_POINT('Ctrl Pts',(59.9126875059834,104.82077932535,45.4823283592065));
#5581=CARTESIAN_POINT('Ctrl Pts',(57.9818597291296,104.330284370678,45.8944460080937));
#5582=CARTESIAN_POINT('Ctrl Pts',(57.4653194932197,102.68536648981,46.9742594248955));
#5583=CARTESIAN_POINT('Ctrl Pts',(58.8361201897678,101.443404039001,47.8210112581104));
#5584=CARTESIAN_POINT('Ctrl Pts',(60.8388914162714,101.792741982716,47.7473858926437));
#5585=CARTESIAN_POINT('Ctrl Pts',(61.6395184158964,103.464433959512,46.9089366731639));
#5586=CARTESIAN_POINT('Ctrl Pts',(60.5047940721668,104.978532989099,46.1616361492934));
#5587=CARTESIAN_POINT('Ctrl Pts',(58.4738877858834,104.999415232745,46.2779831725477));
#5588=CARTESIAN_POINT('Ctrl Pts',(57.4066823322905,103.558928845441,47.2395573895001));
#5589=CARTESIAN_POINT('Ctrl Pts',(58.2805135782934,102.027228557364,48.2538879526232));
#5590=CARTESIAN_POINT('Ctrl Pts',(60.2951358305845,101.858001729419,48.4801903654176));
#5591=CARTESIAN_POINT('Ctrl Pts',(61.6055788180308,103.257196633367,47.7993481530241));
#5592=CARTESIAN_POINT('Ctrl Pts',(61.0117523884272,104.994417070909,46.9229985463244));
#5593=CARTESIAN_POINT('Ctrl Pts',(59.0574765956798,105.529706550786,46.7418224289494));
#5594=CARTESIAN_POINT('Ctrl Pts',(57.5324572072861,104.423824568129,47.5098679660401));
#5595=CARTESIAN_POINT('Ctrl Pts',(57.8332909273502,102.74049848588,48.611895939513));
#5596=CARTESIAN_POINT('Ctrl Pts',(59.6844780286114,102.072273091734,49.1268094178774));
#5597=CARTESIAN_POINT('Ctrl Pts',(61.3907189864221,103.082074273719,48.6711849608733));
#5598=CARTESIAN_POINT('Ctrl Pts',(61.3894590456141,104.896108823304,47.7504075657402));
#5599=CARTESIAN_POINT('Ctrl Pts',(59.6818454275321,105.904074192686,47.2958449070407));
#5600=CARTESIAN_POINT('Ctrl Pts',(57.8317071267142,105.233859195024,47.8119091333824));
#5601=CARTESIAN_POINT('Ctrl Pts',(57.5333518823864,103.550209693023,48.9141241665494));
#5602=CARTESIAN_POINT('Ctrl Pts',(59.0600736925005,102.445971263906,49.6812191042386));
#5603=CARTESIAN_POINT('Ctrl Pts',(61.0135819762366,102.983356280597,49.4988309691268));
#5604=CARTESIAN_POINT('Ctrl Pts',(61.6051594338459,104.721226232105,48.6221056961817));
#5605=CARTESIAN_POINT('Ctrl Pts',(60.2924389109147,106.118985956322,47.9420935638319));
#5606=CARTESIAN_POINT('Ctrl Pts',(58.2788801995636,105.947652549047,48.169614381139));
#5607=CARTESIAN_POINT('Ctrl Pts',(57.4057251934176,104.414933140602,49.1845343836621));
#5608=CARTESIAN_POINT('Ctrl Pts',(58.4783003412504,102.976057178397,50.1451771620586));
#5609=CARTESIAN_POINT('Ctrl Pts',(59.8263455403968,102.992298908517,50.2213998658032));
#5610=CARTESIAN_POINT('Ctrl Pts',(60.3559905089795,103.249770283177,50.1152917325894));
#5611=CARTESIAN_POINT('Ctrl Pts',(59.9560688879976,101.082342601777,46.4023158340983));
#5612=CARTESIAN_POINT('Ctrl Pts',(60.4914478316377,101.224665470196,46.3628073573486));
#5613=CARTESIAN_POINT('Ctrl Pts',(61.3988404171672,102.007196135318,45.9958234447912));
#5614=CARTESIAN_POINT('Ctrl Pts',(61.0510610676644,103.667334224446,45.1640567692242));
#5615=CARTESIAN_POINT('Ctrl Pts',(59.3038542559832,104.336374948158,44.9055215337687));
#5616=CARTESIAN_POINT('Ctrl Pts',(57.7616352744431,103.455264797239,45.5435634150137));
#5617=CARTESIAN_POINT('Ctrl Pts',(57.8347441930001,101.880510053783,46.5827958377535));
#5618=CARTESIAN_POINT('Ctrl Pts',(59.4571788319818,101.105855561132,47.159265836733));
#5619=CARTESIAN_POINT('Ctrl Pts',(61.142683416853,101.891394980385,46.8333500215824));
#5620=CARTESIAN_POINT('Ctrl Pts',(61.3479008174941,103.568851877852,45.9915664841092));
#5621=CARTESIAN_POINT('Ctrl Pts',(59.8847958797512,104.652934402018,45.4929791434999));
#5622=CARTESIAN_POINT('Ctrl Pts',(58.0933117327767,104.201854197664,45.8823000673878));
#5623=CARTESIAN_POINT('Ctrl Pts',(57.6140490792142,102.679663252117,46.8911306117405));
#5624=CARTESIAN_POINT('Ctrl Pts',(58.8859220789538,101.531347322012,47.6837191187296));
#5625=CARTESIAN_POINT('Ctrl Pts',(60.7441576737122,101.859491107288,47.6223520422946));
#5626=CARTESIAN_POINT('Ctrl Pts',(61.4870051687928,103.414557518886,46.8513567814519));
#5627=CARTESIAN_POINT('Ctrl Pts',(60.4341714063274,104.823404122594,46.1649322136348));
#5628=CARTESIAN_POINT('Ctrl Pts',(58.5498311976962,104.846796139375,46.2798276329213));
#5629=CARTESIAN_POINT('Ctrl Pts',(57.5596436343125,103.514283312328,47.1789520426198));
#5630=CARTESIAN_POINT('Ctrl Pts',(58.3704123849547,102.097139292806,48.1270254880378));
#5631=CARTESIAN_POINT('Ctrl Pts',(60.2396437428145,101.944141995099,48.3439410561935));
#5632=CARTESIAN_POINT('Ctrl Pts',(61.4555149176893,103.246376853332,47.7191786484473));
#5633=CARTESIAN_POINT('Ctrl Pts',(60.9045436464851,104.862242679569,46.9130181886767));
#5634=CARTESIAN_POINT('Ctrl Pts',(59.0913036757882,105.362918284168,46.7518620635503));
#5635=CARTESIAN_POINT('Ctrl Pts',(57.6763416108712,104.340862191595,47.4714243361628));
#5636=CARTESIAN_POINT('Ctrl Pts',(57.9554648174207,102.783034880798,48.5008662610774));
#5637=CARTESIAN_POINT('Ctrl Pts',(59.6730557826787,102.16705065519,48.985564463608));
#5638=CARTESIAN_POINT('Ctrl Pts',(61.2561610515585,103.107993487178,48.5697663370027));
#5639=CARTESIAN_POINT('Ctrl Pts',(61.2549920379308,104.79512991851,47.7223843454012));
#5640=CARTESIAN_POINT('Ctrl Pts',(59.6706131706782,105.734369424487,47.3075713894326));
#5641=CARTESIAN_POINT('Ctrl Pts',(57.9539953162226,105.116539180711,47.7933372929685));
#5642=CARTESIAN_POINT('Ctrl Pts',(57.6771717192207,103.55841179066,48.8229527778869));
#5643=CARTESIAN_POINT('Ctrl Pts',(59.0937133457951,102.537880639952,49.5416330537837));
#5644=CARTESIAN_POINT('Ctrl Pts',(60.9062411969323,103.040500551043,49.3793523795974));
#5645=CARTESIAN_POINT('Ctrl Pts',(61.4551257995463,104.65696901724,48.5728433645951));
#5646=CARTESIAN_POINT('Ctrl Pts',(60.2371414539558,105.957872269532,47.9488511318261));
#5647=CARTESIAN_POINT('Ctrl Pts',(58.3688968836057,105.802920419732,48.1668971748979));
#5648=CARTESIAN_POINT('Ctrl Pts',(57.5587555700648,104.384830827536,49.1155175211598));
#5649=CARTESIAN_POINT('Ctrl Pts',(58.5539253085653,103.053812204722,50.0137777121919));
#5650=CARTESIAN_POINT('Ctrl Pts',(59.8046850255252,103.071559670678,50.0891295276141));
#5651=CARTESIAN_POINT('Ctrl Pts',(60.2961066717825,103.311788830765,49.992993955962));
#5652=CARTESIAN_POINT('',(57.9364787056202,104.466786708588,46.7504779474516));
#5653=CARTESIAN_POINT('Ctrl Pts',(57.9391936360465,104.465889315965,46.7509969818915));
#5654=CARTESIAN_POINT('Ctrl Pts',(57.9572331152209,104.429336491738,46.7510250675301));
#5655=CARTESIAN_POINT('Ctrl Pts',(57.975496495072,104.392898976903,46.7510513443894));
#5656=CARTESIAN_POINT('Ctrl Pts',(57.9939765261067,104.356639899758,46.7510748279632));
#5657=CARTESIAN_POINT('Ctrl Pts',(58.0233707637638,104.298966407284,46.751112180809));
#5658=CARTESIAN_POINT('Ctrl Pts',(58.0534469807855,104.241483088265,46.751142153449));
#5659=CARTESIAN_POINT('Ctrl Pts',(58.0841672240998,104.184482852106,46.7511659603625));
#5660=CARTESIAN_POINT('Ctrl Pts',(58.0914408929648,104.170986837806,46.751171597154));
#5661=CARTESIAN_POINT('Ctrl Pts',(58.0987507770084,104.157518082445,46.7511767859047));
#5662=CARTESIAN_POINT('Ctrl Pts',(58.1060965519432,104.144080798066,46.7511813552808));
#5663=CARTESIAN_POINT('Ctrl Pts',(58.434888171958,104.466786708588,46.5247843885795));
#5664=CARTESIAN_POINT('Ctrl Pts',(58.3188645747612,104.466786708588,46.5716170913362));
#5665=CARTESIAN_POINT('Ctrl Pts',(58.2036139860029,104.466786708588,46.6226571079028));
#5666=CARTESIAN_POINT('Ctrl Pts',(58.0390340414125,104.466786708588,46.7002116627623));
#5667=CARTESIAN_POINT('Ctrl Pts',(57.9876321913525,104.466786708588,46.7251120076565));
#5668=CARTESIAN_POINT('Ctrl Pts',(57.9364787056202,104.466786708588,46.7504779474515));
#5669=CARTESIAN_POINT('Ctrl Pts',(61.1901128728501,102.899997348222,46.3282461196556));
#5670=CARTESIAN_POINT('Ctrl Pts',(61.1912176589386,103.09523729766,46.2320474020641));
#5671=CARTESIAN_POINT('Ctrl Pts',(61.1517519745365,103.290143925247,46.1360414713476));
#5672=CARTESIAN_POINT('Ctrl Pts',(61.0698470944301,103.469956148969,46.0487658502532));
#5673=CARTESIAN_POINT('Ctrl Pts',(60.8601991715798,103.930212719241,45.8253707039061));
#5674=CARTESIAN_POINT('Ctrl Pts',(60.3724975256655,104.29157356063,45.659174923703));
#5675=CARTESIAN_POINT('Ctrl Pts',(59.8300660115459,104.397073947265,45.6409638542494));
#5676=CARTESIAN_POINT('Ctrl Pts',(59.2876344974263,104.5025743339,45.6227527847958));
#5677=CARTESIAN_POINT('Ctrl Pts',(58.6904731151015,104.352214265782,45.7525264260918));
#5678=CARTESIAN_POINT('Ctrl Pts',(58.312015315012,104.023335740799,45.9855516707986));
#5679=CARTESIAN_POINT('Ctrl Pts',(57.9335575149225,103.694457215815,46.2185769155054));
#5680=CARTESIAN_POINT('Ctrl Pts',(57.7738032970683,103.187060233966,46.5548537636229));
#5681=CARTESIAN_POINT('Ctrl Pts',(57.9059050214312,102.741975754691,46.8550902721799));
#5682=CARTESIAN_POINT('Ctrl Pts',(58.038006745794,102.296891275415,47.1553267807369));
#5683=CARTESIAN_POINT('Ctrl Pts',(58.4619644123739,101.914119298714,47.4195229497332));
#5684=CARTESIAN_POINT('Ctrl Pts',(58.9836491781236,101.777423941242,47.5413931881589));
#5685=CARTESIAN_POINT('Ctrl Pts',(59.5053339438733,101.640728583771,47.6632634265846));
#5686=CARTESIAN_POINT('Ctrl Pts',(60.1247458087927,101.750109845529,47.6428077344396));
#5687=CARTESIAN_POINT('Ctrl Pts',(60.5582596570992,102.063978211675,47.5040806782267));
#5688=CARTESIAN_POINT('Ctrl Pts',(60.9510262455956,102.348345153791,47.3783929918615));
#5689=CARTESIAN_POINT('Ctrl Pts',(61.1911986860894,102.800565072716,47.1556224083151));
#5690=CARTESIAN_POINT('Ctrl Pts',(61.194455243116,103.250438177738,46.934209176287));
#5691=CARTESIAN_POINT('Ctrl Pts',(60.0563748483003,100.869592780838,46.7846485574573));
#5692=CARTESIAN_POINT('Ctrl Pts',(60.1250145160172,100.891592756299,46.7719241995321));
#5693=CARTESIAN_POINT('Ctrl Pts',(60.19195101483,100.916963345537,46.7572503441543));
#5694=CARTESIAN_POINT('Ctrl Pts',(60.2569958911822,100.945448996563,46.7407747976238));
#5695=CARTESIAN_POINT('Ctrl Pts',(60.3238731348022,100.974737111634,46.7238351214974));
#5696=CARTESIAN_POINT('Ctrl Pts',(60.3887514498198,101.007318864652,46.7049904692403));
#5697=CARTESIAN_POINT('Ctrl Pts',(60.4513947907741,101.042955186365,46.6843791138594));
#5698=CARTESIAN_POINT('Ctrl Pts',(60.5043506601501,101.073080533591,46.6669551989374));
#5699=CARTESIAN_POINT('Ctrl Pts',(60.5557090276749,101.105389664472,46.6482682260229));
#5700=CARTESIAN_POINT('Ctrl Pts',(60.6053045212684,101.139753779507,46.6283926902404));
#5701=CARTESIAN_POINT('Ctrl Pts',(60.6273240860871,101.155010868482,46.6195682867159));
#5702=CARTESIAN_POINT('Ctrl Pts',(60.6489958479475,101.170673193025,46.6105095028195));
#5703=CARTESIAN_POINT('Ctrl Pts',(60.6703037820614,101.186730106164,46.601222496554));
#5704=CARTESIAN_POINT('Ctrl Pts',(60.6819992189386,101.195543377927,46.5961250715773));
#5705=CARTESIAN_POINT('Ctrl Pts',(60.6935850292371,101.204475531531,46.590958887656));
#5706=CARTESIAN_POINT('Ctrl Pts',(60.7050584295865,101.213524842187,46.5857249423743));
#5707=CARTESIAN_POINT('Ctrl Pts',(60.7156701974151,101.221894565265,46.5808840573302));
#5708=CARTESIAN_POINT('Ctrl Pts',(60.7261872706077,101.230365848411,46.5759844319182));
#5709=CARTESIAN_POINT('Ctrl Pts',(60.7365914850007,101.2389238783,46.5710346338771));
#5710=CARTESIAN_POINT('Ctrl Pts',(60.78967296483,101.282586270652,46.5457811553394));
#5711=CARTESIAN_POINT('Ctrl Pts',(60.8399143727519,101.328577095425,46.5191809567752));
#5712=CARTESIAN_POINT('Ctrl Pts',(60.8870973143312,101.37667044344,46.4913646996601));
#5713=CARTESIAN_POINT('Ctrl Pts',(60.9339189274143,101.424395491037,46.4637614603438));
#5714=CARTESIAN_POINT('Ctrl Pts',(60.9777292472069,101.474191750334,46.4349602724635));
#5715=CARTESIAN_POINT('Ctrl Pts',(61.0182700551846,101.525859440291,46.4050766854871));
#5716=CARTESIAN_POINT('Ctrl Pts',(61.0519842512514,101.568826877707,46.3802251553683));
#5717=CARTESIAN_POINT('Ctrl Pts',(61.0834366849585,101.613089119838,46.3546247353841));
#5718=CARTESIAN_POINT('Ctrl Pts',(61.1124511695014,101.658536859916,46.328338646445));
#5719=CARTESIAN_POINT('Ctrl Pts',(61.1245386236737,101.677470419622,46.3173878437536));
#5720=CARTESIAN_POINT('Ctrl Pts',(61.1362026351532,101.696609763125,46.3063180197163));
#5721=CARTESIAN_POINT('Ctrl Pts',(61.1474290293745,101.715947056499,46.2951337053236));
#5722=CARTESIAN_POINT('Ctrl Pts',(61.1526421876768,101.724926642421,46.2899400874724));
#5723=CARTESIAN_POINT('Ctrl Pts',(61.1577609675515,101.733948913399,46.2847217814143));
#5724=CARTESIAN_POINT('Ctrl Pts',(61.1627838839611,101.743013083151,46.2794792419208));
#5725=CARTESIAN_POINT('Ctrl Pts',(61.1679973329137,101.752421080904,46.2740378389983));
#5726=CARTESIAN_POINT('Ctrl Pts',(61.1731038603642,101.76186768942,46.2685741043618));
#5727=CARTESIAN_POINT('Ctrl Pts',(61.1781005262359,101.771348507858,46.2630905833713));
#5728=CARTESIAN_POINT('Ctrl Pts',(61.2066414486534,101.825502880084,46.2317687477345));
#5729=CARTESIAN_POINT('Ctrl Pts',(61.231621612674,101.880808171659,46.1997812427309));
#5730=CARTESIAN_POINT('Ctrl Pts',(61.2528177387835,101.9370862021,46.1672311244866));
#5731=CARTESIAN_POINT('Ctrl Pts',(61.2720787017324,101.988226162937,46.1376527657692));
#5732=CARTESIAN_POINT('Ctrl Pts',(61.2882147300249,102.040169874221,46.107609533426));
#5733=CARTESIAN_POINT('Ctrl Pts',(61.3010211983022,102.092787805083,46.0771763455918));
#5734=CARTESIAN_POINT('Ctrl Pts',(61.3161352266721,102.154886807133,46.0412594905815));
#5735=CARTESIAN_POINT('Ctrl Pts',(61.3266122834742,102.217926204903,46.0047987289769));
#5736=CARTESIAN_POINT('Ctrl Pts',(61.3325274042494,102.281540550445,45.9680054287631));
#5737=CARTESIAN_POINT('Ctrl Pts',(61.3338331638435,102.295583381551,45.9598833283732));
#5738=CARTESIAN_POINT('Ctrl Pts',(61.334916393603,102.309654158503,45.9517450646497));
#5739=CARTESIAN_POINT('Ctrl Pts',(61.3357775276432,102.323748805836,45.9435929947616));
#5740=CARTESIAN_POINT('Ctrl Pts',(61.3366482409144,102.338000241631,45.9353502414766));
#5741=CARTESIAN_POINT('Ctrl Pts',(61.3372918957763,102.352281126616,45.9270904553535));
#5742=CARTESIAN_POINT('Ctrl Pts',(61.3377084030061,102.366558722569,45.9188325715418));
#5743=CARTESIAN_POINT('Ctrl Pts',(61.3394393409988,102.425894147039,45.8845141160543));
#5744=CARTESIAN_POINT('Ctrl Pts',(61.337258945662,102.485250118522,45.8501837765745));
#5745=CARTESIAN_POINT('Ctrl Pts',(61.3312878374678,102.544334807108,45.8160103418462));
#5746=CARTESIAN_POINT('Ctrl Pts',(61.3253176413991,102.603410470124,45.7818421273316));
#5747=CARTESIAN_POINT('Ctrl Pts',(61.3155574372553,102.662215858406,45.747830234467));
#5748=CARTESIAN_POINT('Ctrl Pts',(61.3020781779123,102.720446250806,45.7141509080367));
#5749=CARTESIAN_POINT('Ctrl Pts',(61.2922899985616,102.76273117982,45.689694127503));
#5750=CARTESIAN_POINT('Ctrl Pts',(61.2805396470519,102.804712677287,45.6654128458746));
#5751=CARTESIAN_POINT('Ctrl Pts',(61.2668399121523,102.846265605713,45.6413794402437));
#5752=CARTESIAN_POINT('Ctrl Pts',(61.2611373298998,102.863562217211,45.6313754165584));
#5753=CARTESIAN_POINT('Ctrl Pts',(61.2550968464307,102.88078446715,45.6214144021525));
#5754=CARTESIAN_POINT('Ctrl Pts',(61.2487188287591,102.897922837236,45.6115019022227));
#5755=CARTESIAN_POINT('Ctrl Pts',(61.2440976317763,102.910340454779,45.6043197937484));
#5756=CARTESIAN_POINT('Ctrl Pts',(61.239299231526,102.922714031404,45.5971631576847));
#5757=CARTESIAN_POINT('Ctrl Pts',(61.2343236676409,102.935039836903,45.5900341515107));
#5758=CARTESIAN_POINT('Ctrl Pts',(61.2296264869615,102.946676012579,45.5833040138143));
#5759=CARTESIAN_POINT('Ctrl Pts',(61.2247740621111,102.958262903258,45.5766023816011));
#5760=CARTESIAN_POINT('Ctrl Pts',(61.2197695120046,102.96979184238,45.5699342674412));
#5761=CARTESIAN_POINT('Ctrl Pts',(61.1966063083647,103.023152715778,45.5390713760939));
#5762=CARTESIAN_POINT('Ctrl Pts',(61.1701712420444,103.075314146739,45.5089022189243));
#5763=CARTESIAN_POINT('Ctrl Pts',(61.1405140580345,103.125987670053,45.4795936385987));
#5764=CARTESIAN_POINT('Ctrl Pts',(61.1194962197032,103.161899640668,45.4588228532539));
#5765=CARTESIAN_POINT('Ctrl Pts',(61.0968592295806,103.197063861759,45.4384845516901));
#5766=CARTESIAN_POINT('Ctrl Pts',(61.0726101364623,103.231367560544,45.4186439594925));
#5767=CARTESIAN_POINT('Ctrl Pts',(61.06514729153,103.24192478771,45.412537864629));
#5768=CARTESIAN_POINT('Ctrl Pts',(61.0575304987989,103.252402038942,45.4064780262907));
#5769=CARTESIAN_POINT('Ctrl Pts',(61.0497636961206,103.262790660695,45.4004694495188));
#5770=CARTESIAN_POINT('Ctrl Pts',(61.0154954674262,103.308626724879,45.3739587614696));
#5771=CARTESIAN_POINT('Ctrl Pts',(60.9783712920849,103.352659237797,45.3484912123945));
#5772=CARTESIAN_POINT('Ctrl Pts',(60.9384252831951,103.394615955011,45.3242242631828));
#5773=CARTESIAN_POINT('Ctrl Pts',(60.9015682283134,103.433328233708,45.301833834107));
#5774=CARTESIAN_POINT('Ctrl Pts',(60.8623082970693,103.470273426423,45.2804654531946));
#5775=CARTESIAN_POINT('Ctrl Pts',(60.8206507617615,103.505209076077,45.2602593529053));
#5776=CARTESIAN_POINT('Ctrl Pts',(60.8130900310858,103.511549802576,45.2565920000203));
#5777=CARTESIAN_POINT('Ctrl Pts',(60.8054502706086,103.517824248275,45.2529629826605));
#5778=CARTESIAN_POINT('Ctrl Pts',(60.7977329185497,103.524031891065,45.2493726028044));
#5779=CARTESIAN_POINT('',(61.2867130774623,103.886366877159,46.7504779474516));
#5780=CARTESIAN_POINT('Ctrl Pts',(61.2869988615375,103.884882729753,46.7513363494457));
#5781=CARTESIAN_POINT('Ctrl Pts',(61.3215090908671,103.949518304611,46.7514149946947));
#5782=CARTESIAN_POINT('Ctrl Pts',(61.3552465302962,104.014740879906,46.7514819894838));
#5783=CARTESIAN_POINT('Ctrl Pts',(61.3882063560977,104.080251427834,46.7515372662452));
#5784=CARTESIAN_POINT('Ctrl Pts',(61.392831529297,104.089444365696,46.7515450231003));
#5785=CARTESIAN_POINT('Ctrl Pts',(61.3974413345905,104.098643029823,46.7515525170741));
#5786=CARTESIAN_POINT('Ctrl Pts',(61.4020357006071,104.107846651139,46.7515597148789));
#5787=CARTESIAN_POINT('',(60.7300660260371,104.466786708588,46.414774405651));
#5788=CARTESIAN_POINT('Ctrl Pts',(60.7285970554228,104.467471022323,46.4143786118965));
#5789=CARTESIAN_POINT('Ctrl Pts',(60.7821105467598,104.432785047943,46.4344403048634));
#5790=CARTESIAN_POINT('Ctrl Pts',(60.8333541254882,104.395525728457,46.4559903705901));
#5791=CARTESIAN_POINT('Ctrl Pts',(60.8821723185848,104.355971759789,46.4788676167753));
#5792=CARTESIAN_POINT('Ctrl Pts',(60.9324616911346,104.315225797269,46.5024342890206));
#5793=CARTESIAN_POINT('Ctrl Pts',(60.980178126001,104.272044425444,46.5274095546413));
#5794=CARTESIAN_POINT('Ctrl Pts',(61.0251326538567,104.226687770783,46.5536429615464));
#5795=CARTESIAN_POINT('Ctrl Pts',(61.0508510083619,104.200739360704,46.5686510172606));
#5796=CARTESIAN_POINT('Ctrl Pts',(61.0756649907345,104.174078209795,46.5840713084087));
#5797=CARTESIAN_POINT('Ctrl Pts',(61.0995348852581,104.146747562079,46.5998788234883));
#5798=CARTESIAN_POINT('Ctrl Pts',(61.1160401543482,104.127849292776,46.6108092148973));
#5799=CARTESIAN_POINT('Ctrl Pts',(61.1320939601035,104.108630837934,46.6219247953943));
#5800=CARTESIAN_POINT('Ctrl Pts',(61.1476820557184,104.089105568427,46.6332178315265));
#5801=CARTESIAN_POINT('Ctrl Pts',(61.1555708874597,104.079224209623,46.6389330172743));
#5802=CARTESIAN_POINT('Ctrl Pts',(61.1633409896688,104.069263362415,46.6446941775687));
#5803=CARTESIAN_POINT('Ctrl Pts',(61.1709810229713,104.059237495509,46.6504929439924));
#5804=CARTESIAN_POINT('Ctrl Pts',(61.2102040857268,104.007765834157,46.6802631518355));
#5805=CARTESIAN_POINT('Ctrl Pts',(61.2460618921677,103.954509211786,46.7110657464166));
#5806=CARTESIAN_POINT('Ctrl Pts',(61.2783492505697,103.899740104095,46.7427431330902));
#5807=CARTESIAN_POINT('Ctrl Pts',(61.2812615806602,103.894799913003,46.745600443535));
#5808=CARTESIAN_POINT('Ctrl Pts',(61.2841448391115,103.889847392709,46.7484648849508));
#5809=CARTESIAN_POINT('Ctrl Pts',(61.2869988615375,103.884882729753,46.7513363494457));
#5810=CARTESIAN_POINT('Ctrl Pts',(61.165815111663,104.465585446619,46.5736373637024));
#5811=CARTESIAN_POINT('Ctrl Pts',(61.1078211808291,104.465781268464,46.5500631299079));
#5812=CARTESIAN_POINT('Ctrl Pts',(61.0494093250201,104.4660104809,46.5271895599795));
#5813=CARTESIAN_POINT('Ctrl Pts',(60.990737022193,104.466257506456,46.5052354584986));
#5814=CARTESIAN_POINT('Ctrl Pts',(60.9482760092907,104.466436278293,46.4893473248935));
#5815=CARTESIAN_POINT('Ctrl Pts',(60.9056781763158,104.466624823247,46.4739404956091));
#5816=CARTESIAN_POINT('Ctrl Pts',(60.8629882597004,104.466824938897,46.4590934491586));
#5817=CARTESIAN_POINT('Ctrl Pts',(60.8184245924146,104.467033838046,46.4435947344583));
#5818=CARTESIAN_POINT('Ctrl Pts',(60.7736065208631,104.467252854274,46.4286527927174));
#5819=CARTESIAN_POINT('Ctrl Pts',(60.7285970554228,104.467471022323,46.4143786118965));
#5820=CARTESIAN_POINT('Ctrl Pts',(60.2961066717824,103.311788830765,49.992993955962));
#5821=CARTESIAN_POINT('Ctrl Pts',(60.2443907171348,103.281443435496,50.0105451423921));
#5822=CARTESIAN_POINT('Ctrl Pts',(60.1906967197939,103.253917538664,50.0264655857632));
#5823=CARTESIAN_POINT('Ctrl Pts',(60.1353562293696,103.229154778974,50.0407878843522));
#5824=CARTESIAN_POINT('Ctrl Pts',(60.1002258404722,103.213435269237,50.0498797430524));
#5825=CARTESIAN_POINT('Ctrl Pts',(60.0644310595441,103.198829800728,50.0583272619732));
#5826=CARTESIAN_POINT('Ctrl Pts',(60.0280490758681,103.185330222658,50.0661351553734));
#5827=CARTESIAN_POINT('Ctrl Pts',(60.0032650128837,103.176134066776,50.0714540330775));
#5828=CARTESIAN_POINT('Ctrl Pts',(59.9782083353199,103.167451210127,50.0764760284887));
#5829=CARTESIAN_POINT('Ctrl Pts',(59.9529022014407,103.159280449142,50.0812018377275));
#5830=CARTESIAN_POINT('Ctrl Pts',(59.9394027972069,103.154921806058,50.0837227921154));
#5831=CARTESIAN_POINT('Ctrl Pts',(59.9258324340537,103.150709031301,50.0861593791));
#5832=CARTESIAN_POINT('Ctrl Pts',(59.9122083700019,103.14664586438,50.0885094358214));
#5833=CARTESIAN_POINT('Ctrl Pts',(59.8498515395633,103.128048901702,50.0992655573384));
#5834=CARTESIAN_POINT('Ctrl Pts',(59.7863020721732,103.112559820185,50.1082241408379));
#5835=CARTESIAN_POINT('Ctrl Pts',(59.7219103113102,103.10013728196,50.1154090953387));
#5836=CARTESIAN_POINT('Ctrl Pts',(59.675418074647,103.091167942104,50.1205967870648));
#5837=CARTESIAN_POINT('Ctrl Pts',(59.6284858369703,103.08379795336,50.124859445214));
#5838=CARTESIAN_POINT('Ctrl Pts',(59.5812363250826,103.078023939627,50.1281990224578));
#5839=CARTESIAN_POINT('Ctrl Pts',(59.5683372765617,103.076447642214,50.1291107222233));
#5840=CARTESIAN_POINT('Ctrl Pts',(59.5554145489191,103.07499035096,50.1299535911417));
#5841=CARTESIAN_POINT('Ctrl Pts',(59.5424705724686,103.073652136321,50.1307275884615));
#5842=CARTESIAN_POINT('Ctrl Pts',(59.5291334814567,103.072273279484,50.1315250924384));
#5843=CARTESIAN_POINT('Ctrl Pts',(59.5157817459058,103.071021695273,50.1322489844038));
#5844=CARTESIAN_POINT('Ctrl Pts',(59.5024236515123,103.069897441316,50.1328992310265));
#5845=CARTESIAN_POINT('Ctrl Pts',(59.434893230871,103.064213895418,50.136186483434));
#5846=CARTESIAN_POINT('Ctrl Pts',(59.3671588552967,103.061776903658,50.1375959920703));
#5847=CARTESIAN_POINT('Ctrl Pts',(59.2995756894469,103.062543898384,50.1371523772383));
#5848=CARTESIAN_POINT('Ctrl Pts',(59.2309922511688,103.063322245103,50.1367021966339));
#5849=CARTESIAN_POINT('Ctrl Pts',(59.1625635214618,103.067399833658,50.1343437987199));
#5850=CARTESIAN_POINT('Ctrl Pts',(59.0946391507389,103.074774010849,50.1300787180541));
#5851=CARTESIAN_POINT('Ctrl Pts',(59.0525051536772,103.079348268318,50.1274330564995));
#5852=CARTESIAN_POINT('Ctrl Pts',(59.0105648557128,103.085191833118,50.1240532522724));
#5853=CARTESIAN_POINT('Ctrl Pts',(58.9689003294338,103.09231271733,50.1199346713394));
#5854=CARTESIAN_POINT('Ctrl Pts',(58.9347288909322,103.098152957905,50.1165567897785));
#5855=CARTESIAN_POINT('Ctrl Pts',(58.9007429115448,103.104852513767,50.1126818969694));
#5856=CARTESIAN_POINT('Ctrl Pts',(58.8669880192899,103.112419287444,50.1083054222422));
#5857=CARTESIAN_POINT('Ctrl Pts',(58.8532937699526,103.115489102765,50.1065299007658));
#5858=CARTESIAN_POINT('Ctrl Pts',(58.8396352862248,103.118702371171,50.1046714088151));
#5859=CARTESIAN_POINT('Ctrl Pts',(58.8260384643086,103.12205378941,50.1027330136883));
#5860=CARTESIAN_POINT('Ctrl Pts',(58.7582311849192,103.13876729454,50.093066247385));
#5861=CARTESIAN_POINT('Ctrl Pts',(58.691836287991,103.158938922069,50.0813993703445));
#5862=CARTESIAN_POINT('Ctrl Pts',(58.6272173311135,103.182551371228,50.067742388994));
#5863=CARTESIAN_POINT('Ctrl Pts',(58.6199054507345,103.185223209525,50.0661970496881));
#5864=CARTESIAN_POINT('Ctrl Pts',(58.6126163008329,103.187939150342,50.0646262023422));
#5865=CARTESIAN_POINT('Ctrl Pts',(58.6053504037405,103.190699204864,50.0630298404876));
#5866=CARTESIAN_POINT('Ctrl Pts',(58.5435818259513,103.214162879104,50.0494589076567));
#5867=CARTESIAN_POINT('Ctrl Pts',(58.483492894315,103.240810901848,50.0340462095845));
#5868=CARTESIAN_POINT('Ctrl Pts',(58.4252250025335,103.270375303282,50.0169467347986));
#5869=CARTESIAN_POINT('Ctrl Pts',(58.3625390609496,103.302181368074,49.9985507255253));
#5870=CARTESIAN_POINT('Ctrl Pts',(58.3019597752154,103.337362843159,49.9782024445873));
#5871=CARTESIAN_POINT('Ctrl Pts',(58.24368321124,103.375638927098,49.9560643020762));
#5872=CARTESIAN_POINT('Ctrl Pts',(58.2330785188319,103.382604095753,49.9520357839928));
#5873=CARTESIAN_POINT('Ctrl Pts',(58.222550153022,103.389671868827,49.9479479215096));
#5874=CARTESIAN_POINT('Ctrl Pts',(58.2120994032834,103.396840721691,49.9438015964416));
#5875=CARTESIAN_POINT('Ctrl Pts',(58.2031556942323,103.402975796766,49.9402531883401));
#5876=CARTESIAN_POINT('Ctrl Pts',(58.1942764068567,103.409179709905,49.9366649656418));
#5877=CARTESIAN_POINT('Ctrl Pts',(58.1854626710366,103.415450725183,49.9330379323711));
#5878=CARTESIAN_POINT('Ctrl Pts',(58.1305607261687,103.454513722089,49.9104446547047));
#5879=CARTESIAN_POINT('Ctrl Pts',(58.0781943136761,103.496181419123,49.8863448691432));
#5880=CARTESIAN_POINT('Ctrl Pts',(58.0285127847303,103.540151426039,49.860913472324));
#5881=CARTESIAN_POINT('Ctrl Pts',(57.9777896474871,103.585043295165,49.8349488883323));
#5882=CARTESIAN_POINT('Ctrl Pts',(57.9298643914692,103.632335493574,49.8075960005676));
#5883=CARTESIAN_POINT('Ctrl Pts',(57.8849162332509,103.681750571716,49.7790152804543));
#5884=CARTESIAN_POINT('Ctrl Pts',(57.8396994831362,103.731460934248,49.7502637735919));
#5885=CARTESIAN_POINT('Ctrl Pts',(57.7974947313554,103.783320253291,49.7202693520793));
#5886=CARTESIAN_POINT('Ctrl Pts',(57.7585164154211,103.837082003327,49.6891746014814));
#5887=CARTESIAN_POINT('Ctrl Pts',(57.7488645518335,103.850394560967,49.6814748770611));
#5888=CARTESIAN_POINT('Ctrl Pts',(57.7394107065729,103.863823914074,49.6737076004138));
#5889=CARTESIAN_POINT('Ctrl Pts',(57.7301585241914,103.877366586444,49.6658747821093));
#5890=CARTESIAN_POINT('Ctrl Pts',(57.7236863823649,103.886840037428,49.6603955223112));
#5891=CARTESIAN_POINT('Ctrl Pts',(57.7173119963231,103.896370487722,49.6548832952209));
#5892=CARTESIAN_POINT('Ctrl Pts',(57.7110452465456,103.905943280968,49.6493465777904));
#5893=CARTESIAN_POINT('Ctrl Pts',(57.6739141557853,103.96266299493,49.6165409983876));
#5894=CARTESIAN_POINT('Ctrl Pts',(57.6404928231254,104.020961205869,49.5828224470338));
#5895=CARTESIAN_POINT('Ctrl Pts',(57.6109605635089,104.080538293857,49.5483642180679));
#5896=CARTESIAN_POINT('Ctrl Pts',(57.5813893676863,104.140193930043,49.513860558352));
#5897=CARTESIAN_POINT('Ctrl Pts',(57.5557167422952,104.201132532583,49.4786148558492));
#5898=CARTESIAN_POINT('Ctrl Pts',(57.534158268202,104.263086133389,49.4427820980906));
#5899=CARTESIAN_POINT('Ctrl Pts',(57.5130865904935,104.323640804532,49.4077584540411));
#5900=CARTESIAN_POINT('Ctrl Pts',(57.4959448067487,104.385165912068,49.3721735284564));
#5901=CARTESIAN_POINT('Ctrl Pts',(57.48297766202,104.447431542432,49.33616029887));
#5902=CARTESIAN_POINT('Ctrl Pts',(57.4798814996594,104.462298693615,49.3275614277798));
#5903=CARTESIAN_POINT('Ctrl Pts',(57.4770235574822,104.477208127081,49.3189381014398));
#5904=CARTESIAN_POINT('Ctrl Pts',(57.4744075992945,104.492156817036,49.3102920699095));
#5905=CARTESIAN_POINT('Ctrl Pts',(57.4724715291873,104.503220339344,49.3038931437836));
#5906=CARTESIAN_POINT('Ctrl Pts',(57.4706680092877,104.514305365038,49.2974817805167));
#5907=CARTESIAN_POINT('Ctrl Pts',(57.4689962934145,104.52541056508,49.2910587487996));
#5908=CARTESIAN_POINT('Origin',(54.3273570562503,44.3189491958858,79.4924409425195));
#5909=CARTESIAN_POINT('',(-65.3180048446494,104.466786708588,44.7041015521711));
#5910=CARTESIAN_POINT('',(-65.3176429437497,44.3189491958858,79.4924409425195));
#5911=CARTESIAN_POINT('',(-65.3180048446494,103.803680718572,45.0876291599191));
#5912=CARTESIAN_POINT('',(-51.3425903756454,104.466786708588,44.7041015521711));
#5913=CARTESIAN_POINT('',(5.81438856134537,104.466786708588,44.7041015521711));
#5914=CARTESIAN_POINT('',(-51.3425903756454,100.928672585575,46.7504779474515));
#5915=CARTESIAN_POINT('',(-51.3425903756454,73.7319566247792,62.4805295049539));
#5916=CARTESIAN_POINT('',(-51.3045255623232,100.928672585575,46.7504779474516));
#5917=CARTESIAN_POINT('',(1.49238334030247,100.928672585575,46.7504779474515));
#5918=CARTESIAN_POINT('',(-51.3045255623232,44.3189491958858,79.4924409425195));
#5919=CARTESIAN_POINT('',(-51.3045255623232,44.3189491958858,79.4924409425195));
#5920=CARTESIAN_POINT('',(54.3273570562503,44.3189491958858,79.4924409425195));
#5921=CARTESIAN_POINT('',(54.3273570562503,44.3189491958858,79.4924409425195));
#5922=CARTESIAN_POINT('',(54.3273570562503,104.466786708588,44.7041015521711));
#5923=CARTESIAN_POINT('',(54.3273570562503,73.7319566247792,62.4805295049539));
#5924=CARTESIAN_POINT('',(63.8273570562503,104.466786708588,44.7041015521711));
#5925=CARTESIAN_POINT('',(62.8993622772932,104.466786708588,44.7041015521711));
#5926=CARTESIAN_POINT('',(63.8273570562503,39.8019180317637,82.1050039152295));
#5927=CARTESIAN_POINT('',(63.8273570562503,100.928672585575,46.7504779474516));
#5928=CARTESIAN_POINT('',(-65.3176429437497,39.8019180317637,82.1050039152295));
#5929=CARTESIAN_POINT('',(54.3273570562503,39.8019180317637,82.1050039152295));
#5930=CARTESIAN_POINT('',(-65.3176429437497,100.928672585575,46.7504779474516));
#5931=CARTESIAN_POINT('Ctrl Pts',(-55.944406900413,42.8764314670118,80.3267651410922));
#5932=CARTESIAN_POINT('Ctrl Pts',(-55.875764540627,42.8984323053193,80.3140402841137));
#5933=CARTESIAN_POINT('Ctrl Pts',(-55.8088253922786,42.9238033777395,80.2993661492728));
#5934=CARTESIAN_POINT('Ctrl Pts',(-55.7437779530834,42.9522892365639,80.2828904825558));
#5935=CARTESIAN_POINT('Ctrl Pts',(-55.6769003436033,42.9815765715572,80.2659512576108));
#5936=CARTESIAN_POINT('Ctrl Pts',(-55.6120216187406,43.0141570299145,80.2471073541605));
#5937=CARTESIAN_POINT('Ctrl Pts',(-55.5493778517405,43.0497916789965,80.2264969661968));
#5938=CARTESIAN_POINT('Ctrl Pts',(-55.496422242449,43.0799152594322,80.2090740731522));
#5939=CARTESIAN_POINT('Ctrl Pts',(-55.4450640860386,43.112222302093,80.1903883080231));
#5940=CARTESIAN_POINT('Ctrl Pts',(-55.395468766096,43.1465840936736,80.170514116082));
#5941=CARTESIAN_POINT('Ctrl Pts',(-55.3734506992285,43.1618391666439,80.1616908785749));
#5942=CARTESIAN_POINT('Ctrl Pts',(-55.3517803830589,43.1774993765243,80.1526333177586));
#5943=CARTESIAN_POINT('Ctrl Pts',(-55.3304738402358,43.1935540859713,80.1433475860656));
#5944=CARTESIAN_POINT('Ctrl Pts',(-55.3187775933528,43.2023673339432,80.1382501748492));
#5945=CARTESIAN_POINT('Ctrl Pts',(-55.3071909861534,43.2112994689223,80.1330840017001));
#5946=CARTESIAN_POINT('Ctrl Pts',(-55.295716802749,43.220348767019,80.1278500636826));
#5947=CARTESIAN_POINT('Ctrl Pts',(-55.2851059858883,43.2287171572944,80.1230099495057));
#5948=CARTESIAN_POINT('Ctrl Pts',(-55.2745898469506,43.2371870796101,80.1181111111715));
#5949=CARTESIAN_POINT('Ctrl Pts',(-55.2641865456331,43.2457437262669,80.1131621131651));
#5950=CARTESIAN_POINT('Ctrl Pts',(-55.2111046679894,43.2894032202119,80.0879103110093));
#5951=CARTESIAN_POINT('Ctrl Pts',(-55.160862857944,43.3353909994552,80.0613118739203));
#5952=CARTESIAN_POINT('Ctrl Pts',(-55.1136795324164,43.3834812871306,80.0334973868461));
#5953=CARTESIAN_POINT('Ctrl Pts',(-55.0668580436824,43.431202782753,80.0058962019228));
#5954=CARTESIAN_POINT('Ctrl Pts',(-55.0230478011734,43.4809954305121,79.9770971028859));
#5955=CARTESIAN_POINT('Ctrl Pts',(-54.9825070373336,43.53265958615,79.9472155600911));
#5956=CARTESIAN_POINT('Ctrl Pts',(-54.9487925268957,43.5756245317886,79.9223654711673));
#5957=CARTESIAN_POINT('Ctrl Pts',(-54.9173398029228,43.6198843624254,79.896766445945));
#5958=CARTESIAN_POINT('Ctrl Pts',(-54.8883250653059,43.6653298491234,79.8704816603171));
#5959=CARTESIAN_POINT('Ctrl Pts',(-54.8762372703092,43.684262838764,79.8595311873403));
#5960=CARTESIAN_POINT('Ctrl Pts',(-54.8645729409583,43.7034016477011,79.8484616724855));
#5961=CARTESIAN_POINT('Ctrl Pts',(-54.8533462536414,43.7227384473859,79.837277643633));
#5962=CARTESIAN_POINT('Ctrl Pts',(-54.8481324481942,43.7317186842699,79.8320836492777));
#5963=CARTESIAN_POINT('Ctrl Pts',(-54.843013045023,43.7407416233983,79.8268649567747));
#5964=CARTESIAN_POINT('Ctrl Pts',(-54.8379895297938,43.7498064788047,79.8216220207118));
#5965=CARTESIAN_POINT('Ctrl Pts',(-54.8327766357664,43.7592130653185,79.8161814340227));
#5966=CARTESIAN_POINT('Ctrl Pts',(-54.8276706446047,43.7686582583511,79.8107185180741));
#5967=CARTESIAN_POINT('Ctrl Pts',(-54.8226744922116,43.7781376652362,79.8052358134986));
#5968=CARTESIAN_POINT('Ctrl Pts',(-54.7941337289407,43.8322892375999,79.7739155972479));
#5969=CARTESIAN_POINT('Ctrl Pts',(-54.7691537123858,43.8875920083645,79.741929550232));
#5970=CARTESIAN_POINT('Ctrl Pts',(-54.7479577344212,43.9438679203186,79.7093806572789));
#5971=CARTESIAN_POINT('Ctrl Pts',(-54.7286966310338,43.9950066863704,79.6798029896024));
#5972=CARTESIAN_POINT('Ctrl Pts',(-54.7125605520033,44.0469495579233,79.6497602429432));
#5973=CARTESIAN_POINT('Ctrl Pts',(-54.6997541402931,44.0995670955533,79.6193272825467));
#5974=CARTESIAN_POINT('Ctrl Pts',(-54.6846402380173,44.1616653897305,79.5834108369565));
#5975=CARTESIAN_POINT('Ctrl Pts',(-54.6741634204744,44.2247046945434,79.5469501291163));
#5976=CARTESIAN_POINT('Ctrl Pts',(-54.6682486280546,44.2883194537287,79.5101565896594));
#5977=CARTESIAN_POINT('Ctrl Pts',(-54.6669429445623,44.3023623372382,79.5020344589603));
#5978=CARTESIAN_POINT('Ctrl Pts',(-54.6658597940142,44.3164331911355,79.4938961507329));
#5979=CARTESIAN_POINT('Ctrl Pts',(-54.6649987420396,44.330527938837,79.4857440227938));
#5980=CARTESIAN_POINT('Ctrl Pts',(-54.6641281077976,44.3447795407665,79.47750117342));
#5981=CARTESIAN_POINT('Ctrl Pts',(-54.6634845369753,44.3590606161828,79.4692412771546));
#5982=CARTESIAN_POINT('Ctrl Pts',(-54.6630681183436,44.3733384251403,79.4609832701455));
#5983=CARTESIAN_POINT('Ctrl Pts',(-54.6613375471167,44.4326747840049,79.4266642742226));
#5984=CARTESIAN_POINT('Ctrl Pts',(-54.6635183947126,44.4920320794548,79.392333168986));
#5985=CARTESIAN_POINT('Ctrl Pts',(-54.6694900189539,44.5511183840015,79.3581587996172));
#5986=CARTESIAN_POINT('Ctrl Pts',(-54.6754607243769,44.61019559729,79.3239896884553));
#5987=CARTESIAN_POINT('Ctrl Pts',(-54.6852214933129,44.6690028285935,79.2899767296227));
#5988=CARTESIAN_POINT('Ctrl Pts',(-54.6987013522344,44.7272352629337,79.2562962221743));
#5989=CARTESIAN_POINT('Ctrl Pts',(-54.7084896234812,44.7695201908397,79.2318394422812));
#5990=CARTESIAN_POINT('Ctrl Pts',(-54.7202399476007,44.8115018133944,79.2075580883043));
#5991=CARTESIAN_POINT('Ctrl Pts',(-54.7339395290222,44.8530549703169,79.1835245505158));
#5992=CARTESIAN_POINT('Ctrl Pts',(-54.7396420218022,44.8703515993195,79.1735205167062));
#5993=CARTESIAN_POINT('Ctrl Pts',(-54.7456823908996,44.8875738853553,79.1635594814227));
#5994=CARTESIAN_POINT('Ctrl Pts',(-54.7520602687284,44.9047123086458,79.15364695072));
#5995=CARTESIAN_POINT('Ctrl Pts',(-54.7566890394983,44.9171505890424,79.1464528912531));
#5996=CARTESIAN_POINT('Ctrl Pts',(-54.7614955892132,44.9295446911441,79.1392843836528));
#5997=CARTESIAN_POINT('Ctrl Pts',(-54.766479877874,44.9418908654853,79.132143596537));
#5998=CARTESIAN_POINT('Ctrl Pts',(-54.7711718609528,44.9535129935441,79.1254215837088));
#5999=CARTESIAN_POINT('Ctrl Pts',(-54.7760186822275,44.9650859051336,79.1187280367293));
#6000=CARTESIAN_POINT('Ctrl Pts',(-54.7810172605193,44.9766010313049,79.1120679117117));
#6001=CARTESIAN_POINT('Ctrl Pts',(-54.8041812324513,45.0299634163382,79.0812041460639));
#6002=CARTESIAN_POINT('Ctrl Pts',(-54.8306169846267,45.0821264151689,79.0510340820685));
#6003=CARTESIAN_POINT('Ctrl Pts',(-54.8602747570463,45.1328014843801,79.021724607626));
#6004=CARTESIAN_POINT('Ctrl Pts',(-54.8812938603256,45.1687159994141,79.0009523506387));
#6005=CARTESIAN_POINT('Ctrl Pts',(-54.9039321969926,45.2038826936243,78.9806126186715));
#6006=CARTESIAN_POINT('Ctrl Pts',(-54.9281827113881,45.2381887518951,78.9607706617928));
#6007=CARTESIAN_POINT('Ctrl Pts',(-54.9356438367592,45.2487436538477,78.9546659117878));
#6008=CARTESIAN_POINT('Ctrl Pts',(-54.943258829181,45.2592186168633,78.9486073969092));
#6009=CARTESIAN_POINT('Ctrl Pts',(-54.9510237487961,45.2696049865669,78.9426001226791));
#6010=CARTESIAN_POINT('Ctrl Pts',(-54.9852919484262,45.3154421887633,78.9160887764254));
#6011=CARTESIAN_POINT('Ctrl Pts',(-55.02241594873,45.3594757816474,78.8906206027191));
#6012=CARTESIAN_POINT('Ctrl Pts',(-55.0623616211912,45.4014334552623,78.8663531003432));
#6013=CARTESIAN_POINT('Ctrl Pts',(-55.0992186991098,45.4401469666499,78.8439619583033));
#6014=CARTESIAN_POINT('Ctrl Pts',(-55.1384785594115,45.4770932549989,78.8225929436977));
#6015=CARTESIAN_POINT('Ctrl Pts',(-55.1801359151563,45.5120298036383,78.8023863234525));
#6016=CARTESIAN_POINT('Ctrl Pts',(-55.1876966782392,45.5183707478119,78.7987188446687));
#6017=CARTESIAN_POINT('Ctrl Pts',(-55.1953364688994,45.5246454035598,78.7950897058212));
#6018=CARTESIAN_POINT('Ctrl Pts',(-55.2030538489561,45.5308532489752,78.7914992087704));
#6019=CARTESIAN_POINT('Ctrl Pts',(-57.7436479974544,45.5292106145411,78.7924492765792));
#6020=CARTESIAN_POINT('Ctrl Pts',(-57.7889563802392,45.4926218627006,78.813611499022));
#6021=CARTESIAN_POINT('Ctrl Pts',(-57.831533461287,45.453807769427,78.8360608156686));
#6022=CARTESIAN_POINT('Ctrl Pts',(-57.8713815870588,45.4130673430777,78.8596242859006));
#6023=CARTESIAN_POINT('Ctrl Pts',(-57.9138980702037,45.3695988080678,78.8847656411223));
#6024=CARTESIAN_POINT('Ctrl Pts',(-57.9533086106428,45.3239371192111,78.911175473874));
#6025=CARTESIAN_POINT('Ctrl Pts',(-57.9895871096296,45.2763979653358,78.9386711958772));
#6026=CARTESIAN_POINT('Ctrl Pts',(-58.021330796243,45.2348012056949,78.96272995263));
#6027=CARTESIAN_POINT('Ctrl Pts',(-58.0506762677867,45.1917659470228,78.9876207092448));
#6028=CARTESIAN_POINT('Ctrl Pts',(-58.0775830739291,45.1474797520052,79.0132349831122));
#6029=CARTESIAN_POINT('Ctrl Pts',(-58.0910918926043,45.1252454453713,79.0260948736299));
#6030=CARTESIAN_POINT('Ctrl Pts',(-58.1039856500352,45.1026955138037,79.0391373154705));
#6031=CARTESIAN_POINT('Ctrl Pts',(-58.1162568737383,45.0798520915775,79.0523495066));
#6032=CARTESIAN_POINT('Ctrl Pts',(-58.1218410999908,45.0694568089896,79.058361935869));
#6033=CARTESIAN_POINT('Ctrl Pts',(-58.1272969488225,45.0589993635132,79.0644103189436));
#6034=CARTESIAN_POINT('Ctrl Pts',(-58.1326152977662,45.0484989540035,79.0704835515796));
#6035=CARTESIAN_POINT('Ctrl Pts',(-58.1595066149783,44.9954054383328,79.1011918084173));
#6036=CARTESIAN_POINT('Ctrl Pts',(-58.1829378846828,44.9411210417276,79.132588847626));
#6037=CARTESIAN_POINT('Ctrl Pts',(-58.2028865591769,44.8859559927905,79.1644952390154));
#6038=CARTESIAN_POINT('Ctrl Pts',(-58.223192490649,44.8298030035929,79.1969730358369));
#6039=CARTESIAN_POINT('Ctrl Pts',(-58.2398905276644,44.7727368081342,79.2299790133987));
#6040=CARTESIAN_POINT('Ctrl Pts',(-58.2529175602469,44.7150529805556,79.2633422173662));
#6041=CARTESIAN_POINT('Ctrl Pts',(-58.2638250255676,44.6667546175253,79.2912770511787));
#6042=CARTESIAN_POINT('Ctrl Pts',(-58.2721583348233,44.6180224397223,79.3194627950183));
#6043=CARTESIAN_POINT('Ctrl Pts',(-58.2778555354994,44.5690192754929,79.3478052721365));
#6044=CARTESIAN_POINT('Ctrl Pts',(-58.2804834741587,44.5464156641707,79.3608787613032));
#6045=CARTESIAN_POINT('Ctrl Pts',(-58.282550194851,44.5237542969911,79.3739856553346));
#6046=CARTESIAN_POINT('Ctrl Pts',(-58.2840478007521,44.5010508051212,79.3871169134675));
#6047=CARTESIAN_POINT('Ctrl Pts',(-58.2846979016393,44.4911953683899,79.3928171063925));
#6048=CARTESIAN_POINT('Ctrl Pts',(-58.2852406358684,44.4813323172632,79.3985217033358));
#6049=CARTESIAN_POINT('Ctrl Pts',(-58.2856750418762,44.471474909951,79.4042230360065));
#6050=CARTESIAN_POINT('Ctrl Pts',(-58.2883509552812,44.4107539072741,79.4393428829803));
#6051=CARTESIAN_POINT('Ctrl Pts',(-58.2869284149398,44.350133527276,79.4744045317537));
#6052=CARTESIAN_POINT('Ctrl Pts',(-58.2813537357181,44.2899269479516,79.5092268462654));
#6053=CARTESIAN_POINT('Ctrl Pts',(-58.2763591756059,44.2359856595606,79.5404254383561));
#6054=CARTESIAN_POINT('Ctrl Pts',(-58.2680313419481,44.182375692669,79.5714324005355));
#6055=CARTESIAN_POINT('Ctrl Pts',(-58.256298241972,44.1293117051958,79.6021235788382));
#6056=CARTESIAN_POINT('Ctrl Pts',(-58.2435397590416,44.0716103321759,79.6354969307477));
#6057=CARTESIAN_POINT('Ctrl Pts',(-58.2267558848481,44.0145538100399,79.6684973134477));
#6058=CARTESIAN_POINT('Ctrl Pts',(-58.2061913425589,43.9583264786905,79.7010181083239));
#6059=CARTESIAN_POINT('Ctrl Pts',(-58.1982906180241,43.9367244099418,79.7135123247454));
#6060=CARTESIAN_POINT('Ctrl Pts',(-58.1898313051734,43.9152447738791,79.7259357284824));
#6061=CARTESIAN_POINT('Ctrl Pts',(-58.1808253034126,43.8938982999261,79.7382821138451));
#6062=CARTESIAN_POINT('Ctrl Pts',(-58.1768687496713,43.8845202791769,79.7437061786515));
#6063=CARTESIAN_POINT('Ctrl Pts',(-58.1728068449519,43.8751685907419,79.7491150133595));
#6064=CARTESIAN_POINT('Ctrl Pts',(-58.1686455908701,43.8658547766095,79.7545019423075));
#6065=CARTESIAN_POINT('Ctrl Pts',(-58.1434175734855,43.8093888506578,79.7871607356611));
#6066=CARTESIAN_POINT('Ctrl Pts',(-58.1144997249413,43.7542121877934,79.8190738443202));
#6067=CARTESIAN_POINT('Ctrl Pts',(-58.0822042828265,43.7005135707609,79.850132080017));
#6068=CARTESIAN_POINT('Ctrl Pts',(-58.0491642015457,43.6455768194661,79.8819064284904));
#6069=CARTESIAN_POINT('Ctrl Pts',(-58.0125886735606,43.5921863502084,79.9127864375074));
#6070=CARTESIAN_POINT('Ctrl Pts',(-57.9727559196918,43.5405475858008,79.9426532945083));
#6071=CARTESIAN_POINT('Ctrl Pts',(-57.9424127366692,43.5012110015254,79.9654048097884));
#6072=CARTESIAN_POINT('Ctrl Pts',(-57.9101782176243,43.4628908849536,79.9875684199181));
#6073=CARTESIAN_POINT('Ctrl Pts',(-57.876156124715,43.42568325154,80.009088591426));
#6074=CARTESIAN_POINT('Ctrl Pts',(-57.8550041681967,43.4025508050379,80.0224679485754));
#6075=CARTESIAN_POINT('Ctrl Pts',(-57.8331609503742,43.3798484670796,80.0355985393082));
#6076=CARTESIAN_POINT('Ctrl Pts',(-57.8106485659743,43.3576007384821,80.0484661928286));
#6077=CARTESIAN_POINT('Ctrl Pts',(-57.7976778257008,43.344782482353,80.0558800228689));
#6078=CARTESIAN_POINT('Ctrl Pts',(-57.784480171449,43.3321109345986,80.0632089996387));
#6079=CARTESIAN_POINT('Ctrl Pts',(-57.77108461427,43.3196138074341,80.0704370949316));
#6080=CARTESIAN_POINT('Ctrl Pts',(-57.7202235999175,43.2721640033251,80.0978811387678));
#6081=CARTESIAN_POINT('Ctrl Pts',(-57.6664666307343,43.2271773819659,80.1239005256083));
#6082=CARTESIAN_POINT('Ctrl Pts',(-57.6100980194672,43.1848816457381,80.1483635568245));
#6083=CARTESIAN_POINT('Ctrl Pts',(-57.5678783506324,43.1532024552005,80.1666861844967));
#6084=CARTESIAN_POINT('Ctrl Pts',(-57.5241924211332,43.1230329948593,80.1841356135863));
#6085=CARTESIAN_POINT('Ctrl Pts',(-57.4791432216058,43.0944774335515,80.2006515948641));
#6086=CARTESIAN_POINT('Ctrl Pts',(-57.4652753526583,43.0856869381356,80.2057358464446));
#6087=CARTESIAN_POINT('Ctrl Pts',(-57.4512782036677,43.0770494481888,80.2107316026376));
#6088=CARTESIAN_POINT('Ctrl Pts',(-57.4371545480769,43.068568190515,80.2156369971225));
#6089=CARTESIAN_POINT('Ctrl Pts',(-57.4233218052665,43.0602616260171,80.2204413524721));
#6090=CARTESIAN_POINT('Ctrl Pts',(-57.4093746702703,43.0521091581761,80.2251565813124));
#6091=CARTESIAN_POINT('Ctrl Pts',(-57.3953213456941,43.0441163166064,80.229779485422));
#6092=CARTESIAN_POINT('Ctrl Pts',(-57.3323859874105,43.0083217723925,80.2504823536203));
#6093=CARTESIAN_POINT('Ctrl Pts',(-57.2672922272934,42.9757072168875,80.2693459781975));
#6094=CARTESIAN_POINT('Ctrl Pts',(-57.2003007483693,42.9465135082462,80.2862310514815));
#6095=CARTESIAN_POINT('Ctrl Pts',(-57.1486774868894,42.9240169985562,80.2992425951472));
#6096=CARTESIAN_POINT('Ctrl Pts',(-57.0959263547516,42.9035521821821,80.3110790469138));
#6097=CARTESIAN_POINT('Ctrl Pts',(-57.0421523934243,42.8852428452648,80.3216688112849));
#6098=CARTESIAN_POINT('Ctrl Pts',(-57.0301202120265,42.8811460434368,80.3240383217827));
#6099=CARTESIAN_POINT('Ctrl Pts',(-57.01803677932,42.8771572138162,80.3263453832557));
#6100=CARTESIAN_POINT('Ctrl Pts',(-57.0059038469731,42.8732758972973,80.3285902612418));
#6101=CARTESIAN_POINT('Ctrl Pts',(-57.7384990050389,103.514444931766,45.2549175136043));
#6102=CARTESIAN_POINT('Ctrl Pts',(-57.7838051220998,103.47785800961,45.2760786777936));
#6103=CARTESIAN_POINT('Ctrl Pts',(-57.8263798137144,103.439045582083,45.2985270310047));
#6104=CARTESIAN_POINT('Ctrl Pts',(-57.8662255113873,103.398306693563,45.3220896117862));
#6105=CARTESIAN_POINT('Ctrl Pts',(-57.9087417790084,103.354837370949,45.3472314225426));
#6106=CARTESIAN_POINT('Ctrl Pts',(-57.9481517128961,103.309174504176,45.373641936578));
#6107=CARTESIAN_POINT('Ctrl Pts',(-57.9844293103104,103.26163387873,45.4011385097091));
#6108=CARTESIAN_POINT('Ctrl Pts',(-58.0161722080478,103.220035831465,45.4251980111989));
#6109=CARTESIAN_POINT('Ctrl Pts',(-58.0455166646279,103.176999060103,45.4500896427242));
#6110=CARTESIAN_POINT('Ctrl Pts',(-58.072422290225,103.132711187835,45.4757048866803));
#6111=CARTESIAN_POINT('Ctrl Pts',(-58.0859296152895,103.110477522055,45.4885644065406));
#6112=CARTESIAN_POINT('Ctrl Pts',(-58.0988219193518,103.087928231905,45.5016064773978));
#6113=CARTESIAN_POINT('Ctrl Pts',(-58.1110917389253,103.065085454683,45.5148182954696));
#6114=CARTESIAN_POINT('Ctrl Pts',(-58.1166769355448,103.0546874695,45.520832287867));
#6115=CARTESIAN_POINT('Ctrl Pts',(-58.1221336930657,103.044227282151,45.5268822567872));
#6116=CARTESIAN_POINT('Ctrl Pts',(-58.1274528841547,103.03372410523,45.5329570900398));
#6117=CARTESIAN_POINT('Ctrl Pts',(-58.1543414238359,102.980630489174,45.5636654049388));
#6118=CARTESIAN_POINT('Ctrl Pts',(-58.177770036548,102.926345943088,45.595062530604));
#6119=CARTESIAN_POINT('Ctrl Pts',(-58.1977162700742,102.871180751274,45.6269690046308));
#6120=CARTESIAN_POINT('Ctrl Pts',(-58.2180200825983,102.81502660513,45.6594474706076));
#6121=CARTESIAN_POINT('Ctrl Pts',(-58.2347160943596,102.757959226683,45.6924541323869));
#6122=CARTESIAN_POINT('Ctrl Pts',(-58.2477412940963,102.700274264369,45.7258179926632));
#6123=CARTESIAN_POINT('Ctrl Pts',(-58.2586476190895,102.651973204966,45.7537543860051));
#6124=CARTESIAN_POINT('Ctrl Pts',(-58.2669797368272,102.603238333204,45.7819416879785));
#6125=CARTESIAN_POINT('Ctrl Pts',(-58.2726757470124,102.554232538289,45.8102856866337));
#6126=CARTESIAN_POINT('Ctrl Pts',(-58.2753028829106,102.531629895588,45.8233586155688));
#6127=CARTESIAN_POINT('Ctrl Pts',(-58.2773689093661,102.508969521627,45.8364649351419));
#6128=CARTESIAN_POINT('Ctrl Pts',(-58.2788659369546,102.486267049021,45.8495956037523));
#6129=CARTESIAN_POINT('Ctrl Pts',(-58.279515964041,102.476409366882,45.8552970953778));
#6130=CARTESIAN_POINT('Ctrl Pts',(-58.2800585882359,102.466544063073,45.8610029952288));
#6131=CARTESIAN_POINT('Ctrl Pts',(-58.2804928475319,102.456684410387,45.8667056265797));
#6132=CARTESIAN_POINT('Ctrl Pts',(-58.2831673358639,102.395961413079,45.9018266272096));
#6133=CARTESIAN_POINT('Ctrl Pts',(-58.2817435821364,102.335339213591,45.9368893283404));
#6134=CARTESIAN_POINT('Ctrl Pts',(-58.2761679993423,102.275131082238,45.9717125405154));
#6135=CARTESIAN_POINT('Ctrl Pts',(-58.2711723897469,102.221185812333,46.0029134354362));
#6136=CARTESIAN_POINT('Ctrl Pts',(-58.2628434352157,102.167572110344,46.0339225579236));
#6137=CARTESIAN_POINT('Ctrl Pts',(-58.2511092026286,102.11450473098,46.0646156980299));
#6138=CARTESIAN_POINT('Ctrl Pts',(-58.238349867812,102.056801386844,46.0979901899943));
#6139=CARTESIAN_POINT('Ctrl Pts',(-58.2215653671158,101.999743260613,46.1309915004716));
#6140=CARTESIAN_POINT('Ctrl Pts',(-58.2010003732677,101.943514648325,46.1635130362177));
#6141=CARTESIAN_POINT('Ctrl Pts',(-58.1930998499296,101.921913111902,46.1760069447524));
#6142=CARTESIAN_POINT('Ctrl Pts',(-58.1846408170733,101.900434044298,46.1884300197039));
#6143=CARTESIAN_POINT('Ctrl Pts',(-58.1756351695907,101.879088171093,46.2007760576057));
#6144=CARTESIAN_POINT('Ctrl Pts',(-58.1716787228628,101.869710299001,46.2062000364317));
#6145=CARTESIAN_POINT('Ctrl Pts',(-58.1676169372782,101.860358766947,46.2116087806919));
#6146=CARTESIAN_POINT('Ctrl Pts',(-58.1634558134704,101.851045115302,46.2169956156605));
#6147=CARTESIAN_POINT('Ctrl Pts',(-58.1382276311895,101.794578037595,46.249655075167));
#6148=CARTESIAN_POINT('Ctrl Pts',(-58.109309750332,101.739400550807,46.2815686603674));
#6149=CARTESIAN_POINT('Ctrl Pts',(-58.0770143571685,101.685701389454,46.3126272108888));
#6150=CARTESIAN_POINT('Ctrl Pts',(-58.043974667487,101.630764649149,46.3444015530059));
#6151=CARTESIAN_POINT('Ctrl Pts',(-58.007399689233,101.577374451589,46.3752814048781));
#6152=CARTESIAN_POINT('Ctrl Pts',(-57.9675675804059,101.525736166771,46.4051479844936));
#6153=CARTESIAN_POINT('Ctrl Pts',(-57.93722731405,101.486403091982,46.4278974699554));
#6154=CARTESIAN_POINT('Ctrl Pts',(-57.904996069177,101.448086443227,46.4500590743671));
#6155=CARTESIAN_POINT('Ctrl Pts',(-57.8709775564028,101.41088219093,46.4715772903026));
#6156=CARTESIAN_POINT('Ctrl Pts',(-57.8498272311947,101.387751196333,46.4849558076985));
#6157=CARTESIAN_POINT('Ctrl Pts',(-57.8279857242059,101.365050300931,46.4980855640847));
#6158=CARTESIAN_POINT('Ctrl Pts',(-57.8054751204871,101.342803996517,46.5109523938853));
#6159=CARTESIAN_POINT('Ctrl Pts',(-57.7925028749157,101.32998405941,46.5183671961706));
#6160=CARTESIAN_POINT('Ctrl Pts',(-57.7793036500784,101.317310881886,46.5256971155674));
#6161=CARTESIAN_POINT('Ctrl Pts',(-57.765906464249,101.304812183484,46.5329261196337));
#6162=CARTESIAN_POINT('Ctrl Pts',(-57.7150470839472,101.257363707108,46.5603693955346));
#6163=CARTESIAN_POINT('Ctrl Pts',(-57.6612918002554,101.212378493718,46.5863879680335));
#6164=CARTESIAN_POINT('Ctrl Pts',(-57.6049248518097,101.170084183275,46.6108501746032));
#6165=CARTESIAN_POINT('Ctrl Pts',(-57.5627066525745,101.138406228835,46.6291720873405));
#6166=CARTESIAN_POINT('Ctrl Pts',(-57.5190221956072,101.108237998652,46.6466208049306));
#6167=CARTESIAN_POINT('Ctrl Pts',(-57.4739744393354,101.079683634354,46.6631360938814));
#6168=CARTESIAN_POINT('Ctrl Pts',(-57.4601066895154,101.070893301313,46.6682202515471));
#6169=CARTESIAN_POINT('Ctrl Pts',(-57.4461096508179,101.062255977776,46.673215911492));
#6170=CARTESIAN_POINT('Ctrl Pts',(-57.4319860959439,101.053774889979,46.6781212077233));
#6171=CARTESIAN_POINT('Ctrl Pts',(-57.4181541856039,101.045468932518,46.6829252119747));
#6172=CARTESIAN_POINT('Ctrl Pts',(-57.4042078881548,101.037317059883,46.6876400965597));
#6173=CARTESIAN_POINT('Ctrl Pts',(-57.3901554017148,101.029324798682,46.6922626649954));
#6174=CARTESIAN_POINT('Ctrl Pts',(-57.3272217588762,100.993531694447,46.7129647003375));
#6175=CARTESIAN_POINT('Ctrl Pts',(-57.2621296060561,100.960918499774,46.7318275378364));
#6176=CARTESIAN_POINT('Ctrl Pts',(-57.1951395515468,100.931726009674,46.7487119063398));
#6177=CARTESIAN_POINT('Ctrl Pts',(-57.1435176326996,100.909230545743,46.7617228451583));
#6178=CARTESIAN_POINT('Ctrl Pts',(-57.0907677453555,100.888766671416,46.7735587520635));
#6179=CARTESIAN_POINT('Ctrl Pts',(-57.0369948951188,100.870458141985,46.7841480494));
#6180=CARTESIAN_POINT('Ctrl Pts',(-57.0249628918006,100.866361496822,46.7865174692862));
#6181=CARTESIAN_POINT('Ctrl Pts',(-57.0128796298771,100.862372818391,46.7888244433138));
#6182=CARTESIAN_POINT('Ctrl Pts',(-57.0007468612013,100.858491647753,46.7910692369254));
#6183=CARTESIAN_POINT('Ctrl Pts',(-55.9392579079985,100.861665784237,46.7892333781176));
#6184=CARTESIAN_POINT('Ctrl Pts',(-55.8706179884051,100.883665840428,46.7765089734998));
#6185=CARTESIAN_POINT('Ctrl Pts',(-55.8036812418418,100.909036474819,46.7618350920068));
#6186=CARTESIAN_POINT('Ctrl Pts',(-55.7386361259609,100.937522145138,46.7453595343173));
#6187=CARTESIAN_POINT('Ctrl Pts',(-55.6717588477707,100.966810187332,46.7284199003414));
#6188=CARTESIAN_POINT('Ctrl Pts',(-55.6068804942204,100.999391819286,46.7095753181057));
#6189=CARTESIAN_POINT('Ctrl Pts',(-55.5442371133396,101.035027984481,46.6889640532515));
#6190=CARTESIAN_POINT('Ctrl Pts',(-55.491281268792,101.065153166069,46.6715402341313));
#6191=CARTESIAN_POINT('Ctrl Pts',(-55.4399229215677,101.097462101128,46.6528533744759));
#6192=CARTESIAN_POINT('Ctrl Pts',(-55.3903274448005,101.131825998198,46.6329779647607));
#6193=CARTESIAN_POINT('Ctrl Pts',(-55.3683080207096,101.147082898068,46.6241536706107));
#6194=CARTESIAN_POINT('Ctrl Pts',(-55.3466363946831,101.162745024237,46.6150950014503));
#6195=CARTESIAN_POINT('Ctrl Pts',(-55.3253285913064,101.17880173063,46.6058081147623));
#6196=CARTESIAN_POINT('Ctrl Pts',(-55.31363307849,101.187615000215,46.6007106910455));
#6197=CARTESIAN_POINT('Ctrl Pts',(-55.302047193485,101.196547152121,46.5955445081062));
#6198=CARTESIAN_POINT('Ctrl Pts',(-55.2905737197311,101.205596461644,46.59031056348));
#6199=CARTESIAN_POINT('Ctrl Pts',(-55.2799620412519,101.213966059655,46.5854697507723));
#6200=CARTESIAN_POINT('Ctrl Pts',(-55.2694450558419,101.222437215099,46.5805701992208));
#6201=CARTESIAN_POINT('Ctrl Pts',(-55.2590409272451,101.230995115177,46.5756204762595));
#6202=CARTESIAN_POINT('Ctrl Pts',(-55.2059594102787,101.274657235844,46.5503671548589));
#6203=CARTESIAN_POINT('Ctrl Pts',(-55.1557179648876,101.320647775016,46.523767121481));
#6204=CARTESIAN_POINT('Ctrl Pts',(-55.1085349875818,101.368740835846,46.4959510304682));
#6205=CARTESIAN_POINT('Ctrl Pts',(-55.0617133862127,101.41646555038,46.4683479837888));
#6206=CARTESIAN_POINT('Ctrl Pts',(-55.0179030737868,101.466261470857,46.4395469918754));
#6207=CARTESIAN_POINT('Ctrl Pts',(-54.977362270106,101.517928828986,46.4096635968221));
#6208=CARTESIAN_POINT('Ctrl Pts',(-54.9436480454388,101.560896031453,46.3848122025928));
#6209=CARTESIAN_POINT('Ctrl Pts',(-54.912195585318,101.605158045935,46.359211914277));
#6210=CARTESIAN_POINT('Ctrl Pts',(-54.8831810777479,101.65060557292,46.3329259485868));
#6211=CARTESIAN_POINT('Ctrl Pts',(-54.8710935918356,101.669539078541,46.321975177177));
#6212=CARTESIAN_POINT('Ctrl Pts',(-54.8594295507561,101.688678371244,46.3109053825215));
#6213=CARTESIAN_POINT('Ctrl Pts',(-54.8482031292438,101.708015617603,46.2997210953213));
#6214=CARTESIAN_POINT('Ctrl Pts',(-54.8429899088875,101.716995266749,46.2945274409018));
#6215=CARTESIAN_POINT('Ctrl Pts',(-54.8378710692447,101.726017602579,46.2893090973353));
#6216=CARTESIAN_POINT('Ctrl Pts',(-54.8328480954129,101.735081838835,46.2840665193769));
#6217=CARTESIAN_POINT('Ctrl Pts',(-54.8276347002207,101.74448970105,46.2786251948471));
#6218=CARTESIAN_POINT('Ctrl Pts',(-54.822528224721,101.753936173583,46.2731615388602));
#6219=CARTESIAN_POINT('Ctrl Pts',(-54.8175316085877,101.76341685638,46.2676780963217));
#6220=CARTESIAN_POINT('Ctrl Pts',(-54.7889907010429,101.817570964675,46.2363564133376));
#6221=CARTESIAN_POINT('Ctrl Pts',(-54.7640105507897,101.872876018155,46.2043690460438));
#6222=CARTESIAN_POINT('Ctrl Pts',(-54.742814438476,101.929153847826,46.1718190439206));
#6223=CARTESIAN_POINT('Ctrl Pts',(-54.7235534631444,101.980293692387,46.1422407524555));
#6224=CARTESIAN_POINT('Ctrl Pts',(-54.7074174305682,102.032237320283,46.112197568342));
#6225=CARTESIAN_POINT('Ctrl Pts',(-54.6946109677102,102.084855209183,46.0817644047776));
#6226=CARTESIAN_POINT('Ctrl Pts',(-54.6794969508379,102.146954140749,46.0458475905339));
#6227=CARTESIAN_POINT('Ctrl Pts',(-54.6690199159281,102.209993525137,46.0093868366697));
#6228=CARTESIAN_POINT('Ctrl Pts',(-54.663104825226,102.273607904421,45.9725935169399));
#6229=CARTESIAN_POINT('Ctrl Pts',(-54.6617990725247,102.287650740242,45.9644714138227));
#6230=CARTESIAN_POINT('Ctrl Pts',(-54.6607158499701,102.301721524196,45.9563331460493));
#6231=CARTESIAN_POINT('Ctrl Pts',(-54.6598547234234,102.315816180714,45.9481810708491));
#6232=CARTESIAN_POINT('Ctrl Pts',(-54.6589840174647,102.330067630124,45.9399383096896));
#6233=CARTESIAN_POINT('Ctrl Pts',(-54.6583403703511,102.34434853098,45.9316785143868));
#6234=CARTESIAN_POINT('Ctrl Pts',(-54.657923871264,102.358626144908,45.9234206201788));
#6235=CARTESIAN_POINT('Ctrl Pts',(-54.6561929668705,102.417961652333,45.8891021167118));
#6236=CARTESIAN_POINT('Ctrl Pts',(-54.6583734037329,102.477317743073,45.854771708256));
#6237=CARTESIAN_POINT('Ctrl Pts',(-54.6643445593798,102.536402578216,45.8205981887619));
#6238=CARTESIAN_POINT('Ctrl Pts',(-54.670314802328,102.595478382166,45.7864298927338));
#6239=CARTESIAN_POINT('Ctrl Pts',(-54.6800750585639,102.654283938747,45.7524179025279));
#6240=CARTESIAN_POINT('Ctrl Pts',(-54.6935543733099,102.712514518154,45.7187384679367));
#6241=CARTESIAN_POINT('Ctrl Pts',(-54.7033425616315,102.754799447919,45.6942816869686));
#6242=CARTESIAN_POINT('Ctrl Pts',(-54.715092911332,102.796780957941,45.6700003980786));
#6243=CARTESIAN_POINT('Ctrl Pts',(-54.7287926330154,102.838333908608,45.6459669795845));
#6244=CARTESIAN_POINT('Ctrl Pts',(-54.7344952077771,102.855630523328,45.6359629540351));
#6245=CARTESIAN_POINT('Ctrl Pts',(-54.7405356815412,102.872852778221,45.6260019367643));
#6246=CARTESIAN_POINT('Ctrl Pts',(-54.746913687241,102.88999115485,45.6160894330495));
#6247=CARTESIAN_POINT('Ctrl Pts',(-54.7515355528963,102.902410597237,45.6089062691211));
#6248=CARTESIAN_POINT('Ctrl Pts',(-54.7563346725773,102.914785986632,45.6017485845865));
#6249=CARTESIAN_POINT('Ctrl Pts',(-54.7613110066182,102.927113591127,45.5946185379083));
#6250=CARTESIAN_POINT('Ctrl Pts',(-54.7660077286018,102.938748527722,45.5878891168721));
#6251=CARTESIAN_POINT('Ctrl Pts',(-54.7708596588824,102.95033418542,45.5811881977916));
#6252=CARTESIAN_POINT('Ctrl Pts',(-54.7758636818711,102.961861906262,45.574520788261));
#6253=CARTESIAN_POINT('Ctrl Pts',(-54.7990269545401,103.015222920339,45.5436578155481));
#6254=CARTESIAN_POINT('Ctrl Pts',(-54.8254620824853,103.067384497568,45.5134885737792));
#6255=CARTESIAN_POINT('Ctrl Pts',(-54.8551193193205,103.118058165525,45.4841799097947));
#6256=CARTESIAN_POINT('Ctrl Pts',(-54.8761372684931,103.15397036407,45.4634089926197));
#6257=CARTESIAN_POINT('Ctrl Pts',(-54.898774376338,103.189134807059,45.4430705627153));
#6258=CARTESIAN_POINT('Ctrl Pts',(-54.9230235934283,103.223438717881,45.4232298478793));
#6259=CARTESIAN_POINT('Ctrl Pts',(-54.9304862881269,103.233995743804,45.417123869411));
#6260=CARTESIAN_POINT('Ctrl Pts',(-54.9381029235427,103.244472797028,45.4110641455966));
#6261=CARTESIAN_POINT('Ctrl Pts',(-54.9458695616546,103.25486122394,45.4050556815167));
#6262=CARTESIAN_POINT('Ctrl Pts',(-54.9801377871398,103.300697395365,45.3785449314416));
#6263=CARTESIAN_POINT('Ctrl Pts',(-55.0172619459635,103.344730010504,45.3530773232442));
#6264=CARTESIAN_POINT('Ctrl Pts',(-55.0572079236014,103.386686818872,45.3288103213101));
#6265=CARTESIAN_POINT('Ctrl Pts',(-55.0940649858377,103.425399219687,45.3064198216038));
#6266=CARTESIAN_POINT('Ctrl Pts',(-55.1333249166057,103.462344521641,45.2850513775101));
#6267=CARTESIAN_POINT('Ctrl Pts',(-55.1749824422557,103.497280262047,45.2648452247307));
#6268=CARTESIAN_POINT('Ctrl Pts',(-55.18254317587,103.503621008953,45.2611778600433));
#6269=CARTESIAN_POINT('Ctrl Pts',(-55.190182939081,103.509895474366,45.2575488312813));
#6270=CARTESIAN_POINT('Ctrl Pts',(-55.1979002936724,103.516103136197,45.2539584404127));
#6271=CARTESIAN_POINT('Origin',(1.32668132684339,69.6831728834341,46.7504779474516));
#6272=CARTESIAN_POINT('',(54.3273570562503,103.886366877159,46.7504779474516));
#6273=CARTESIAN_POINT('',(27.8270191915469,103.886366877159,46.7504779474516));
#6274=CARTESIAN_POINT('',(-51.3425903756454,103.886366877159,46.7504779474516));
#6275=CARTESIAN_POINT('',(-24.9889221177399,103.886366877159,46.7504779474516));
#6276=CARTESIAN_POINT('',(-54.7134076526846,103.886366877159,46.7504779474516));
#6277=CARTESIAN_POINT('',(27.8270191915469,103.886366877159,46.7504779474516));
#6278=CARTESIAN_POINT('Ctrl Pts',(-54.7132098711586,103.884859826223,46.7513495964022));
#6279=CARTESIAN_POINT('Ctrl Pts',(-54.6789249538823,103.949475809061,46.7514261947006));
#6280=CARTESIAN_POINT('Ctrl Pts',(-54.6454050060187,104.014674662362,46.7514909092387));
#6281=CARTESIAN_POINT('Ctrl Pts',(-54.6126553681632,104.080158157794,46.7515439310844));
#6282=CARTESIAN_POINT('Ctrl Pts',(-54.6078424055412,104.089781763932,46.7515517232977));
#6283=CARTESIAN_POINT('Ctrl Pts',(-54.6030461401811,104.099411578625,46.7515592277632));
#6284=CARTESIAN_POINT('Ctrl Pts',(-54.5982666558594,104.109046721462,46.751566406805));
#6285=CARTESIAN_POINT('',(-54.9713226041964,104.466786708588,46.7504779474516));
#6286=CARTESIAN_POINT('Ctrl Pts',(-54.649888941906,104.242490838069,46.7493899780503));
#6287=CARTESIAN_POINT('Ctrl Pts',(-54.6905671167527,104.274091980661,46.7494291621138));
#6288=CARTESIAN_POINT('Ctrl Pts',(-54.7318287554822,104.30503329534,46.7494874119373));
#6289=CARTESIAN_POINT('Ctrl Pts',(-54.7737127498285,104.33521249104,46.7495806510838));
#6290=CARTESIAN_POINT('Ctrl Pts',(-54.8313027169418,104.376708506762,46.7497088537413));
#6291=CARTESIAN_POINT('Ctrl Pts',(-54.8900702857914,104.416760939015,46.7499047850217));
#6292=CARTESIAN_POINT('Ctrl Pts',(-54.9499273931586,104.455248621506,46.7501261221579));
#6293=CARTESIAN_POINT('Ctrl Pts',(-54.9561879294974,104.459274100608,46.7501492721102));
#6294=CARTESIAN_POINT('Ctrl Pts',(-54.9624604070336,104.463282498206,46.7501726792542));
#6295=CARTESIAN_POINT('Ctrl Pts',(-54.9687447431168,104.467273699538,46.7501962813578));
#6296=CARTESIAN_POINT('',(-60.3180048446494,104.466786708588,46.7504779474516));
#6297=CARTESIAN_POINT('Origin',(59.5262046311118,102.588037024029,45.7907338295518));
#6298=CARTESIAN_POINT('Origin',(62.9713674983361,104.466786708588,39.6004779474516));
#6299=CARTESIAN_POINT('',(63.8273570562503,104.466786708588,46.414774405651));
#6300=CARTESIAN_POINT('',(62.8993622772932,104.466786708588,46.414774405651));
#6301=CARTESIAN_POINT('',(63.8273674983361,104.466786708588,46.7504779474516));
#6302=CARTESIAN_POINT('',(63.8273674983361,104.466786708588,39.6004779474516));
#6303=CARTESIAN_POINT('',(-60.3180048446494,104.466786708588,46.7504779474516));
#6304=CARTESIAN_POINT('Origin',(-56.4694281251867,101.806113565406,44.4571054946265));
#6305=CARTESIAN_POINT('Ctrl Pts',(-54.4127674859724,102.68360342029,45.9712104706111));
#6306=CARTESIAN_POINT('Ctrl Pts',(-54.4119429123649,102.772068784339,45.9262661168376));
#6307=CARTESIAN_POINT('Ctrl Pts',(-54.4635375772386,103.46842527146,45.5725376627513));
#6308=CARTESIAN_POINT('Ctrl Pts',(-55.4614437532437,104.659212909756,44.9756481493916));
#6309=CARTESIAN_POINT('Ctrl Pts',(-57.7801316745269,104.571914174544,45.1545649467842));
#6310=CARTESIAN_POINT('Ctrl Pts',(-58.8984231074262,102.863648894495,46.2710172672171));
#6311=CARTESIAN_POINT('Ctrl Pts',(-57.7922978088006,101.149529578359,47.3908554482659));
#6312=CARTESIAN_POINT('Ctrl Pts',(-55.474687088666,101.050428985221,47.5765982107465));
#6313=CARTESIAN_POINT('Ctrl Pts',(-54.4659772949305,102.239101476863,46.9811880645194));
#6314=CARTESIAN_POINT('Ctrl Pts',(-54.4119971633783,102.939245448432,46.625525010538));
#6315=CARTESIAN_POINT('Ctrl Pts',(-54.412876716488,103.031378420787,46.5787153908989));
#6316=CARTESIAN_POINT('Ctrl Pts',(-54.4167924307424,102.651644285305,45.9225198490885));
#6317=CARTESIAN_POINT('Ctrl Pts',(-54.4203186184628,103.071646006148,45.7090238862226));
#6318=CARTESIAN_POINT('Ctrl Pts',(-54.8133251150732,104.108510269024,45.1815549288033));
#6319=CARTESIAN_POINT('Ctrl Pts',(-56.7436622810709,104.836038658079,44.8758081267472));
#6320=CARTESIAN_POINT('Ctrl Pts',(-58.6457462623477,103.736342766966,45.6402757488038));
#6321=CARTESIAN_POINT('Ctrl Pts',(-58.5555781947091,101.781142242828,46.899550611726));
#6322=CARTESIAN_POINT('Ctrl Pts',(-56.5545604969499,100.812740889079,47.5880800269443));
#6323=CARTESIAN_POINT('Ctrl Pts',(-54.7464707884635,101.644115329077,47.2189298553458));
#6324=CARTESIAN_POINT('Ctrl Pts',(-54.4193846199597,102.631708051765,46.7166177650802));
#6325=CARTESIAN_POINT('Ctrl Pts',(-54.4172594636308,103.004630625512,46.5270106318445));
#6326=CARTESIAN_POINT('Ctrl Pts',(-55.9392579079985,100.861665784237,46.7892333781176));
#6327=CARTESIAN_POINT('Ctrl Pts',(-55.2789518549105,101.03286951553,46.7330207719912));
#6328=CARTESIAN_POINT('Ctrl Pts',(-54.1598237832414,101.989329419732,46.2654395703326));
#6329=CARTESIAN_POINT('Ctrl Pts',(-54.5887578426976,104.023872689236,45.2171242203161));
#6330=CARTESIAN_POINT('Ctrl Pts',(-56.7436622810709,104.836038658079,44.8758081267472));
#6331=CARTESIAN_POINT('Ctrl Pts',(-58.6457462623477,103.736342766966,45.6402757488038));
#6332=CARTESIAN_POINT('Ctrl Pts',(-58.5555781947091,101.781142242828,46.899550611726));
#6333=CARTESIAN_POINT('Ctrl Pts',(-56.5545604969499,100.812740889079,47.5880800269443));
#6334=CARTESIAN_POINT('Ctrl Pts',(-54.4757562672049,101.768592080675,47.1636591950971));
#6335=CARTESIAN_POINT('Ctrl Pts',(-54.2226528626174,103.824483379954,46.1029965598605));
#6336=CARTESIAN_POINT('Ctrl Pts',(-56.0271623314172,105.148540662024,45.4656124865955));
#6337=CARTESIAN_POINT('Ctrl Pts',(-58.2366757533011,104.579216693129,45.9233233041475));
#6338=CARTESIAN_POINT('Ctrl Pts',(-58.8277707406746,102.688846325237,47.1451016655914));
#6339=CARTESIAN_POINT('Ctrl Pts',(-57.2591157737674,101.259591911703,48.1001795273685));
#6340=CARTESIAN_POINT('Ctrl Pts',(-54.9672749381454,101.651317925704,48.0020377264618));
#6341=CARTESIAN_POINT('Ctrl Pts',(-54.0510895875575,103.556259703057,47.0286813588605));
#6342=CARTESIAN_POINT('Ctrl Pts',(-55.3495941594102,105.280862381116,46.1596296188405));
#6343=CARTESIAN_POINT('Ctrl Pts',(-57.6736309264681,105.296725107708,46.2788798331332));
#6344=CARTESIAN_POINT('Ctrl Pts',(-58.8948712810258,103.640292832878,47.3653529514578));
#6345=CARTESIAN_POINT('Ctrl Pts',(-57.8949157644927,101.879481316269,48.5121969931344));
#6346=CARTESIAN_POINT('Ctrl Pts',(-55.5895133839854,101.677795613146,48.7572729880325));
#6347=CARTESIAN_POINT('Ctrl Pts',(-54.0899278516457,103.270909501107,47.964271806854));
#6348=CARTESIAN_POINT('Ctrl Pts',(-54.7694641083836,105.250837775124,46.9475447080096));
#6349=CARTESIAN_POINT('Ctrl Pts',(-57.0058099347255,105.855354610266,46.726328834765));
#6350=CARTESIAN_POINT('Ctrl Pts',(-58.7509427122373,104.581821804763,47.5913403471171));
#6351=CARTESIAN_POINT('Ctrl Pts',(-58.4066882146751,102.647499613305,48.8385395884834));
#6352=CARTESIAN_POINT('Ctrl Pts',(-56.2883103642301,101.874792478185,49.4138832737415));
#6353=CARTESIAN_POINT('Ctrl Pts',(-54.3357994411027,103.022309574953,48.8786066100907));
#6354=CARTESIAN_POINT('Ctrl Pts',(-54.3372412232327,105.090138908852,47.8110392478149));
#6355=CARTESIAN_POINT('Ctrl Pts',(-56.2913229588196,106.235555226122,47.2769776341668));
#6356=CARTESIAN_POINT('Ctrl Pts',(-58.4085005819657,105.460571305846,47.8536381676779));
#6357=CARTESIAN_POINT('Ctrl Pts',(-58.7499189619733,103.525879042216,49.1010514515913));
#6358=CARTESIAN_POINT('Ctrl Pts',(-57.0028378780714,102.254226949941,49.9649751959903));
#6359=CARTESIAN_POINT('Ctrl Pts',(-54.7673706469233,102.861141914284,49.7423722914577));
#6360=CARTESIAN_POINT('Ctrl Pts',(-54.090407394975,104.841813148579,48.7252154788381));
#6361=CARTESIAN_POINT('Ctrl Pts',(-55.5926001748022,106.433285301228,47.9331638454341));
#6362=CARTESIAN_POINT('Ctrl Pts',(-57.8967835993036,106.229187358849,48.1796350326013));
#6363=CARTESIAN_POINT('Ctrl Pts',(-58.8959674700591,104.467211564729,49.3271524697468));
#6364=CARTESIAN_POINT('Ctrl Pts',(-57.668575152524,102.812611437831,50.4125659093406));
#6365=CARTESIAN_POINT('Ctrl Pts',(-56.1259661861593,102.825850387595,50.4905253628416));
#6366=CARTESIAN_POINT('Ctrl Pts',(-55.5198745729257,103.1178061914,50.3644721065047));
#6367=CARTESIAN_POINT('Ctrl Pts',(-55.9726932280994,100.932582391217,46.6617891369979));
#6368=CARTESIAN_POINT('Ctrl Pts',(-55.3540295448274,101.094159168218,46.6111445739971));
#6369=CARTESIAN_POINT('Ctrl Pts',(-54.3054795707146,101.992639789838,46.177097461734));
#6370=CARTESIAN_POINT('Ctrl Pts',(-54.707362794203,103.90238422682,45.2009633292109));
#6371=CARTESIAN_POINT('Ctrl Pts',(-56.7263676340174,104.666840899685,44.887241364529));
#6372=CARTESIAN_POINT('Ctrl Pts',(-58.5084962034076,103.640007768895,45.6095665831369));
#6373=CARTESIAN_POINT('Ctrl Pts',(-58.4240146079749,101.811622623174,46.7954938976395));
#6374=CARTESIAN_POINT('Ctrl Pts',(-56.5491916021901,100.907803906229,47.4466699718106));
#6375=CARTESIAN_POINT('Ctrl Pts',(-54.6014876919184,101.80688425659,47.0550842903867));
#6376=CARTESIAN_POINT('Ctrl Pts',(-54.3643463181593,103.736630404399,46.0673815573384));
#6377=CARTESIAN_POINT('Ctrl Pts',(-56.055053936613,104.980695834134,45.4762632156868));
#6378=CARTESIAN_POINT('Ctrl Pts',(-58.1252238304508,104.450786584882,45.911177325982));
#6379=CARTESIAN_POINT('Ctrl Pts',(-58.6790412615375,102.683143065052,47.0619728654451));
#6380=CARTESIAN_POINT('Ctrl Pts',(-57.2093139206002,101.347535104195,47.9628874403423));
#6381=CARTESIAN_POINT('Ctrl Pts',(-55.06200861239,101.718066975308,47.8770039194726));
#6382=CARTESIAN_POINT('Ctrl Pts',(-54.2036027248416,103.50638327133,46.9711014620016));
#6383=CARTESIAN_POINT('Ctrl Pts',(-55.4202167743586,105.125733599396,46.1629256341443));
#6384=CARTESIAN_POINT('Ctrl Pts',(-57.597687569369,105.14410609728,46.2807242455348));
#6385=CARTESIAN_POINT('Ctrl Pts',(-58.7419100891805,103.595647304948,47.3047476015796));
#6386=CARTESIAN_POINT('Ctrl Pts',(-57.8050170225889,101.949391974368,48.3853345732825));
#6387=CARTESIAN_POINT('Ctrl Pts',(-55.6450054317839,101.763935789798,48.6210237303007));
#6388=CARTESIAN_POINT('Ctrl Pts',(-54.2399916438895,103.260089701883,47.8841023133756));
#6389=CARTESIAN_POINT('Ctrl Pts',(-54.8766727731088,105.118663452012,46.9375643109001));
#6390=CARTESIAN_POINT('Ctrl Pts',(-56.9719828789672,105.688566436805,46.7363684154858));
#6391=CARTESIAN_POINT('Ctrl Pts',(-58.607058412328,104.498859461012,47.5528966982785));
#6392=CARTESIAN_POINT('Ctrl Pts',(-58.2845144125437,102.69003595059,48.7275099433817));
#6393=CARTESIAN_POINT('Ctrl Pts',(-56.2997326020647,101.969569946416,49.2726383745491));
#6394=CARTESIAN_POINT('Ctrl Pts',(-54.4703572787857,103.048228742706,48.7771880126561));
#6395=CARTESIAN_POINT('Ctrl Pts',(-54.4717081345576,104.989160049934,47.7830160009421));
#6396=CARTESIAN_POINT('Ctrl Pts',(-56.3025552066073,106.065850552922,47.2887040616132));
#6397=CARTESIAN_POINT('Ctrl Pts',(-58.2862124824284,105.343251349628,47.8350662936623));
#6398=CARTESIAN_POINT('Ctrl Pts',(-58.6060992251358,103.53408110573,49.0098800826647));
#6399=CARTESIAN_POINT('Ctrl Pts',(-56.9691982558248,102.346136235506,49.8253891978681));
#6400=CARTESIAN_POINT('Ctrl Pts',(-54.8747113363299,102.91828611087,49.622893744648));
#6401=CARTESIAN_POINT('Ctrl Pts',(-54.2404409446963,104.777555966297,48.6759531284061));
#6402=CARTESIAN_POINT('Ctrl Pts',(-55.6478975533498,106.272171679526,47.9399213757827));
#6403=CARTESIAN_POINT('Ctrl Pts',(-57.8067670619207,106.084455384185,48.1769177369135));
#6404=CARTESIAN_POINT('Ctrl Pts',(-58.7429371467725,104.437109201552,49.258135636228));
#6405=CARTESIAN_POINT('Ctrl Pts',(-57.5929506390994,102.890367012276,50.2811661424518));
#6406=CARTESIAN_POINT('Ctrl Pts',(-56.1476267010308,102.905111149756,50.3582550246526));
#6407=CARTESIAN_POINT('Ctrl Pts',(-55.5797584101226,103.179824738988,50.2421743298773));
#6408=CARTESIAN_POINT('Ctrl Pts',(-56.0061285482003,101.003498998196,46.5343448958782));
#6409=CARTESIAN_POINT('Ctrl Pts',(-55.4291072347442,101.155448820907,46.489268376003));
#6410=CARTESIAN_POINT('Ctrl Pts',(-54.4511353581877,101.995950159944,46.0887553531352));
#6411=CARTESIAN_POINT('Ctrl Pts',(-54.8259677457085,103.780895764405,45.1848024381059));
#6412=CARTESIAN_POINT('Ctrl Pts',(-56.7090729869638,104.497643141291,44.8986746023107));
#6413=CARTESIAN_POINT('Ctrl Pts',(-58.3712461444675,103.543672770823,45.57885741747));
#6414=CARTESIAN_POINT('Ctrl Pts',(-58.2924510212406,101.84210300352,46.6914371835531));
#6415=CARTESIAN_POINT('Ctrl Pts',(-56.5438227074303,101.002866923378,47.305259916677));
#6416=CARTESIAN_POINT('Ctrl Pts',(-54.7272191166319,101.845176432504,46.9465093856763));
#6417=CARTESIAN_POINT('Ctrl Pts',(-54.5060397737011,103.648777428845,46.0317665548163));
#6418=CARTESIAN_POINT('Ctrl Pts',(-56.0829455418087,104.812851006244,45.4869139447781));
#6419=CARTESIAN_POINT('Ctrl Pts',(-58.0137719076007,104.322356476635,45.8990313478166));
#6420=CARTESIAN_POINT('Ctrl Pts',(-58.5303117824003,102.677439804867,46.9788440652988));
#6421=CARTESIAN_POINT('Ctrl Pts',(-57.1595120674331,101.435478296686,47.825595353316));
#6422=CARTESIAN_POINT('Ctrl Pts',(-55.1567422866346,101.784816024913,47.7519701124834));
#6423=CARTESIAN_POINT('Ctrl Pts',(-54.3561158621257,103.456506839603,46.9135215651428));
#6424=CARTESIAN_POINT('Ctrl Pts',(-55.490839389307,104.970604817676,46.1662216494481));
#6425=CARTESIAN_POINT('Ctrl Pts',(-57.5217442122698,104.991487086852,46.2825686579363));
#6426=CARTESIAN_POINT('Ctrl Pts',(-58.5889488973352,103.551001777018,47.2441422517014));
#6427=CARTESIAN_POINT('Ctrl Pts',(-57.7151182806852,102.019302632468,48.2584721534305));
#6428=CARTESIAN_POINT('Ctrl Pts',(-55.7004974795824,101.85007596645,48.484774472569));
#6429=CARTESIAN_POINT('Ctrl Pts',(-54.3900554361333,103.249269902659,47.8039328198973));
#6430=CARTESIAN_POINT('Ctrl Pts',(-54.983881437834,104.9864891289,46.9275839137906));
#6431=CARTESIAN_POINT('Ctrl Pts',(-56.9381558232088,105.521778263344,46.7464079962064));
#6432=CARTESIAN_POINT('Ctrl Pts',(-58.4631741124187,104.415897117261,47.5144530494399));
#6433=CARTESIAN_POINT('Ctrl Pts',(-58.1623406104123,102.732572287876,48.61648029828));
#6434=CARTESIAN_POINT('Ctrl Pts',(-56.3111548398993,102.064347414646,49.1313934753568));
#6435=CARTESIAN_POINT('Ctrl Pts',(-54.6049151164688,103.074147910459,48.6757694152215));
#6436=CARTESIAN_POINT('Ctrl Pts',(-54.6061750458825,104.888181191017,47.7549927540693));
#6437=CARTESIAN_POINT('Ctrl Pts',(-56.313787454395,105.896145879722,47.3004304890595));
#6438=CARTESIAN_POINT('Ctrl Pts',(-58.1639243828911,105.22593139341,47.8164944196467));
#6439=CARTESIAN_POINT('Ctrl Pts',(-58.4622794882983,103.542283169245,48.9187087137381));
#6440=CARTESIAN_POINT('Ctrl Pts',(-56.9355586335781,102.43804552107,49.6858031997459));
#6441=CARTESIAN_POINT('Ctrl Pts',(-54.9820520257366,102.975430307455,49.5034151978382));
#6442=CARTESIAN_POINT('Ctrl Pts',(-54.3904744944177,104.713298784015,48.6266907779742));
#6443=CARTESIAN_POINT('Ctrl Pts',(-55.7031949318974,106.111058057825,47.9466789061314));
#6444=CARTESIAN_POINT('Ctrl Pts',(-57.7167505245377,105.939723409521,48.1742004412256));
#6445=CARTESIAN_POINT('Ctrl Pts',(-58.589906823486,104.407006838376,49.1891188027093));
#6446=CARTESIAN_POINT('Ctrl Pts',(-57.5173261256749,102.96812258672,50.149766375563));
#6447=CARTESIAN_POINT('Ctrl Pts',(-56.1692872159024,102.984371911916,50.2259846864635));
#6448=CARTESIAN_POINT('Ctrl Pts',(-55.6396422473196,103.241843286576,50.1198765532498));
#6449=CARTESIAN_POINT('Ctrl Pts',(-56.0395638683012,101.074415605176,46.4069006547586));
#6450=CARTESIAN_POINT('Ctrl Pts',(-55.504184924661,101.216738473595,46.367392178009));
#6451=CARTESIAN_POINT('Ctrl Pts',(-54.5967911456608,101.999260530051,46.0004132445365));
#6452=CARTESIAN_POINT('Ctrl Pts',(-54.944572697214,103.65940730199,45.1686415470007));
#6453=CARTESIAN_POINT('Ctrl Pts',(-56.6917783399103,104.328445382897,44.9101078400925));
#6454=CARTESIAN_POINT('Ctrl Pts',(-58.2339960855275,103.447337772752,45.548148251803));
#6455=CARTESIAN_POINT('Ctrl Pts',(-58.1608874345063,101.872583383865,46.5873804694667));
#6456=CARTESIAN_POINT('Ctrl Pts',(-56.5384538126705,101.097929940528,47.1638498615434));
#6457=CARTESIAN_POINT('Ctrl Pts',(-54.8529505413455,101.883468608419,46.837934480966));
#6458=CARTESIAN_POINT('Ctrl Pts',(-54.647733229243,103.56092445329,45.9961515522942));
#6459=CARTESIAN_POINT('Ctrl Pts',(-56.1108371470045,104.645006178355,45.4975646738694));
#6460=CARTESIAN_POINT('Ctrl Pts',(-57.9023199847504,104.193926368388,45.8868853696511));
#6461=CARTESIAN_POINT('Ctrl Pts',(-58.3815823032632,102.671736544683,46.8957152651525));
#6462=CARTESIAN_POINT('Ctrl Pts',(-57.1097102142659,101.523421489178,47.6883032662897));
#6463=CARTESIAN_POINT('Ctrl Pts',(-55.2514759608792,101.851565074517,47.6269363054942));
#6464=CARTESIAN_POINT('Ctrl Pts',(-54.5086289994098,103.406630407876,46.8559416682839));
#6465=CARTESIAN_POINT('Ctrl Pts',(-55.5614620042553,104.815476035955,46.169517664752));
#6466=CARTESIAN_POINT('Ctrl Pts',(-57.4458008551708,104.838868076423,46.2844130703378));
#6467=CARTESIAN_POINT('Ctrl Pts',(-58.4359877054898,103.506356249087,47.1835369018233));
#6468=CARTESIAN_POINT('Ctrl Pts',(-57.6252195387815,102.089213290567,48.1316097335786));
#6469=CARTESIAN_POINT('Ctrl Pts',(-55.7559895273809,101.936216143102,48.3485252148372));
#6470=CARTESIAN_POINT('Ctrl Pts',(-54.5401192283772,103.238450103434,47.723763326419));
#6471=CARTESIAN_POINT('Ctrl Pts',(-55.0910901025591,104.854314805788,46.9176035166811));
#6472=CARTESIAN_POINT('Ctrl Pts',(-56.9043287674506,105.354990089884,46.7564475769272));
#6473=CARTESIAN_POINT('Ctrl Pts',(-58.3192898125094,104.33293477351,47.4760094006013));
#6474=CARTESIAN_POINT('Ctrl Pts',(-58.0401668082808,102.775108625161,48.5054506531782));
#6475=CARTESIAN_POINT('Ctrl Pts',(-56.3225770777339,102.159124882877,48.9901485761644));
#6476=CARTESIAN_POINT('Ctrl Pts',(-54.7394729541518,103.100067078211,48.5743508177868));
#6477=CARTESIAN_POINT('Ctrl Pts',(-54.7406419572075,104.787202332099,47.7269695071965));
#6478=CARTESIAN_POINT('Ctrl Pts',(-56.3250197021826,105.726441206522,47.3121569165058));
#6479=CARTESIAN_POINT('Ctrl Pts',(-58.0416362833538,105.108611437192,47.7979225456311));
#6480=CARTESIAN_POINT('Ctrl Pts',(-58.3184597514607,103.550485232759,48.8275373448115));
#6481=CARTESIAN_POINT('Ctrl Pts',(-56.9019190113315,102.529954806634,49.5462172016236));
#6482=CARTESIAN_POINT('Ctrl Pts',(-55.0893927151432,103.03257450404,49.3839366510285));
#6483=CARTESIAN_POINT('Ctrl Pts',(-54.540508044139,104.649041601733,48.5774284275422));
#6484=CARTESIAN_POINT('Ctrl Pts',(-55.758492310445,105.949944436123,47.95343643648));
#6485=CARTESIAN_POINT('Ctrl Pts',(-57.6267339871547,105.794991434856,48.1714831455379));
#6486=CARTESIAN_POINT('Ctrl Pts',(-58.4368765001995,104.376904475199,49.1201019691905));
#6487=CARTESIAN_POINT('Ctrl Pts',(-57.4417016122503,103.045878161165,50.0183666086743));
#6488=CARTESIAN_POINT('Ctrl Pts',(-56.1909477307739,103.063632674077,50.0937143482744));
#6489=CARTESIAN_POINT('Ctrl Pts',(-55.6995260845166,103.303861834164,49.9975787766224));
#6490=CARTESIAN_POINT('',(-55.2781402580568,104.466786708588,46.414774405651));
#6491=CARTESIAN_POINT('Ctrl Pts',(-54.8336716744726,104.466786708588,46.57363441473));
#6492=CARTESIAN_POINT('Ctrl Pts',(-54.8434166855751,104.466786708588,46.5697186756176));
#6493=CARTESIAN_POINT('Ctrl Pts',(-54.8531709910132,104.466786708588,46.5658249267233));
#6494=CARTESIAN_POINT('Ctrl Pts',(-54.9985562279178,104.466786708588,46.5081822203783));
#6495=CARTESIAN_POINT('Ctrl Pts',(-55.1374943638531,104.466786708588,46.4581682049644));
#6496=CARTESIAN_POINT('Ctrl Pts',(-55.2781402580568,104.466786708588,46.414774405651));
#6497=CARTESIAN_POINT('Ctrl Pts',(-54.4139059705823,103.702992739565,47.7403940009197));
#6498=CARTESIAN_POINT('Ctrl Pts',(-54.4189244678407,104.189011756657,47.4934214445515));
#6499=CARTESIAN_POINT('Ctrl Pts',(-54.9205607769017,105.291681404395,46.9325984590543));
#6500=CARTESIAN_POINT('Ctrl Pts',(-57.0058099347255,105.855354610266,46.726328834765));
#6501=CARTESIAN_POINT('Ctrl Pts',(-58.7509427122373,104.581821804763,47.5913403471171));
#6502=CARTESIAN_POINT('Ctrl Pts',(-58.4066882146751,102.647499613305,48.8385395884834));
#6503=CARTESIAN_POINT('Ctrl Pts',(-56.2883103642301,101.874792478185,49.4138832737415));
#6504=CARTESIAN_POINT('Ctrl Pts',(-54.6616230630627,102.830818622303,48.9679304541909));
#6505=CARTESIAN_POINT('Ctrl Pts',(-54.41789697603,103.749169776623,48.5009598137122));
#6506=CARTESIAN_POINT('Ctrl Pts',(-54.4179072623218,104.055036670578,48.3454298548238));
#6507=CARTESIAN_POINT('Ctrl Pts',(-55.6995260845166,103.303861834164,49.9975787766224));
#6508=CARTESIAN_POINT('Ctrl Pts',(-55.7512422930728,103.273516289909,50.0151300492231));
#6509=CARTESIAN_POINT('Ctrl Pts',(-55.8049365271681,103.245990227622,50.0310505882901));
#6510=CARTESIAN_POINT('Ctrl Pts',(-55.8602772397521,103.221227294459,50.0453729872126));
#6511=CARTESIAN_POINT('Ctrl Pts',(-55.8954080210925,103.205507562101,50.0544649746722));
#6512=CARTESIAN_POINT('Ctrl Pts',(-55.9312031980893,103.190901883674,50.0629126150057));
#6513=CARTESIAN_POINT('Ctrl Pts',(-55.9675855804992,103.177402110377,50.0707206213209));
#6514=CARTESIAN_POINT('Ctrl Pts',(-55.9923753688068,103.168203797896,50.0760407463606));
#6515=CARTESIAN_POINT('Ctrl Pts',(-56.0174378928912,103.159519017352,50.0810638545148));
#6516=CARTESIAN_POINT('Ctrl Pts',(-56.0427499790268,103.151346565186,50.0857906419002));
#6517=CARTESIAN_POINT('Ctrl Pts',(-56.0562460169819,103.146989131981,50.0883108965175));
#6518=CARTESIAN_POINT('Ctrl Pts',(-56.0698129667178,103.142777494673,50.0907468256235));
#6519=CARTESIAN_POINT('Ctrl Pts',(-56.0834335883423,103.138715388156,50.0930962690282));
#6520=CARTESIAN_POINT('Ctrl Pts',(-56.1457906836223,103.120118501017,50.1038523468549));
#6521=CARTESIAN_POINT('Ctrl Pts',(-56.2093403851673,103.10462949364,50.1128108874729));
#6522=CARTESIAN_POINT('Ctrl Pts',(-56.2737323545463,103.092207039486,50.1199957933489));
#6523=CARTESIAN_POINT('Ctrl Pts',(-56.3202240813726,103.083237887733,50.1251833762802));
#6524=CARTESIAN_POINT('Ctrl Pts',(-56.3671557833482,103.075868046857,50.1294459489052));
#6525=CARTESIAN_POINT('Ctrl Pts',(-56.4144047405389,103.070094145209,50.132785461321));
#6526=CARTESIAN_POINT('Ctrl Pts',(-56.427307856655,103.068517362823,50.1336974415855));
#6527=CARTESIAN_POINT('Ctrl Pts',(-56.4402346659647,103.067059661784,50.1345405475154));
#6528=CARTESIAN_POINT('Ctrl Pts',(-56.4531827359062,103.065721112713,50.1353147382644));
#6529=CARTESIAN_POINT('Ctrl Pts',(-56.466513423256,103.064343009316,50.1361118064661));
#6530=CARTESIAN_POINT('Ctrl Pts',(-56.4798587185988,103.06309205828,50.1368353322155));
#6531=CARTESIAN_POINT('Ctrl Pts',(-56.493210375108,103.061968314373,50.1374852838356));
#6532=CARTESIAN_POINT('Ctrl Pts',(-56.5607408257808,103.056284605206,50.1407726306741));
#6533=CARTESIAN_POINT('Ctrl Pts',(-56.6284752221872,103.053847466277,50.1421822244303));
#6534=CARTESIAN_POINT('Ctrl Pts',(-56.696058404539,103.054614340145,50.1417386795003));
#6535=CARTESIAN_POINT('Ctrl Pts',(-56.7646416231678,103.055392561535,50.141288571384));
#6536=CARTESIAN_POINT('Ctrl Pts',(-56.8330701298395,103.059470029109,50.1389302434427));
#6537=CARTESIAN_POINT('Ctrl Pts',(-56.9009942825629,103.06684410059,50.1346652239178));
#6538=CARTESIAN_POINT('Ctrl Pts',(-56.9431278582415,103.07141826142,50.1320196182574));
#6539=CARTESIAN_POINT('Ctrl Pts',(-56.9850677393814,103.077261718218,50.128639876496));
#6540=CARTESIAN_POINT('Ctrl Pts',(-57.0267318570192,103.084382485496,50.1245213631953));
#6541=CARTESIAN_POINT('Ctrl Pts',(-57.0609036208522,103.09022274305,50.1211434718147));
#6542=CARTESIAN_POINT('Ctrl Pts',(-57.0948899239062,103.096922343085,50.117268553456));
#6543=CARTESIAN_POINT('Ctrl Pts',(-57.1286451375179,103.104489189891,50.1128920364328));
#6544=CARTESIAN_POINT('Ctrl Pts',(-57.1423385268649,103.107558812872,50.1111166262021));
#6545=CARTESIAN_POINT('Ctrl Pts',(-57.155996153851,103.1107718726,50.109258254947));
#6546=CARTESIAN_POINT('Ctrl Pts',(-57.1695921267509,103.11412306675,50.1073199894284));
#6547=CARTESIAN_POINT('Ctrl Pts',(-57.23739924201,103.130836457523,50.0976532892676));
#6548=CARTESIAN_POINT('Ctrl Pts',(-57.3037939957984,103.151008003342,50.085986459486));
#6549=CARTESIAN_POINT('Ctrl Pts',(-57.3684128387103,103.174620414128,50.07232950033));
#6550=CARTESIAN_POINT('Ctrl Pts',(-57.3757242697879,103.177292088615,50.0707842557682));
#6551=CARTESIAN_POINT('Ctrl Pts',(-57.3830129734749,103.180007860914,50.0692135058903));
#6552=CARTESIAN_POINT('Ctrl Pts',(-57.3902784275444,103.182767742221,50.0676172442198));
#6553=CARTESIAN_POINT('Ctrl Pts',(-57.4520467602622,103.206231281485,50.0540463894562));
#6554=CARTESIAN_POINT('Ctrl Pts',(-57.5121354858751,103.232879193321,50.038633755531));
#6555=CARTESIAN_POINT('Ctrl Pts',(-57.5704032068678,103.262443503037,50.0215343337929));
#6556=CARTESIAN_POINT('Ctrl Pts',(-57.6330891426744,103.294249559453,50.0031383293646));
#6557=CARTESIAN_POINT('Ctrl Pts',(-57.6936684514567,103.329431067521,49.9827900293499));
#6558=CARTESIAN_POINT('Ctrl Pts',(-57.7519450615448,103.367707217508,49.9606518486374));
#6559=CARTESIAN_POINT('Ctrl Pts',(-57.762548718221,103.374671712402,49.9566237202449));
#6560=CARTESIAN_POINT('Ctrl Pts',(-57.7730760640922,103.381738792606,49.9525362585036));
#6561=CARTESIAN_POINT('Ctrl Pts',(-57.7835258100347,103.388906933894,49.9483903449971));
#6562=CARTESIAN_POINT('Ctrl Pts',(-57.7924704407223,103.395042621489,49.9448415826269));
#6563=CARTESIAN_POINT('Ctrl Pts',(-57.8013506413159,103.401247164633,49.9412529955457));
#6564=CARTESIAN_POINT('Ctrl Pts',(-57.8101652757244,103.407518822835,49.93762559042));
#6565=CARTESIAN_POINT('Ctrl Pts',(-57.8650671633949,103.446581801307,49.9150323234151));
#6566=CARTESIAN_POINT('Ctrl Pts',(-57.917433550331,103.488249496499,49.8909325389192));
#6567=CARTESIAN_POINT('Ctrl Pts',(-57.9671150809914,103.532219512283,49.8655011369713));
#6568=CARTESIAN_POINT('Ctrl Pts',(-58.0178382768539,103.577111440793,49.8395365186329));
#6569=CARTESIAN_POINT('Ctrl Pts',(-58.0657636136502,103.624403715133,49.8121835869512));
#6570=CARTESIAN_POINT('Ctrl Pts',(-58.1107118701425,103.673818878764,49.7836028173921));
#6571=CARTESIAN_POINT('Ctrl Pts',(-58.1559287614707,103.723529373859,49.7548512338586));
#6572=CARTESIAN_POINT('Ctrl Pts',(-58.1981336665414,103.775388839171,49.7248567277467));
#6573=CARTESIAN_POINT('Ctrl Pts',(-58.2371121428883,103.82915074159,49.6937618890135));
#6574=CARTESIAN_POINT('Ctrl Pts',(-58.2467638500242,103.842463066387,49.686062299265));
#6575=CARTESIAN_POINT('Ctrl Pts',(-58.2562175473195,103.85589218228,49.678295159818));
#6576=CARTESIAN_POINT('Ctrl Pts',(-58.2654695903724,103.86943461316,49.6704624811861));
#6577=CARTESIAN_POINT('Ctrl Pts',(-58.2719422706923,103.878908826082,49.664982780698));
#6578=CARTESIAN_POINT('Ctrl Pts',(-58.278317180523,103.88844004784,49.659470107408));
#6579=CARTESIAN_POINT('Ctrl Pts',(-58.2845844374987,103.898013619341,49.6539329398497));
#6580=CARTESIAN_POINT('Ctrl Pts',(-58.3217156247698,103.954733501365,49.621127263243));
#6581=CARTESIAN_POINT('Ctrl Pts',(-58.3551370594409,104.01303187907,49.5874086154348));
#6582=CARTESIAN_POINT('Ctrl Pts',(-58.384669421163,104.072609125092,49.5529502950656));
#6583=CARTESIAN_POINT('Ctrl Pts',(-58.4142407336444,104.132264948607,49.5184465270022));
#6584=CARTESIAN_POINT('Ctrl Pts',(-58.4399134720012,104.193203730985,49.4832007204846));
#6585=CARTESIAN_POINT('Ctrl Pts',(-58.4614720498212,104.25515749641,49.4473678675141));
#6586=CARTESIAN_POINT('Ctrl Pts',(-58.4825438223525,104.315712309597,49.4123441413088));
#6587=CARTESIAN_POINT('Ctrl Pts',(-58.4996856945505,104.37723754405,49.3767591423176));
#6588=CARTESIAN_POINT('Ctrl Pts',(-58.5126529163725,104.439503279126,49.3407458521681));
#6589=CARTESIAN_POINT('Ctrl Pts',(-58.5157490881952,104.454370412357,49.3321469914611));
#6590=CARTESIAN_POINT('Ctrl Pts',(-58.5186070405629,104.469279826359,49.3235236763784));
#6591=CARTESIAN_POINT('Ctrl Pts',(-58.5212230096336,104.484228495267,49.3148776570215));
#6592=CARTESIAN_POINT('Ctrl Pts',(-58.5231590938257,104.495292036458,49.3084787199738));
#6593=CARTESIAN_POINT('Ctrl Pts',(-58.5249626273638,104.506377080302,49.3020673462094));
#6594=CARTESIAN_POINT('Ctrl Pts',(-58.5266343564429,104.517482297778,49.2956443044086));
#6595=CARTESIAN_POINT('',(-58.0537998208044,104.466786708588,46.7504779474516));
#6596=CARTESIAN_POINT('Ctrl Pts',(-58.0510906945919,104.465933535118,46.7509714063932));
#6597=CARTESIAN_POINT('Ctrl Pts',(-58.0329685725628,104.428983787059,46.7510007542053));
#6598=CARTESIAN_POINT('Ctrl Pts',(-58.0146191736563,104.392149649004,46.7510283122605));
#6599=CARTESIAN_POINT('Ctrl Pts',(-57.9960498839022,104.355495990474,46.7510530653694));
#6600=CARTESIAN_POINT('Ctrl Pts',(-57.9667664476537,104.297693829646,46.7510921005772));
#6601=CARTESIAN_POINT('Ctrl Pts',(-57.9368027083009,104.240078361961,46.7511238754759));
#6602=CARTESIAN_POINT('Ctrl Pts',(-57.90619664932,104.182943360624,46.7511495494227));
#6603=CARTESIAN_POINT('Ctrl Pts',(-57.8990214346087,104.169548761131,46.7511555683643));
#6604=CARTESIAN_POINT('Ctrl Pts',(-57.8918108080501,104.156180741925,46.7511611517262));
#6605=CARTESIAN_POINT('Ctrl Pts',(-57.8845650837823,104.142843401681,46.7511661331684));
#6606=CARTESIAN_POINT('Ctrl Pts',(-57.5494130519683,104.466786708588,46.5236303154998));
#6607=CARTESIAN_POINT('Ctrl Pts',(-57.6665939657034,104.466786708588,46.5704555229009));
#6608=CARTESIAN_POINT('Ctrl Pts',(-57.7829702907729,104.466786708588,46.6216050979835));
#6609=CARTESIAN_POINT('Ctrl Pts',(-57.9495169603099,104.466786708588,46.6996128181386));
#6610=CARTESIAN_POINT('Ctrl Pts',(-58.0017881951642,104.466786708588,46.7248030575908));
#6611=CARTESIAN_POINT('Ctrl Pts',(-58.0537998208044,104.466786708588,46.7504779474516));
#6612=CARTESIAN_POINT('Ctrl Pts',(-54.8055210853268,102.89207034145,46.3328309461986));
#6613=CARTESIAN_POINT('Ctrl Pts',(-54.8044162961445,103.087310162934,46.2366323026129));
#6614=CARTESIAN_POINT('Ctrl Pts',(-54.8438819480963,103.282216663504,46.1406264453612));
#6615=CARTESIAN_POINT('Ctrl Pts',(-54.9257867675536,103.462028766655,46.053350894002));
#6616=CARTESIAN_POINT('Ctrl Pts',(-55.1354345351635,103.922285028311,45.8299559261526));
#6617=CARTESIAN_POINT('Ctrl Pts',(-55.623135841084,104.283645603333,45.663760300011));
#6618=CARTESIAN_POINT('Ctrl Pts',(-56.1655669670019,104.389145922516,45.6455492695705));
#6619=CARTESIAN_POINT('Ctrl Pts',(-56.7079980929198,104.494646241699,45.62733823913));
#6620=CARTESIAN_POINT('Ctrl Pts',(-57.3051590388351,104.344286305044,45.7571118043906));
#6621=CARTESIAN_POINT('Ctrl Pts',(-57.6836165648782,104.015408032765,45.9901369029377));
#6622=CARTESIAN_POINT('Ctrl Pts',(-58.0620740909213,103.686529760486,46.223162001485));
#6623=CARTESIAN_POINT('Ctrl Pts',(-58.2218281970923,103.179133152585,46.5594386333187));
#6624=CARTESIAN_POINT('Ctrl Pts',(-58.0897265686782,102.734049006049,46.8596749494252));
#6625=CARTESIAN_POINT('Ctrl Pts',(-57.9576249402641,102.288964859514,47.1599112655316));
#6626=CARTESIAN_POINT('Ctrl Pts',(-57.533667577265,101.906193174346,47.4241072659107));
#6627=CARTESIAN_POINT('Ctrl Pts',(-57.0119831868677,101.769497929319,47.5459774393009));
#6628=CARTESIAN_POINT('Ctrl Pts',(-56.4902987964703,101.632802684291,47.6678476126912));
#6629=CARTESIAN_POINT('Ctrl Pts',(-55.8708873786748,101.742183879404,47.6473919590927));
#6630=CARTESIAN_POINT('Ctrl Pts',(-55.4373738428654,102.05605203252,47.5086650260917));
#6631=CARTESIAN_POINT('Ctrl Pts',(-55.0446075374936,102.340418781631,47.3829774513575));
#6632=CARTESIAN_POINT('Ctrl Pts',(-54.8044352696162,102.792638387391,47.1602070489394));
#6633=CARTESIAN_POINT('Ctrl Pts',(-54.8011787147721,103.242511180673,46.938793997216));
#6634=CARTESIAN_POINT('Ctrl Pts',(-55.2795207164444,104.467562018873,46.4143259812613));
#6635=CARTESIAN_POINT('Ctrl Pts',(-55.2257566675023,104.433341364215,46.4341185423515));
#6636=CARTESIAN_POINT('Ctrl Pts',(-55.1742377368917,104.396530519496,46.4554092189958));
#6637=CARTESIAN_POINT('Ctrl Pts',(-55.1251184929147,104.357408462764,46.4780366557167));
#6638=CARTESIAN_POINT('Ctrl Pts',(-55.0744876270079,104.3170824429,46.5013604412979));
#6639=CARTESIAN_POINT('Ctrl Pts',(-55.0264055895102,104.274300404682,46.5261047401269));
#6640=CARTESIAN_POINT('Ctrl Pts',(-54.9810601941162,104.229323092138,46.55211874293));
#6641=CARTESIAN_POINT('Ctrl Pts',(-54.9547696015039,104.203245908542,46.5672012787414));
#6642=CARTESIAN_POINT('Ctrl Pts',(-54.9293993406358,104.176429981457,46.5827110894195));
#6643=CARTESIAN_POINT('Ctrl Pts',(-54.9049904712819,104.148920369015,46.5986221142161));
#6644=CARTESIAN_POINT('Ctrl Pts',(-54.8885219185604,104.130359759087,46.6093572100093));
#6645=CARTESIAN_POINT('Ctrl Pts',(-54.8724910761911,104.111483289726,46.6202749927554));
#6646=CARTESIAN_POINT('Ctrl Pts',(-54.8569116235798,104.092303892254,46.6313679832295));
#6647=CARTESIAN_POINT('Ctrl Pts',(-54.848852272949,104.082382267087,46.6371064582585));
#6648=CARTESIAN_POINT('Ctrl Pts',(-54.8409125446025,104.072377899953,46.642892789632));
#6649=CARTESIAN_POINT('Ctrl Pts',(-54.8331045989693,104.062306026719,46.6487181652209));
#6650=CARTESIAN_POINT('Ctrl Pts',(-54.7934370370281,104.011136785262,46.6783134592788));
#6651=CARTESIAN_POINT('Ctrl Pts',(-54.7571118038364,103.95816046253,46.7089539340003));
#6652=CARTESIAN_POINT('Ctrl Pts',(-54.7243329563015,103.903650145819,46.7404816410045));
#6653=CARTESIAN_POINT('Ctrl Pts',(-54.7205785911633,103.897406740448,46.7440927052414));
#6654=CARTESIAN_POINT('Ctrl Pts',(-54.7168707843939,103.891143173249,46.7477154306879));
#6655=CARTESIAN_POINT('Ctrl Pts',(-54.7132098711586,103.884859826223,46.7513495964022));
#6656=CARTESIAN_POINT('Origin',(-56.4694281251867,101.806113565406,44.4571054946265));
#6657=CARTESIAN_POINT('Ctrl Pts',(-54.414993367072,103.735311137075,47.7888768319847));
#6658=CARTESIAN_POINT('Ctrl Pts',(-54.4134250170579,103.891138148495,47.709678338167));
#6659=CARTESIAN_POINT('Ctrl Pts',(-54.5136748316224,104.655804789425,47.321147146359));
#6660=CARTESIAN_POINT('Ctrl Pts',(-55.7095136981531,105.800659752444,46.755530725691));
#6661=CARTESIAN_POINT('Ctrl Pts',(-57.9961430600584,105.494621568996,47.0609621656374));
#6662=CARTESIAN_POINT('Ctrl Pts',(-58.8846217380754,103.690896556994,48.2326265384164));
#6663=CARTESIAN_POINT('Ctrl Pts',(-57.5612929044172,102.092287573185,49.2856557898305));
#6664=CARTESIAN_POINT('Ctrl Pts',(-55.2380415522471,102.213760509151,49.3438231130548));
#6665=CARTESIAN_POINT('Ctrl Pts',(-54.424513033592,103.425851524363,48.7301616216018));
#6666=CARTESIAN_POINT('Ctrl Pts',(-54.4112234444005,104.058557479142,48.4087968782515));
#6667=CARTESIAN_POINT('Ctrl Pts',(-54.4113186965256,104.083706664396,48.3960228516265));
#6668=CARTESIAN_POINT('Ctrl Pts',(-57.7384990050389,103.514444931766,45.2549175136043));
#6669=CARTESIAN_POINT('Ctrl Pts',(-58.097513849652,103.167597340445,45.4983357167969));
#6670=CARTESIAN_POINT('Ctrl Pts',(-58.3540378481838,102.144841441362,46.1754944416056));
#6671=CARTESIAN_POINT('Ctrl Pts',(-57.0137275197219,101.052070683802,46.9359567011036));
#6672=CARTESIAN_POINT('Ctrl Pts',(-55.1736437790336,101.463498527857,46.8264197448785));
#6673=CARTESIAN_POINT('Ctrl Pts',(-54.5207184877905,103.048967759672,46.0378400841322));
#6674=CARTESIAN_POINT('Ctrl Pts',(-55.6521501285171,104.409619962881,45.3792902202223));
#6675=CARTESIAN_POINT('Ctrl Pts',(-57.5321521126308,104.349368253323,45.5425635440194));
#6676=CARTESIAN_POINT('Ctrl Pts',(-58.4388675413741,102.97483000589,46.465994639509));
#6677=CARTESIAN_POINT('Ctrl Pts',(-57.5420164658125,101.595545281212,47.3921710051219));
#6678=CARTESIAN_POINT('Ctrl Pts',(-55.6628878809509,101.525724575278,47.5609788503142));
#6679=CARTESIAN_POINT('Ctrl Pts',(-54.5223862668509,102.880232181612,46.9059829017284));
#6680=CARTESIAN_POINT('Ctrl Pts',(-55.164962805358,104.469619099832,46.115137327362));
#6681=CARTESIAN_POINT('Ctrl Pts',(-57.0021565041173,104.889302402029,46.0008255747098));
#6682=CARTESIAN_POINT('Ctrl Pts',(-58.3514824474914,103.805917632323,46.7558591613829));
#6683=CARTESIAN_POINT('Ctrl Pts',(-57.977242734465,102.262587051688,47.7769164595212));
#6684=CARTESIAN_POINT('Ctrl Pts',(-56.2221618190783,101.723650096049,48.2170520196093));
#6685=CARTESIAN_POINT('Ctrl Pts',(-54.6935248991975,102.733631207811,47.7613234947217));
#6686=CARTESIAN_POINT('Ctrl Pts',(-54.7912418103047,104.418572422935,46.9152111734795));
#6687=CARTESIAN_POINT('Ctrl Pts',(-56.4258244538882,105.28639390723,46.5417050122287));
#6688=CARTESIAN_POINT('Ctrl Pts',(-58.1003388871286,104.593325818236,47.0709870221231));
#6689=CARTESIAN_POINT('Ctrl Pts',(-58.2812820590957,103.025044817303,48.1064751580965));
#6690=CARTESIAN_POINT('Ctrl Pts',(-56.8029480990947,102.068738537568,48.7880090177446));
#6691=CARTESIAN_POINT('Ctrl Pts',(-55.0191799515775,102.651154510258,48.5795758534981));
#6692=CARTESIAN_POINT('Ctrl Pts',(-54.5635342005699,104.289894188647,47.7601856025211));
#6693=CARTESIAN_POINT('Ctrl Pts',(-55.8532862902005,105.535188913,47.1683562607714));
#6694=CARTESIAN_POINT('Ctrl Pts',(-57.7072950586317,105.297582332649,47.4342081924256));
#6695=CARTESIAN_POINT('Ctrl Pts',(-58.4276773326682,103.845644930365,48.4024054537303));
#6696=CARTESIAN_POINT('Ctrl Pts',(-57.3547167112425,102.560016472218,49.2744128563203));
#6697=CARTESIAN_POINT('Ctrl Pts',(-55.4710146780435,102.66903771761,49.3397819951974));
#6698=CARTESIAN_POINT('Ctrl Pts',(-54.5016562894902,104.123832979896,48.6267816169236));
#6699=CARTESIAN_POINT('Ctrl Pts',(-55.3343483986444,105.643103164905,47.876490197332));
#6700=CARTESIAN_POINT('Ctrl Pts',(-57.2065659130782,105.886455837482,47.864164651363));
#6701=CARTESIAN_POINT('Ctrl Pts',(-58.4036542270289,104.682072242191,48.6891816054249));
#6702=CARTESIAN_POINT('Ctrl Pts',(-57.8295381485206,103.183739959231,49.6842127633688));
#6703=CARTESIAN_POINT('Ctrl Pts',(-56.0095492781579,102.814898962588,50.0259681290031));
#6704=CARTESIAN_POINT('Ctrl Pts',(-54.6113377151212,103.963640342792,49.4899833636239));
#6705=CARTESIAN_POINT('Ctrl Pts',(-54.9133674137917,105.630318197059,48.6544342150945));
#6706=CARTESIAN_POINT('Ctrl Pts',(-56.6430364726013,106.336514565335,48.3744088774702));
#6707=CARTESIAN_POINT('Ctrl Pts',(-57.6844772797636,105.773709485823,48.7855409939117));
#6708=CARTESIAN_POINT('Ctrl Pts',(-57.9430063525491,105.367978567506,49.0630161682056));
#6709=CARTESIAN_POINT('Ctrl Pts',(-57.8372087498453,103.549661022082,45.1481217569773));
#6710=CARTESIAN_POINT('Ctrl Pts',(-58.2241481684567,103.174392162518,45.4079782689505));
#6711=CARTESIAN_POINT('Ctrl Pts',(-58.5006248889631,102.069199018363,46.1328170929706));
#6712=CARTESIAN_POINT('Ctrl Pts',(-57.056063732132,100.88710210541,46.9449438634258));
#6713=CARTESIAN_POINT('Ctrl Pts',(-55.072856231101,101.326202034645,46.8194019113328));
#6714=CARTESIAN_POINT('Ctrl Pts',(-54.3691456843616,103.030661596836,45.962000557763));
#6715=CARTESIAN_POINT('Ctrl Pts',(-55.5885813367593,104.492817611839,45.2447428632788));
#6716=CARTESIAN_POINT('Ctrl Pts',(-57.6148119665961,104.423550227063,45.4132306782743));
#6717=CARTESIAN_POINT('Ctrl Pts',(-58.5920527300581,102.937769635425,46.4010021820783));
#6718=CARTESIAN_POINT('Ctrl Pts',(-57.6254435801418,101.446873380261,47.3917324861699));
#6719=CARTESIAN_POINT('Ctrl Pts',(-55.6001542835226,101.367292711925,47.5661853037916));
#6720=CARTESIAN_POINT('Ctrl Pts',(-54.3709431851326,102.822826196474,46.852757952119));
#6721=CARTESIAN_POINT('Ctrl Pts',(-55.0635000416358,104.531508167076,45.9929144396471));
#6722=CARTESIAN_POINT('Ctrl Pts',(-57.0435927100616,104.97950567317,45.8622263021491));
#6723=CARTESIAN_POINT('Ctrl Pts',(-58.4978707263622,103.807524800649,46.6685021515678));
#6724=CARTESIAN_POINT('Ctrl Pts',(-58.0945222321355,102.13982302036,47.7614933326665));
#6725=CARTESIAN_POINT('Ctrl Pts',(-56.202929170719,101.554637718552,48.2283780366857));
#6726=CARTESIAN_POINT('Ctrl Pts',(-54.5553931706855,102.638847054513,47.7297173506005));
#6727=CARTESIAN_POINT('Ctrl Pts',(-54.6607106118432,104.450515641532,46.8103083821996));
#6728=CARTESIAN_POINT('Ctrl Pts',(-56.4224329118279,105.381508016057,46.4002654066627));
#6729=CARTESIAN_POINT('Ctrl Pts',(-58.2271929404909,104.630203089879,46.9632304705247));
#6730=CARTESIAN_POINT('Ctrl Pts',(-58.422210073663,102.935610217845,48.0717749360788));
#6731=CARTESIAN_POINT('Ctrl Pts',(-56.8288896536879,101.900592141612,48.7988341679401));
#6732=CARTESIAN_POINT('Ctrl Pts',(-54.9063780353129,102.523979846342,48.5667037507491));
#6733=CARTESIAN_POINT('Ctrl Pts',(-54.4152916509111,104.285853289702,47.6760953249655));
#6734=CARTESIAN_POINT('Ctrl Pts',(-55.8053620928514,105.623679192814,47.0307477490779));
#6735=CARTESIAN_POINT('Ctrl Pts',(-57.8035777257739,105.363262078098,47.3097928501629));
#6736=CARTESIAN_POINT('Ctrl Pts',(-58.5799921344706,103.794062139241,48.345812481959));
#6737=CARTESIAN_POINT('Ctrl Pts',(-57.4235754423007,102.404106839207,49.2781605008237));
#6738=CARTESIAN_POINT('Ctrl Pts',(-55.3933569694447,102.517278648124,49.3411290344832));
#6739=CARTESIAN_POINT('Ctrl Pts',(-54.3486008070718,104.080900274068,48.5651856040546));
#6740=CARTESIAN_POINT('Ctrl Pts',(-55.2460606348003,105.71401175395,47.7490505936301));
#6741=CARTESIAN_POINT('Ctrl Pts',(-57.2639013102457,105.971963437895,47.7282812634253));
#6742=CARTESIAN_POINT('Ctrl Pts',(-58.5541004849503,104.669572316529,48.609983864401));
#6743=CARTESIAN_POINT('Ctrl Pts',(-57.9353290191831,103.050368851566,49.6749245631681));
#6744=CARTESIAN_POINT('Ctrl Pts',(-55.9737793898461,102.648509761667,50.0357769517665));
#6745=CARTESIAN_POINT('Ctrl Pts',(-54.466813376003,103.882272294113,49.4506176055235));
#6746=CARTESIAN_POINT('Ctrl Pts',(-54.7923352806275,105.67425697575,48.54259342516));
#6747=CARTESIAN_POINT('Ctrl Pts',(-56.6565399229929,106.431052852933,48.2333023157036));
#6748=CARTESIAN_POINT('Ctrl Pts',(-57.778985154682,105.821586014766,48.6714226858177));
#6749=CARTESIAN_POINT('Ctrl Pts',(-58.0576229063481,105.382853817528,48.967985157991));
#6750=CARTESIAN_POINT('Ctrl Pts',(-57.9359184946517,103.584877112397,45.0413260003503));
#6751=CARTESIAN_POINT('Ctrl Pts',(-58.3507824872614,103.181186984591,45.3176208211042));
#6752=CARTESIAN_POINT('Ctrl Pts',(-58.6472119297424,101.993556595364,46.0901397443357));
#6753=CARTESIAN_POINT('Ctrl Pts',(-57.0983999445421,100.722133527019,46.9539310257481));
#6754=CARTESIAN_POINT('Ctrl Pts',(-54.9720686831684,101.188905541433,46.8123840777869));
#6755=CARTESIAN_POINT('Ctrl Pts',(-54.2175728809327,103.012355434,45.886161031394));
#6756=CARTESIAN_POINT('Ctrl Pts',(-55.5250125450015,104.576015260797,45.1101955063351));
#6757=CARTESIAN_POINT('Ctrl Pts',(-57.6974718205615,104.497732200804,45.2838978125293));
#6758=CARTESIAN_POINT('Ctrl Pts',(-58.7452379187422,102.90070926496,46.3360097246477));
#6759=CARTESIAN_POINT('Ctrl Pts',(-57.7088706944712,101.29820147931,47.3912939672179));
#6760=CARTESIAN_POINT('Ctrl Pts',(-55.5374206860943,101.208860848573,47.5713917572691));
#6761=CARTESIAN_POINT('Ctrl Pts',(-54.2195001034143,102.765420211336,46.7995330025095));
#6762=CARTESIAN_POINT('Ctrl Pts',(-54.9620372779136,104.59339723432,45.8706915519321));
#6763=CARTESIAN_POINT('Ctrl Pts',(-57.0850289160058,105.069708944312,45.7236270295884));
#6764=CARTESIAN_POINT('Ctrl Pts',(-58.6442590052329,103.809131968975,46.5811451417528));
#6765=CARTESIAN_POINT('Ctrl Pts',(-58.2118017298059,102.017058989032,47.7460702058117));
#6766=CARTESIAN_POINT('Ctrl Pts',(-56.1836965223598,101.385625341055,48.2397040537622));
#6767=CARTESIAN_POINT('Ctrl Pts',(-54.4172614421734,102.544062901215,47.6981112064792));
#6768=CARTESIAN_POINT('Ctrl Pts',(-54.5301794133818,104.482458860129,46.7054055909198));
#6769=CARTESIAN_POINT('Ctrl Pts',(-56.4190413697676,105.476622124884,46.2588258010967));
#6770=CARTESIAN_POINT('Ctrl Pts',(-58.3540469938533,104.667080361522,46.8554739189264));
#6771=CARTESIAN_POINT('Ctrl Pts',(-58.5631380882302,102.846175618387,48.037074714061));
#6772=CARTESIAN_POINT('Ctrl Pts',(-56.854831208281,101.732445745656,48.8096593181357));
#6773=CARTESIAN_POINT('Ctrl Pts',(-54.7935761190483,102.396805182426,48.5538316480002));
#6774=CARTESIAN_POINT('Ctrl Pts',(-54.2670491012523,104.281812390757,47.5920050474099));
#6775=CARTESIAN_POINT('Ctrl Pts',(-55.7574378955023,105.712169472629,46.8931392373845));
#6776=CARTESIAN_POINT('Ctrl Pts',(-57.8998603929162,105.428941823547,47.1853775079001));
#6777=CARTESIAN_POINT('Ctrl Pts',(-58.7323069362729,103.742479348118,48.2892195101877));
#6778=CARTESIAN_POINT('Ctrl Pts',(-57.492434173359,102.248197206196,49.2819081453271));
#6779=CARTESIAN_POINT('Ctrl Pts',(-55.3156992608459,102.365519578638,49.342476073769));
#6780=CARTESIAN_POINT('Ctrl Pts',(-54.1955453246535,104.03796756824,48.5035895911855));
#6781=CARTESIAN_POINT('Ctrl Pts',(-55.157772870956,105.784920342995,47.6216109899283));
#6782=CARTESIAN_POINT('Ctrl Pts',(-57.3212367074131,106.057471038307,47.5923978754874));
#6783=CARTESIAN_POINT('Ctrl Pts',(-58.7045467428717,104.657072390867,48.530786123377));
#6784=CARTESIAN_POINT('Ctrl Pts',(-58.0411198898456,102.916997743902,49.6656363629675));
#6785=CARTESIAN_POINT('Ctrl Pts',(-55.9380095015342,102.482120560746,50.0455857745299));
#6786=CARTESIAN_POINT('Ctrl Pts',(-54.3222890368847,103.800904245434,49.4112518474232));
#6787=CARTESIAN_POINT('Ctrl Pts',(-54.6713031474632,105.718195754441,48.4307526352256));
#6788=CARTESIAN_POINT('Ctrl Pts',(-56.6700433733846,106.525591140532,48.0921957539369));
#6789=CARTESIAN_POINT('Ctrl Pts',(-57.8734930296003,105.869462543709,48.5573043777238));
#6790=CARTESIAN_POINT('Ctrl Pts',(-58.1722394601471,105.39772906755,48.8729541477765));
#6791=CARTESIAN_POINT('Ctrl Pts',(-58.0346282394581,103.620093202712,44.9345302437232));
#6792=CARTESIAN_POINT('Ctrl Pts',(-58.4774168060661,103.187981806663,45.2272633732578));
#6793=CARTESIAN_POINT('Ctrl Pts',(-58.7937989705217,101.917914172365,46.0474623957008));
#6794=CARTESIAN_POINT('Ctrl Pts',(-57.1407361569522,100.557164948627,46.9629181880704));
#6795=CARTESIAN_POINT('Ctrl Pts',(-54.8712811352358,101.051609048221,46.8053662442411));
#6796=CARTESIAN_POINT('Ctrl Pts',(-54.0660000775037,102.994049271164,45.8103215050248));
#6797=CARTESIAN_POINT('Ctrl Pts',(-55.4614437532437,104.659212909756,44.9756481493916));
#6798=CARTESIAN_POINT('Ctrl Pts',(-57.7801316745269,104.571914174544,45.1545649467842));
#6799=CARTESIAN_POINT('Ctrl Pts',(-58.8984231074262,102.863648894495,46.2710172672171));
#6800=CARTESIAN_POINT('Ctrl Pts',(-57.7922978088006,101.149529578359,47.3908554482659));
#6801=CARTESIAN_POINT('Ctrl Pts',(-55.474687088666,101.050428985221,47.5765982107465));
#6802=CARTESIAN_POINT('Ctrl Pts',(-54.068057021696,102.708014226197,46.7463080529));
#6803=CARTESIAN_POINT('Ctrl Pts',(-54.8605745141915,104.655286301565,45.7484686642172));
#6804=CARTESIAN_POINT('Ctrl Pts',(-57.12646512195,105.159912215454,45.5850277570276));
#6805=CARTESIAN_POINT('Ctrl Pts',(-58.7906472841037,103.810739137301,46.4937881319378));
#6806=CARTESIAN_POINT('Ctrl Pts',(-58.3290812274763,101.894294957704,47.7306470789569));
#6807=CARTESIAN_POINT('Ctrl Pts',(-56.1644638740005,101.216612963557,48.2510300708386));
#6808=CARTESIAN_POINT('Ctrl Pts',(-54.2791297136613,102.449278747917,47.666505062358));
#6809=CARTESIAN_POINT('Ctrl Pts',(-54.3996482149203,104.514402078726,46.6005027996399));
#6810=CARTESIAN_POINT('Ctrl Pts',(-56.4156498277073,105.571736233711,46.1173861955307));
#6811=CARTESIAN_POINT('Ctrl Pts',(-58.4809010472156,104.703957633164,46.7477173673281));
#6812=CARTESIAN_POINT('Ctrl Pts',(-58.7040661027975,102.756741018929,48.0023744920432));
#6813=CARTESIAN_POINT('Ctrl Pts',(-56.8807727628742,101.5642993497,48.8204844683312));
#6814=CARTESIAN_POINT('Ctrl Pts',(-54.6807742027837,102.26963051851,48.5409595452511));
#6815=CARTESIAN_POINT('Ctrl Pts',(-54.1188065515935,104.277771491811,47.5079147698544));
#6816=CARTESIAN_POINT('Ctrl Pts',(-55.7095136981531,105.800659752444,46.755530725691));
#6817=CARTESIAN_POINT('Ctrl Pts',(-57.9961430600584,105.494621568996,47.0609621656374));
#6818=CARTESIAN_POINT('Ctrl Pts',(-58.8846217380754,103.690896556994,48.2326265384164));
#6819=CARTESIAN_POINT('Ctrl Pts',(-57.5612929044172,102.092287573185,49.2856557898305));
#6820=CARTESIAN_POINT('Ctrl Pts',(-55.2380415522471,102.213760509151,49.3438231130548));
#6821=CARTESIAN_POINT('Ctrl Pts',(-54.0424898422351,103.995034862412,48.4419935783165));
#6822=CARTESIAN_POINT('Ctrl Pts',(-55.0694851071118,105.855828932039,47.4941713862264));
#6823=CARTESIAN_POINT('Ctrl Pts',(-57.3785721045805,106.142978638719,47.4565144875496));
#6824=CARTESIAN_POINT('Ctrl Pts',(-58.8549930007931,104.644572465205,48.4515883823531));
#6825=CARTESIAN_POINT('Ctrl Pts',(-58.146910760508,102.783626636237,49.6563481627668));
#6826=CARTESIAN_POINT('Ctrl Pts',(-55.9022396132224,102.315731359825,50.0553945972933));
#6827=CARTESIAN_POINT('Ctrl Pts',(-54.1777646977665,103.719536196755,49.3718860893227));
#6828=CARTESIAN_POINT('Ctrl Pts',(-54.550271014299,105.762134533132,48.3189118452911));
#6829=CARTESIAN_POINT('Ctrl Pts',(-56.6835468237762,106.62012942813,47.9510891921702));
#6830=CARTESIAN_POINT('Ctrl Pts',(-57.9680009045186,105.917339072652,48.4431860696297));
#6831=CARTESIAN_POINT('Ctrl Pts',(-58.286856013946,105.412604317573,48.7779231375619));
#6832=CARTESIAN_POINT('Ctrl Pts',(-54.9687447431168,104.467273699538,46.7501962813578));
#6833=CARTESIAN_POINT('Ctrl Pts',(-54.9147385700273,104.467396332883,46.7128369687876));
#6834=CARTESIAN_POINT('Ctrl Pts',(-54.8604428564377,104.467515516106,46.6751910194008));
#6835=CARTESIAN_POINT('Ctrl Pts',(-54.8066008097256,104.467630441146,46.6377936744198));
#6836=CARTESIAN_POINT('Ctrl Pts',(-54.8019675353865,103.144010845798,46.7728533516221));
#6837=CARTESIAN_POINT('Ctrl Pts',(-54.801254390001,103.068777839694,46.8098883594728));
#6838=CARTESIAN_POINT('Ctrl Pts',(-54.807007227446,102.993630027067,46.8468740930728));
#6839=CARTESIAN_POINT('Ctrl Pts',(-54.8195659589521,102.919378733593,46.8833412974316));
#6840=CARTESIAN_POINT('Ctrl Pts',(-54.9025534715509,102.428729646167,47.1243148845903));
#6841=CARTESIAN_POINT('Ctrl Pts',(-55.2827206762509,101.977227110723,47.3426468674522));
#6842=CARTESIAN_POINT('Ctrl Pts',(-55.7859923760778,101.763112627323,47.4236782180178));
#6843=CARTESIAN_POINT('Ctrl Pts',(-56.2892640759048,101.548998143923,47.5047095685834));
#6844=CARTESIAN_POINT('Ctrl Pts',(-56.9156402708586,101.572271712567,47.4484402868526));
#6845=CARTESIAN_POINT('Ctrl Pts',(-57.3783035475958,101.813789284336,47.2659429183851));
#6846=CARTESIAN_POINT('Ctrl Pts',(-57.840966824333,102.055306856105,47.0834455499176));
#6847=CARTESIAN_POINT('Ctrl Pts',(-58.1399171828535,102.515068430998,46.7747200947133));
#6848=CARTESIAN_POINT('Ctrl Pts',(-58.1382731239899,102.974038926349,46.4664521845295));
#6849=CARTESIAN_POINT('Ctrl Pts',(-58.1366290651263,103.433009421701,46.1581842743458));
#6850=CARTESIAN_POINT('Ctrl Pts',(-57.8343905888785,103.891188837512,45.8503739091826));
#6851=CARTESIAN_POINT('Ctrl Pts',(-57.3699376867357,104.130320497011,45.6692565059681));
#6852=CARTESIAN_POINT('Ctrl Pts',(-56.9054847845929,104.369452156509,45.4881391027537));
#6853=CARTESIAN_POINT('Ctrl Pts',(-56.278817456555,104.389536059695,45.433714661488));
#6854=CARTESIAN_POINT('Ctrl Pts',(-55.7769118524149,104.172802644086,45.5162607515068));
#6855=CARTESIAN_POINT('Ctrl Pts',(-55.2750062482749,103.956069228478,45.5988068415256));
#6856=CARTESIAN_POINT('Ctrl Pts',(-54.8978623680327,103.502518494075,45.8183234628289));
#6857=CARTESIAN_POINT('Ctrl Pts',(-54.8181113097855,103.011498254905,46.0595117169383));
#6858=CARTESIAN_POINT('Ctrl Pts',(-54.8065192969687,102.940127253305,46.0945690239425));
#6859=CARTESIAN_POINT('Ctrl Pts',(-54.8012104030496,102.867964620784,46.1300841948747));
#6860=CARTESIAN_POINT('Ctrl Pts',(-54.8018789708219,102.7957263189,46.165643131495));
#6861=CARTESIAN_POINT('Ctrl Pts',(-58.286856013946,105.412604317573,48.7779231375619));
#6862=CARTESIAN_POINT('Ctrl Pts',(-58.2460202063186,105.466675106373,48.746649644953));
#6863=CARTESIAN_POINT('Ctrl Pts',(-58.2015828747327,105.518536740357,48.7166538845236));
#6864=CARTESIAN_POINT('Ctrl Pts',(-58.1538740522678,105.568060208205,48.6880104739118));
#6865=CARTESIAN_POINT('Ctrl Pts',(-58.1073864856024,105.616315968758,48.6601002805441));
#6866=CARTESIAN_POINT('Ctrl Pts',(-58.0577917751181,105.662351918123,48.6334739827934));
#6867=CARTESIAN_POINT('Ctrl Pts',(-58.0053691233037,105.706016042299,48.6082195026018));
#6868=CARTESIAN_POINT('Ctrl Pts',(-57.993674123505,105.715757097087,48.6025854659681));
#6869=CARTESIAN_POINT('Ctrl Pts',(-57.9818367072655,105.725381234667,48.597019051974));
#6870=CARTESIAN_POINT('Ctrl Pts',(-57.9698649781525,105.73488247849,48.591523717338));
#6871=CARTESIAN_POINT('Ctrl Pts',(-57.9149206372124,105.778488508584,48.5663028376336));
#6872=CARTESIAN_POINT('Ctrl Pts',(-57.8572590672129,105.819423347835,48.5426269227604));
#6873=CARTESIAN_POINT('Ctrl Pts',(-57.7971978595279,105.857538215529,48.5205820245899));
#6874=CARTESIAN_POINT('Ctrl Pts',(-57.7550132864123,105.884308563396,48.5050985760456));
#6875=CARTESIAN_POINT('Ctrl Pts',(-57.7116442660877,105.909687018863,48.4904201709939));
#6876=CARTESIAN_POINT('Ctrl Pts',(-57.6671955050867,105.933609545311,48.4765838469699));
#6877=CARTESIAN_POINT('Ctrl Pts',(-57.6502702446098,105.942718797905,48.4713152324377));
#6878=CARTESIAN_POINT('Ctrl Pts',(-57.6331883991408,105.951616836494,48.466168779977));
#6879=CARTESIAN_POINT('Ctrl Pts',(-57.6159556740652,105.960299700383,48.4611467803786));
#6880=CARTESIAN_POINT('Ctrl Pts',(-57.5996387719796,105.968521118601,48.4563916719811));
#6881=CARTESIAN_POINT('Ctrl Pts',(-57.5831813637131,105.976551955146,48.4517467923168));
#6882=CARTESIAN_POINT('Ctrl Pts',(-57.5666176298718,105.984375208729,48.4472219746004));
#6883=CARTESIAN_POINT('Ctrl Pts',(-57.5028680490739,106.014484913531,48.4298071069524));
#6884=CARTESIAN_POINT('Ctrl Pts',(-57.4374791936697,106.041558556364,48.4141482384983));
#6885=CARTESIAN_POINT('Ctrl Pts',(-57.3707441697098,106.065456711263,48.4003260105045));
#6886=CARTESIAN_POINT('Ctrl Pts',(-57.3054380283967,106.088843175947,48.3867997341797));
#6887=CARTESIAN_POINT('Ctrl Pts',(-57.238841820188,106.109188812182,48.375032213887));
#6888=CARTESIAN_POINT('Ctrl Pts',(-57.1712216446122,106.126321180684,48.3651231851563));
#6889=CARTESIAN_POINT('Ctrl Pts',(-57.1050871455878,106.143077135521,48.3554318667688));
#6890=CARTESIAN_POINT('Ctrl Pts',(-57.0379724154893,106.156759563438,48.3475182165735));
#6891=CARTESIAN_POINT('Ctrl Pts',(-56.9701303958287,106.167165098952,48.3414998572116));
#6892=CARTESIAN_POINT('Ctrl Pts',(-56.9482678778517,106.170518348286,48.3395604030149));
#6893=CARTESIAN_POINT('Ctrl Pts',(-56.9263299098326,106.173530957302,48.3378179685527));
#6894=CARTESIAN_POINT('Ctrl Pts',(-56.9043252439915,106.17619513532,48.3362770598031));
#6895=CARTESIAN_POINT('Ctrl Pts',(-56.892324525196,106.177648102225,48.3354366920044));
#6896=CARTESIAN_POINT('Ctrl Pts',(-56.8803022026115,106.178997541839,48.3346562023775));
#6897=CARTESIAN_POINT('Ctrl Pts',(-56.868276470635,106.180240599626,48.3339372419295));
#6898=CARTESIAN_POINT('Ctrl Pts',(-56.8004223899506,106.187254438251,48.3298805740828));
#6899=CARTESIAN_POINT('Ctrl Pts',(-56.7323465403068,106.190899864133,48.327772130653));
#6900=CARTESIAN_POINT('Ctrl Pts',(-56.6642960017651,106.191023570681,48.3277005811914));
#6901=CARTESIAN_POINT('Ctrl Pts',(-56.6536216856276,106.191042975125,48.3276893580389));
#6902=CARTESIAN_POINT('Ctrl Pts',(-56.6429479994414,106.190975638821,48.3277283040471));
#6903=CARTESIAN_POINT('Ctrl Pts',(-56.6322759091171,106.190820868323,48.3278178202931));
#6904=CARTESIAN_POINT('Ctrl Pts',(-56.56290737411,106.18981486084,48.3283996754552));
#6905=CARTESIAN_POINT('Ctrl Pts',(-56.4936048027606,106.1851182389,48.3311161102399));
#6906=CARTESIAN_POINT('Ctrl Pts',(-56.4246921588527,106.176880627794,48.3358805842885));
#6907=CARTESIAN_POINT('Ctrl Pts',(-56.3603867520517,106.169193752017,48.3403265237346));
#6908=CARTESIAN_POINT('Ctrl Pts',(-56.2964203653,106.158422736148,48.3465562698255));
#6909=CARTESIAN_POINT('Ctrl Pts',(-56.2330768171393,106.144659334032,48.3545167539225));
#6910=CARTESIAN_POINT('Ctrl Pts',(-56.2181919572727,106.141425124428,48.3563873578545));
#6911=CARTESIAN_POINT('Ctrl Pts',(-56.2033416022899,106.138025569806,48.3583535941293));
#6912=CARTESIAN_POINT('Ctrl Pts',(-56.1885296587033,106.13446166757,48.3604148858678));
#6913=CARTESIAN_POINT('Ctrl Pts',(-56.1786840548233,106.132092716494,48.3617850410956));
#6914=CARTESIAN_POINT('Ctrl Pts',(-56.1688575786989,106.129651624191,48.3631969214067));
#6915=CARTESIAN_POINT('Ctrl Pts',(-56.1590597094997,106.127141028023,48.3646490014012));
#6916=CARTESIAN_POINT('Ctrl Pts',(-56.093517593578,106.110346582033,48.3743625823231));
#6917=CARTESIAN_POINT('Ctrl Pts',(-56.029144946525,106.090419445395,48.3858880505878));
#6918=CARTESIAN_POINT('Ctrl Pts',(-55.9662431149296,106.067516940248,48.3991344141298));
#6919=CARTESIAN_POINT('Ctrl Pts',(-55.9036294554651,106.044719358336,48.4123200921128));
#6920=CARTESIAN_POINT('Ctrl Pts',(-55.8424722759301,106.01897300046,48.4272112847623));
#6921=CARTESIAN_POINT('Ctrl Pts',(-55.7830986140771,105.99039707288,48.4437390454959));
#6922=CARTESIAN_POINT('Ctrl Pts',(-55.7249909294633,105.962430447013,48.4599143979688));
#6923=CARTESIAN_POINT('Ctrl Pts',(-55.6685908452332,105.931753022878,48.4776576234374));
#6924=CARTESIAN_POINT('Ctrl Pts',(-55.6142448600078,105.898451081108,48.4969188188614));
#6925=CARTESIAN_POINT('Ctrl Pts',(-55.6026983597831,105.891375657292,48.501011106385));
#6926=CARTESIAN_POINT('Ctrl Pts',(-55.5912447491337,105.884181686729,48.5051719590421));
#6927=CARTESIAN_POINT('Ctrl Pts',(-55.5798876336258,105.876869883741,48.5094009636815));
#6928=CARTESIAN_POINT('Ctrl Pts',(-55.5693225810633,105.870068017295,48.5133350309428));
#6929=CARTESIAN_POINT('Ctrl Pts',(-55.5588399359706,105.863163308143,48.5173285804253));
#6930=CARTESIAN_POINT('Ctrl Pts',(-55.5484588882727,105.856167620708,48.5213747499773));
#6931=CARTESIAN_POINT('Ctrl Pts',(-55.4969149542313,105.821432663099,48.5414647738918));
#6932=CARTESIAN_POINT('Ctrl Pts',(-55.447777255206,105.784396995181,48.5628854839014));
#6933=CARTESIAN_POINT('Ctrl Pts',(-55.4013359560705,105.745174707385,48.5855708923204));
#6934=CARTESIAN_POINT('Ctrl Pts',(-55.3557739617643,105.706695041948,48.607826782411));
#6935=CARTESIAN_POINT('Ctrl Pts',(-55.3128066470771,105.666110201434,48.6313002648218));
#6936=CARTESIAN_POINT('Ctrl Pts',(-55.2727505179635,105.623505603882,48.6559419354208));
#6937=CARTESIAN_POINT('Ctrl Pts',(-55.2339924725257,105.582281677249,48.6797850528132));
#6938=CARTESIAN_POINT('Ctrl Pts',(-55.1979596461677,105.539166283595,48.7047221579431));
#6939=CARTESIAN_POINT('Ctrl Pts',(-55.1649854136015,105.494223487296,48.7307161972212));
#6940=CARTESIAN_POINT('Ctrl Pts',(-55.1593749057384,105.486576549296,48.7351390374335));
#6941=CARTESIAN_POINT('Ctrl Pts',(-55.1538530648633,105.478876684903,48.739592489242));
#6942=CARTESIAN_POINT('Ctrl Pts',(-55.1484216840106,105.471124185084,48.7440763843579));
#6943=CARTESIAN_POINT('Ctrl Pts',(-55.1429636776513,105.463333681257,48.7485822602523));
#6944=CARTESIAN_POINT('Ctrl Pts',(-55.1375970214016,105.455490023868,48.7531188791329));
#6945=CARTESIAN_POINT('Ctrl Pts',(-55.132322081069,105.447594511653,48.7576854898368));
#6946=CARTESIAN_POINT('Origin',(-65.3180048446494,103.886366877159,46.7504779474516));
#6947=CARTESIAN_POINT('',(-51.3425903756454,104.466786708588,46.414774405651));
#6948=CARTESIAN_POINT('',(-51.3425903756454,103.886366877159,46.7504779474516));
#6949=CARTESIAN_POINT('',(-1.17331867315662,104.466786708588,46.414774405651));
#6950=CARTESIAN_POINT('Origin',(1.32668132684339,69.6831728834341,46.7504779474516));
#6951=CARTESIAN_POINT('',(-65.3180048446494,103.886366877159,46.7504779474516));
#6952=CARTESIAN_POINT('',(27.8270191915469,103.886366877159,46.7504779474516));
#6953=CARTESIAN_POINT('',(-65.3180048446494,104.466786708588,46.7504779474516));
#6954=CARTESIAN_POINT('',(-65.3180048446494,104.466786708588,46.7504779474516));
#6955=CARTESIAN_POINT('',(-60.3180048446494,104.466786708588,46.7504779474516));
#6956=CARTESIAN_POINT('Origin',(-56.4694281251867,102.580110027428,45.795318650212));
#6957=CARTESIAN_POINT('Origin',(-56.4745771176019,43.8208792481809,77.9946372576012));
#6958=CARTESIAN_POINT('Ctrl Pts',(-54.4179311966538,44.6983687868985,79.5087424164503));
#6959=CARTESIAN_POINT('Ctrl Pts',(-54.4171063081662,44.7868331647952,79.4637986330484));
#6960=CARTESIAN_POINT('Ctrl Pts',(-54.4686984024299,45.483182406221,79.110074369731));
#6961=CARTESIAN_POINT('Ctrl Pts',(-55.4666011425713,46.6739692413721,78.5131853208946));
#6962=CARTESIAN_POINT('Ctrl Pts',(-57.7852711648363,46.5866659185688,78.6921047716609));
#6963=CARTESIAN_POINT('Ctrl Pts',(-58.9035558629413,44.8784155617454,79.8085484607903));
#6964=CARTESIAN_POINT('Ctrl Pts',(-57.7974377215192,43.1643066949277,80.9283805981567));
#6965=CARTESIAN_POINT('Ctrl Pts',(-55.479842872123,43.0652079698157,81.1141222802075));
#6966=CARTESIAN_POINT('Ctrl Pts',(-54.4711398889967,44.253872359207,80.5187168201647));
#6967=CARTESIAN_POINT('Ctrl Pts',(-54.417160119484,44.954011701868,80.1630564434534));
#6968=CARTESIAN_POINT('Ctrl Pts',(-54.4180396662558,45.0461440669661,80.1162471750397));
#6969=CARTESIAN_POINT('Ctrl Pts',(-54.4219377177549,44.666353805731,79.4600840952736));
#6970=CARTESIAN_POINT('Ctrl Pts',(-54.4254669703672,45.0863642051568,79.2465831128844));
#6971=CARTESIAN_POINT('Ctrl Pts',(-54.818484982479,46.1232759030575,78.7190867199694));
#6972=CARTESIAN_POINT('Ctrl Pts',(-56.7488095124991,46.8507740104575,78.4133574322336));
#6973=CARTESIAN_POINT('Ctrl Pts',(-58.6508789880076,45.7511087200814,79.1778073554191));
#6974=CARTESIAN_POINT('Ctrl Pts',(-58.5607141350509,43.7959114817119,80.4370803179166));
#6975=CARTESIAN_POINT('Ctrl Pts',(-56.5597081455232,42.827522717564,81.1256024515543));
#6976=CARTESIAN_POINT('Ctrl Pts',(-54.7516317856858,43.6588893640524,80.7564567875703));
#6977=CARTESIAN_POINT('Ctrl Pts',(-54.4245476480477,44.6464759164506,80.2541482660804));
#6978=CARTESIAN_POINT('Ctrl Pts',(-54.4224224304412,45.0193961819687,80.064542467879));
#6979=CARTESIAN_POINT('Ctrl Pts',(-57.7436479974544,45.5292106145411,78.7924492765792));
#6980=CARTESIAN_POINT('Ctrl Pts',(-58.1026628420674,45.1823630232199,79.0358674797719));
#6981=CARTESIAN_POINT('Ctrl Pts',(-58.3592512580927,44.1596698278224,79.7129899379882));
#6982=CARTESIAN_POINT('Ctrl Pts',(-57.0188664385997,43.0668389848356,80.4734869497283));
#6983=CARTESIAN_POINT('Ctrl Pts',(-55.1788101013561,43.4782837298795,80.3639402183001));
#6984=CARTESIAN_POINT('Ctrl Pts',(-54.5258781840596,45.0637267710988,79.5753757056853));
#6985=CARTESIAN_POINT('Ctrl Pts',(-55.6573059291844,46.4243780636969,78.9168263684547));
#6986=CARTESIAN_POINT('Ctrl Pts',(-57.5372934006984,46.3641226345007,79.0801018436183));
#6987=CARTESIAN_POINT('Ctrl Pts',(-58.4440033688419,44.9895964868825,80.0035259408104));
#6988=CARTESIAN_POINT('Ctrl Pts',(-57.5471580963712,43.6103202345554,80.9296974061802));
#6989=CARTESIAN_POINT('Ctrl Pts',(-55.6680423795716,43.5405010432246,81.0985043753553));
#6990=CARTESIAN_POINT('Ctrl Pts',(-54.5275484659129,44.8949994887181,80.4435137252219));
#6991=CARTESIAN_POINT('Ctrl Pts',(-55.1701206569759,46.4843761714824,79.6526740708438));
#6992=CARTESIAN_POINT('Ctrl Pts',(-57.0073018790699,46.9040569123322,79.5383637996247));
#6993=CARTESIAN_POINT('Ctrl Pts',(-58.3566186633947,45.8206799209464,80.2933928874687));
#6994=CARTESIAN_POINT('Ctrl Pts',(-57.9823814909768,44.2773601721785,81.314443920666));
#6995=CARTESIAN_POINT('Ctrl Pts',(-56.2273124899701,43.7384272646656,81.7545771393968));
#6996=CARTESIAN_POINT('Ctrl Pts',(-54.6986859476709,44.7484018920615,81.2988523649402));
#6997=CARTESIAN_POINT('Ctrl Pts',(-54.7964021953304,46.433332049434,80.4527464392869));
#6998=CARTESIAN_POINT('Ctrl Pts',(-56.4309737422325,47.3011480188737,80.0792434677208));
#6999=CARTESIAN_POINT('Ctrl Pts',(-58.1054768080885,46.6080850132843,80.6085225374727));
#7000=CARTESIAN_POINT('Ctrl Pts',(-58.2864187509816,45.0398150366721,81.6440042971933));
#7001=CARTESIAN_POINT('Ctrl Pts',(-56.8080948283663,44.0835156263665,82.325534183697));
#7002=CARTESIAN_POINT('Ctrl Pts',(-55.0243387871757,44.665928024224,82.1171030870646));
#7003=CARTESIAN_POINT('Ctrl Pts',(-54.568696135544,46.3046569533149,81.2977190532725));
#7004=CARTESIAN_POINT('Ctrl Pts',(-55.858439457129,47.5499436061649,80.7058943799228));
#7005=CARTESIAN_POINT('Ctrl Pts',(-57.7124356641253,47.3123390080832,80.9717451650714));
#7006=CARTESIAN_POINT('Ctrl Pts',(-58.4328129982778,45.8604118564938,81.9399364975732));
#7007=CARTESIAN_POINT('Ctrl Pts',(-57.3598597591649,44.5747924740993,82.8119386509248));
#7008=CARTESIAN_POINT('Ctrl Pts',(-55.4761703189802,44.6838134109206,82.877307968273));
#7009=CARTESIAN_POINT('Ctrl Pts',(-54.5068188949995,46.138599081156,82.1643131378547));
#7010=CARTESIAN_POINT('Ctrl Pts',(-55.3395045991054,47.6578594869812,81.414027374353));
#7011=CARTESIAN_POINT('Ctrl Pts',(-57.2117108707362,47.9012106432406,81.4017027053928));
#7012=CARTESIAN_POINT('Ctrl Pts',(-58.4087882358382,46.6968359317227,82.2267145212528));
#7013=CARTESIAN_POINT('Ctrl Pts',(-57.8346815383182,45.198513930451,83.2217397324684));
#7014=CARTESIAN_POINT('Ctrl Pts',(-56.0146950918637,44.8296757263478,83.5634934829518));
#7015=CARTESIAN_POINT('Ctrl Pts',(-54.6165140808444,45.9784127018117,83.0275112651888));
#7016=CARTESIAN_POINT('Ctrl Pts',(-54.9185154719936,47.6450748111796,82.1919712232024));
#7017=CARTESIAN_POINT('Ctrl Pts',(-56.6482766486315,48.3513087246058,81.9119241701937));
#7018=CARTESIAN_POINT('Ctrl Pts',(-57.6896262721795,47.7884751685979,82.3230727568868));
#7019=CARTESIAN_POINT('Ctrl Pts',(-57.9481553449647,47.3827442502805,82.6005479311807));
#7020=CARTESIAN_POINT('Ctrl Pts',(-57.8423577422609,45.5644267048562,78.6856535199523));
#7021=CARTESIAN_POINT('Ctrl Pts',(-58.2292971608721,45.1891578452925,78.9455100319256));
#7022=CARTESIAN_POINT('Ctrl Pts',(-58.5058433093363,44.0840322819858,79.6703097684974));
#7023=CARTESIAN_POINT('Ctrl Pts',(-57.0612018674789,42.9018706100953,80.4824739942627));
#7024=CARTESIAN_POINT('Ctrl Pts',(-55.0780239013629,43.3409887548963,80.3569215066403));
#7025=CARTESIAN_POINT('Ctrl Pts',(-54.3743062131884,45.0454200893579,79.4995364794406));
#7026=CARTESIAN_POINT('Ctrl Pts',(-55.59373766698,46.5075751229219,78.7822793526014));
#7027=CARTESIAN_POINT('Ctrl Pts',(-57.6199526554111,46.4383037291901,78.9507694862992));
#7028=CARTESIAN_POINT('Ctrl Pts',(-58.5971875335417,44.9525361785034,79.9385334474704));
#7029=CARTESIAN_POINT('Ctrl Pts',(-57.6305846380872,43.4616490546795,80.9292584701723));
#7030=CARTESIAN_POINT('Ctrl Pts',(-55.6053092104221,43.3820700187549,81.1037103436394));
#7031=CARTESIAN_POINT('Ctrl Pts',(-54.3761064114222,44.837593629922,80.3902887025385));
#7032=CARTESIAN_POINT('Ctrl Pts',(-55.0686585823324,46.5462645689438,79.5304515705183));
#7033=CARTESIAN_POINT('Ctrl Pts',(-57.0487378036438,46.9942593144667,79.3997650296809));
#7034=CARTESIAN_POINT('Ctrl Pts',(-58.5030059484941,45.8222868252717,80.2060360303466));
#7035=CARTESIAN_POINT('Ctrl Pts',(-58.0996601924873,44.1545967193643,81.2990204592101));
#7036=CARTESIAN_POINT('Ctrl Pts',(-56.2080799721647,43.5694157805499,81.7659026397587));
#7037=CARTESIAN_POINT('Ctrl Pts',(-54.5605551568924,44.6536181277838,81.2672459958172));
#7038=CARTESIAN_POINT('Ctrl Pts',(-54.6658718829989,46.4652747969669,80.3478439204612));
#7039=CARTESIAN_POINT('Ctrl Pts',(-56.4275822231899,47.3962612276852,79.9378043827062));
#7040=CARTESIAN_POINT('Ctrl Pts',(-58.2323300003006,46.6449617803045,80.5007662777383));
#7041=CARTESIAN_POINT('Ctrl Pts',(-58.4273458088,44.9503807900755,81.6093038710874));
#7042=CARTESIAN_POINT('Ctrl Pts',(-56.8340362069297,43.9153701175838,82.3363588207689));
#7043=CARTESIAN_POINT('Ctrl Pts',(-54.9115376365248,44.5387539694265,82.1042306320131));
#7044=CARTESIAN_POINT('Ctrl Pts',(-54.4204545925718,46.3006158273958,81.2136289069941));
#7045=CARTESIAN_POINT('Ctrl Pts',(-55.8105155844782,47.6384330311954,80.5682863626198));
#7046=CARTESIAN_POINT('Ctrl Pts',(-57.8087176789234,47.378018052931,80.8473302280227));
#7047=CARTESIAN_POINT('Ctrl Pts',(-58.5851267635065,45.8088291620798,81.883343469867));
#7048=CARTESIAN_POINT('Ctrl Pts',(-57.4287180278538,44.4188836437199,82.8156858312017));
#7049=CARTESIAN_POINT('Ctrl Pts',(-55.3985131275107,44.532055120065,82.878654557214));
#7050=CARTESIAN_POINT('Ctrl Pts',(-54.3537644714227,46.0956664078784,82.1027171061592));
#7051=CARTESIAN_POINT('Ctrl Pts',(-55.251217395911,47.7287673479402,81.2865881917617));
#7052=CARTESIAN_POINT('Ctrl Pts',(-57.2690459540757,47.9867173976263,81.2658198067802));
#7053=CARTESIAN_POINT('Ctrl Pts',(-58.559233328318,46.6843358510241,82.147516869899));
#7054=CARTESIAN_POINT('Ctrl Pts',(-57.9404719732028,45.0651434674705,83.2124511593948));
#7055=CARTESIAN_POINT('Ctrl Pts',(-55.9789249563083,44.6632873873181,83.573301807214));
#7056=CARTESIAN_POINT('Ctrl Pts',(-54.4719918708526,45.8970451724183,82.9881452067437));
#7057=CARTESIAN_POINT('Ctrl Pts',(-54.7974832661653,47.6890128845007,82.0801308412402));
#7058=CARTESIAN_POINT('Ctrl Pts',(-56.6617871913862,48.4458492271376,81.7708163273526));
#7059=CARTESIAN_POINT('Ctrl Pts',(-57.7841341470978,47.8363516975408,82.2089544487928));
#7060=CARTESIAN_POINT('Ctrl Pts',(-58.0627718987637,47.3976195003026,82.5055169209662));
#7061=CARTESIAN_POINT('Ctrl Pts',(-57.9410674870673,45.5996427951713,78.5788577633252));
#7062=CARTESIAN_POINT('Ctrl Pts',(-58.3559314796768,45.1959526673651,78.8551525840792));
#7063=CARTESIAN_POINT('Ctrl Pts',(-58.65243536058,44.0083947361491,79.6276295990067));
#7064=CARTESIAN_POINT('Ctrl Pts',(-57.103537296358,42.736902235355,80.4914610387971));
#7065=CARTESIAN_POINT('Ctrl Pts',(-54.9772377013699,43.2036937799132,80.3499027949805));
#7066=CARTESIAN_POINT('Ctrl Pts',(-54.2227342423171,45.027113407617,79.423697253196));
#7067=CARTESIAN_POINT('Ctrl Pts',(-55.5301694047757,46.590772182147,78.6477323367479));
#7068=CARTESIAN_POINT('Ctrl Pts',(-57.7026119101237,46.5124848238794,78.8214371289801));
#7069=CARTESIAN_POINT('Ctrl Pts',(-58.7503716982414,44.9154758701244,79.8735409541303));
#7070=CARTESIAN_POINT('Ctrl Pts',(-57.7140111798032,43.3129778748036,80.9288195341646));
#7071=CARTESIAN_POINT('Ctrl Pts',(-55.5425760412725,43.2236389942853,81.1089163119234));
#7072=CARTESIAN_POINT('Ctrl Pts',(-54.2246643569317,44.7801877711258,80.3370636798551));
#7073=CARTESIAN_POINT('Ctrl Pts',(-54.9671965076888,46.6081529664052,79.4082290701927));
#7074=CARTESIAN_POINT('Ctrl Pts',(-57.0901737282178,47.0844617166012,79.261166259737));
#7075=CARTESIAN_POINT('Ctrl Pts',(-58.6493932335935,45.8238937295969,80.1186791732245));
#7076=CARTESIAN_POINT('Ctrl Pts',(-58.2169388939978,44.0318332665501,81.2835969977542));
#7077=CARTESIAN_POINT('Ctrl Pts',(-56.1888474543592,43.4004042964341,81.7772281401207));
#7078=CARTESIAN_POINT('Ctrl Pts',(-54.422424366114,44.5588343635061,81.2356396266942));
#7079=CARTESIAN_POINT('Ctrl Pts',(-54.5353415706673,46.4972175444998,80.2429414016356));
#7080=CARTESIAN_POINT('Ctrl Pts',(-56.4241907041473,47.4913744364966,79.7963652976916));
#7081=CARTESIAN_POINT('Ctrl Pts',(-58.3591831925129,46.6818385473248,80.3930100180038));
#7082=CARTESIAN_POINT('Ctrl Pts',(-58.5682728666183,44.8609465434789,81.5746034449815));
#7083=CARTESIAN_POINT('Ctrl Pts',(-56.8599775854931,43.7472246088011,82.3471834578407));
#7084=CARTESIAN_POINT('Ctrl Pts',(-54.7987364858738,44.4115799146289,82.0913581769618));
#7085=CARTESIAN_POINT('Ctrl Pts',(-54.2722130495996,46.2965747014768,81.1295387607157));
#7086=CARTESIAN_POINT('Ctrl Pts',(-55.7625917118273,47.726922456226,80.4306783453169));
#7087=CARTESIAN_POINT('Ctrl Pts',(-57.9049996937215,47.4436970977787,80.7229152909738));
#7088=CARTESIAN_POINT('Ctrl Pts',(-58.7374405287351,45.7572464676659,81.8267504421609));
#7089=CARTESIAN_POINT('Ctrl Pts',(-57.4975762965429,44.2629748133405,82.8194330114785));
#7090=CARTESIAN_POINT('Ctrl Pts',(-55.3208559360413,44.3802968292094,82.8800011461551));
#7091=CARTESIAN_POINT('Ctrl Pts',(-54.2007100478459,46.0527337346007,82.0411210744637));
#7092=CARTESIAN_POINT('Ctrl Pts',(-55.1629301927166,47.7996752088993,81.1591490091704));
#7093=CARTESIAN_POINT('Ctrl Pts',(-57.3263810374152,48.0722241520121,81.1299369081678));
#7094=CARTESIAN_POINT('Ctrl Pts',(-58.7096784207979,46.6718357703254,82.0683192185452));
#7095=CARTESIAN_POINT('Ctrl Pts',(-58.0462624080874,44.9317730044901,83.2031625863213));
#7096=CARTESIAN_POINT('Ctrl Pts',(-55.943154820753,44.4968990482884,83.5831101314762));
#7097=CARTESIAN_POINT('Ctrl Pts',(-54.3274696608607,45.8156776430249,82.9487791482986));
#7098=CARTESIAN_POINT('Ctrl Pts',(-54.6764510603369,47.7329509578219,81.968290459278));
#7099=CARTESIAN_POINT('Ctrl Pts',(-56.6752977341408,48.5403897296694,81.6297084845115));
#7100=CARTESIAN_POINT('Ctrl Pts',(-57.8786420220162,47.8842282264836,82.0948361406988));
#7101=CARTESIAN_POINT('Ctrl Pts',(-58.1773884525627,47.4124947503248,82.4104859107516));
#7102=CARTESIAN_POINT('Ctrl Pts',(-58.0397772318738,45.6348588854863,78.4720620066982));
#7103=CARTESIAN_POINT('Ctrl Pts',(-58.4825657984815,45.2027474894377,78.7647951362329));
#7104=CARTESIAN_POINT('Ctrl Pts',(-58.7990274118237,43.9327571903125,79.5849494295159));
#7105=CARTESIAN_POINT('Ctrl Pts',(-57.1458727252371,42.5719338606147,80.5004480833315));
#7106=CARTESIAN_POINT('Ctrl Pts',(-54.8764515013768,43.0663988049301,80.3428840833207));
#7107=CARTESIAN_POINT('Ctrl Pts',(-54.0711622714458,45.0088067258761,79.3478580269514));
#7108=CARTESIAN_POINT('Ctrl Pts',(-55.4666011425713,46.6739692413721,78.5131853208946));
#7109=CARTESIAN_POINT('Ctrl Pts',(-57.7852711648363,46.5866659185688,78.6921047716609));
#7110=CARTESIAN_POINT('Ctrl Pts',(-58.9035558629413,44.8784155617454,79.8085484607903));
#7111=CARTESIAN_POINT('Ctrl Pts',(-57.7974377215192,43.1643066949277,80.9283805981567));
#7112=CARTESIAN_POINT('Ctrl Pts',(-55.479842872123,43.0652079698157,81.1141222802075));
#7113=CARTESIAN_POINT('Ctrl Pts',(-54.073222302441,44.7227819123297,80.2838386571717));
#7114=CARTESIAN_POINT('Ctrl Pts',(-54.8657344330453,46.6700413638666,79.2860065698672));
#7115=CARTESIAN_POINT('Ctrl Pts',(-57.1316096527917,47.1746641187357,79.1225674897932));
#7116=CARTESIAN_POINT('Ctrl Pts',(-58.795780518693,45.8255006339221,80.0313223161025));
#7117=CARTESIAN_POINT('Ctrl Pts',(-58.3342175955083,43.9090698137358,81.2681735362983));
#7118=CARTESIAN_POINT('Ctrl Pts',(-56.1696149365537,43.2313928123184,81.7885536404826));
#7119=CARTESIAN_POINT('Ctrl Pts',(-54.2842935753356,44.4640505992284,81.2040332575712));
#7120=CARTESIAN_POINT('Ctrl Pts',(-54.4048112583358,46.5291602920327,80.1380388828098));
#7121=CARTESIAN_POINT('Ctrl Pts',(-56.4207991851047,47.586487645308,79.6549262126771));
#7122=CARTESIAN_POINT('Ctrl Pts',(-58.4860363847251,46.7187153143451,80.2852537582694));
#7123=CARTESIAN_POINT('Ctrl Pts',(-58.7091999244367,44.7715122968822,81.5399030188756));
#7124=CARTESIAN_POINT('Ctrl Pts',(-56.8859189640564,43.5790791000185,82.3580080949125));
#7125=CARTESIAN_POINT('Ctrl Pts',(-54.6859353352229,44.2844058598314,82.0784857219104));
#7126=CARTESIAN_POINT('Ctrl Pts',(-54.1239715066274,46.2925335755577,81.0454486144372));
#7127=CARTESIAN_POINT('Ctrl Pts',(-55.7146678391765,47.8154118812565,80.2930703280139));
#7128=CARTESIAN_POINT('Ctrl Pts',(-58.0012817085196,47.5093761426264,80.5985003539251));
#7129=CARTESIAN_POINT('Ctrl Pts',(-58.8897542939638,45.705663773252,81.7701574144546));
#7130=CARTESIAN_POINT('Ctrl Pts',(-57.5664345652319,44.1070659829611,82.8231801917555));
#7131=CARTESIAN_POINT('Ctrl Pts',(-55.2431987445719,44.2285385383538,82.8813477350959));
#7132=CARTESIAN_POINT('Ctrl Pts',(-54.0476556242692,46.009801061323,81.9795250427683));
#7133=CARTESIAN_POINT('Ctrl Pts',(-55.0746429895222,47.8705830698584,81.0317098265791));
#7134=CARTESIAN_POINT('Ctrl Pts',(-57.3837161207547,48.1577309063978,80.9940540095552));
#7135=CARTESIAN_POINT('Ctrl Pts',(-58.8601235132777,46.6593356896267,81.9891215671915));
#7136=CARTESIAN_POINT('Ctrl Pts',(-58.1520528429721,44.7984025415098,83.1938740132477));
#7137=CARTESIAN_POINT('Ctrl Pts',(-55.9073846851975,44.3305107092587,83.5929184557385));
#7138=CARTESIAN_POINT('Ctrl Pts',(-54.1829474508688,45.7343101136315,82.9094130898534));
#7139=CARTESIAN_POINT('Ctrl Pts',(-54.5554188545085,47.776889031143,81.8564500773159));
#7140=CARTESIAN_POINT('Ctrl Pts',(-56.6888082768955,48.6349302322013,81.4886006416703));
#7141=CARTESIAN_POINT('Ctrl Pts',(-57.9731498969346,47.9321047554265,81.9807178326049));
#7142=CARTESIAN_POINT('Ctrl Pts',(-58.2920050063617,47.427370000347,82.3154549005371));
#7143=CARTESIAN_POINT('Ctrl Pts',(-58.2920050063616,47.427370000347,82.3154549005371));
#7144=CARTESIAN_POINT('Ctrl Pts',(-58.2511681335535,47.4814421995558,82.2841805921754));
#7145=CARTESIAN_POINT('Ctrl Pts',(-58.2067302131096,47.533305336232,82.2541839626182));
#7146=CARTESIAN_POINT('Ctrl Pts',(-58.159021167234,47.5828303436408,82.2255396615544));
#7147=CARTESIAN_POINT('Ctrl Pts',(-58.1125347510088,47.6310861841362,82.1976294219491));
#7148=CARTESIAN_POINT('Ctrl Pts',(-58.0629417208865,47.6771223790544,82.1710029821754));
#7149=CARTESIAN_POINT('Ctrl Pts',(-58.0105211534703,47.720786874548,82.1457482872212));
#7150=CARTESIAN_POINT('Ctrl Pts',(-57.9988263684848,47.7305282205781,82.1401140821387));
#7151=CARTESIAN_POINT('Ctrl Pts',(-57.9869891797406,47.7401526517788,82.1345474983196));
#7152=CARTESIAN_POINT('Ctrl Pts',(-57.9750176945242,47.7496541869521,82.1290519951726));
#7153=CARTESIAN_POINT('Ctrl Pts',(-57.920075397422,47.7932608204639,82.1038307664632));
#7154=CARTESIAN_POINT('Ctrl Pts',(-57.8624162341965,47.8341963606818,82.0801544461645));
#7155=CARTESIAN_POINT('Ctrl Pts',(-57.8023576600231,47.8723119801426,82.0581091131865));
#7156=CARTESIAN_POINT('Ctrl Pts',(-57.7601751985578,47.8990826897583,82.0426254554135));
#7157=CARTESIAN_POINT('Ctrl Pts',(-57.7168084165483,47.924461549335,82.0279468166327));
#7158=CARTESIAN_POINT('Ctrl Pts',(-57.6723619715394,47.9483845071537,82.0141102431127));
#7159=CARTESIAN_POINT('Ctrl Pts',(-57.6554355914702,47.9574950012851,82.0088409104988));
#7160=CARTESIAN_POINT('Ctrl Pts',(-57.6383526006336,47.9663942354123,82.0036937665626));
#7161=CARTESIAN_POINT('Ctrl Pts',(-57.6211187037103,47.9750782465802,81.9986711034001));
#7162=CARTESIAN_POINT('Ctrl Pts',(-57.6048063114066,47.9832979195637,81.9939170044125));
#7163=CARTESIAN_POINT('Ctrl Pts',(-57.5883534867086,47.9913270986467,81.9892730833919));
#7164=CARTESIAN_POINT('Ctrl Pts',(-57.5717943900317,47.9991487898974,81.9847491692981));
#7165=CARTESIAN_POINT('Ctrl Pts',(-57.508048090794,48.029259361793,81.9673338001401));
#7166=CARTESIAN_POINT('Ctrl Pts',(-57.4426625636095,48.0563338904748,81.9516744193283));
#7167=CARTESIAN_POINT('Ctrl Pts',(-57.3759307831889,48.0802329086896,81.9378516920095));
#7168=CARTESIAN_POINT('Ctrl Pts',(-57.3106282679957,48.103620056316,81.9243250206836));
#7169=CARTESIAN_POINT('Ctrl Pts',(-57.2440356229534,48.1239663960489,81.912557093502));
#7170=CARTESIAN_POINT('Ctrl Pts',(-57.1764188166312,48.1410994532122,81.9026476664629));
#7171=CARTESIAN_POINT('Ctrl Pts',(-57.110287375671,48.1578561416732,81.8929559237612));
#7172=CARTESIAN_POINT('Ctrl Pts',(-57.0431755113663,48.1715392670709,81.8850418701569));
#7173=CARTESIAN_POINT('Ctrl Pts',(-56.9753360393023,48.1819454281987,81.879023148952));
#7174=CARTESIAN_POINT('Ctrl Pts',(-56.9534715228692,48.1852993116247,81.8770833280088));
#7175=CARTESIAN_POINT('Ctrl Pts',(-56.9315315038118,48.1883124593988,81.8753405819396));
#7176=CARTESIAN_POINT('Ctrl Pts',(-56.9095247333323,48.1909770765588,81.8737994191988));
#7177=CARTESIAN_POINT('Ctrl Pts',(-56.8975255065566,48.192429963324,81.8729590977513));
#7178=CARTESIAN_POINT('Ctrl Pts',(-56.8855046701105,48.1937793386441,81.8721786453105));
#7179=CARTESIAN_POINT('Ctrl Pts',(-56.8734804130127,48.1950223484211,81.871459712631));
#7180=CARTESIAN_POINT('Ctrl Pts',(-56.8056287238346,48.2020365292014,81.8674028468878));
#7181=CARTESIAN_POINT('Ctrl Pts',(-56.7375548830081,48.2056822248832,81.8652942474113));
#7182=CARTESIAN_POINT('Ctrl Pts',(-56.6695058472948,48.2058060950462,81.8652226033182));
#7183=CARTESIAN_POINT('Ctrl Pts',(-56.6588310194054,48.2058255265143,81.865211364535));
#7184=CARTESIAN_POINT('Ctrl Pts',(-56.6481568090915,48.2057582024737,81.8652503034507));
#7185=CARTESIAN_POINT('Ctrl Pts',(-56.6374841819757,48.2056034291973,81.8653398213035));
#7186=CARTESIAN_POINT('Ctrl Pts',(-56.5681163030321,48.2045974637702,81.8659216521413));
#7187=CARTESIAN_POINT('Ctrl Pts',(-56.49881384507,48.1999006900636,81.8686381747047));
#7188=CARTESIAN_POINT('Ctrl Pts',(-56.4299008656958,48.1916627689761,81.8734028280409));
#7189=CARTESIAN_POINT('Ctrl Pts',(-56.3655951957308,48.1839756099029,81.8778489313397));
#7190=CARTESIAN_POINT('Ctrl Pts',(-56.3016281542416,48.1732041776736,81.8840789182455));
#7191=CARTESIAN_POINT('Ctrl Pts',(-56.2382836333752,48.1594402542061,81.8920397038819));
#7192=CARTESIAN_POINT('Ctrl Pts',(-56.2233992985217,48.1562060858362,81.893910283965));
#7193=CARTESIAN_POINT('Ctrl Pts',(-56.2085494475009,48.1528065833919,81.8958764900612));
#7194=CARTESIAN_POINT('Ctrl Pts',(-56.1937379871845,48.1492427444933,81.8979377451664));
#7195=CARTESIAN_POINT('Ctrl Pts',(-56.183892690127,48.1468738320517,81.8993078780492));
#7196=CARTESIAN_POINT('Ctrl Pts',(-56.1740665097413,48.1444327826233,81.9007197335621));
#7197=CARTESIAN_POINT('Ctrl Pts',(-56.1642689269651,48.1419222340059,81.9021717860542));
#7198=CARTESIAN_POINT('Ctrl Pts',(-56.098725309358,48.1251272303487,81.9118856895203));
#7199=CARTESIAN_POINT('Ctrl Pts',(-56.0343508544593,48.1051994153286,81.923411550148));
#7200=CARTESIAN_POINT('Ctrl Pts',(-55.9714470027801,48.0822961478027,81.9366583546348));
#7201=CARTESIAN_POINT('Ctrl Pts',(-55.9088315121725,48.059497872429,81.9498444337029));
#7202=CARTESIAN_POINT('Ctrl Pts',(-55.847672282614,48.033750754677,81.9647360658499));
#7203=CARTESIAN_POINT('Ctrl Pts',(-55.7882964400107,48.0051740350702,81.9812642846763));
#7204=CARTESIAN_POINT('Ctrl Pts',(-55.7301871486083,47.9772068879251,81.9974399386466));
#7205=CARTESIAN_POINT('Ctrl Pts',(-55.6737853012542,47.9465289608243,82.0151834550207));
#7206=CARTESIAN_POINT('Ctrl Pts',(-55.6194374708173,47.9132265649097,82.0344449131129));
#7207=CARTESIAN_POINT('Ctrl Pts',(-55.6078929674383,47.9061525084281,82.0385364097972));
#7208=CARTESIAN_POINT('Ctrl Pts',(-55.5964413115078,47.8989599564532,82.0426964419701));
#7209=CARTESIAN_POINT('Ctrl Pts',(-55.5850861070645,47.8916496231744,82.0469245965585));
#7210=CARTESIAN_POINT('Ctrl Pts',(-55.5745181339509,47.8848460992108,82.0508596224959));
#7211=CARTESIAN_POINT('Ctrl Pts',(-55.564032599026,47.8779396822528,82.0548541597402));
#7212=CARTESIAN_POINT('Ctrl Pts',(-55.5536487073703,47.8709422454135,82.0589013411136));
#7213=CARTESIAN_POINT('Ctrl Pts',(-55.5021026427046,47.8362066815443,82.0789917156768));
#7214=CARTESIAN_POINT('Ctrl Pts',(-55.4529627997517,47.7991704429077,82.1004127557792));
#7215=CARTESIAN_POINT('Ctrl Pts',(-55.4065194210649,47.759947650609,82.123098455993));
#7216=CARTESIAN_POINT('Ctrl Pts',(-55.3609557591417,47.721467804859,82.1453544503728));
#7217=CARTESIAN_POINT('Ctrl Pts',(-55.317986796266,47.6808828821097,82.1688279803469));
#7218=CARTESIAN_POINT('Ctrl Pts',(-55.2779291051059,47.638278328547,82.1934696255034));
#7219=CARTESIAN_POINT('Ctrl Pts',(-55.2391699647358,47.5970548874518,82.2173124620701));
#7220=CARTESIAN_POINT('Ctrl Pts',(-55.2031360655089,47.5539401381217,82.2422491945355));
#7221=CARTESIAN_POINT('Ctrl Pts',(-55.1701608332885,47.508998170625,82.2682427544505));
#7222=CARTESIAN_POINT('Ctrl Pts',(-55.1645478328207,47.5013482082866,82.2726673438814));
#7223=CARTESIAN_POINT('Ctrl Pts',(-55.159023574882,47.4936452810814,82.2771225671612));
#7224=CARTESIAN_POINT('Ctrl Pts',(-55.1535898549981,47.4858896804699,82.2816082557147));
#7225=CARTESIAN_POINT('Ctrl Pts',(-55.1481316331076,47.4780991079089,82.2861141713636));
#7226=CARTESIAN_POINT('Ctrl Pts',(-55.1427647686479,47.4702553850205,82.2906508281282));
#7227=CARTESIAN_POINT('Ctrl Pts',(-55.1374896272333,47.4623598104716,82.2952174748847));
#7228=CARTESIAN_POINT('Ctrl Pts',(-54.8071278444823,45.1587764989017,80.3103851317584));
#7229=CARTESIAN_POINT('Ctrl Pts',(-54.8064147042356,45.0835439851634,80.347419854834));
#7230=CARTESIAN_POINT('Ctrl Pts',(-54.8121675030969,45.0083966658547,80.3844053031086));
#7231=CARTESIAN_POINT('Ctrl Pts',(-54.8247261500332,44.9341458615965,80.4208722245144));
#7232=CARTESIAN_POINT('Ctrl Pts',(-54.9077131037991,44.4435000068869,80.661843941933));
#7233=CARTESIAN_POINT('Ctrl Pts',(-55.2878777416853,43.9920005250558,80.8801741586442));
#7234=CARTESIAN_POINT('Ctrl Pts',(-55.7911460134284,43.7778873160287,80.9612047721372));
#7235=CARTESIAN_POINT('Ctrl Pts',(-56.2944142851714,43.5637741070016,81.0422353856303));
#7236=CARTESIAN_POINT('Ctrl Pts',(-56.9207861907713,43.5870471707785,80.9859663959052));
#7237=CARTESIAN_POINT('Ctrl Pts',(-57.3834463556497,43.8285630780548,80.8034699901478));
#7238=CARTESIAN_POINT('Ctrl Pts',(-57.8461065205281,44.0700789853311,80.6209735843903));
#7239=CARTESIAN_POINT('Ctrl Pts',(-58.145054944685,44.5298377361068,80.3122497626004));
#7240=CARTESIAN_POINT('Ctrl Pts',(-58.1434108287395,44.9888048027643,80.0039838355067));
#7241=CARTESIAN_POINT('Ctrl Pts',(-58.1417667127941,45.4477718694219,79.6957179084131));
#7242=CARTESIAN_POINT('Ctrl Pts',(-57.8395300567462,45.9059472519613,79.3879098760157));
#7243=CARTESIAN_POINT('Ctrl Pts',(-57.37508048347,46.1450775147637,79.2067932806231));
#7244=CARTESIAN_POINT('Ctrl Pts',(-56.9106309101937,46.3842077775661,79.0256766852305));
#7245=CARTESIAN_POINT('Ctrl Pts',(-56.2839684196891,46.4042929206315,78.9712515268426));
#7246=CARTESIAN_POINT('Ctrl Pts',(-55.7820658835826,46.1875602767311,79.0537971705204));
#7247=CARTESIAN_POINT('Ctrl Pts',(-55.2801633474761,45.9708276328308,79.1363428141983));
#7248=CARTESIAN_POINT('Ctrl Pts',(-54.9030207657679,45.5172772019648,79.3558592599418));
#7249=CARTESIAN_POINT('Ctrl Pts',(-54.8232714611298,45.0262614796619,79.5970449015827));
#7250=CARTESIAN_POINT('Ctrl Pts',(-54.8116797032045,44.9548911345998,79.6321018288582));
#7251=CARTESIAN_POINT('Ctrl Pts',(-54.8063710737913,44.8827292476334,79.6676165685764));
#7252=CARTESIAN_POINT('Ctrl Pts',(-54.8070398968697,44.8104917453261,79.7031750427371));
#7253=CARTESIAN_POINT('Ctrl Pts',(-55.944406900413,42.8764314670118,80.3267651410922));
#7254=CARTESIAN_POINT('Ctrl Pts',(-55.284100847325,43.047635198305,80.2705525349657));
#7255=CARTESIAN_POINT('Ctrl Pts',(-54.1649582400495,44.0039923516986,79.8030307623767));
#7256=CARTESIAN_POINT('Ctrl Pts',(-54.59391918012,46.0386418461089,78.75465397394));
#7257=CARTESIAN_POINT('Ctrl Pts',(-56.7488095124991,46.8507740104575,78.4133574322336));
#7258=CARTESIAN_POINT('Ctrl Pts',(-58.6508789880076,45.7511087200814,79.1778073554191));
#7259=CARTESIAN_POINT('Ctrl Pts',(-58.5607141350509,43.7959114817119,80.4370803179166));
#7260=CARTESIAN_POINT('Ctrl Pts',(-56.5597081455232,42.827522717564,81.1256024515543));
#7261=CARTESIAN_POINT('Ctrl Pts',(-54.4809192630406,43.783364948775,80.7011868022199));
#7262=CARTESIAN_POINT('Ctrl Pts',(-54.2278168376186,45.8392441287051,79.6405311765787));
#7263=CARTESIAN_POINT('Ctrl Pts',(-56.0323144790375,47.1632920586442,79.0031525124041));
#7264=CARTESIAN_POINT('Ctrl Pts',(-58.2418126635876,46.5939727071764,79.4608606593264));
#7265=CARTESIAN_POINT('Ctrl Pts',(-58.8329037657976,44.7036153637893,80.6826314876499));
#7266=CARTESIAN_POINT('Ctrl Pts',(-57.2642593809169,43.2743711263752,81.6377034637571));
#7267=CARTESIAN_POINT('Ctrl Pts',(-54.9724341418345,43.666094811566,81.5395630097891));
#7268=CARTESIAN_POINT('Ctrl Pts',(-54.056254992942,45.5710240566134,80.5662138906296));
#7269=CARTESIAN_POINT('Ctrl Pts',(-55.3547507582411,47.2956153916931,79.6971687111683));
#7270=CARTESIAN_POINT('Ctrl Pts',(-57.6787717412783,47.3114783942574,79.8164187658439));
#7271=CARTESIAN_POINT('Ctrl Pts',(-58.9000038066062,45.6550577408483,80.9028851625643));
#7272=CARTESIAN_POINT('Ctrl Pts',(-57.9000550782597,43.8942585586477,82.0497220702594));
#7273=CARTESIAN_POINT('Ctrl Pts',(-55.594668350481,43.692574602021,82.294797055018));
#7274=CARTESIAN_POINT('Ctrl Pts',(-54.0950930003082,45.2856780518688,81.5018019110413));
#7275=CARTESIAN_POINT('Ctrl Pts',(-54.7746246414362,47.2655932605587,80.4850823689275));
#7276=CARTESIAN_POINT('Ctrl Pts',(-57.0109552880676,47.8701063699199,80.2638686506023));
#7277=CARTESIAN_POINT('Ctrl Pts',(-58.7560762088262,46.5965825876118,81.1288749441137));
#7278=CARTESIAN_POINT('Ctrl Pts',(-58.4118240648073,44.6622739101156,82.3760663692678));
#7279=CARTESIAN_POINT('Ctrl Pts',(-56.2934605650087,43.8895723928905,82.9514068052447));
#7280=CARTESIAN_POINT('Ctrl Pts',(-54.3409629618019,45.0370820901227,82.4161344213413));
#7281=CARTESIAN_POINT('Ctrl Pts',(-54.3424046101651,47.1048977328007,81.3485749778016));
#7282=CARTESIAN_POINT('Ctrl Pts',(-56.2964733196871,48.2503067149994,80.8145176066162));
#7283=CARTESIAN_POINT('Ctrl Pts',(-58.413636102467,47.4753282963176,81.3911749581119));
#7284=CARTESIAN_POINT('Ctrl Pts',(-58.7550530549295,45.540649844164,82.6385802537361));
#7285=CARTESIAN_POINT('Ctrl Pts',(-57.0079821476576,44.269006118101,83.5024991592808));
#7286=CARTESIAN_POINT('Ctrl Pts',(-54.7725332259476,44.8759187197272,83.2798976212976));
#7287=CARTESIAN_POINT('Ctrl Pts',(-54.095568788076,46.856573824408,82.2627501377332));
#7288=CARTESIAN_POINT('Ctrl Pts',(-55.5977613756172,48.4480416744645,81.4707009928647));
#7289=CARTESIAN_POINT('Ctrl Pts',(-57.9019102294219,48.2439296421139,81.717180329398));
#7290=CARTESIAN_POINT('Ctrl Pts',(-58.901110067633,46.4819870262361,82.8646785768929));
#7291=CARTESIAN_POINT('Ctrl Pts',(-57.6736547084842,44.8272928400566,83.9501464185462));
#7292=CARTESIAN_POINT('Ctrl Pts',(-56.1311151785732,44.8406160703703,84.0280571258163));
#7293=CARTESIAN_POINT('Ctrl Pts',(-55.5250235653397,45.1325718741758,83.9020038694792));
#7294=CARTESIAN_POINT('Ctrl Pts',(-55.9778422205139,42.9473480739917,80.1993208999726));
#7295=CARTESIAN_POINT('Ctrl Pts',(-55.3591785372419,43.1089248509936,80.1486763369716));
#7296=CARTESIAN_POINT('Ctrl Pts',(-54.3106149442144,44.0073092018108,79.7146849058686));
#7297=CARTESIAN_POINT('Ctrl Pts',(-54.7125233530844,45.9171531645987,78.7384932095552));
#7298=CARTESIAN_POINT('Ctrl Pts',(-56.7315149765027,46.6815781648575,78.4247895636924));
#7299=CARTESIAN_POINT('Ctrl Pts',(-58.5136299549346,45.6547737049608,79.147098199613));
#7300=CARTESIAN_POINT('Ctrl Pts',(-58.4291513714489,43.8263916377907,80.3330237335418));
#7301=CARTESIAN_POINT('Ctrl Pts',(-56.5543393355131,42.9225847164804,80.9841929853471));
#7302=CARTESIAN_POINT('Ctrl Pts',(-54.6066498046249,43.8216566715452,80.5926121595992));
#7303=CARTESIAN_POINT('Ctrl Pts',(-54.3695093482798,45.7513914643158,79.6049159940846));
#7304=CARTESIAN_POINT('Ctrl Pts',(-56.0602058852494,46.9954481317145,79.0138027203977));
#7305=CARTESIAN_POINT('Ctrl Pts',(-58.1303615026999,46.4655432086902,79.4487143284872));
#7306=CARTESIAN_POINT('Ctrl Pts',(-58.6841752936419,44.6979118919715,80.599502809908));
#7307=CARTESIAN_POINT('Ctrl Pts',(-57.2144578673729,43.3623134654743,81.5004118703164));
#7308=CARTESIAN_POINT('Ctrl Pts',(-55.0671671721026,43.7328431546447,81.4145296114406));
#7309=CARTESIAN_POINT('Ctrl Pts',(-54.2087670951379,45.5211477087139,80.5086339452865));
#7310=CARTESIAN_POINT('Ctrl Pts',(-55.425372893489,47.1404874091482,79.7004642642446));
#7311=CARTESIAN_POINT('Ctrl Pts',(-57.602828899902,47.1588601656002,79.8182627260843));
#7312=CARTESIAN_POINT('Ctrl Pts',(-58.747043653246,45.6104122617815,80.8422797844246));
#7313=CARTESIAN_POINT('Ctrl Pts',(-57.8101569467424,43.9641684877376,81.9228600720523));
#7314=CARTESIAN_POINT('Ctrl Pts',(-55.6501600215226,43.7787139395204,82.1585482826357));
#7315=CARTESIAN_POINT('Ctrl Pts',(-54.2451557736542,45.2748580717741,81.4216325221748));
#7316=CARTESIAN_POINT('Ctrl Pts',(-54.8818325783481,47.1334195805445,80.4751015998627));
#7317=CARTESIAN_POINT('Ctrl Pts',(-56.9771284618084,47.7033190745244,80.2739077234672));
#7318=CARTESIAN_POINT('Ctrl Pts',(-58.6121928861652,46.5136205528759,81.0904311165468));
#7319=CARTESIAN_POINT('Ctrl Pts',(-58.2896510914974,44.7048097041547,82.2650370383691));
#7320=CARTESIAN_POINT('Ctrl Pts',(-56.3048827266376,43.9843489635806,82.8101624251722));
#7321=CARTESIAN_POINT('Ctrl Pts',(-54.4755198832551,45.0630008269888,82.3147160731232));
#7322=CARTESIAN_POINT('Ctrl Pts',(-54.4768706136961,47.0039193064365,81.3205514807482));
#7323=CARTESIAN_POINT('Ctrl Pts',(-56.307705481173,48.0806029369411,80.82624351633));
#7324=CARTESIAN_POINT('Ctrl Pts',(-58.2913488525394,47.358008888282,81.3726027670383));
#7325=CARTESIAN_POINT('Ctrl Pts',(-58.6112342577301,45.5488515848365,82.5474090715349));
#7326=CARTESIAN_POINT('Ctrl Pts',(-56.9743428232574,44.3609145532062,83.3629136530477));
#7327=CARTESIAN_POINT('Ctrl Pts',(-54.8798730585113,44.9330622148587,83.1604194801953));
#7328=CARTESIAN_POINT('Ctrl Pts',(-54.245601555745,46.7923169578905,82.2134876046693));
#7329=CARTESIAN_POINT('Ctrl Pts',(-55.6530579842389,48.2869286398713,81.4774581836413));
#7330=CARTESIAN_POINT('Ctrl Pts',(-57.8118951023229,48.0991991431456,81.7144621801962));
#7331=CARTESIAN_POINT('Ctrl Pts',(-58.7480801476388,46.4518840463613,82.7956621000605));
#7332=CARTESIAN_POINT('Ctrl Pts',(-57.5980345740874,44.9050537296755,83.8187435774639));
#7333=CARTESIAN_POINT('Ctrl Pts',(-56.1527756934448,44.9198768325309,83.8957867876272));
#7334=CARTESIAN_POINT('Ctrl Pts',(-55.5849074025368,45.1945904217638,83.7797060928518));
#7335=CARTESIAN_POINT('Ctrl Pts',(-56.0112775406148,43.0182646809717,80.0718766588529));
#7336=CARTESIAN_POINT('Ctrl Pts',(-55.4342562271588,43.1702145036822,80.0268001389776));
#7337=CARTESIAN_POINT('Ctrl Pts',(-54.4562716483793,44.0106260519229,79.6263390493604));
#7338=CARTESIAN_POINT('Ctrl Pts',(-54.8311275260489,45.7956644830886,78.7223324451703));
#7339=CARTESIAN_POINT('Ctrl Pts',(-56.7142204405062,46.5123823192574,78.4362216951512));
#7340=CARTESIAN_POINT('Ctrl Pts',(-58.3763809218616,45.5584386898403,79.116389043807));
#7341=CARTESIAN_POINT('Ctrl Pts',(-58.297588607847,43.8568717938695,80.228967149167));
#7342=CARTESIAN_POINT('Ctrl Pts',(-56.5489705255031,43.0176467153968,80.8427835191398));
#7343=CARTESIAN_POINT('Ctrl Pts',(-54.7323803462092,43.8599483943155,80.4840375169788));
#7344=CARTESIAN_POINT('Ctrl Pts',(-54.511201858941,45.6635387999265,79.5693008115905));
#7345=CARTESIAN_POINT('Ctrl Pts',(-56.0880972914614,46.8276042047849,79.0244529283912));
#7346=CARTESIAN_POINT('Ctrl Pts',(-58.0189103418122,46.337113710204,79.4365679976479));
#7347=CARTESIAN_POINT('Ctrl Pts',(-58.5354468214861,44.6922084201538,80.5163741321661));
#7348=CARTESIAN_POINT('Ctrl Pts',(-57.1646563538289,43.4502558045734,81.3631202768759));
#7349=CARTESIAN_POINT('Ctrl Pts',(-55.1619002023705,43.7995914977235,81.289496213092));
#7350=CARTESIAN_POINT('Ctrl Pts',(-54.3612791973339,45.4712713608143,80.4510539999434));
#7351=CARTESIAN_POINT('Ctrl Pts',(-55.4959950287368,46.9853594266033,79.7037598173209));
#7352=CARTESIAN_POINT('Ctrl Pts',(-57.5268860585257,47.0062419369431,79.8201066863246));
#7353=CARTESIAN_POINT('Ctrl Pts',(-58.5940834998859,45.5657667827146,80.7816744062849));
#7354=CARTESIAN_POINT('Ctrl Pts',(-57.720258815225,44.0340784168274,81.7959980738451));
#7355=CARTESIAN_POINT('Ctrl Pts',(-55.7056516925642,43.8648532770197,82.0222995102535));
#7356=CARTESIAN_POINT('Ctrl Pts',(-54.3952185470001,45.2640380916794,81.3414631333083));
#7357=CARTESIAN_POINT('Ctrl Pts',(-54.98904051526,47.0012459005303,80.4651208307979));
#7358=CARTESIAN_POINT('Ctrl Pts',(-56.9433016355491,47.5365317791288,80.2839467963321));
#7359=CARTESIAN_POINT('Ctrl Pts',(-58.4683095635041,46.4306585181401,81.0519872889798));
#7360=CARTESIAN_POINT('Ctrl Pts',(-58.1674781181874,44.7473454981938,82.1540077074705));
#7361=CARTESIAN_POINT('Ctrl Pts',(-56.3163048882664,44.0791255342707,82.6689180450997));
#7362=CARTESIAN_POINT('Ctrl Pts',(-54.6100768047081,45.0889195638549,82.2132977249051));
#7363=CARTESIAN_POINT('Ctrl Pts',(-54.6113366172272,46.9029408800724,81.2925279836947));
#7364=CARTESIAN_POINT('Ctrl Pts',(-56.3189376426588,47.910899158883,80.8379694260437));
#7365=CARTESIAN_POINT('Ctrl Pts',(-58.1690616026118,47.2406894802464,81.3540305759647));
#7366=CARTESIAN_POINT('Ctrl Pts',(-58.4674154605307,45.5570533255091,82.4562378893339));
#7367=CARTESIAN_POINT('Ctrl Pts',(-56.9407034988572,44.4528229883113,83.2233281468145));
#7368=CARTESIAN_POINT('Ctrl Pts',(-54.9872128910749,44.9902057099902,83.0409413390928));
#7369=CARTESIAN_POINT('Ctrl Pts',(-54.3956343234139,46.7280600913729,82.1642250716053));
#7370=CARTESIAN_POINT('Ctrl Pts',(-55.7083545928607,48.1258156052781,81.4842153744179));
#7371=CARTESIAN_POINT('Ctrl Pts',(-57.7218799752239,47.9544686441773,81.7117440309944));
#7372=CARTESIAN_POINT('Ctrl Pts',(-58.5950502276445,46.4217810664865,82.726645623228));
#7373=CARTESIAN_POINT('Ctrl Pts',(-57.5224144396906,44.9828146192945,83.6873407363816));
#7374=CARTESIAN_POINT('Ctrl Pts',(-56.1744362083164,44.9991375946915,83.7635164494382));
#7375=CARTESIAN_POINT('Ctrl Pts',(-55.6447912397338,45.2566089693517,83.6574083162243));
#7376=CARTESIAN_POINT('Ctrl Pts',(-56.0447128607158,43.0891812879517,79.9444324177332));
#7377=CARTESIAN_POINT('Ctrl Pts',(-55.5093339170757,43.2315041563708,79.9049239409835));
#7378=CARTESIAN_POINT('Ctrl Pts',(-54.6019283525442,44.013942902035,79.5379931928523));
#7379=CARTESIAN_POINT('Ctrl Pts',(-54.9497316990133,45.6741758015785,78.7061716807854));
#7380=CARTESIAN_POINT('Ctrl Pts',(-56.6969259045097,46.3431864736574,78.4476538266099));
#7381=CARTESIAN_POINT('Ctrl Pts',(-58.2391318887886,45.4621036747197,79.0856798880009));
#7382=CARTESIAN_POINT('Ctrl Pts',(-58.166025844245,43.8873519499482,80.1249105647921));
#7383=CARTESIAN_POINT('Ctrl Pts',(-56.5436017154931,43.1127087143133,80.7013740529326));
#7384=CARTESIAN_POINT('Ctrl Pts',(-54.8581108877933,43.8982401170858,80.3754628743582));
#7385=CARTESIAN_POINT('Ctrl Pts',(-54.6528943696023,45.5756861355372,79.5336856290964));
#7386=CARTESIAN_POINT('Ctrl Pts',(-56.1159886976733,46.6597602778553,79.0351031363848));
#7387=CARTESIAN_POINT('Ctrl Pts',(-57.9074591809245,46.2086842117178,79.4244216668088));
#7388=CARTESIAN_POINT('Ctrl Pts',(-58.3867183493304,44.6865049483361,80.4332454544242));
#7389=CARTESIAN_POINT('Ctrl Pts',(-57.1148548402849,43.5381981436725,81.2258286834352));
#7390=CARTESIAN_POINT('Ctrl Pts',(-55.2566332326385,43.8663398408022,81.1644628147434));
#7391=CARTESIAN_POINT('Ctrl Pts',(-54.5137912995299,45.4213950129148,80.3934740546004));
#7392=CARTESIAN_POINT('Ctrl Pts',(-55.5666171639846,46.8302314440584,79.7070553703972));
#7393=CARTESIAN_POINT('Ctrl Pts',(-57.4509432171493,46.8536237082859,79.8219506465649));
#7394=CARTESIAN_POINT('Ctrl Pts',(-58.4411233465257,45.5211213036478,80.7210690281451));
#7395=CARTESIAN_POINT('Ctrl Pts',(-57.6303606837077,44.1039883459173,81.6691360756381));
#7396=CARTESIAN_POINT('Ctrl Pts',(-55.7611433636058,43.950992614519,81.8860507378712));
#7397=CARTESIAN_POINT('Ctrl Pts',(-54.5452813203462,45.2532181115848,81.2612937444419));
#7398=CARTESIAN_POINT('Ctrl Pts',(-55.0962484521719,46.8690722205161,80.4551400617331));
#7399=CARTESIAN_POINT('Ctrl Pts',(-56.9094748092899,47.3697444837332,80.293985869197));
#7400=CARTESIAN_POINT('Ctrl Pts',(-58.324426240843,46.3476964834042,81.013543461413));
#7401=CARTESIAN_POINT('Ctrl Pts',(-58.0453051448774,44.7898812922329,82.0429783765719));
#7402=CARTESIAN_POINT('Ctrl Pts',(-56.3277270498952,44.1739021049607,82.5276736650272));
#7403=CARTESIAN_POINT('Ctrl Pts',(-54.7446337261613,45.1148383007209,82.1118793766869));
#7404=CARTESIAN_POINT('Ctrl Pts',(-54.7458026207581,46.8019624537083,81.2645044866413));
#7405=CARTESIAN_POINT('Ctrl Pts',(-56.3301698041447,47.7411953808248,80.8496953357573));
#7406=CARTESIAN_POINT('Ctrl Pts',(-58.0467743526842,47.1233700722108,81.3354583848912));
#7407=CARTESIAN_POINT('Ctrl Pts',(-58.3235966633314,45.5652550661816,82.3650667071327));
#7408=CARTESIAN_POINT('Ctrl Pts',(-56.9070641744569,44.5447314234165,83.0837426405813));
#7409=CARTESIAN_POINT('Ctrl Pts',(-55.0945527236387,45.0473492051217,82.9214631979903));
#7410=CARTESIAN_POINT('Ctrl Pts',(-54.5456670910828,46.6638032248554,82.1149625385415));
#7411=CARTESIAN_POINT('Ctrl Pts',(-55.7636512014824,47.964702570685,81.4909725651945));
#7412=CARTESIAN_POINT('Ctrl Pts',(-57.6318648481249,47.8097381452091,81.7090258817927));
#7413=CARTESIAN_POINT('Ctrl Pts',(-58.4420203076502,46.3916780866117,82.6576291463955));
#7414=CARTESIAN_POINT('Ctrl Pts',(-57.4467943052938,45.0605755089134,83.5559378952994));
#7415=CARTESIAN_POINT('Ctrl Pts',(-56.196096723188,45.0783983568521,83.6312461112491));
#7416=CARTESIAN_POINT('Ctrl Pts',(-55.7046750769309,45.3186275169396,83.5351105395969));
#7417=CARTESIAN_POINT('Ctrl Pts',(-55.7046750769309,45.3186275169396,83.5351105395969));
#7418=CARTESIAN_POINT('Ctrl Pts',(-55.756393745774,45.2882805290609,83.5526626471615));
#7419=CARTESIAN_POINT('Ctrl Pts',(-55.8100902754387,45.2607528632071,83.5685841137004));
#7420=CARTESIAN_POINT('Ctrl Pts',(-55.8654331437045,45.2359882488868,83.5829074849715));
#7421=CARTESIAN_POINT('Ctrl Pts',(-55.9005677284572,45.2202663597262,83.5920007198839));
#7422=CARTESIAN_POINT('Ctrl Pts',(-55.9363667445618,45.2056586475394,83.6004495365045));
#7423=CARTESIAN_POINT('Ctrl Pts',(-55.9727529924881,45.1921569829296,83.6082586367183));
#7424=CARTESIAN_POINT('Ctrl Pts',(-55.9975984884399,45.1829376879343,83.6135908976357));
#7425=CARTESIAN_POINT('Ctrl Pts',(-56.0227179011579,45.1742341919268,83.6186248304505));
#7426=CARTESIAN_POINT('Ctrl Pts',(-56.0480879061176,45.1660452914592,83.6233611312134));
#7427=CARTESIAN_POINT('Ctrl Pts',(-56.0615524118182,45.1616992340894,83.6258748062688));
#7428=CARTESIAN_POINT('Ctrl Pts',(-56.0750873833159,45.1574982955971,83.6283045473879));
#7429=CARTESIAN_POINT('Ctrl Pts',(-56.0886757549134,45.153446166156,83.630648220246));
#7430=CARTESIAN_POINT('Ctrl Pts',(-56.1510354976771,45.1348501373545,83.641403801627));
#7431=CARTESIAN_POINT('Ctrl Pts',(-56.2145875441917,45.1193619766214,83.6503618525627));
#7432=CARTESIAN_POINT('Ctrl Pts',(-56.2789816053236,45.1069404684374,83.657546211308));
#7433=CARTESIAN_POINT('Ctrl Pts',(-56.3254682518641,45.0979732709926,83.6627326639053));
#7434=CARTESIAN_POINT('Ctrl Pts',(-56.3723946168736,45.0906049830513,83.6669943383433));
#7435=CARTESIAN_POINT('Ctrl Pts',(-56.4196380485217,45.0848322766077,83.6703331594758));
#7436=CARTESIAN_POINT('Ctrl Pts',(-56.432582424277,45.083250594695,83.6712479735317));
#7437=CARTESIAN_POINT('Ctrl Pts',(-56.4455506363727,45.081788758026,83.6720934714294));
#7438=CARTESIAN_POINT('Ctrl Pts',(-56.4585402293531,45.0804468388689,83.6728696113707));
#7439=CARTESIAN_POINT('Ctrl Pts',(-56.4718065028636,45.0790763366066,83.673662283224));
#7440=CARTESIAN_POINT('Ctrl Pts',(-56.4850870163128,45.0778317801459,83.6743821104753));
#7441=CARTESIAN_POINT('Ctrl Pts',(-56.4983739156028,45.0767131952526,83.675029078222));
#7442=CARTESIAN_POINT('Ctrl Pts',(-56.5659046866778,45.0710279786564,83.6783172969284));
#7443=CARTESIAN_POINT('Ctrl Pts',(-56.6336393124002,45.0685894904938,83.6797276710549));
#7444=CARTESIAN_POINT('Ctrl Pts',(-56.701222680354,45.0693552731854,83.67928475724));
#7445=CARTESIAN_POINT('Ctrl Pts',(-56.7698037704144,45.0701323610004,83.6788353047615));
#7446=CARTESIAN_POINT('Ctrl Pts',(-56.8382301140229,45.0742087377978,83.6764776077042));
#7447=CARTESIAN_POINT('Ctrl Pts',(-56.9061521512581,45.0815818681295,83.6722131325218));
#7448=CARTESIAN_POINT('Ctrl Pts',(-56.9482814771315,45.086155126281,83.6695680489531));
#7449=CARTESIAN_POINT('Ctrl Pts',(-56.9902171536762,45.0919975610131,83.6661888983347));
#7450=CARTESIAN_POINT('Ctrl Pts',(-57.0318771480898,45.099117210509,83.6620710315378));
#7451=CARTESIAN_POINT('Ctrl Pts',(-57.0660523166344,45.1049577110881,83.6586929995958));
#7452=CARTESIAN_POINT('Ctrl Pts',(-57.1000420054778,45.1116578309905,83.6548177805562));
#7453=CARTESIAN_POINT('Ctrl Pts',(-57.1338005787303,45.1192254918517,83.650440792699));
#7454=CARTESIAN_POINT('Ctrl Pts',(-57.1474851608222,45.1222931652253,83.6486665100835));
#7455=CARTESIAN_POINT('Ctrl Pts',(-57.1611340134513,45.1255041070705,83.6468093637705));
#7456=CARTESIAN_POINT('Ctrl Pts',(-57.1747212908355,45.12885302452,83.6448724150514));
#7457=CARTESIAN_POINT('Ctrl Pts',(-57.2425268212936,45.1455653589859,83.6352063258378));
#7458=CARTESIAN_POINT('Ctrl Pts',(-57.3089201948652,45.1657361672688,83.6235399226329));
#7459=CARTESIAN_POINT('Ctrl Pts',(-57.373537941746,45.1893482635744,83.6098831453661));
#7460=CARTESIAN_POINT('Ctrl Pts',(-57.3808447704465,45.1920182660318,83.6083388678741));
#7461=CARTESIAN_POINT('Ctrl Pts',(-57.3881289032222,45.1947323177049,83.6067691131724));
#7462=CARTESIAN_POINT('Ctrl Pts',(-57.39538981892,45.1974904299203,83.6051738747101));
#7463=CARTESIAN_POINT('Ctrl Pts',(-57.4571557909123,45.2209526885305,83.5916037606521));
#7464=CARTESIAN_POINT('Ctrl Pts',(-57.5172425372622,45.2475995550377,83.5761917313244));
#7465=CARTESIAN_POINT('Ctrl Pts',(-57.5755086228817,45.2771630066189,83.5590928059151));
#7466=CARTESIAN_POINT('Ctrl Pts',(-57.6381945462224,45.3089690261894,83.540696822797));
#7467=CARTESIAN_POINT('Ctrl Pts',(-57.698774123225,45.3441509020629,83.5203483100509));
#7468=CARTESIAN_POINT('Ctrl Pts',(-57.7570512254659,45.3824277427574,83.498209729847));
#7469=CARTESIAN_POINT('Ctrl Pts',(-57.7676447412356,45.389385643887,83.4941854151592));
#7470=CARTESIAN_POINT('Ctrl Pts',(-57.778162100781,45.3964459431676,83.4901018753724));
#7471=CARTESIAN_POINT('Ctrl Pts',(-57.788602018395,45.4036071202834,83.4859599898078));
#7472=CARTESIAN_POINT('Ctrl Pts',(-57.79755569309,45.4097488210801,83.4824077495181));
#7473=CARTESIAN_POINT('Ctrl Pts',(-57.8064448549962,45.4159595489436,83.4788155853154));
#7474=CARTESIAN_POINT('Ctrl Pts',(-57.8152683071652,45.4222375186188,83.4751845297568));
#7475=CARTESIAN_POINT('Ctrl Pts',(-57.8701696701567,45.4613003576736,83.4525913433883));
#7476=CARTESIAN_POINT('Ctrl Pts',(-57.9225358402787,45.5029680744346,83.4284915464172));
#7477=CARTESIAN_POINT('Ctrl Pts',(-57.9722174189372,45.5469382147575,83.4030600724383));
#7478=CARTESIAN_POINT('Ctrl Pts',(-58.0229412222668,45.5918307646791,83.3770950946876));
#7479=CARTESIAN_POINT('Ctrl Pts',(-58.0708673810238,45.6391238206313,83.3497417109367));
#7480=CARTESIAN_POINT('Ctrl Pts',(-58.1158166279939,45.6885398571636,83.3211604365085));
#7481=CARTESIAN_POINT('Ctrl Pts',(-58.1610349296159,45.7382516854034,83.2924080819096));
#7482=CARTESIAN_POINT('Ctrl Pts',(-58.2032413605136,45.790112615671,83.2624127284961));
#7483=CARTESIAN_POINT('Ctrl Pts',(-58.2422214293777,45.8438760399891,83.2313170095259));
#7484=CARTESIAN_POINT('Ctrl Pts',(-58.2518716068237,45.8571860879159,83.2236187366747));
#7485=CARTESIAN_POINT('Ctrl Pts',(-58.2613238574535,45.870612883884,83.2158529390271));
#7486=CARTESIAN_POINT('Ctrl Pts',(-58.270574538335,45.8841529527306,83.2080216265497));
#7487=CARTESIAN_POINT('Ctrl Pts',(-58.277052504758,45.8936346452113,83.2025376000301));
#7488=CARTESIAN_POINT('Ctrl Pts',(-58.2834325562706,45.9031734399166,83.1970205466945));
#7489=CARTESIAN_POINT('Ctrl Pts',(-58.2897047919948,45.9127546509206,83.1914789605966));
#7490=CARTESIAN_POINT('Ctrl Pts',(-58.3268369433694,45.9694762081139,83.1586723151046));
#7491=CARTESIAN_POINT('Ctrl Pts',(-58.3602593923501,46.0277762448385,83.1249527077518));
#7492=CARTESIAN_POINT('Ctrl Pts',(-58.3897927653296,46.0873550604077,83.0904934795866));
#7493=CARTESIAN_POINT('Ctrl Pts',(-58.4193652304502,46.1470127380651,83.0559886391233));
#7494=CARTESIAN_POINT('Ctrl Pts',(-58.4450390815994,46.207953297166,83.0207418049842));
#7495=CARTESIAN_POINT('Ctrl Pts',(-58.4665986777274,46.2699086857162,82.9849080132291));
#7496=CARTESIAN_POINT('Ctrl Pts',(-58.4876713789094,46.3304648938092,82.9498834802376));
#7497=CARTESIAN_POINT('Ctrl Pts',(-58.5048141144478,46.3919913704617,82.9142977627822));
#7498=CARTESIAN_POINT('Ctrl Pts',(-58.5177820851719,46.4542581252822,82.8782838828323));
#7499=CARTESIAN_POINT('Ctrl Pts',(-58.5208783486757,46.4691250836176,82.8696851232814));
#7500=CARTESIAN_POINT('Ctrl Pts',(-58.5237363996031,46.4840343076526,82.861061918072));
#7501=CARTESIAN_POINT('Ctrl Pts',(-58.5263524737537,46.4989827708041,82.8524160177207));
#7502=CARTESIAN_POINT('Ctrl Pts',(-58.5282886947715,46.5100464971632,82.8460169735752));
#7503=CARTESIAN_POINT('Ctrl Pts',(-58.5300923606214,46.5211317188382,82.839605496957));
#7504=CARTESIAN_POINT('Ctrl Pts',(-58.5317642176378,46.5322371069911,82.8331823564402));
#7505=CARTESIAN_POINT('Ctrl Pts',(-54.8106814082408,44.9068359218065,79.8703627684104));
#7506=CARTESIAN_POINT('Ctrl Pts',(-54.8095765872026,45.1020745433291,79.774164818859));
#7507=CARTESIAN_POINT('Ctrl Pts',(-54.8490419305752,45.29697985326,79.6781596502495));
#7508=CARTESIAN_POINT('Ctrl Pts',(-54.9309461773126,45.4767908228483,79.5908847545214));
#7509=CARTESIAN_POINT('Ctrl Pts',(-55.1405924789593,45.9370441829766,79.3674914648592));
#7510=CARTESIAN_POINT('Ctrl Pts',(-55.6282905883163,46.2984022304159,79.201297300622));
#7511=CARTESIAN_POINT('Ctrl Pts',(-56.17071805687,46.4039019097793,79.1830866402407));
#7512=CARTESIAN_POINT('Ctrl Pts',(-56.7131455254237,46.5094015891427,79.1648759798594));
#7513=CARTESIAN_POINT('Ctrl Pts',(-57.3103023531741,46.3590429004303,79.2946488233341));
#7514=CARTESIAN_POINT('Ctrl Pts',(-57.688757295117,46.0301670121771,79.5276725430073));
#7515=CARTESIAN_POINT('Ctrl Pts',(-58.0672122370598,45.7012911239239,79.7606962626806));
#7516=CARTESIAN_POINT('Ctrl Pts',(-58.2269652931951,45.19389803613,80.0969708585524));
#7517=CARTESIAN_POINT('Ctrl Pts',(-58.0948645697552,44.7488170247891,80.3972053613234));
#7518=CARTESIAN_POINT('Ctrl Pts',(-57.9627638463152,44.3037360134482,80.6974398640945));
#7519=CARTESIAN_POINT('Ctrl Pts',(-57.5388093433001,43.9209670785604,80.9616342737649));
#7520=CARTESIAN_POINT('Ctrl Pts',(-57.0171284905181,43.7842728939714,81.0835038338181));
#7521=CARTESIAN_POINT('Ctrl Pts',(-56.4954476377361,43.6475787093824,81.2053733938713));
#7522=CARTESIAN_POINT('Ctrl Pts',(-55.8760404351873,43.7569592750923,81.1849181043074));
#7523=CARTESIAN_POINT('Ctrl Pts',(-55.4425298450615,44.070825419966,81.0461923328349));
#7524=CARTESIAN_POINT('Ctrl Pts',(-55.0497662084998,44.3551903495942,80.9205058104536));
#7525=CARTESIAN_POINT('Ctrl Pts',(-54.809595567313,44.8074070040541,80.6977371150106));
#7526=CARTESIAN_POINT('Ctrl Pts',(-54.8063390329014,45.2572768591768,80.4763257626608));
#7527=CARTESIAN_POINT('Origin',(59.5262046311118,104.590711983205,49.253289678616));
#7528=CARTESIAN_POINT('Origin',(-56.4694281251867,104.582784986604,49.2578744992763));
#7529=CARTESIAN_POINT('Origin',(54.3273570562503,103.886366877159,46.7504779474516));
#7530=CARTESIAN_POINT('',(63.8273570562503,103.886366877159,46.7504779474516));
#7531=CARTESIAN_POINT('',(27.8270191915469,103.886366877159,46.7504779474516));
#7532=CARTESIAN_POINT('',(63.8273570562503,87.6582098404167,56.1365283529183));
#7533=CARTESIAN_POINT('Origin',(62.9713674983361,104.466786708588,39.6004779474516));
#7534=CARTESIAN_POINT('',(-65.3180048446494,104.466786708588,46.414774405651));
#7535=CARTESIAN_POINT('',(-65.3180048446494,104.466786708588,39.6004779474516));
#7536=CARTESIAN_POINT('',(-1.17331867315662,104.466786708588,46.414774405651));
#7537=CARTESIAN_POINT('Origin',(62.9713674983361,104.466786708588,39.6004779474516));
#7538=CARTESIAN_POINT('',(-51.3425903756454,104.466786708588,43.1754779474516));
#7539=CARTESIAN_POINT('',(-65.3180048446494,104.466786708588,39.6004779474516));
#7540=CARTESIAN_POINT('',(-65.3180048446494,104.466786708588,39.6004779474516));
#7541=CARTESIAN_POINT('',(63.8273674983361,104.466786708588,39.6004779474516));
#7542=CARTESIAN_POINT('',(4.95340610097776,104.466786708588,39.6004779474516));
#7543=CARTESIAN_POINT('',(63.8273674983361,104.466786708588,39.6004779474516));
#7544=CARTESIAN_POINT('',(54.3273570562503,104.466786708588,46.414774405651));
#7545=CARTESIAN_POINT('',(54.3273570562503,104.466786708588,42.5345480074199));
#7546=CARTESIAN_POINT('',(62.8993622772932,104.466786708588,46.414774405651));
#7547=CARTESIAN_POINT('Origin',(1.32668132684339,69.6831728834341,46.7504779474516));
#7548=CARTESIAN_POINT('',(63.8273674983361,34.8995590582799,46.7504779474516));
#7549=CARTESIAN_POINT('Origin',(63.8273570562503,67.8869884201571,60.7359721741574));
#7550=CARTESIAN_POINT('Origin',(-65.3176429437497,39.5820240892902,78.6210861299925));
#7551=CARTESIAN_POINT('',(-65.3180048446497,34.8453042547388,75.1371683447554));
#7552=CARTESIAN_POINT('',(-65.3176429437497,34.8450989826945,78.7005993418062));
#7553=CARTESIAN_POINT('',(-65.3176429437497,34.8453042547388,75.1371683447554));
#7554=CARTESIAN_POINT('',(-65.3180048446497,35.7551700875854,75.1371683447554));
#7555=CARTESIAN_POINT('',(-65.3180048446497,34.8453042547388,75.1371683447554));
#7556=CARTESIAN_POINT('',(-65.3180048446497,37.8328766394228,78.7005993418062));
#7557=CARTESIAN_POINT('',(-65.3180048446497,36.2787481357316,76.0351460906934));
#7558=CARTESIAN_POINT('',(-65.317823893859,42.3499078035449,76.0880363690962));
#7559=CARTESIAN_POINT('',(-65.3180048446497,89.790835773382,48.6491263191842));
#7560=CARTESIAN_POINT('',(-65.3176429437497,44.8884919480441,80.4771606938411));
#7561=CARTESIAN_POINT('',(-65.3176429437497,34.8450989826945,82.1050039152295));
#7562=CARTESIAN_POINT('',(-65.3176429437497,39.8019180317637,82.1050039152295));
#7563=CARTESIAN_POINT('',(-65.3176429437497,34.8450989826945,78.7005993418062));
#7564=CARTESIAN_POINT('Origin',(63.8273570562503,67.8869884201571,60.7359721741574));
#7565=CARTESIAN_POINT('',(63.8273674983361,34.8995590582799,39.6004779474516));
#7566=CARTESIAN_POINT('',(63.8273674983361,32.4497795291399,39.6004779474516));
#7567=CARTESIAN_POINT('',(63.8273570562503,34.8995590582799,41.9795034057952));
#7568=CARTESIAN_POINT('',(63.8273674983361,34.8995590582799,39.6004779474516));
#7569=CARTESIAN_POINT('',(63.8273570562503,34.8453042547388,41.9795034057952));
#7570=CARTESIAN_POINT('',(63.8273570562503,100.928672585575,41.9795034057953));
#7571=CARTESIAN_POINT('',(63.8273570562503,34.8453042547388,75.1371683447554));
#7572=CARTESIAN_POINT('',(63.8273570562503,34.8453042547388,41.9795034057952));
#7573=CARTESIAN_POINT('',(63.8273570562503,34.8450989826945,78.7005993418062));
#7574=CARTESIAN_POINT('',(63.8273570562503,34.8453042547388,75.1371683447554));
#7575=CARTESIAN_POINT('',(63.8273570562503,34.8450989826945,82.1050039152295));
#7576=CARTESIAN_POINT('',(63.8273570562503,34.8450989826945,78.7005993418062));
#7577=CARTESIAN_POINT('',(63.8273570562503,39.8019180317637,82.1050039152295));
#7578=CARTESIAN_POINT('Origin',(-65.3180048446494,103.886366877159,46.7504779474516));
#7579=CARTESIAN_POINT('',(-65.3180048446494,105.653229276107,45.7285590999507));
#7580=CARTESIAN_POINT('Origin',(-65.3180048446494,104.466786708588,39.6004779474516));
#7581=CARTESIAN_POINT('Origin',(-65.3180048446494,104.466786708588,39.6004779474516));
#7582=CARTESIAN_POINT('',(-65.3180048446497,34.8453042547388,41.9795034057952));
#7583=CARTESIAN_POINT('',(-65.3180048446497,34.8453042547388,41.9795034057952));
#7584=CARTESIAN_POINT('',(-65.3180048446494,34.8995590582799,41.9795034057952));
#7585=CARTESIAN_POINT('',(-65.3180048446497,100.928672585575,41.9795034057953));
#7586=CARTESIAN_POINT('',(-65.3180048446494,34.8995590582799,39.6004779474516));
#7587=CARTESIAN_POINT('',(-65.3180048446494,34.8995590582799,39.6004779474516));
#7588=CARTESIAN_POINT('',(-65.3180048446494,67.2333933542942,39.6004779474516));
#7589=CARTESIAN_POINT('Origin',(54.3273570562503,103.886366877159,46.7504779474516));
#7590=CARTESIAN_POINT('',(54.3273570562503,103.886366877159,46.7504779474516));
#7591=CARTESIAN_POINT('Origin',(-51.3425903756454,100.928672585575,46.7504779474515));
#7592=CARTESIAN_POINT('',(-51.3045255623232,103.632803009282,51.4258260723864));
#7593=CARTESIAN_POINT('',(-51.3045255623232,102.280737797429,49.0881520099189));
#7594=CARTESIAN_POINT('',(-51.3425903756454,103.632803009282,51.4258260723864));
#7595=CARTESIAN_POINT('',(-51.3425903756454,100.928672585575,46.7504779474515));
#7596=CARTESIAN_POINT('',(-60.4930654028573,103.632803009282,51.4258260723864));
#7597=CARTESIAN_POINT('Origin',(-51.3425903756454,103.144964053673,45.4686180673883));
#7598=CARTESIAN_POINT('',(-51.3425903756454,105.849094477379,50.1439661923231));
#7599=CARTESIAN_POINT('',(-51.3425903756454,71.5603256408796,69.9759231984156));
#7600=CARTESIAN_POINT('',(-51.3425903756454,103.144964053673,45.4686180673883));
#7601=CARTESIAN_POINT('Origin',(-69.6435404300692,37.27155680438,89.8078802045081));
#7602=CARTESIAN_POINT('',(70.2248170466049,109.548341051955,48.0043939209551));
#7603=CARTESIAN_POINT('',(70.2248170466049,37.27155680438,89.8078802045081));
#7604=CARTESIAN_POINT('',(70.2248170466049,34.5471560184043,91.3836206317153));
#7605=CARTESIAN_POINT('',(-69.6435404300692,109.548341051955,48.0043939209551));
#7606=CARTESIAN_POINT('',(-69.6435404300692,109.548341051955,48.0043939209551));
#7607=CARTESIAN_POINT('',(-69.6435404300692,37.27155680438,89.8078802045081));
#7608=CARTESIAN_POINT('',(-69.6435404300692,45.4270591271639,85.0908962789619));
#7609=CARTESIAN_POINT('',(-69.6435404300692,37.2715568043799,89.8078802045081));
#7610=CARTESIAN_POINT('',(54.3273570562503,105.849094477379,50.1439661923231));
#7611=CARTESIAN_POINT('',(-60.4740329961962,105.849094477379,50.1439661923231));
#7612=CARTESIAN_POINT('',(54.3273570562503,47.0230796195925,84.1677890674544));
#7613=CARTESIAN_POINT('',(54.3273570562503,71.5603256408796,69.9759231984156));
#7614=CARTESIAN_POINT('',(-51.3045255623232,47.0230796195925,84.1677890674544));
#7615=CARTESIAN_POINT('',(-7.65809168690943,47.0230796195925,84.1677890674544));
#7616=CARTESIAN_POINT('',(-51.3045255623232,42.1473182119862,86.9878346359812));
#7617=CARTESIAN_POINT('Origin',(54.3273570562503,105.849094477379,50.1439661923231));
#7618=CARTESIAN_POINT('',(54.3273570562503,47.0230796195925,84.1677890674544));
#7619=CARTESIAN_POINT('',(54.3273570562503,105.849094477379,50.1439661923231));
#7620=CARTESIAN_POINT('Origin',(59.5233204705665,44.6324330594499,79.3111279728427));
#7621=CARTESIAN_POINT('Origin',(59.5233204705665,46.635108018626,82.773683821907));
#7622=CARTESIAN_POINT('Origin',(-56.4745771176019,44.5948757102034,79.3328504131867));
#7623=CARTESIAN_POINT('Origin',(-56.4745771176019,46.5975506693795,82.795406262251));
#7624=CARTESIAN_POINT('Origin',(54.3273570562503,34.8450989826945,82.1050039152295));
#7625=CARTESIAN_POINT('',(54.3273570562503,34.8450989826945,82.1050039152295));
#7626=CARTESIAN_POINT('Origin',(54.3273570562503,34.8450989826945,78.7005993418062));
#7627=CARTESIAN_POINT('',(54.3273570562503,34.8450989826945,78.7005993418062));
#7628=CARTESIAN_POINT('Origin',(54.3273570562503,34.8453042547388,75.1371683447554));
#7629=CARTESIAN_POINT('',(54.3273570562503,34.8453042547388,75.1371683447554));
#7630=CARTESIAN_POINT('Origin',(54.3273570562503,47.0230796195925,84.1677890674544));
#7631=CARTESIAN_POINT('',(-51.3045255623232,47.0230796195925,84.1677890674544));
#7632=CARTESIAN_POINT('Origin',(54.3273570562503,34.8453042547388,41.9795034057952));
#7633=CARTESIAN_POINT('',(54.3273570562503,34.8453042547388,41.9795034057952));
#7634=CARTESIAN_POINT('Origin',(54.3273570562503,100.928672585575,41.9795034057953));
#7635=CARTESIAN_POINT('',(62.8273570562503,34.8995590582799,41.9795034057952));
#7636=CARTESIAN_POINT('Origin',(-51.3045255623232,47.0230796195925,84.1677890674544));
#7637=CARTESIAN_POINT('Origin',(-51.3045255623232,105.849094477379,50.1439661923231));
#7638=CARTESIAN_POINT('Origin',(-60.3180048446494,34.8995590582799,39.6004779474516));
#7639=CARTESIAN_POINT('',(66.5980922724705,34.8995590582799,39.6004779474516));
#7640=CARTESIAN_POINT('Origin',(-69.6435404300692,109.548341051955,48.0043939209551));
#7641=CARTESIAN_POINT('',(70.2248170466049,109.548341051955,39.6004779474516));
#7642=CARTESIAN_POINT('',(70.2248170466049,109.548341051955,68.9061370627317));
#7643=CARTESIAN_POINT('',(-69.6435404300692,109.548341051955,39.6004779474516));
#7644=CARTESIAN_POINT('',(0.290638308267837,109.548341051955,39.6004779474516));
#7645=CARTESIAN_POINT('',(-69.6435404300692,109.548341051955,43.8024359342034));
#7646=CARTESIAN_POINT('Origin',(70.2248170466049,30.,39.6004779474516));
#7647=CARTESIAN_POINT('',(70.2248170466049,30.,39.6004779474516));
#7648=CARTESIAN_POINT('',(-69.6435404300692,30.,39.6004779474516));
#7649=CARTESIAN_POINT('Origin',(70.2248170466049,30.,89.8078802045081));
#7650=CARTESIAN_POINT('',(70.2248170466049,30.,89.8078802045081));
#7651=CARTESIAN_POINT('Origin',(-69.6435404300692,30.,89.8078802045081));
#7652=CARTESIAN_POINT('',(-69.6435404300692,30.,89.8078802045081));
#7653=CARTESIAN_POINT('Origin',(-69.6435404300692,30.,39.6004779474516));
#7654=UNCERTAINTY_MEASURE_WITH_UNIT(LENGTH_MEASURE(0.01),#7658,
'DISTANCE_ACCURACY_VALUE',
'Maximum model space distance between geometric entities at asserted c
onnectivities');
#7655=UNCERTAINTY_MEASURE_WITH_UNIT(LENGTH_MEASURE(0.01),#7658,
'DISTANCE_ACCURACY_VALUE',
'Maximum model space distance between geometric entities at asserted c
onnectivities');
#7656=(
GEOMETRIC_REPRESENTATION_CONTEXT(3)
GLOBAL_UNCERTAINTY_ASSIGNED_CONTEXT((#7654))
GLOBAL_UNIT_ASSIGNED_CONTEXT((#7658,#7659,#7660))
REPRESENTATION_CONTEXT('','3D')
);
#7657=(
GEOMETRIC_REPRESENTATION_CONTEXT(3)
GLOBAL_UNCERTAINTY_ASSIGNED_CONTEXT((#7655))
GLOBAL_UNIT_ASSIGNED_CONTEXT((#7658,#7659,#7660))
REPRESENTATION_CONTEXT('','3D')
);
#7658=(
LENGTH_UNIT()
NAMED_UNIT(*)
SI_UNIT(.MILLI.,.METRE.)
);
#7659=(
NAMED_UNIT(*)
PLANE_ANGLE_UNIT()
SI_UNIT($,.RADIAN.)
);
#7660=(
NAMED_UNIT(*)
SI_UNIT($,.STERADIAN.)
SOLID_ANGLE_UNIT()
);
#7661=SHAPE_DEFINITION_REPRESENTATION(#7662,#7663);
#7662=PRODUCT_DEFINITION_SHAPE('',$,#7665);
#7663=SHAPE_REPRESENTATION('',(#2167),#7656);
#7664=PRODUCT_DEFINITION_CONTEXT('part definition',#7669,'design');
#7665=PRODUCT_DEFINITION('HackDeck','HackDeck v2',#7666,#7664);
#7666=PRODUCT_DEFINITION_FORMATION('',$,#7671);
#7667=PRODUCT_RELATED_PRODUCT_CATEGORY('HackDeck v2','HackDeck v2',(#7671));
#7668=APPLICATION_PROTOCOL_DEFINITION('international standard',
'automotive_design',2009,#7669);
#7669=APPLICATION_CONTEXT(
'Core Data for Automotive Mechanical Design Process');
#7670=PRODUCT_CONTEXT('part definition',#7669,'mechanical');
#7671=PRODUCT('HackDeck','HackDeck v2',$,(#7670));
#7672=PRESENTATION_STYLE_ASSIGNMENT((#7678));
#7673=PRESENTATION_STYLE_ASSIGNMENT((#7679));
#7674=PRESENTATION_STYLE_ASSIGNMENT((#7680));
#7675=PRESENTATION_STYLE_ASSIGNMENT((#7681));
#7676=PRESENTATION_STYLE_ASSIGNMENT((#7682));
#7677=PRESENTATION_STYLE_ASSIGNMENT((#7683));
#7678=SURFACE_STYLE_USAGE(.BOTH.,#7684);
#7679=SURFACE_STYLE_USAGE(.BOTH.,#7685);
#7680=SURFACE_STYLE_USAGE(.BOTH.,#7686);
#7681=SURFACE_STYLE_USAGE(.BOTH.,#7687);
#7682=SURFACE_STYLE_USAGE(.BOTH.,#7688);
#7683=SURFACE_STYLE_USAGE(.BOTH.,#7689);
#7684=SURFACE_SIDE_STYLE('',(#7690));
#7685=SURFACE_SIDE_STYLE('',(#7691));
#7686=SURFACE_SIDE_STYLE('',(#7692));
#7687=SURFACE_SIDE_STYLE('',(#7693));
#7688=SURFACE_SIDE_STYLE('',(#7694));
#7689=SURFACE_SIDE_STYLE('',(#7695));
#7690=SURFACE_STYLE_FILL_AREA(#7696);
#7691=SURFACE_STYLE_FILL_AREA(#7697);
#7692=SURFACE_STYLE_FILL_AREA(#7698);
#7693=SURFACE_STYLE_FILL_AREA(#7699);
#7694=SURFACE_STYLE_FILL_AREA(#7700);
#7695=SURFACE_STYLE_FILL_AREA(#7701);
#7696=FILL_AREA_STYLE('Opaque(245,245,246)',(#7702));
#7697=FILL_AREA_STYLE('Opaque(230,221,197)',(#7703));
#7698=FILL_AREA_STYLE('Opaque(255,178,15)',(#7704));
#7699=FILL_AREA_STYLE('Opaque(202,209,238)',(#7705));
#7700=FILL_AREA_STYLE('Opaque(64,64,64)',(#7706));
#7701=FILL_AREA_STYLE('ABS (White)',(#7707));
#7702=FILL_AREA_STYLE_COLOUR('Opaque(245,245,246)',#7708);
#7703=FILL_AREA_STYLE_COLOUR('Opaque(230,221,197)',#7709);
#7704=FILL_AREA_STYLE_COLOUR('Opaque(255,178,15)',#7710);
#7705=FILL_AREA_STYLE_COLOUR('Opaque(202,209,238)',#7711);
#7706=FILL_AREA_STYLE_COLOUR('Opaque(64,64,64)',#7712);
#7707=FILL_AREA_STYLE_COLOUR('ABS (White)',#7713);
#7708=COLOUR_RGB('Opaque(245,245,246)',0.96078431372549,0.96078431372549,
0.964705882352941);
#7709=COLOUR_RGB('Opaque(230,221,197)',0.901960784313726,0.866666666666667,
0.772549019607843);
#7710=COLOUR_RGB('Opaque(255,178,15)',1.,0.698039215686274,0.0588235294117647);
#7711=COLOUR_RGB('Opaque(202,209,238)',0.792156862745098,0.819607843137255,
0.933333333333333);
#7712=COLOUR_RGB('Opaque(64,64,64)',0.250980392156863,0.250980392156863,
0.250980392156863);
#7713=COLOUR_RGB('ABS (White)',1.,0.615686274509804,0.);
ENDSEC;
END-ISO-10303-21;
