ISO-10303-21;
HEADER;
/* Generated by software containing ST-Developer
 * from STEP Tools, Inc. (www.steptools.com) 
 */

FILE_DESCRIPTION(
/* description */ (''),
/* implementation_level */ '2;1');

FILE_NAME(
/* name */ 'HackDeck Screws.step',
/* time_stamp */ '2026-07-27T05:18:35+08:00',
/* author */ (''),
/* organization */ (''),
/* preprocessor_version */ 'ST-DEVELOPER v20.1',
/* originating_system */ 'Autodesk Translation Framework v15.8.0.0',
/* authorisation */ '');

FILE_SCHEMA (('AUTOMOTIVE_DESIGN { 1 0 10303 214 3 1 1 }'));
ENDSEC;

DATA;
#10=MECHANICAL_DESIGN_GEOMETRIC_PRESENTATION_REPRESENTATION('',(#13,#14,
#15,#16),#6808);
#11=SHAPE_REPRESENTATION_RELATIONSHIP('SRR','None',#6815,#12);
#12=ADVANCED_BREP_SHAPE_REPRESENTATION('',(#17,#18,#19,#20),#6807);
#13=STYLED_ITEM('',(#6824),#17);
#14=STYLED_ITEM('',(#6824),#18);
#15=STYLED_ITEM('',(#6824),#19);
#16=STYLED_ITEM('',(#6824),#20);
#17=MANIFOLD_SOLID_BREP('Body1',#1673);
#18=MANIFOLD_SOLID_BREP('Body5',#1674);
#19=MANIFOLD_SOLID_BREP('Body6',#1675);
#20=MANIFOLD_SOLID_BREP('Body7',#1676);
#21=FACE_BOUND('',#180,.T.);
#22=FACE_BOUND('',#205,.T.);
#23=FACE_BOUND('',#230,.T.);
#24=FACE_BOUND('',#255,.T.);
#25=B_SPLINE_SURFACE_WITH_KNOTS('',3,3,((#2603,#2604,#2605,#2606,#2607,
#2608,#2609,#2610,#2611,#2612,#2613,#2614,#2615,#2616,#2617,#2618,#2619,
#2620,#2621,#2622,#2623,#2624,#2625,#2626,#2627,#2628,#2629,#2630,#2631,
#2632,#2633,#2634,#2635,#2636,#2637,#2638,#2639,#2640,#2641,#2642,#2643),
(#2644,#2645,#2646,#2647,#2648,#2649,#2650,#2651,#2652,#2653,#2654,#2655,
#2656,#2657,#2658,#2659,#2660,#2661,#2662,#2663,#2664,#2665,#2666,#2667,
#2668,#2669,#2670,#2671,#2672,#2673,#2674,#2675,#2676,#2677,#2678,#2679,
#2680,#2681,#2682,#2683,#2684),(#2685,#2686,#2687,#2688,#2689,#2690,#2691,
#2692,#2693,#2694,#2695,#2696,#2697,#2698,#2699,#2700,#2701,#2702,#2703,
#2704,#2705,#2706,#2707,#2708,#2709,#2710,#2711,#2712,#2713,#2714,#2715,
#2716,#2717,#2718,#2719,#2720,#2721,#2722,#2723,#2724,#2725),(#2726,#2727,
#2728,#2729,#2730,#2731,#2732,#2733,#2734,#2735,#2736,#2737,#2738,#2739,
#2740,#2741,#2742,#2743,#2744,#2745,#2746,#2747,#2748,#2749,#2750,#2751,
#2752,#2753,#2754,#2755,#2756,#2757,#2758,#2759,#2760,#2761,#2762,#2763,
#2764,#2765,#2766)),.UNSPECIFIED.,.F.,.F.,.F.,(4,4),(4,1,1,1,1,1,1,1,1,
1,1,1,1,1,1,1,1,1,1,1,1,1,1,1,1,1,1,1,1,1,1,1,1,1,1,1,1,1,4),(0.,0.0460148164544132),
(8.31058692273979,9.30977261153727,10.3089583003347,11.3081439891322,12.3073296779297,
13.3065153667272,14.3057010555247,15.3048867443222,16.3040724331196,17.3032581219171,
18.3024438107146,19.3016294995121,20.3008151883096,21.300000877107,22.2991865659045,
23.298372254702,24.2975579434995,25.296743632297,26.2959293210945,27.2951150098919,
28.2943006986894,29.2934863874869,30.2926720762844,31.2918577650819,32.2910434538793,
33.2902291426768,34.2894148314743,35.2886005202718,36.2877862090693,37.2869718978668,
38.2861575866642,39.2853432754617,40.2845289642592,41.2837146530567,42.2829003418542,
43.2820860306516,44.2812717194491,45.2804574082466,46.2796430970441),
 .UNSPECIFIED.);
#26=B_SPLINE_SURFACE_WITH_KNOTS('',3,3,((#2975,#2976,#2977,#2978,#2979,
#2980,#2981,#2982,#2983,#2984,#2985,#2986,#2987,#2988,#2989,#2990,#2991,
#2992,#2993,#2994,#2995,#2996,#2997,#2998,#2999,#3000,#3001,#3002,#3003,
#3004,#3005,#3006,#3007,#3008,#3009,#3010,#3011,#3012,#3013,#3014,#3015),
(#3016,#3017,#3018,#3019,#3020,#3021,#3022,#3023,#3024,#3025,#3026,#3027,
#3028,#3029,#3030,#3031,#3032,#3033,#3034,#3035,#3036,#3037,#3038,#3039,
#3040,#3041,#3042,#3043,#3044,#3045,#3046,#3047,#3048,#3049,#3050,#3051,
#3052,#3053,#3054,#3055,#3056),(#3057,#3058,#3059,#3060,#3061,#3062,#3063,
#3064,#3065,#3066,#3067,#3068,#3069,#3070,#3071,#3072,#3073,#3074,#3075,
#3076,#3077,#3078,#3079,#3080,#3081,#3082,#3083,#3084,#3085,#3086,#3087,
#3088,#3089,#3090,#3091,#3092,#3093,#3094,#3095,#3096,#3097),(#3098,#3099,
#3100,#3101,#3102,#3103,#3104,#3105,#3106,#3107,#3108,#3109,#3110,#3111,
#3112,#3113,#3114,#3115,#3116,#3117,#3118,#3119,#3120,#3121,#3122,#3123,
#3124,#3125,#3126,#3127,#3128,#3129,#3130,#3131,#3132,#3133,#3134,#3135,
#3136,#3137,#3138)),.UNSPECIFIED.,.F.,.F.,.F.,(4,4),(4,1,1,1,1,1,1,1,1,
1,1,1,1,1,1,1,1,1,1,1,1,1,1,1,1,1,1,1,1,1,1,1,1,1,1,1,1,1,4),(0.,0.0460148164544132),
(11.6154215191107,12.6146072079081,13.6137928967056,14.6129785855031,15.6121642743006,
16.6113499630981,17.6105356518955,18.609721340693,19.6089070294905,20.608092718288,
21.6072784070855,22.606464095883,23.6056497846804,24.6048354734779,25.6040211622754,
26.6032068510729,27.6023925398704,28.6015782286679,29.6007639174653,30.5999496062628,
31.5991352950603,32.5983209838578,33.5975066726553,34.5966923614527,35.5958780502502,
36.5950637390477,37.5942494278452,38.5934351166427,39.5926208054401,40.5918064942376,
41.5909921830351,42.5901778718326,43.5893635606301,44.5885492494276,45.587734938225,
46.5869206270225,47.58610631582,48.5852920046175,49.584477693415),
 .UNSPECIFIED.);
#27=B_SPLINE_SURFACE_WITH_KNOTS('',3,3,((#3761,#3762,#3763,#3764,#3765,
#3766,#3767,#3768,#3769,#3770,#3771,#3772,#3773,#3774,#3775,#3776,#3777,
#3778,#3779,#3780,#3781,#3782,#3783,#3784,#3785,#3786,#3787,#3788,#3789,
#3790,#3791,#3792,#3793,#3794,#3795,#3796,#3797,#3798,#3799,#3800,#3801),
(#3802,#3803,#3804,#3805,#3806,#3807,#3808,#3809,#3810,#3811,#3812,#3813,
#3814,#3815,#3816,#3817,#3818,#3819,#3820,#3821,#3822,#3823,#3824,#3825,
#3826,#3827,#3828,#3829,#3830,#3831,#3832,#3833,#3834,#3835,#3836,#3837,
#3838,#3839,#3840,#3841,#3842),(#3843,#3844,#3845,#3846,#3847,#3848,#3849,
#3850,#3851,#3852,#3853,#3854,#3855,#3856,#3857,#3858,#3859,#3860,#3861,
#3862,#3863,#3864,#3865,#3866,#3867,#3868,#3869,#3870,#3871,#3872,#3873,
#3874,#3875,#3876,#3877,#3878,#3879,#3880,#3881,#3882,#3883),(#3884,#3885,
#3886,#3887,#3888,#3889,#3890,#3891,#3892,#3893,#3894,#3895,#3896,#3897,
#3898,#3899,#3900,#3901,#3902,#3903,#3904,#3905,#3906,#3907,#3908,#3909,
#3910,#3911,#3912,#3913,#3914,#3915,#3916,#3917,#3918,#3919,#3920,#3921,
#3922,#3923,#3924)),.UNSPECIFIED.,.F.,.F.,.F.,(4,4),(4,1,1,1,1,1,1,1,1,
1,1,1,1,1,1,1,1,1,1,1,1,1,1,1,1,1,1,1,1,1,1,1,1,1,1,1,1,1,4),(0.,0.0460148164544132),
(8.31058692273979,9.30977261153727,10.3089583003347,11.3081439891322,12.3073296779297,
13.3065153667272,14.3057010555247,15.3048867443222,16.3040724331196,17.3032581219171,
18.3024438107146,19.3016294995121,20.3008151883096,21.300000877107,22.2991865659045,
23.298372254702,24.2975579434995,25.296743632297,26.2959293210945,27.2951150098919,
28.2943006986894,29.2934863874869,30.2926720762844,31.2918577650819,32.2910434538793,
33.2902291426768,34.2894148314743,35.2886005202718,36.2877862090693,37.2869718978668,
38.2861575866642,39.2853432754617,40.2845289642592,41.2837146530567,42.2829003418542,
43.2820860306516,44.2812717194491,45.2804574082466,46.2796430970441),
 .UNSPECIFIED.);
#28=B_SPLINE_SURFACE_WITH_KNOTS('',3,3,((#4133,#4134,#4135,#4136,#4137,
#4138,#4139,#4140,#4141,#4142,#4143,#4144,#4145,#4146,#4147,#4148,#4149,
#4150,#4151,#4152,#4153,#4154,#4155,#4156,#4157,#4158,#4159,#4160,#4161,
#4162,#4163,#4164,#4165,#4166,#4167,#4168,#4169,#4170,#4171,#4172,#4173),
(#4174,#4175,#4176,#4177,#4178,#4179,#4180,#4181,#4182,#4183,#4184,#4185,
#4186,#4187,#4188,#4189,#4190,#4191,#4192,#4193,#4194,#4195,#4196,#4197,
#4198,#4199,#4200,#4201,#4202,#4203,#4204,#4205,#4206,#4207,#4208,#4209,
#4210,#4211,#4212,#4213,#4214),(#4215,#4216,#4217,#4218,#4219,#4220,#4221,
#4222,#4223,#4224,#4225,#4226,#4227,#4228,#4229,#4230,#4231,#4232,#4233,
#4234,#4235,#4236,#4237,#4238,#4239,#4240,#4241,#4242,#4243,#4244,#4245,
#4246,#4247,#4248,#4249,#4250,#4251,#4252,#4253,#4254,#4255),(#4256,#4257,
#4258,#4259,#4260,#4261,#4262,#4263,#4264,#4265,#4266,#4267,#4268,#4269,
#4270,#4271,#4272,#4273,#4274,#4275,#4276,#4277,#4278,#4279,#4280,#4281,
#4282,#4283,#4284,#4285,#4286,#4287,#4288,#4289,#4290,#4291,#4292,#4293,
#4294,#4295,#4296)),.UNSPECIFIED.,.F.,.F.,.F.,(4,4),(4,1,1,1,1,1,1,1,1,
1,1,1,1,1,1,1,1,1,1,1,1,1,1,1,1,1,1,1,1,1,1,1,1,1,1,1,1,1,4),(0.,0.0460148164544132),
(11.6154215191107,12.6146072079081,13.6137928967056,14.6129785855031,15.6121642743006,
16.6113499630981,17.6105356518955,18.609721340693,19.6089070294905,20.608092718288,
21.6072784070855,22.606464095883,23.6056497846804,24.6048354734779,25.6040211622754,
26.6032068510729,27.6023925398704,28.6015782286679,29.6007639174653,30.5999496062628,
31.5991352950603,32.5983209838578,33.5975066726553,34.5966923614527,35.5958780502502,
36.5950637390477,37.5942494278452,38.5934351166427,39.5926208054401,40.5918064942376,
41.5909921830351,42.5901778718326,43.5893635606301,44.5885492494276,45.587734938225,
46.5869206270225,47.58610631582,48.5852920046175,49.584477693415),
 .UNSPECIFIED.);
#29=B_SPLINE_SURFACE_WITH_KNOTS('',3,3,((#4919,#4920,#4921,#4922,#4923,
#4924,#4925,#4926,#4927,#4928,#4929,#4930,#4931,#4932,#4933,#4934,#4935,
#4936,#4937,#4938,#4939,#4940,#4941,#4942,#4943,#4944,#4945,#4946,#4947,
#4948,#4949,#4950,#4951,#4952,#4953,#4954,#4955,#4956,#4957,#4958,#4959),
(#4960,#4961,#4962,#4963,#4964,#4965,#4966,#4967,#4968,#4969,#4970,#4971,
#4972,#4973,#4974,#4975,#4976,#4977,#4978,#4979,#4980,#4981,#4982,#4983,
#4984,#4985,#4986,#4987,#4988,#4989,#4990,#4991,#4992,#4993,#4994,#4995,
#4996,#4997,#4998,#4999,#5000),(#5001,#5002,#5003,#5004,#5005,#5006,#5007,
#5008,#5009,#5010,#5011,#5012,#5013,#5014,#5015,#5016,#5017,#5018,#5019,
#5020,#5021,#5022,#5023,#5024,#5025,#5026,#5027,#5028,#5029,#5030,#5031,
#5032,#5033,#5034,#5035,#5036,#5037,#5038,#5039,#5040,#5041),(#5042,#5043,
#5044,#5045,#5046,#5047,#5048,#5049,#5050,#5051,#5052,#5053,#5054,#5055,
#5056,#5057,#5058,#5059,#5060,#5061,#5062,#5063,#5064,#5065,#5066,#5067,
#5068,#5069,#5070,#5071,#5072,#5073,#5074,#5075,#5076,#5077,#5078,#5079,
#5080,#5081,#5082)),.UNSPECIFIED.,.F.,.F.,.F.,(4,4),(4,1,1,1,1,1,1,1,1,
1,1,1,1,1,1,1,1,1,1,1,1,1,1,1,1,1,1,1,1,1,1,1,1,1,1,1,1,1,4),(0.,0.0460148164544132),
(8.31058692273979,9.30977261153727,10.3089583003347,11.3081439891322,12.3073296779297,
13.3065153667272,14.3057010555247,15.3048867443222,16.3040724331196,17.3032581219171,
18.3024438107146,19.3016294995121,20.3008151883096,21.300000877107,22.2991865659045,
23.298372254702,24.2975579434995,25.296743632297,26.2959293210945,27.2951150098919,
28.2943006986894,29.2934863874869,30.2926720762844,31.2918577650819,32.2910434538793,
33.2902291426768,34.2894148314743,35.2886005202718,36.2877862090693,37.2869718978668,
38.2861575866642,39.2853432754617,40.2845289642592,41.2837146530567,42.2829003418542,
43.2820860306516,44.2812717194491,45.2804574082466,46.2796430970441),
 .UNSPECIFIED.);
#30=B_SPLINE_SURFACE_WITH_KNOTS('',3,3,((#5291,#5292,#5293,#5294,#5295,
#5296,#5297,#5298,#5299,#5300,#5301,#5302,#5303,#5304,#5305,#5306,#5307,
#5308,#5309,#5310,#5311,#5312,#5313,#5314,#5315,#5316,#5317,#5318,#5319,
#5320,#5321,#5322,#5323,#5324,#5325,#5326,#5327,#5328,#5329,#5330,#5331),
(#5332,#5333,#5334,#5335,#5336,#5337,#5338,#5339,#5340,#5341,#5342,#5343,
#5344,#5345,#5346,#5347,#5348,#5349,#5350,#5351,#5352,#5353,#5354,#5355,
#5356,#5357,#5358,#5359,#5360,#5361,#5362,#5363,#5364,#5365,#5366,#5367,
#5368,#5369,#5370,#5371,#5372),(#5373,#5374,#5375,#5376,#5377,#5378,#5379,
#5380,#5381,#5382,#5383,#5384,#5385,#5386,#5387,#5388,#5389,#5390,#5391,
#5392,#5393,#5394,#5395,#5396,#5397,#5398,#5399,#5400,#5401,#5402,#5403,
#5404,#5405,#5406,#5407,#5408,#5409,#5410,#5411,#5412,#5413),(#5414,#5415,
#5416,#5417,#5418,#5419,#5420,#5421,#5422,#5423,#5424,#5425,#5426,#5427,
#5428,#5429,#5430,#5431,#5432,#5433,#5434,#5435,#5436,#5437,#5438,#5439,
#5440,#5441,#5442,#5443,#5444,#5445,#5446,#5447,#5448,#5449,#5450,#5451,
#5452,#5453,#5454)),.UNSPECIFIED.,.F.,.F.,.F.,(4,4),(4,1,1,1,1,1,1,1,1,
1,1,1,1,1,1,1,1,1,1,1,1,1,1,1,1,1,1,1,1,1,1,1,1,1,1,1,1,1,4),(0.,0.0460148164544132),
(11.6154215191107,12.6146072079081,13.6137928967056,14.6129785855031,15.6121642743006,
16.6113499630981,17.6105356518955,18.609721340693,19.6089070294905,20.608092718288,
21.6072784070855,22.606464095883,23.6056497846804,24.6048354734779,25.6040211622754,
26.6032068510729,27.6023925398704,28.6015782286679,29.6007639174653,30.5999496062628,
31.5991352950603,32.5983209838578,33.5975066726553,34.5966923614527,35.5958780502502,
36.5950637390477,37.5942494278452,38.5934351166427,39.5926208054401,40.5918064942376,
41.5909921830351,42.5901778718326,43.5893635606301,44.5885492494276,45.587734938225,
46.5869206270225,47.58610631582,48.5852920046175,49.584477693415),
 .UNSPECIFIED.);
#31=B_SPLINE_SURFACE_WITH_KNOTS('',3,3,((#6077,#6078,#6079,#6080,#6081,
#6082,#6083,#6084,#6085,#6086,#6087,#6088,#6089,#6090,#6091,#6092,#6093,
#6094,#6095,#6096,#6097,#6098,#6099,#6100,#6101,#6102,#6103,#6104,#6105,
#6106,#6107,#6108,#6109,#6110,#6111,#6112,#6113,#6114,#6115,#6116,#6117),
(#6118,#6119,#6120,#6121,#6122,#6123,#6124,#6125,#6126,#6127,#6128,#6129,
#6130,#6131,#6132,#6133,#6134,#6135,#6136,#6137,#6138,#6139,#6140,#6141,
#6142,#6143,#6144,#6145,#6146,#6147,#6148,#6149,#6150,#6151,#6152,#6153,
#6154,#6155,#6156,#6157,#6158),(#6159,#6160,#6161,#6162,#6163,#6164,#6165,
#6166,#6167,#6168,#6169,#6170,#6171,#6172,#6173,#6174,#6175,#6176,#6177,
#6178,#6179,#6180,#6181,#6182,#6183,#6184,#6185,#6186,#6187,#6188,#6189,
#6190,#6191,#6192,#6193,#6194,#6195,#6196,#6197,#6198,#6199),(#6200,#6201,
#6202,#6203,#6204,#6205,#6206,#6207,#6208,#6209,#6210,#6211,#6212,#6213,
#6214,#6215,#6216,#6217,#6218,#6219,#6220,#6221,#6222,#6223,#6224,#6225,
#6226,#6227,#6228,#6229,#6230,#6231,#6232,#6233,#6234,#6235,#6236,#6237,
#6238,#6239,#6240)),.UNSPECIFIED.,.F.,.F.,.F.,(4,4),(4,1,1,1,1,1,1,1,1,
1,1,1,1,1,1,1,1,1,1,1,1,1,1,1,1,1,1,1,1,1,1,1,1,1,1,1,1,1,4),(0.,0.0460148164544132),
(8.31058692273979,9.30977261153727,10.3089583003347,11.3081439891322,12.3073296779297,
13.3065153667272,14.3057010555247,15.3048867443222,16.3040724331196,17.3032581219171,
18.3024438107146,19.3016294995121,20.3008151883096,21.300000877107,22.2991865659045,
23.298372254702,24.2975579434995,25.296743632297,26.2959293210945,27.2951150098919,
28.2943006986894,29.2934863874869,30.2926720762844,31.2918577650819,32.2910434538793,
33.2902291426768,34.2894148314743,35.2886005202718,36.2877862090693,37.2869718978668,
38.2861575866642,39.2853432754617,40.2845289642592,41.2837146530567,42.2829003418542,
43.2820860306516,44.2812717194491,45.2804574082466,46.2796430970441),
 .UNSPECIFIED.);
#32=B_SPLINE_SURFACE_WITH_KNOTS('',3,3,((#6449,#6450,#6451,#6452,#6453,
#6454,#6455,#6456,#6457,#6458,#6459,#6460,#6461,#6462,#6463,#6464,#6465,
#6466,#6467,#6468,#6469,#6470,#6471,#6472,#6473,#6474,#6475,#6476,#6477,
#6478,#6479,#6480,#6481,#6482,#6483,#6484,#6485,#6486,#6487,#6488,#6489),
(#6490,#6491,#6492,#6493,#6494,#6495,#6496,#6497,#6498,#6499,#6500,#6501,
#6502,#6503,#6504,#6505,#6506,#6507,#6508,#6509,#6510,#6511,#6512,#6513,
#6514,#6515,#6516,#6517,#6518,#6519,#6520,#6521,#6522,#6523,#6524,#6525,
#6526,#6527,#6528,#6529,#6530),(#6531,#6532,#6533,#6534,#6535,#6536,#6537,
#6538,#6539,#6540,#6541,#6542,#6543,#6544,#6545,#6546,#6547,#6548,#6549,
#6550,#6551,#6552,#6553,#6554,#6555,#6556,#6557,#6558,#6559,#6560,#6561,
#6562,#6563,#6564,#6565,#6566,#6567,#6568,#6569,#6570,#6571),(#6572,#6573,
#6574,#6575,#6576,#6577,#6578,#6579,#6580,#6581,#6582,#6583,#6584,#6585,
#6586,#6587,#6588,#6589,#6590,#6591,#6592,#6593,#6594,#6595,#6596,#6597,
#6598,#6599,#6600,#6601,#6602,#6603,#6604,#6605,#6606,#6607,#6608,#6609,
#6610,#6611,#6612)),.UNSPECIFIED.,.F.,.F.,.F.,(4,4),(4,1,1,1,1,1,1,1,1,
1,1,1,1,1,1,1,1,1,1,1,1,1,1,1,1,1,1,1,1,1,1,1,1,1,1,1,1,1,4),(0.,0.0460148164544132),
(11.6154215191107,12.6146072079081,13.6137928967056,14.6129785855031,15.6121642743006,
16.6113499630981,17.6105356518955,18.609721340693,19.6089070294905,20.608092718288,
21.6072784070855,22.606464095883,23.6056497846804,24.6048354734779,25.6040211622754,
26.6032068510729,27.6023925398704,28.6015782286679,29.6007639174653,30.5999496062628,
31.5991352950603,32.5983209838578,33.5975066726553,34.5966923614527,35.5958780502502,
36.5950637390477,37.5942494278452,38.5934351166427,39.5926208054401,40.5918064942376,
41.5909921830351,42.5901778718326,43.5893635606301,44.5885492494276,45.587734938225,
46.5869206270225,47.58610631582,48.5852920046175,49.584477693415),
 .UNSPECIFIED.);
#33=PLANE('',#1705);
#34=PLANE('',#1706);
#35=PLANE('',#1707);
#36=PLANE('',#1711);
#37=PLANE('',#1713);
#38=PLANE('',#1721);
#39=PLANE('',#1722);
#40=PLANE('',#1738);
#41=PLANE('',#1739);
#42=PLANE('',#1740);
#43=PLANE('',#1744);
#44=PLANE('',#1746);
#45=PLANE('',#1754);
#46=PLANE('',#1755);
#47=PLANE('',#1771);
#48=PLANE('',#1772);
#49=PLANE('',#1773);
#50=PLANE('',#1777);
#51=PLANE('',#1779);
#52=PLANE('',#1787);
#53=PLANE('',#1788);
#54=PLANE('',#1804);
#55=PLANE('',#1805);
#56=PLANE('',#1806);
#57=PLANE('',#1810);
#58=PLANE('',#1812);
#59=PLANE('',#1820);
#60=PLANE('',#1821);
#61=FACE_OUTER_BOUND('',#157,.T.);
#62=FACE_OUTER_BOUND('',#158,.T.);
#63=FACE_OUTER_BOUND('',#159,.T.);
#64=FACE_OUTER_BOUND('',#160,.T.);
#65=FACE_OUTER_BOUND('',#161,.T.);
#66=FACE_OUTER_BOUND('',#162,.T.);
#67=FACE_OUTER_BOUND('',#163,.T.);
#68=FACE_OUTER_BOUND('',#164,.T.);
#69=FACE_OUTER_BOUND('',#165,.T.);
#70=FACE_OUTER_BOUND('',#166,.T.);
#71=FACE_OUTER_BOUND('',#167,.T.);
#72=FACE_OUTER_BOUND('',#168,.T.);
#73=FACE_OUTER_BOUND('',#169,.T.);
#74=FACE_OUTER_BOUND('',#170,.T.);
#75=FACE_OUTER_BOUND('',#171,.T.);
#76=FACE_OUTER_BOUND('',#172,.T.);
#77=FACE_OUTER_BOUND('',#173,.T.);
#78=FACE_OUTER_BOUND('',#174,.T.);
#79=FACE_OUTER_BOUND('',#175,.T.);
#80=FACE_OUTER_BOUND('',#176,.T.);
#81=FACE_OUTER_BOUND('',#177,.T.);
#82=FACE_OUTER_BOUND('',#178,.T.);
#83=FACE_OUTER_BOUND('',#179,.T.);
#84=FACE_OUTER_BOUND('',#181,.T.);
#85=FACE_OUTER_BOUND('',#182,.T.);
#86=FACE_OUTER_BOUND('',#183,.T.);
#87=FACE_OUTER_BOUND('',#184,.T.);
#88=FACE_OUTER_BOUND('',#185,.T.);
#89=FACE_OUTER_BOUND('',#186,.T.);
#90=FACE_OUTER_BOUND('',#187,.T.);
#91=FACE_OUTER_BOUND('',#188,.T.);
#92=FACE_OUTER_BOUND('',#189,.T.);
#93=FACE_OUTER_BOUND('',#190,.T.);
#94=FACE_OUTER_BOUND('',#191,.T.);
#95=FACE_OUTER_BOUND('',#192,.T.);
#96=FACE_OUTER_BOUND('',#193,.T.);
#97=FACE_OUTER_BOUND('',#194,.T.);
#98=FACE_OUTER_BOUND('',#195,.T.);
#99=FACE_OUTER_BOUND('',#196,.T.);
#100=FACE_OUTER_BOUND('',#197,.T.);
#101=FACE_OUTER_BOUND('',#198,.T.);
#102=FACE_OUTER_BOUND('',#199,.T.);
#103=FACE_OUTER_BOUND('',#200,.T.);
#104=FACE_OUTER_BOUND('',#201,.T.);
#105=FACE_OUTER_BOUND('',#202,.T.);
#106=FACE_OUTER_BOUND('',#203,.T.);
#107=FACE_OUTER_BOUND('',#204,.T.);
#108=FACE_OUTER_BOUND('',#206,.T.);
#109=FACE_OUTER_BOUND('',#207,.T.);
#110=FACE_OUTER_BOUND('',#208,.T.);
#111=FACE_OUTER_BOUND('',#209,.T.);
#112=FACE_OUTER_BOUND('',#210,.T.);
#113=FACE_OUTER_BOUND('',#211,.T.);
#114=FACE_OUTER_BOUND('',#212,.T.);
#115=FACE_OUTER_BOUND('',#213,.T.);
#116=FACE_OUTER_BOUND('',#214,.T.);
#117=FACE_OUTER_BOUND('',#215,.T.);
#118=FACE_OUTER_BOUND('',#216,.T.);
#119=FACE_OUTER_BOUND('',#217,.T.);
#120=FACE_OUTER_BOUND('',#218,.T.);
#121=FACE_OUTER_BOUND('',#219,.T.);
#122=FACE_OUTER_BOUND('',#220,.T.);
#123=FACE_OUTER_BOUND('',#221,.T.);
#124=FACE_OUTER_BOUND('',#222,.T.);
#125=FACE_OUTER_BOUND('',#223,.T.);
#126=FACE_OUTER_BOUND('',#224,.T.);
#127=FACE_OUTER_BOUND('',#225,.T.);
#128=FACE_OUTER_BOUND('',#226,.T.);
#129=FACE_OUTER_BOUND('',#227,.T.);
#130=FACE_OUTER_BOUND('',#228,.T.);
#131=FACE_OUTER_BOUND('',#229,.T.);
#132=FACE_OUTER_BOUND('',#231,.T.);
#133=FACE_OUTER_BOUND('',#232,.T.);
#134=FACE_OUTER_BOUND('',#233,.T.);
#135=FACE_OUTER_BOUND('',#234,.T.);
#136=FACE_OUTER_BOUND('',#235,.T.);
#137=FACE_OUTER_BOUND('',#236,.T.);
#138=FACE_OUTER_BOUND('',#237,.T.);
#139=FACE_OUTER_BOUND('',#238,.T.);
#140=FACE_OUTER_BOUND('',#239,.T.);
#141=FACE_OUTER_BOUND('',#240,.T.);
#142=FACE_OUTER_BOUND('',#241,.T.);
#143=FACE_OUTER_BOUND('',#242,.T.);
#144=FACE_OUTER_BOUND('',#243,.T.);
#145=FACE_OUTER_BOUND('',#244,.T.);
#146=FACE_OUTER_BOUND('',#245,.T.);
#147=FACE_OUTER_BOUND('',#246,.T.);
#148=FACE_OUTER_BOUND('',#247,.T.);
#149=FACE_OUTER_BOUND('',#248,.T.);
#150=FACE_OUTER_BOUND('',#249,.T.);
#151=FACE_OUTER_BOUND('',#250,.T.);
#152=FACE_OUTER_BOUND('',#251,.T.);
#153=FACE_OUTER_BOUND('',#252,.T.);
#154=FACE_OUTER_BOUND('',#253,.T.);
#155=FACE_OUTER_BOUND('',#254,.T.);
#156=FACE_OUTER_BOUND('',#256,.T.);
#157=EDGE_LOOP('',(#1013,#1014,#1015,#1016));
#158=EDGE_LOOP('',(#1017,#1018,#1019,#1020));
#159=EDGE_LOOP('',(#1021,#1022,#1023,#1024));
#160=EDGE_LOOP('',(#1025,#1026,#1027,#1028));
#161=EDGE_LOOP('',(#1029,#1030,#1031,#1032));
#162=EDGE_LOOP('',(#1033,#1034,#1035,#1036));
#163=EDGE_LOOP('',(#1037,#1038,#1039));
#164=EDGE_LOOP('',(#1040,#1041,#1042,#1043,#1044));
#165=EDGE_LOOP('',(#1045,#1046,#1047,#1048));
#166=EDGE_LOOP('',(#1049,#1050,#1051,#1052));
#167=EDGE_LOOP('',(#1053,#1054,#1055,#1056));
#168=EDGE_LOOP('',(#1057,#1058,#1059,#1060));
#169=EDGE_LOOP('',(#1061,#1062,#1063,#1064));
#170=EDGE_LOOP('',(#1065,#1066,#1067,#1068));
#171=EDGE_LOOP('',(#1069,#1070,#1071,#1072,#1073));
#172=EDGE_LOOP('',(#1074,#1075));
#173=EDGE_LOOP('',(#1076,#1077));
#174=EDGE_LOOP('',(#1078,#1079,#1080,#1081,#1082,#1083,#1084,#1085,#1086,
#1087,#1088,#1089,#1090,#1091,#1092));
#175=EDGE_LOOP('',(#1093,#1094,#1095,#1096));
#176=EDGE_LOOP('',(#1097,#1098,#1099,#1100,#1101,#1102,#1103,#1104,#1105,
#1106,#1107,#1108,#1109,#1110,#1111,#1112));
#177=EDGE_LOOP('',(#1113,#1114,#1115,#1116));
#178=EDGE_LOOP('',(#1117,#1118,#1119,#1120,#1121,#1122,#1123,#1124,#1125,
#1126,#1127,#1128));
#179=EDGE_LOOP('',(#1129));
#180=EDGE_LOOP('',(#1130,#1131,#1132,#1133));
#181=EDGE_LOOP('',(#1134,#1135,#1136,#1137,#1138));
#182=EDGE_LOOP('',(#1139,#1140,#1141,#1142));
#183=EDGE_LOOP('',(#1143,#1144,#1145,#1146));
#184=EDGE_LOOP('',(#1147,#1148,#1149,#1150));
#185=EDGE_LOOP('',(#1151,#1152,#1153,#1154));
#186=EDGE_LOOP('',(#1155,#1156,#1157,#1158));
#187=EDGE_LOOP('',(#1159,#1160,#1161,#1162));
#188=EDGE_LOOP('',(#1163,#1164,#1165));
#189=EDGE_LOOP('',(#1166,#1167,#1168,#1169,#1170));
#190=EDGE_LOOP('',(#1171,#1172,#1173,#1174));
#191=EDGE_LOOP('',(#1175,#1176,#1177,#1178));
#192=EDGE_LOOP('',(#1179,#1180,#1181,#1182));
#193=EDGE_LOOP('',(#1183,#1184,#1185,#1186));
#194=EDGE_LOOP('',(#1187,#1188,#1189,#1190));
#195=EDGE_LOOP('',(#1191,#1192,#1193,#1194));
#196=EDGE_LOOP('',(#1195,#1196,#1197,#1198,#1199));
#197=EDGE_LOOP('',(#1200,#1201));
#198=EDGE_LOOP('',(#1202,#1203));
#199=EDGE_LOOP('',(#1204,#1205,#1206,#1207,#1208,#1209,#1210,#1211,#1212,
#1213,#1214,#1215,#1216,#1217,#1218));
#200=EDGE_LOOP('',(#1219,#1220,#1221,#1222));
#201=EDGE_LOOP('',(#1223,#1224,#1225,#1226,#1227,#1228,#1229,#1230,#1231,
#1232,#1233,#1234,#1235,#1236,#1237,#1238));
#202=EDGE_LOOP('',(#1239,#1240,#1241,#1242));
#203=EDGE_LOOP('',(#1243,#1244,#1245,#1246,#1247,#1248,#1249,#1250,#1251,
#1252,#1253,#1254));
#204=EDGE_LOOP('',(#1255));
#205=EDGE_LOOP('',(#1256,#1257,#1258,#1259));
#206=EDGE_LOOP('',(#1260,#1261,#1262,#1263,#1264));
#207=EDGE_LOOP('',(#1265,#1266,#1267,#1268));
#208=EDGE_LOOP('',(#1269,#1270,#1271,#1272));
#209=EDGE_LOOP('',(#1273,#1274,#1275,#1276));
#210=EDGE_LOOP('',(#1277,#1278,#1279,#1280));
#211=EDGE_LOOP('',(#1281,#1282,#1283,#1284));
#212=EDGE_LOOP('',(#1285,#1286,#1287,#1288));
#213=EDGE_LOOP('',(#1289,#1290,#1291));
#214=EDGE_LOOP('',(#1292,#1293,#1294,#1295,#1296));
#215=EDGE_LOOP('',(#1297,#1298,#1299,#1300));
#216=EDGE_LOOP('',(#1301,#1302,#1303,#1304));
#217=EDGE_LOOP('',(#1305,#1306,#1307,#1308));
#218=EDGE_LOOP('',(#1309,#1310,#1311,#1312));
#219=EDGE_LOOP('',(#1313,#1314,#1315,#1316));
#220=EDGE_LOOP('',(#1317,#1318,#1319,#1320));
#221=EDGE_LOOP('',(#1321,#1322,#1323,#1324,#1325));
#222=EDGE_LOOP('',(#1326,#1327));
#223=EDGE_LOOP('',(#1328,#1329));
#224=EDGE_LOOP('',(#1330,#1331,#1332,#1333,#1334,#1335,#1336,#1337,#1338,
#1339,#1340,#1341,#1342,#1343,#1344));
#225=EDGE_LOOP('',(#1345,#1346,#1347,#1348));
#226=EDGE_LOOP('',(#1349,#1350,#1351,#1352,#1353,#1354,#1355,#1356,#1357,
#1358,#1359,#1360,#1361,#1362,#1363,#1364));
#227=EDGE_LOOP('',(#1365,#1366,#1367,#1368));
#228=EDGE_LOOP('',(#1369,#1370,#1371,#1372,#1373,#1374,#1375,#1376,#1377,
#1378,#1379,#1380));
#229=EDGE_LOOP('',(#1381));
#230=EDGE_LOOP('',(#1382,#1383,#1384,#1385));
#231=EDGE_LOOP('',(#1386,#1387,#1388,#1389,#1390));
#232=EDGE_LOOP('',(#1391,#1392,#1393,#1394));
#233=EDGE_LOOP('',(#1395,#1396,#1397,#1398));
#234=EDGE_LOOP('',(#1399,#1400,#1401,#1402));
#235=EDGE_LOOP('',(#1403,#1404,#1405,#1406));
#236=EDGE_LOOP('',(#1407,#1408,#1409,#1410));
#237=EDGE_LOOP('',(#1411,#1412,#1413,#1414));
#238=EDGE_LOOP('',(#1415,#1416,#1417));
#239=EDGE_LOOP('',(#1418,#1419,#1420,#1421,#1422));
#240=EDGE_LOOP('',(#1423,#1424,#1425,#1426));
#241=EDGE_LOOP('',(#1427,#1428,#1429,#1430));
#242=EDGE_LOOP('',(#1431,#1432,#1433,#1434));
#243=EDGE_LOOP('',(#1435,#1436,#1437,#1438));
#244=EDGE_LOOP('',(#1439,#1440,#1441,#1442));
#245=EDGE_LOOP('',(#1443,#1444,#1445,#1446));
#246=EDGE_LOOP('',(#1447,#1448,#1449,#1450,#1451));
#247=EDGE_LOOP('',(#1452,#1453));
#248=EDGE_LOOP('',(#1454,#1455));
#249=EDGE_LOOP('',(#1456,#1457,#1458,#1459,#1460,#1461,#1462,#1463,#1464,
#1465,#1466,#1467,#1468,#1469,#1470));
#250=EDGE_LOOP('',(#1471,#1472,#1473,#1474));
#251=EDGE_LOOP('',(#1475,#1476,#1477,#1478,#1479,#1480,#1481,#1482,#1483,
#1484,#1485,#1486,#1487,#1488,#1489,#1490));
#252=EDGE_LOOP('',(#1491,#1492,#1493,#1494));
#253=EDGE_LOOP('',(#1495,#1496,#1497,#1498,#1499,#1500,#1501,#1502,#1503,
#1504,#1505,#1506));
#254=EDGE_LOOP('',(#1507));
#255=EDGE_LOOP('',(#1508,#1509,#1510,#1511));
#256=EDGE_LOOP('',(#1512,#1513,#1514,#1515,#1516));
#257=CIRCLE('',#1691,1.954);
#258=CIRCLE('',#1698,1.5555);
#259=CIRCLE('',#1700,1.5555);
#260=CIRCLE('',#1708,2.5);
#261=CIRCLE('',#1709,2.5);
#262=CIRCLE('',#1710,2.5);
#263=CIRCLE('',#1712,2.5);
#264=CIRCLE('',#1714,2.5);
#265=CIRCLE('',#1716,1.5555);
#266=CIRCLE('',#1718,1.954);
#267=CIRCLE('',#1720,2.5);
#268=CIRCLE('',#1724,1.954);
#269=CIRCLE('',#1731,1.5555);
#270=CIRCLE('',#1733,1.5555);
#271=CIRCLE('',#1741,2.5);
#272=CIRCLE('',#1742,2.5);
#273=CIRCLE('',#1743,2.5);
#274=CIRCLE('',#1745,2.5);
#275=CIRCLE('',#1747,2.5);
#276=CIRCLE('',#1749,1.5555);
#277=CIRCLE('',#1751,1.954);
#278=CIRCLE('',#1753,2.5);
#279=CIRCLE('',#1757,1.954);
#280=CIRCLE('',#1764,1.5555);
#281=CIRCLE('',#1766,1.5555);
#282=CIRCLE('',#1774,2.5);
#283=CIRCLE('',#1775,2.5);
#284=CIRCLE('',#1776,2.5);
#285=CIRCLE('',#1778,2.5);
#286=CIRCLE('',#1780,2.5);
#287=CIRCLE('',#1782,1.5555);
#288=CIRCLE('',#1784,1.954);
#289=CIRCLE('',#1786,2.5);
#290=CIRCLE('',#1790,1.954);
#291=CIRCLE('',#1797,1.5555);
#292=CIRCLE('',#1799,1.5555);
#293=CIRCLE('',#1807,2.5);
#294=CIRCLE('',#1808,2.5);
#295=CIRCLE('',#1809,2.5);
#296=CIRCLE('',#1811,2.5);
#297=CIRCLE('',#1813,2.5);
#298=CIRCLE('',#1815,1.5555);
#299=CIRCLE('',#1817,1.954);
#300=CIRCLE('',#1819,2.5);
#301=B_SPLINE_CURVE_WITH_KNOTS('',3,(#2178,#2179,#2180,#2181,#2182,#2183,
#2184,#2185,#2186,#2187),.UNSPECIFIED.,.F.,.F.,(4,3,3,4),(-4.0925417488383,
-3.99674275518993,-2.99755706639245,-2.0651401332781),.UNSPECIFIED.);
#302=B_SPLINE_CURVE_WITH_KNOTS('',3,(#2190,#2191,#2192,#2193,#2194,#2195,
#2196),.UNSPECIFIED.,.F.,.F.,(4,3,4),(0.,0.999185688797482,1.11419103802958),
 .UNSPECIFIED.);
#303=B_SPLINE_CURVE_WITH_KNOTS('',3,(#2201,#2202,#2203,#2204,#2205,#2206,
#2207,#2208,#2209,#2210,#2211,#2212,#2213,#2214,#2215,#2216,#2217,#2218,
#2219,#2220,#2221,#2222),.UNSPECIFIED.,.F.,.F.,(4,3,3,3,3,3,3,4),(-10.3757270560179,
-9.99185688797482,-8.99267119917734,-7.99348551037986,-6.99429982158238,
-5.99511413278489,-4.99592844398741,-4.0925417488383),.UNSPECIFIED.);
#304=B_SPLINE_CURVE_WITH_KNOTS('',3,(#2223,#2224,#2225,#2226,#2227,#2228,
#2229,#2230,#2231,#2232,#2233,#2234,#2235,#2236,#2237,#2238,#2239,#2240,
#2241,#2242,#2243,#2244),.UNSPECIFIED.,.F.,.F.,(4,3,3,3,3,3,3,4),(1.11419103802958,
1.99837137759496,2.99755706639244,3.99674275518993,4.99592844398741,5.99511413278489,
6.99429982158237,7.39737634520917),.UNSPECIFIED.);
#305=B_SPLINE_CURVE_WITH_KNOTS('',3,(#2249,#2250,#2251,#2252,#2253,#2254,
#2255,#2256,#2257,#2258,#2259,#2260,#2261,#2262,#2263,#2264,#2265,#2266,
#2267,#2268,#2269,#2270),.UNSPECIFIED.,.F.,.F.,(4,3,3,3,3,3,3,4),(-16.6589123631975,
-15.9869710207597,-14.9877853319622,-13.9885996431648,-12.9894139543673,
-11.9902282655698,-10.9910425767723,-10.3757270560179),.UNSPECIFIED.);
#306=B_SPLINE_CURVE_WITH_KNOTS('',3,(#2271,#2272,#2273,#2274,#2275,#2276,
#2277,#2278,#2279,#2280,#2281,#2282,#2283,#2284,#2285,#2286,#2287,#2288,
#2289,#2290,#2291,#2292),.UNSPECIFIED.,.F.,.F.,(4,3,3,3,3,3,3,4),(7.39737634520917,
7.99348551037986,8.99267119917733,9.99185688797482,10.9910425767723,11.9902282655698,
12.9894139543673,13.6805616523888),.UNSPECIFIED.);
#307=B_SPLINE_CURVE_WITH_KNOTS('',3,(#2297,#2298,#2299,#2300,#2301,#2302,
#2303,#2304,#2305,#2306,#2307,#2308,#2309,#2310,#2311,#2312,#2313,#2314,
#2315,#2316,#2317,#2318),.UNSPECIFIED.,.F.,.F.,(4,3,3,3,3,3,3,4),(-22.9420976703771,
-21.9820851535446,-20.9828994647471,-19.9837137759496,-18.9845280871522,
-17.9853423983547,-16.9861567095572,-16.6589123631975),.UNSPECIFIED.);
#308=B_SPLINE_CURVE_WITH_KNOTS('',3,(#2319,#2320,#2321,#2322,#2323,#2324,
#2325,#2326,#2327,#2328,#2329,#2330,#2331,#2332,#2333,#2334,#2335,#2336,
#2337,#2338,#2339,#2340),.UNSPECIFIED.,.F.,.F.,(4,3,3,3,3,3,3,4),(13.6805616523888,
13.9885996431647,14.9877853319622,15.9869710207597,16.9861567095572,17.9853423983547,
18.9845280871522,19.9637469595683),.UNSPECIFIED.);
#309=B_SPLINE_CURVE_WITH_KNOTS('',3,(#2345,#2346,#2347,#2348,#2349,#2350,
#2351,#2352,#2353,#2354,#2355,#2356,#2357,#2358,#2359,#2360,#2361,#2362,
#2363,#2364,#2365,#2366,#2367,#2368,#2369),.UNSPECIFIED.,.F.,.F.,(4,3,3,
3,3,3,3,3,4),(-29.2252829775566,-28.976384975127,-27.9771992863295,-26.978013597532,
-25.9788279087345,-24.979642219937,-23.9804565311396,-22.9812708423421,
-22.9420976703771),.UNSPECIFIED.);
#310=B_SPLINE_CURVE_WITH_KNOTS('',3,(#2370,#2371,#2372,#2373,#2374,#2375,
#2376,#2377,#2378,#2379,#2380,#2381,#2382,#2383,#2384,#2385,#2386,#2387,
#2388,#2389,#2390,#2391,#2392,#2393,#2394),.UNSPECIFIED.,.F.,.F.,(4,3,3,
3,3,3,3,3,4),(19.9637469595683,19.9837137759496,20.9828994647471,21.9820851535446,
22.9812708423421,23.9804565311396,24.979642219937,25.9788279087345,26.2469322667479),
 .UNSPECIFIED.);
#311=B_SPLINE_CURVE_WITH_KNOTS('',3,(#2399,#2400,#2401,#2402,#2403,#2404,
#2405,#2406,#2407,#2408,#2409,#2410,#2411,#2412,#2413,#2414,#2415,#2416,
#2417,#2418,#2419,#2420),.UNSPECIFIED.,.F.,.F.,(4,3,3,3,3,3,3,4),(-35.5084682847362,
-34.9714991079119,-33.9723134191144,-32.9731277303169,-31.9739420415194,
-30.9747563527219,-29.9755706639245,-29.2252829775566),.UNSPECIFIED.);
#312=B_SPLINE_CURVE_WITH_KNOTS('',3,(#2421,#2422,#2423,#2424,#2425,#2426,
#2427,#2428,#2429,#2430,#2431,#2432,#2433,#2434,#2435,#2436,#2437,#2438,
#2439,#2440,#2441,#2442),.UNSPECIFIED.,.F.,.F.,(4,3,3,3,3,3,3,4),(26.2469322667479,
26.978013597532,27.9771992863295,28.976384975127,29.9755706639245,30.9747563527219,
31.9739420415194,32.5301175739275),.UNSPECIFIED.);
#313=B_SPLINE_CURVE_WITH_KNOTS('',3,(#2448,#2449,#2450,#2451),
 .UNSPECIFIED.,.F.,.F.,(4,4),(47.1238898038469,47.5193375601369),
 .UNSPECIFIED.);
#314=B_SPLINE_CURVE_WITH_KNOTS('',3,(#2457,#2458,#2459,#2460,#2461,#2462,
#2463,#2464,#2465,#2466),.UNSPECIFIED.,.F.,.F.,(4,1,1,1,1,1,1,4),(40.8407044966673,
41.5909921830351,42.5901778718326,43.5893635606301,44.5885492494276,45.587734938225,
46.5869206270225,47.1238898038469),.UNSPECIFIED.);
#315=B_SPLINE_CURVE_WITH_KNOTS('',3,(#2469,#2470,#2471,#2472,#2473,#2474,
#2475,#2476,#2477),.UNSPECIFIED.,.F.,.F.,(4,1,1,1,1,1,4),(40.8407044966673,
41.2837146530567,42.2829003418542,43.2820860306516,44.2812717194491,45.2804574082466,
46.2796430970441),.UNSPECIFIED.);
#316=B_SPLINE_CURVE_WITH_KNOTS('',3,(#2482,#2483,#2484,#2485,#2486,#2487,
#2488,#2489,#2490,#2491,#2492),.UNSPECIFIED.,.F.,.F.,(4,1,1,1,1,1,1,1,4),
(34.5575191894877,34.5966923614527,35.5958780502502,36.5950637390477,37.5942494278452,
38.5934351166427,39.5926208054401,40.5918064942376,40.8407044966673),
 .UNSPECIFIED.);
#317=B_SPLINE_CURVE_WITH_KNOTS('',3,(#2493,#2494,#2495,#2496,#2497,#2498,
#2499,#2500,#2501,#2502),.UNSPECIFIED.,.F.,.F.,(4,1,1,1,1,1,1,4),(34.5575191894877,
35.2886005202718,36.2877862090693,37.2869718978668,38.2861575866642,39.2853432754617,
40.2845289642592,40.8407044966673),.UNSPECIFIED.);
#318=B_SPLINE_CURVE_WITH_KNOTS('',3,(#2507,#2508,#2509,#2510,#2511,#2512,
#2513,#2514,#2515,#2516),.UNSPECIFIED.,.F.,.F.,(4,1,1,1,1,1,1,4),(28.2743338823081,
28.6015782286679,29.6007639174653,30.5999496062628,31.5991352950603,32.5983209838578,
33.5975066726553,34.5575191894877),.UNSPECIFIED.);
#319=B_SPLINE_CURVE_WITH_KNOTS('',3,(#2517,#2518,#2519,#2520,#2521,#2522,
#2523,#2524,#2525,#2526,#2527),.UNSPECIFIED.,.F.,.F.,(4,1,1,1,1,1,1,1,4),
(28.2743338823081,28.2943006986894,29.2934863874869,30.2926720762844,31.2918577650819,
32.2910434538793,33.2902291426768,34.2894148314743,34.5575191894877),
 .UNSPECIFIED.);
#320=B_SPLINE_CURVE_WITH_KNOTS('',3,(#2532,#2533,#2534,#2535,#2536,#2537,
#2538,#2539,#2540,#2541),.UNSPECIFIED.,.F.,.F.,(4,1,1,1,1,1,1,4),(21.9911485751285,
22.606464095883,23.6056497846804,24.6048354734779,25.6040211622754,26.6032068510729,
27.6023925398704,28.2743338823081),.UNSPECIFIED.);
#321=B_SPLINE_CURVE_WITH_KNOTS('',3,(#2542,#2543,#2544,#2545,#2546,#2547,
#2548,#2549,#2550,#2551),.UNSPECIFIED.,.F.,.F.,(4,1,1,1,1,1,1,4),(21.9911485751285,
22.2991865659045,23.298372254702,24.2975579434995,25.296743632297,26.2959293210945,
27.2951150098919,28.2743338823081),.UNSPECIFIED.);
#322=B_SPLINE_CURVE_WITH_KNOTS('',3,(#2556,#2557,#2558,#2559,#2560,#2561,
#2562,#2563,#2564,#2565),.UNSPECIFIED.,.F.,.F.,(4,1,1,1,1,1,1,4),(15.7079632679489,
16.6113499630981,17.6105356518955,18.609721340693,19.6089070294905,20.608092718288,
21.6072784070855,21.9911485751285),.UNSPECIFIED.);
#323=B_SPLINE_CURVE_WITH_KNOTS('',3,(#2566,#2567,#2568,#2569,#2570,#2571,
#2572,#2573,#2574,#2575),.UNSPECIFIED.,.F.,.F.,(4,1,1,1,1,1,1,4),(15.707963267949,
16.3040724331196,17.3032581219171,18.3024438107146,19.3016294995121,20.3008151883096,
21.300000877107,21.9911485751285),.UNSPECIFIED.);
#324=B_SPLINE_CURVE_WITH_KNOTS('',3,(#2768,#2769,#2770,#2771,#2772,#2773,
#2774,#2775,#2776,#2777,#2778,#2779,#2780,#2781,#2782,#2783,#2784,#2785,
#2786,#2787,#2788,#2789,#2790,#2791,#2792,#2793,#2794,#2795,#2796,#2797,
#2798,#2799,#2800,#2801,#2802,#2803,#2804,#2805,#2806,#2807,#2808,#2809,
#2810,#2811,#2812,#2813,#2814,#2815,#2816,#2817,#2818,#2819,#2820,#2821,
#2822,#2823,#2824,#2825,#2826,#2827,#2828,#2829,#2830,#2831,#2832,#2833,
#2834,#2835,#2836,#2837,#2838,#2839,#2840,#2841,#2842,#2843,#2844,#2845,
#2846,#2847,#2848,#2849,#2850,#2851,#2852,#2853,#2854,#2855),
 .UNSPECIFIED.,.F.,.F.,(4,3,3,3,3,3,3,3,3,3,3,3,3,3,3,3,3,3,3,3,3,3,3,3,
3,3,3,3,3,4),(0.,0.0130880551007364,0.0344635493372823,0.0573010526540162,
0.0669903619994159,0.0732111323407075,0.0768725982103473,0.097964601125493,
0.118924677393982,0.139014003278572,0.144741030291102,0.148733442214416,
0.168893358590283,0.188451174764867,0.199281980932341,0.209726705811935,
0.215091542669012,0.218391624122671,0.238121412122999,0.257899540054486,
0.271461794923405,0.279456370961286,0.283336584723732,0.302520698513733,
0.31848991863676,0.323632514088835,0.327162366516906,0.345545189347201,
0.363385149643838,0.366397579005842),.UNSPECIFIED.);
#325=B_SPLINE_CURVE_WITH_KNOTS('',3,(#2856,#2857,#2858,#2859,#2860,#2861,
#2862,#2863,#2864,#2865,#2866,#2867,#2868),.UNSPECIFIED.,.F.,.F.,(4,3,3,
3,4),(32.5301175739275,32.9731277303169,33.9723134191144,34.9714991079119,
35.9039160410262),.UNSPECIFIED.);
#326=B_SPLINE_CURVE_WITH_KNOTS('',3,(#2870,#2871,#2872,#2873,#2874,#2875,
#2876,#2877,#2878,#2879,#2880,#2881,#2882,#2883,#2884,#2885,#2886,#2887,
#2888,#2889,#2890,#2891,#2892,#2893,#2894,#2895,#2896,#2897,#2898,#2899,
#2900,#2901,#2902,#2903,#2904,#2905,#2906,#2907,#2908,#2909,#2910,#2911,
#2912,#2913,#2914,#2915,#2916,#2917,#2918,#2919,#2920,#2921,#2922,#2923,
#2924,#2925,#2926,#2927,#2928,#2929,#2930,#2931,#2932,#2933,#2934,#2935,
#2936,#2937,#2938,#2939,#2940,#2941,#2942,#2943,#2944,#2945,#2946,#2947,
#2948,#2949,#2950,#2951,#2952,#2953,#2954),.UNSPECIFIED.,.F.,.F.,(4,3,3,
3,3,3,3,3,3,3,3,3,3,3,3,3,3,3,3,3,3,3,3,3,3,3,3,3,4),(-0.366397579005838,
-0.355835962892093,-0.337873437877874,-0.327819751435945,-0.323895825108401,
-0.305141720120668,-0.290426468231367,-0.282484975093786,-0.278710552451323,
-0.259295299748492,-0.23947558236494,-0.226461613025271,-0.220364887535584,
-0.216151108256922,-0.212795884295769,-0.192362780798086,-0.187419705006261,
-0.167718730091859,-0.14668273551704,-0.142847443702901,-0.122340866541553,
-0.101413911381735,-0.0803482454465943,-0.075044399184496,-0.0715170004077962,
-0.0498660986045732,-0.0281758293219438,-0.00695752470854035,0.),
 .UNSPECIFIED.);
#327=B_SPLINE_CURVE_WITH_KNOTS('',3,(#2955,#2956,#2957,#2958,#2959,#2960,
#2961,#2962,#2963),.UNSPECIFIED.,.F.,.F.,(4,1,1,1,1,1,4),(10.3757270560179,
11.3081439891322,12.3073296779297,13.3065153667272,14.3057010555247,15.3048867443222,
15.707963267949),.UNSPECIFIED.);
#328=B_SPLINE_CURVE_WITH_KNOTS('',3,(#2967,#2968,#2969,#2970,#2971,#2972,
#2973,#2974),.UNSPECIFIED.,.F.,.F.,(4,1,1,1,1,4),(11.6154215191107,12.6146072079081,
13.6137928967056,14.6129785855031,15.6121642743006,15.7079632679489),
 .UNSPECIFIED.);
#329=B_SPLINE_CURVE_WITH_KNOTS('',3,(#3140,#3141,#3142,#3143,#3144,#3145,
#3146,#3147,#3148,#3149,#3150,#3151,#3152,#3153,#3154,#3155,#3156,#3157,
#3158,#3159,#3160,#3161,#3162,#3163,#3164,#3165,#3166,#3167,#3168,#3169,
#3170,#3171,#3172,#3173,#3174,#3175,#3176,#3177,#3178,#3179,#3180,#3181,
#3182,#3183,#3184,#3185,#3186,#3187,#3188,#3189,#3190,#3191,#3192,#3193,
#3194,#3195,#3196,#3197,#3198,#3199,#3200,#3201,#3202,#3203,#3204,#3205,
#3206,#3207,#3208,#3209,#3210,#3211,#3212,#3213,#3214,#3215,#3216,#3217,
#3218,#3219,#3220,#3221,#3222,#3223,#3224,#3225,#3226,#3227),
 .UNSPECIFIED.,.F.,.F.,(4,3,3,3,3,3,3,3,3,3,3,3,3,3,3,3,3,3,3,3,3,3,3,3,
3,3,3,3,3,4),(0.,0.010521964161447,0.028299731735615,0.0470503250264609,
0.0553749697875625,0.0609061617009138,0.0640878182564963,0.0830282418274865,
0.102385689456601,0.121365386608046,0.125331062410656,0.128616390581685,
0.148663153591075,0.168662480978858,0.178304478062383,0.189949779926651,
0.193466152175656,0.196929725483126,0.216614861002022,0.237070392607268,
0.253015257017693,0.261038509889096,0.266524420738937,0.287641010023446,
0.306888084490253,0.31353850889137,0.317721565847772,0.339446356708859,
0.360866960135055,0.364629307890672),.UNSPECIFIED.);
#330=B_SPLINE_CURVE_WITH_KNOTS('',3,(#3228,#3229,#3230,#3231,#3232,#3233,
#3234,#3235,#3236,#3237,#3238,#3239,#3240,#3241,#3242,#3243,#3244,#3245,
#3246,#3247,#3248,#3249,#3250,#3251,#3252,#3253,#3254,#3255,#3256,#3257,
#3258,#3259,#3260,#3261,#3262,#3263,#3264,#3265,#3266,#3267,#3268,#3269,
#3270,#3271,#3272,#3273,#3274,#3275,#3276,#3277,#3278,#3279,#3280,#3281,
#3282,#3283,#3284,#3285,#3286,#3287,#3288,#3289,#3290,#3291,#3292,#3293,
#3294,#3295,#3296,#3297,#3298,#3299,#3300,#3301,#3302,#3303,#3304,#3305,
#3306,#3307,#3308,#3309,#3310,#3311,#3312),.UNSPECIFIED.,.F.,.F.,(4,3,3,
3,3,3,3,3,3,3,3,3,3,3,3,3,3,3,3,3,3,3,3,3,3,3,3,3,4),(-0.36462930789067,
-0.351605508229881,-0.330024801953775,-0.319804478656308,-0.314677047767891,
-0.310526695868048,-0.289203245076958,-0.273865293091625,-0.265815631962837,
-0.261276380402506,-0.240541506511687,-0.220302441988898,-0.206851738790247,
-0.196252644800875,-0.19125939203576,-0.171675882142916,-0.166499629194295,
-0.145687175545008,-0.127292233458813,-0.123959667838889,-0.104507827790244,
-0.0851230194630172,-0.0661288326123636,-0.0618196581361194,-0.058609870885653,
-0.0400251987151649,-0.0217775458046999,-0.00411106160403443,0.),
 .UNSPECIFIED.);
#331=B_SPLINE_CURVE_WITH_KNOTS('',3,(#3313,#3314,#3315,#3316,#3317,#3318,
#3319,#3320,#3321,#3322),.UNSPECIFIED.,.F.,.F.,(4,3,3,4),(-37.9690561743043,
-36.9698704855068,-35.9706847967093,-35.5084682847362),.UNSPECIFIED.);
#332=B_SPLINE_CURVE_WITH_KNOTS('',3,(#3336,#3337,#3338,#3339,#3340,#3341,
#3342,#3343,#3344,#3345),.UNSPECIFIED.,.F.,.F.,(4,3,3,4),(-4.0925417488383,
-3.99674275518993,-2.99755706639245,-2.0651401332781),.UNSPECIFIED.);
#333=B_SPLINE_CURVE_WITH_KNOTS('',3,(#3348,#3349,#3350,#3351,#3352,#3353,
#3354),.UNSPECIFIED.,.F.,.F.,(4,3,4),(0.,0.999185688797482,1.11419103802958),
 .UNSPECIFIED.);
#334=B_SPLINE_CURVE_WITH_KNOTS('',3,(#3359,#3360,#3361,#3362,#3363,#3364,
#3365,#3366,#3367,#3368,#3369,#3370,#3371,#3372,#3373,#3374,#3375,#3376,
#3377,#3378,#3379,#3380),.UNSPECIFIED.,.F.,.F.,(4,3,3,3,3,3,3,4),(-10.3757270560179,
-9.99185688797482,-8.99267119917734,-7.99348551037986,-6.99429982158238,
-5.99511413278489,-4.99592844398741,-4.0925417488383),.UNSPECIFIED.);
#335=B_SPLINE_CURVE_WITH_KNOTS('',3,(#3381,#3382,#3383,#3384,#3385,#3386,
#3387,#3388,#3389,#3390,#3391,#3392,#3393,#3394,#3395,#3396,#3397,#3398,
#3399,#3400,#3401,#3402),.UNSPECIFIED.,.F.,.F.,(4,3,3,3,3,3,3,4),(1.11419103802958,
1.99837137759496,2.99755706639244,3.99674275518993,4.99592844398741,5.99511413278489,
6.99429982158237,7.39737634520917),.UNSPECIFIED.);
#336=B_SPLINE_CURVE_WITH_KNOTS('',3,(#3407,#3408,#3409,#3410,#3411,#3412,
#3413,#3414,#3415,#3416,#3417,#3418,#3419,#3420,#3421,#3422,#3423,#3424,
#3425,#3426,#3427,#3428),.UNSPECIFIED.,.F.,.F.,(4,3,3,3,3,3,3,4),(-16.6589123631975,
-15.9869710207597,-14.9877853319622,-13.9885996431648,-12.9894139543673,
-11.9902282655698,-10.9910425767723,-10.3757270560179),.UNSPECIFIED.);
#337=B_SPLINE_CURVE_WITH_KNOTS('',3,(#3429,#3430,#3431,#3432,#3433,#3434,
#3435,#3436,#3437,#3438,#3439,#3440,#3441,#3442,#3443,#3444,#3445,#3446,
#3447,#3448,#3449,#3450),.UNSPECIFIED.,.F.,.F.,(4,3,3,3,3,3,3,4),(7.39737634520917,
7.99348551037986,8.99267119917733,9.99185688797482,10.9910425767723,11.9902282655698,
12.9894139543673,13.6805616523888),.UNSPECIFIED.);
#338=B_SPLINE_CURVE_WITH_KNOTS('',3,(#3455,#3456,#3457,#3458,#3459,#3460,
#3461,#3462,#3463,#3464,#3465,#3466,#3467,#3468,#3469,#3470,#3471,#3472,
#3473,#3474,#3475,#3476),.UNSPECIFIED.,.F.,.F.,(4,3,3,3,3,3,3,4),(-22.9420976703771,
-21.9820851535446,-20.9828994647471,-19.9837137759496,-18.9845280871522,
-17.9853423983547,-16.9861567095572,-16.6589123631975),.UNSPECIFIED.);
#339=B_SPLINE_CURVE_WITH_KNOTS('',3,(#3477,#3478,#3479,#3480,#3481,#3482,
#3483,#3484,#3485,#3486,#3487,#3488,#3489,#3490,#3491,#3492,#3493,#3494,
#3495,#3496,#3497,#3498),.UNSPECIFIED.,.F.,.F.,(4,3,3,3,3,3,3,4),(13.6805616523888,
13.9885996431647,14.9877853319622,15.9869710207597,16.9861567095572,17.9853423983547,
18.9845280871522,19.9637469595683),.UNSPECIFIED.);
#340=B_SPLINE_CURVE_WITH_KNOTS('',3,(#3503,#3504,#3505,#3506,#3507,#3508,
#3509,#3510,#3511,#3512,#3513,#3514,#3515,#3516,#3517,#3518,#3519,#3520,
#3521,#3522,#3523,#3524,#3525,#3526,#3527),.UNSPECIFIED.,.F.,.F.,(4,3,3,
3,3,3,3,3,4),(-29.2252829775566,-28.976384975127,-27.9771992863295,-26.978013597532,
-25.9788279087345,-24.979642219937,-23.9804565311396,-22.9812708423421,
-22.9420976703771),.UNSPECIFIED.);
#341=B_SPLINE_CURVE_WITH_KNOTS('',3,(#3528,#3529,#3530,#3531,#3532,#3533,
#3534,#3535,#3536,#3537,#3538,#3539,#3540,#3541,#3542,#3543,#3544,#3545,
#3546,#3547,#3548,#3549,#3550,#3551,#3552),.UNSPECIFIED.,.F.,.F.,(4,3,3,
3,3,3,3,3,4),(19.9637469595683,19.9837137759496,20.9828994647471,21.9820851535446,
22.9812708423421,23.9804565311396,24.979642219937,25.9788279087345,26.2469322667479),
 .UNSPECIFIED.);
#342=B_SPLINE_CURVE_WITH_KNOTS('',3,(#3557,#3558,#3559,#3560,#3561,#3562,
#3563,#3564,#3565,#3566,#3567,#3568,#3569,#3570,#3571,#3572,#3573,#3574,
#3575,#3576,#3577,#3578),.UNSPECIFIED.,.F.,.F.,(4,3,3,3,3,3,3,4),(-35.5084682847362,
-34.9714991079119,-33.9723134191144,-32.9731277303169,-31.9739420415194,
-30.9747563527219,-29.9755706639245,-29.2252829775566),.UNSPECIFIED.);
#343=B_SPLINE_CURVE_WITH_KNOTS('',3,(#3579,#3580,#3581,#3582,#3583,#3584,
#3585,#3586,#3587,#3588,#3589,#3590,#3591,#3592,#3593,#3594,#3595,#3596,
#3597,#3598,#3599,#3600),.UNSPECIFIED.,.F.,.F.,(4,3,3,3,3,3,3,4),(26.2469322667479,
26.978013597532,27.9771992863295,28.976384975127,29.9755706639245,30.9747563527219,
31.9739420415194,32.5301175739275),.UNSPECIFIED.);
#344=B_SPLINE_CURVE_WITH_KNOTS('',3,(#3606,#3607,#3608,#3609),
 .UNSPECIFIED.,.F.,.F.,(4,4),(47.1238898038469,47.5193375601369),
 .UNSPECIFIED.);
#345=B_SPLINE_CURVE_WITH_KNOTS('',3,(#3615,#3616,#3617,#3618,#3619,#3620,
#3621,#3622,#3623,#3624),.UNSPECIFIED.,.F.,.F.,(4,1,1,1,1,1,1,4),(40.8407044966673,
41.5909921830351,42.5901778718326,43.5893635606301,44.5885492494276,45.587734938225,
46.5869206270225,47.1238898038469),.UNSPECIFIED.);
#346=B_SPLINE_CURVE_WITH_KNOTS('',3,(#3627,#3628,#3629,#3630,#3631,#3632,
#3633,#3634,#3635),.UNSPECIFIED.,.F.,.F.,(4,1,1,1,1,1,4),(40.8407044966673,
41.2837146530567,42.2829003418542,43.2820860306516,44.2812717194491,45.2804574082466,
46.2796430970441),.UNSPECIFIED.);
#347=B_SPLINE_CURVE_WITH_KNOTS('',3,(#3640,#3641,#3642,#3643,#3644,#3645,
#3646,#3647,#3648,#3649,#3650),.UNSPECIFIED.,.F.,.F.,(4,1,1,1,1,1,1,1,4),
(34.5575191894877,34.5966923614527,35.5958780502502,36.5950637390477,37.5942494278452,
38.5934351166427,39.5926208054401,40.5918064942376,40.8407044966673),
 .UNSPECIFIED.);
#348=B_SPLINE_CURVE_WITH_KNOTS('',3,(#3651,#3652,#3653,#3654,#3655,#3656,
#3657,#3658,#3659,#3660),.UNSPECIFIED.,.F.,.F.,(4,1,1,1,1,1,1,4),(34.5575191894877,
35.2886005202718,36.2877862090693,37.2869718978668,38.2861575866642,39.2853432754617,
40.2845289642592,40.8407044966673),.UNSPECIFIED.);
#349=B_SPLINE_CURVE_WITH_KNOTS('',3,(#3665,#3666,#3667,#3668,#3669,#3670,
#3671,#3672,#3673,#3674),.UNSPECIFIED.,.F.,.F.,(4,1,1,1,1,1,1,4),(28.2743338823081,
28.6015782286679,29.6007639174653,30.5999496062628,31.5991352950603,32.5983209838578,
33.5975066726553,34.5575191894877),.UNSPECIFIED.);
#350=B_SPLINE_CURVE_WITH_KNOTS('',3,(#3675,#3676,#3677,#3678,#3679,#3680,
#3681,#3682,#3683,#3684,#3685),.UNSPECIFIED.,.F.,.F.,(4,1,1,1,1,1,1,1,4),
(28.2743338823081,28.2943006986894,29.2934863874869,30.2926720762844,31.2918577650819,
32.2910434538793,33.2902291426768,34.2894148314743,34.5575191894877),
 .UNSPECIFIED.);
#351=B_SPLINE_CURVE_WITH_KNOTS('',3,(#3690,#3691,#3692,#3693,#3694,#3695,
#3696,#3697,#3698,#3699),.UNSPECIFIED.,.F.,.F.,(4,1,1,1,1,1,1,4),(21.9911485751285,
22.606464095883,23.6056497846804,24.6048354734779,25.6040211622754,26.6032068510729,
27.6023925398704,28.2743338823081),.UNSPECIFIED.);
#352=B_SPLINE_CURVE_WITH_KNOTS('',3,(#3700,#3701,#3702,#3703,#3704,#3705,
#3706,#3707,#3708,#3709),.UNSPECIFIED.,.F.,.F.,(4,1,1,1,1,1,1,4),(21.9911485751285,
22.2991865659045,23.298372254702,24.2975579434995,25.296743632297,26.2959293210945,
27.2951150098919,28.2743338823081),.UNSPECIFIED.);
#353=B_SPLINE_CURVE_WITH_KNOTS('',3,(#3714,#3715,#3716,#3717,#3718,#3719,
#3720,#3721,#3722,#3723),.UNSPECIFIED.,.F.,.F.,(4,1,1,1,1,1,1,4),(15.7079632679489,
16.6113499630981,17.6105356518955,18.609721340693,19.6089070294905,20.608092718288,
21.6072784070855,21.9911485751285),.UNSPECIFIED.);
#354=B_SPLINE_CURVE_WITH_KNOTS('',3,(#3724,#3725,#3726,#3727,#3728,#3729,
#3730,#3731,#3732,#3733),.UNSPECIFIED.,.F.,.F.,(4,1,1,1,1,1,1,4),(15.707963267949,
16.3040724331196,17.3032581219171,18.3024438107146,19.3016294995121,20.3008151883096,
21.300000877107,21.9911485751285),.UNSPECIFIED.);
#355=B_SPLINE_CURVE_WITH_KNOTS('',3,(#3926,#3927,#3928,#3929,#3930,#3931,
#3932,#3933,#3934,#3935,#3936,#3937,#3938,#3939,#3940,#3941,#3942,#3943,
#3944,#3945,#3946,#3947,#3948,#3949,#3950,#3951,#3952,#3953,#3954,#3955,
#3956,#3957,#3958,#3959,#3960,#3961,#3962,#3963,#3964,#3965,#3966,#3967,
#3968,#3969,#3970,#3971,#3972,#3973,#3974,#3975,#3976,#3977,#3978,#3979,
#3980,#3981,#3982,#3983,#3984,#3985,#3986,#3987,#3988,#3989,#3990,#3991,
#3992,#3993,#3994,#3995,#3996,#3997,#3998,#3999,#4000,#4001,#4002,#4003,
#4004,#4005,#4006,#4007,#4008,#4009,#4010,#4011,#4012,#4013),
 .UNSPECIFIED.,.F.,.F.,(4,3,3,3,3,3,3,3,3,3,3,3,3,3,3,3,3,3,3,3,3,3,3,3,
3,3,3,3,3,4),(0.,0.0130880551007364,0.0344636369111467,0.0573057857173256,
0.0669922468426919,0.0732104979537668,0.0768725998586761,0.0979646090690372,
0.118924910255566,0.13901417792476,0.144741111723266,0.14873352507163,0.168893790447781,
0.188452331335537,0.199281980932341,0.209726705811935,0.215091472639001,
0.21839158633818,0.238121654781488,0.257899588496174,0.271461837309882,
0.27945629885486,0.283336567298747,0.302520311034671,0.318489628027464,
0.323632254314711,0.327161948127866,0.345544041305374,0.363383065584011,
0.366397579005842),.UNSPECIFIED.);
#356=B_SPLINE_CURVE_WITH_KNOTS('',3,(#4014,#4015,#4016,#4017,#4018,#4019,
#4020,#4021,#4022,#4023,#4024,#4025,#4026),.UNSPECIFIED.,.F.,.F.,(4,3,3,
3,4),(32.5301175739275,32.9731277303169,33.9723134191144,34.9714991079119,
35.9039160410262),.UNSPECIFIED.);
#357=B_SPLINE_CURVE_WITH_KNOTS('',3,(#4028,#4029,#4030,#4031,#4032,#4033,
#4034,#4035,#4036,#4037,#4038,#4039,#4040,#4041,#4042,#4043,#4044,#4045,
#4046,#4047,#4048,#4049,#4050,#4051,#4052,#4053,#4054,#4055,#4056,#4057,
#4058,#4059,#4060,#4061,#4062,#4063,#4064,#4065,#4066,#4067,#4068,#4069,
#4070,#4071,#4072,#4073,#4074,#4075,#4076,#4077,#4078,#4079,#4080,#4081,
#4082,#4083,#4084,#4085,#4086,#4087,#4088,#4089,#4090,#4091,#4092,#4093,
#4094,#4095,#4096,#4097,#4098,#4099,#4100,#4101,#4102,#4103,#4104,#4105,
#4106,#4107,#4108,#4109,#4110,#4111,#4112),.UNSPECIFIED.,.F.,.F.,(4,3,3,
3,3,3,3,3,3,3,3,3,3,3,3,3,3,3,3,3,3,3,3,3,3,3,3,3,4),(-0.366397579005838,
-0.355835962892093,-0.337872817737947,-0.327818706956695,-0.323895407352549,
-0.305140860545406,-0.290425716103013,-0.282483683945481,-0.278710240350777,
-0.259294658593189,-0.239474970548082,-0.226461154162627,-0.220364055943749,
-0.216146932909475,-0.212792832937192,-0.19235975456738,-0.187419705006261,
-0.167718528175523,-0.146682287468992,-0.14284738807525,-0.122340553639017,
-0.101413345208219,-0.0803476785500745,-0.0750415290654048,-0.0715122280021118,
-0.049861114317245,-0.0281710215141619,-0.00695354978748191,0.),
 .UNSPECIFIED.);
#358=B_SPLINE_CURVE_WITH_KNOTS('',3,(#4113,#4114,#4115,#4116,#4117,#4118,
#4119,#4120,#4121),.UNSPECIFIED.,.F.,.F.,(4,1,1,1,1,1,4),(10.3757270560179,
11.3081439891322,12.3073296779297,13.3065153667272,14.3057010555247,15.3048867443222,
15.707963267949),.UNSPECIFIED.);
#359=B_SPLINE_CURVE_WITH_KNOTS('',3,(#4125,#4126,#4127,#4128,#4129,#4130,
#4131,#4132),.UNSPECIFIED.,.F.,.F.,(4,1,1,1,1,4),(11.6154215191107,12.6146072079081,
13.6137928967056,14.6129785855031,15.6121642743006,15.7079632679489),
 .UNSPECIFIED.);
#360=B_SPLINE_CURVE_WITH_KNOTS('',3,(#4298,#4299,#4300,#4301,#4302,#4303,
#4304,#4305,#4306,#4307,#4308,#4309,#4310,#4311,#4312,#4313,#4314,#4315,
#4316,#4317,#4318,#4319,#4320,#4321,#4322,#4323,#4324,#4325,#4326,#4327,
#4328,#4329,#4330,#4331,#4332,#4333,#4334,#4335,#4336,#4337,#4338,#4339,
#4340,#4341,#4342,#4343,#4344,#4345,#4346,#4347,#4348,#4349,#4350,#4351,
#4352,#4353,#4354,#4355,#4356,#4357,#4358,#4359,#4360,#4361,#4362,#4363,
#4364,#4365,#4366,#4367,#4368,#4369,#4370,#4371,#4372,#4373,#4374,#4375,
#4376,#4377,#4378,#4379,#4380,#4381,#4382,#4383,#4384,#4385),
 .UNSPECIFIED.,.F.,.F.,(4,3,3,3,3,3,3,3,3,3,3,3,3,3,3,3,3,3,3,3,3,3,3,3,
3,3,3,3,3,4),(0.,0.010521964161447,0.0283003983511156,0.047050908315024,
0.0553751607243043,0.0609065810242425,0.0640883363256939,0.0830291764966712,
0.10238676249088,0.121366191383756,0.125333477630008,0.128618580235262,
0.148665417110407,0.16866472448961,0.178304478062383,0.189949779926651,
0.193466106993578,0.196929703545001,0.216614964243555,0.237070755882864,
0.25301557488384,0.261038603916849,0.266524378129879,0.287641211370077,
0.306888235500226,0.313538021449541,0.317721431116346,0.339446204690371,
0.360866236182195,0.364629307890672),.UNSPECIFIED.);
#361=B_SPLINE_CURVE_WITH_KNOTS('',3,(#4386,#4387,#4388,#4389,#4390,#4391,
#4392,#4393,#4394,#4395,#4396,#4397,#4398,#4399,#4400,#4401,#4402,#4403,
#4404,#4405,#4406,#4407,#4408,#4409,#4410,#4411,#4412,#4413,#4414,#4415,
#4416,#4417,#4418,#4419,#4420,#4421,#4422,#4423,#4424,#4425,#4426,#4427,
#4428,#4429,#4430,#4431,#4432,#4433,#4434,#4435,#4436,#4437,#4438,#4439,
#4440,#4441,#4442,#4443,#4444,#4445,#4446,#4447,#4448,#4449,#4450,#4451,
#4452,#4453,#4454,#4455,#4456,#4457,#4458,#4459,#4460,#4461,#4462,#4463,
#4464,#4465,#4466,#4467,#4468,#4469,#4470),.UNSPECIFIED.,.F.,.F.,(4,3,3,
3,3,3,3,3,3,3,3,3,3,3,3,3,3,3,3,3,3,3,3,3,3,3,3,3,4),(-0.36462930789067,
-0.351605508229881,-0.330024784944236,-0.319804462709864,-0.314676685866773,
-0.310526254783232,-0.289202787461892,-0.273864892678443,-0.265814912954081,
-0.261276095825386,-0.240541155918783,-0.220301605054823,-0.206851111089691,
-0.196251729452222,-0.191259586834197,-0.171675578855409,-0.166499629194295,
-0.145687175545008,-0.127292062209959,-0.123959586608968,-0.104507621186925,
-0.0851231527667743,-0.0661296788922656,-0.061838464868289,-0.058613070873512,
-0.0400288831730817,-0.0217819292839186,-0.00411631139107443,0.),
 .UNSPECIFIED.);
#362=B_SPLINE_CURVE_WITH_KNOTS('',3,(#4471,#4472,#4473,#4474,#4475,#4476,
#4477,#4478,#4479,#4480),.UNSPECIFIED.,.F.,.F.,(4,3,3,4),(-37.9690561743043,
-36.9698704855068,-35.9706847967093,-35.5084682847362),.UNSPECIFIED.);
#363=B_SPLINE_CURVE_WITH_KNOTS('',3,(#4494,#4495,#4496,#4497,#4498,#4499,
#4500,#4501,#4502,#4503),.UNSPECIFIED.,.F.,.F.,(4,3,3,4),(-4.0925417488383,
-3.99674275518993,-2.99755706639245,-2.0651401332781),.UNSPECIFIED.);
#364=B_SPLINE_CURVE_WITH_KNOTS('',3,(#4506,#4507,#4508,#4509,#4510,#4511,
#4512),.UNSPECIFIED.,.F.,.F.,(4,3,4),(0.,0.999185688797482,1.11419103802958),
 .UNSPECIFIED.);
#365=B_SPLINE_CURVE_WITH_KNOTS('',3,(#4517,#4518,#4519,#4520,#4521,#4522,
#4523,#4524,#4525,#4526,#4527,#4528,#4529,#4530,#4531,#4532,#4533,#4534,
#4535,#4536,#4537,#4538),.UNSPECIFIED.,.F.,.F.,(4,3,3,3,3,3,3,4),(-10.3757270560179,
-9.99185688797482,-8.99267119917734,-7.99348551037986,-6.99429982158238,
-5.99511413278489,-4.99592844398741,-4.0925417488383),.UNSPECIFIED.);
#366=B_SPLINE_CURVE_WITH_KNOTS('',3,(#4539,#4540,#4541,#4542,#4543,#4544,
#4545,#4546,#4547,#4548,#4549,#4550,#4551,#4552,#4553,#4554,#4555,#4556,
#4557,#4558,#4559,#4560),.UNSPECIFIED.,.F.,.F.,(4,3,3,3,3,3,3,4),(1.11419103802958,
1.99837137759496,2.99755706639244,3.99674275518993,4.99592844398741,5.99511413278489,
6.99429982158237,7.39737634520917),.UNSPECIFIED.);
#367=B_SPLINE_CURVE_WITH_KNOTS('',3,(#4565,#4566,#4567,#4568,#4569,#4570,
#4571,#4572,#4573,#4574,#4575,#4576,#4577,#4578,#4579,#4580,#4581,#4582,
#4583,#4584,#4585,#4586),.UNSPECIFIED.,.F.,.F.,(4,3,3,3,3,3,3,4),(-16.6589123631975,
-15.9869710207597,-14.9877853319622,-13.9885996431648,-12.9894139543673,
-11.9902282655698,-10.9910425767723,-10.3757270560179),.UNSPECIFIED.);
#368=B_SPLINE_CURVE_WITH_KNOTS('',3,(#4587,#4588,#4589,#4590,#4591,#4592,
#4593,#4594,#4595,#4596,#4597,#4598,#4599,#4600,#4601,#4602,#4603,#4604,
#4605,#4606,#4607,#4608),.UNSPECIFIED.,.F.,.F.,(4,3,3,3,3,3,3,4),(7.39737634520917,
7.99348551037986,8.99267119917733,9.99185688797482,10.9910425767723,11.9902282655698,
12.9894139543673,13.6805616523888),.UNSPECIFIED.);
#369=B_SPLINE_CURVE_WITH_KNOTS('',3,(#4613,#4614,#4615,#4616,#4617,#4618,
#4619,#4620,#4621,#4622,#4623,#4624,#4625,#4626,#4627,#4628,#4629,#4630,
#4631,#4632,#4633,#4634),.UNSPECIFIED.,.F.,.F.,(4,3,3,3,3,3,3,4),(-22.9420976703771,
-21.9820851535446,-20.9828994647471,-19.9837137759496,-18.9845280871522,
-17.9853423983547,-16.9861567095572,-16.6589123631975),.UNSPECIFIED.);
#370=B_SPLINE_CURVE_WITH_KNOTS('',3,(#4635,#4636,#4637,#4638,#4639,#4640,
#4641,#4642,#4643,#4644,#4645,#4646,#4647,#4648,#4649,#4650,#4651,#4652,
#4653,#4654,#4655,#4656),.UNSPECIFIED.,.F.,.F.,(4,3,3,3,3,3,3,4),(13.6805616523888,
13.9885996431647,14.9877853319622,15.9869710207597,16.9861567095572,17.9853423983547,
18.9845280871522,19.9637469595683),.UNSPECIFIED.);
#371=B_SPLINE_CURVE_WITH_KNOTS('',3,(#4661,#4662,#4663,#4664,#4665,#4666,
#4667,#4668,#4669,#4670,#4671,#4672,#4673,#4674,#4675,#4676,#4677,#4678,
#4679,#4680,#4681,#4682,#4683,#4684,#4685),.UNSPECIFIED.,.F.,.F.,(4,3,3,
3,3,3,3,3,4),(-29.2252829775566,-28.976384975127,-27.9771992863295,-26.978013597532,
-25.9788279087345,-24.979642219937,-23.9804565311396,-22.9812708423421,
-22.9420976703771),.UNSPECIFIED.);
#372=B_SPLINE_CURVE_WITH_KNOTS('',3,(#4686,#4687,#4688,#4689,#4690,#4691,
#4692,#4693,#4694,#4695,#4696,#4697,#4698,#4699,#4700,#4701,#4702,#4703,
#4704,#4705,#4706,#4707,#4708,#4709,#4710),.UNSPECIFIED.,.F.,.F.,(4,3,3,
3,3,3,3,3,4),(19.9637469595683,19.9837137759496,20.9828994647471,21.9820851535446,
22.9812708423421,23.9804565311396,24.979642219937,25.9788279087345,26.2469322667479),
 .UNSPECIFIED.);
#373=B_SPLINE_CURVE_WITH_KNOTS('',3,(#4715,#4716,#4717,#4718,#4719,#4720,
#4721,#4722,#4723,#4724,#4725,#4726,#4727,#4728,#4729,#4730,#4731,#4732,
#4733,#4734,#4735,#4736),.UNSPECIFIED.,.F.,.F.,(4,3,3,3,3,3,3,4),(-35.5084682847362,
-34.9714991079119,-33.9723134191144,-32.9731277303169,-31.9739420415194,
-30.9747563527219,-29.9755706639245,-29.2252829775566),.UNSPECIFIED.);
#374=B_SPLINE_CURVE_WITH_KNOTS('',3,(#4737,#4738,#4739,#4740,#4741,#4742,
#4743,#4744,#4745,#4746,#4747,#4748,#4749,#4750,#4751,#4752,#4753,#4754,
#4755,#4756,#4757,#4758),.UNSPECIFIED.,.F.,.F.,(4,3,3,3,3,3,3,4),(26.2469322667479,
26.978013597532,27.9771992863295,28.976384975127,29.9755706639245,30.9747563527219,
31.9739420415194,32.5301175739275),.UNSPECIFIED.);
#375=B_SPLINE_CURVE_WITH_KNOTS('',3,(#4764,#4765,#4766,#4767),
 .UNSPECIFIED.,.F.,.F.,(4,4),(47.1238898038469,47.5193375601369),
 .UNSPECIFIED.);
#376=B_SPLINE_CURVE_WITH_KNOTS('',3,(#4773,#4774,#4775,#4776,#4777,#4778,
#4779,#4780,#4781,#4782),.UNSPECIFIED.,.F.,.F.,(4,1,1,1,1,1,1,4),(40.8407044966673,
41.5909921830351,42.5901778718326,43.5893635606301,44.5885492494276,45.587734938225,
46.5869206270225,47.1238898038469),.UNSPECIFIED.);
#377=B_SPLINE_CURVE_WITH_KNOTS('',3,(#4785,#4786,#4787,#4788,#4789,#4790,
#4791,#4792,#4793),.UNSPECIFIED.,.F.,.F.,(4,1,1,1,1,1,4),(40.8407044966673,
41.2837146530567,42.2829003418542,43.2820860306516,44.2812717194491,45.2804574082466,
46.2796430970441),.UNSPECIFIED.);
#378=B_SPLINE_CURVE_WITH_KNOTS('',3,(#4798,#4799,#4800,#4801,#4802,#4803,
#4804,#4805,#4806,#4807,#4808),.UNSPECIFIED.,.F.,.F.,(4,1,1,1,1,1,1,1,4),
(34.5575191894877,34.5966923614527,35.5958780502502,36.5950637390477,37.5942494278452,
38.5934351166427,39.5926208054401,40.5918064942376,40.8407044966673),
 .UNSPECIFIED.);
#379=B_SPLINE_CURVE_WITH_KNOTS('',3,(#4809,#4810,#4811,#4812,#4813,#4814,
#4815,#4816,#4817,#4818),.UNSPECIFIED.,.F.,.F.,(4,1,1,1,1,1,1,4),(34.5575191894877,
35.2886005202718,36.2877862090693,37.2869718978668,38.2861575866642,39.2853432754617,
40.2845289642592,40.8407044966673),.UNSPECIFIED.);
#380=B_SPLINE_CURVE_WITH_KNOTS('',3,(#4823,#4824,#4825,#4826,#4827,#4828,
#4829,#4830,#4831,#4832),.UNSPECIFIED.,.F.,.F.,(4,1,1,1,1,1,1,4),(28.2743338823081,
28.6015782286679,29.6007639174653,30.5999496062628,31.5991352950603,32.5983209838578,
33.5975066726553,34.5575191894877),.UNSPECIFIED.);
#381=B_SPLINE_CURVE_WITH_KNOTS('',3,(#4833,#4834,#4835,#4836,#4837,#4838,
#4839,#4840,#4841,#4842,#4843),.UNSPECIFIED.,.F.,.F.,(4,1,1,1,1,1,1,1,4),
(28.2743338823081,28.2943006986894,29.2934863874869,30.2926720762844,31.2918577650819,
32.2910434538793,33.2902291426768,34.2894148314743,34.5575191894877),
 .UNSPECIFIED.);
#382=B_SPLINE_CURVE_WITH_KNOTS('',3,(#4848,#4849,#4850,#4851,#4852,#4853,
#4854,#4855,#4856,#4857),.UNSPECIFIED.,.F.,.F.,(4,1,1,1,1,1,1,4),(21.9911485751285,
22.606464095883,23.6056497846804,24.6048354734779,25.6040211622754,26.6032068510729,
27.6023925398704,28.2743338823081),.UNSPECIFIED.);
#383=B_SPLINE_CURVE_WITH_KNOTS('',3,(#4858,#4859,#4860,#4861,#4862,#4863,
#4864,#4865,#4866,#4867),.UNSPECIFIED.,.F.,.F.,(4,1,1,1,1,1,1,4),(21.9911485751285,
22.2991865659045,23.298372254702,24.2975579434995,25.296743632297,26.2959293210945,
27.2951150098919,28.2743338823081),.UNSPECIFIED.);
#384=B_SPLINE_CURVE_WITH_KNOTS('',3,(#4872,#4873,#4874,#4875,#4876,#4877,
#4878,#4879,#4880,#4881),.UNSPECIFIED.,.F.,.F.,(4,1,1,1,1,1,1,4),(15.7079632679489,
16.6113499630981,17.6105356518955,18.609721340693,19.6089070294905,20.608092718288,
21.6072784070855,21.9911485751285),.UNSPECIFIED.);
#385=B_SPLINE_CURVE_WITH_KNOTS('',3,(#4882,#4883,#4884,#4885,#4886,#4887,
#4888,#4889,#4890,#4891),.UNSPECIFIED.,.F.,.F.,(4,1,1,1,1,1,1,4),(15.707963267949,
16.3040724331196,17.3032581219171,18.3024438107146,19.3016294995121,20.3008151883096,
21.300000877107,21.9911485751285),.UNSPECIFIED.);
#386=B_SPLINE_CURVE_WITH_KNOTS('',3,(#5084,#5085,#5086,#5087,#5088,#5089,
#5090,#5091,#5092,#5093,#5094,#5095,#5096,#5097,#5098,#5099,#5100,#5101,
#5102,#5103,#5104,#5105,#5106,#5107,#5108,#5109,#5110,#5111,#5112,#5113,
#5114,#5115,#5116,#5117,#5118,#5119,#5120,#5121,#5122,#5123,#5124,#5125,
#5126,#5127,#5128,#5129,#5130,#5131,#5132,#5133,#5134,#5135,#5136,#5137,
#5138,#5139,#5140,#5141,#5142,#5143,#5144,#5145,#5146,#5147,#5148,#5149,
#5150,#5151,#5152,#5153,#5154,#5155,#5156,#5157,#5158,#5159,#5160,#5161,
#5162,#5163,#5164,#5165,#5166,#5167,#5168,#5169,#5170,#5171),
 .UNSPECIFIED.,.F.,.F.,(4,3,3,3,3,3,3,3,3,3,3,3,3,3,3,3,3,3,3,3,3,3,3,3,
3,3,3,3,3,4),(0.,0.0130880551007364,0.0344637104327824,0.0573099259745825,
0.0669938876258828,0.0732099618848066,0.0768726044223574,0.0979646197922467,
0.118925122686061,0.139014337247631,0.144741164529824,0.14873359202773,
0.168894169282305,0.188453353938879,0.199281980932341,0.209726705811935,
0.215091407944025,0.218391550858534,0.238121866008743,0.257899620987986,
0.271461865740218,0.279456225383908,0.283336552302953,0.302519959965268,
0.318489364725411,0.323632018930482,0.327161569157472,0.345543004985106,
0.36338118796899,0.366397579005842),.UNSPECIFIED.);
#387=B_SPLINE_CURVE_WITH_KNOTS('',3,(#5172,#5173,#5174,#5175,#5176,#5177,
#5178,#5179,#5180,#5181,#5182,#5183,#5184),.UNSPECIFIED.,.F.,.F.,(4,3,3,
3,4),(32.5301175739275,32.9731277303169,33.9723134191144,34.9714991079119,
35.9039160410262),.UNSPECIFIED.);
#388=B_SPLINE_CURVE_WITH_KNOTS('',3,(#5186,#5187,#5188,#5189,#5190,#5191,
#5192,#5193,#5194,#5195,#5196,#5197,#5198,#5199,#5200,#5201,#5202,#5203,
#5204,#5205,#5206,#5207,#5208,#5209,#5210,#5211,#5212,#5213,#5214,#5215,
#5216,#5217,#5218,#5219,#5220,#5221,#5222,#5223,#5224,#5225,#5226,#5227,
#5228,#5229,#5230,#5231,#5232,#5233,#5234,#5235,#5236,#5237,#5238,#5239,
#5240,#5241,#5242,#5243,#5244,#5245,#5246,#5247,#5248,#5249,#5250,#5251,
#5252,#5253,#5254,#5255,#5256,#5257,#5258,#5259,#5260,#5261,#5262,#5263,
#5264,#5265,#5266,#5267,#5268,#5269,#5270),.UNSPECIFIED.,.F.,.F.,(4,3,3,
3,3,3,3,3,3,3,3,3,3,3,3,3,3,3,3,3,3,3,3,3,3,3,3,3,4),(-0.366397579005838,
-0.355835962892093,-0.337872276629866,-0.32781779317956,-0.323895032181467,
-0.305140101679131,-0.290425052095022,-0.282482543914857,-0.278709961801823,
-0.25929409588075,-0.239474436826487,-0.226460753871431,-0.220363332662488,
-0.21614329419984,-0.212790142109733,-0.192357089132112,-0.187419705006261,
-0.167718348395408,-0.146681888558652,-0.142847339710635,-0.122340276142506,
-0.101412842757509,-0.0803471781492122,-0.0750389940489289,-0.0715079844506031,
-0.0498566836742112,-0.0281667520071738,-0.00695002944279085,0.),
 .UNSPECIFIED.);
#389=B_SPLINE_CURVE_WITH_KNOTS('',3,(#5271,#5272,#5273,#5274,#5275,#5276,
#5277,#5278,#5279),.UNSPECIFIED.,.F.,.F.,(4,1,1,1,1,1,4),(10.3757270560179,
11.3081439891322,12.3073296779297,13.3065153667272,14.3057010555247,15.3048867443222,
15.707963267949),.UNSPECIFIED.);
#390=B_SPLINE_CURVE_WITH_KNOTS('',3,(#5283,#5284,#5285,#5286,#5287,#5288,
#5289,#5290),.UNSPECIFIED.,.F.,.F.,(4,1,1,1,1,4),(11.6154215191107,12.6146072079081,
13.6137928967056,14.6129785855031,15.6121642743006,15.7079632679489),
 .UNSPECIFIED.);
#391=B_SPLINE_CURVE_WITH_KNOTS('',3,(#5456,#5457,#5458,#5459,#5460,#5461,
#5462,#5463,#5464,#5465,#5466,#5467,#5468,#5469,#5470,#5471,#5472,#5473,
#5474,#5475,#5476,#5477,#5478,#5479,#5480,#5481,#5482,#5483,#5484,#5485,
#5486,#5487,#5488,#5489,#5490,#5491,#5492,#5493,#5494,#5495,#5496,#5497,
#5498,#5499,#5500,#5501,#5502,#5503,#5504,#5505,#5506,#5507,#5508,#5509,
#5510,#5511,#5512,#5513,#5514,#5515,#5516,#5517,#5518,#5519,#5520,#5521,
#5522,#5523,#5524,#5525,#5526,#5527,#5528,#5529,#5530,#5531,#5532,#5533,
#5534,#5535,#5536,#5537,#5538,#5539,#5540,#5541,#5542,#5543),
 .UNSPECIFIED.,.F.,.F.,(4,3,3,3,3,3,3,3,3,3,3,3,3,3,3,3,3,3,3,3,3,3,3,3,
3,3,3,3,3,4),(0.,0.010521964161447,0.0283010119517092,0.0470514452155434,
0.0553753384324551,0.0609069739076994,0.0640888223243887,0.083030043467229,
0.102387752781301,0.121366934101572,0.1253357100348,0.128620616963704,0.148667517832374,
0.168666806001551,0.178304478062383,0.189949779926651,0.193466061136536,
0.196929681086651,0.216615058819024,0.237071094068266,0.253015870796066,
0.261038687414287,0.266524337959273,0.287641399411867,0.306888376531568,
0.313537563635181,0.317721304211908,0.339446058711145,0.360865547479392,
0.364629307890672),.UNSPECIFIED.);
#392=B_SPLINE_CURVE_WITH_KNOTS('',3,(#5544,#5545,#5546,#5547,#5548,#5549,
#5550,#5551,#5552,#5553,#5554,#5555,#5556,#5557,#5558,#5559,#5560,#5561,
#5562,#5563,#5564,#5565,#5566,#5567,#5568,#5569,#5570,#5571,#5572,#5573,
#5574,#5575,#5576,#5577,#5578,#5579,#5580,#5581,#5582,#5583,#5584,#5585,
#5586,#5587,#5588,#5589,#5590,#5591,#5592,#5593,#5594,#5595,#5596,#5597,
#5598,#5599,#5600,#5601,#5602,#5603,#5604,#5605,#5606,#5607,#5608,#5609,
#5610,#5611,#5612,#5613,#5614,#5615,#5616,#5617,#5618,#5619,#5620,#5621,
#5622,#5623,#5624,#5625,#5626,#5627,#5628),.UNSPECIFIED.,.F.,.F.,(4,3,3,
3,3,3,3,3,3,3,3,3,3,3,3,3,3,3,3,3,3,3,3,3,3,3,3,3,4),(-0.36462930789067,
-0.351605508229881,-0.330024771457426,-0.319804450065981,-0.314676352204659,
-0.310525846343004,-0.289202362761398,-0.27386452106551,-0.265814245945827,
-0.26127583141181,-0.24054082831123,-0.220300821373567,-0.206850523328749,
-0.196250874852387,-0.191259769055486,-0.171675294150093,-0.166499629194295,
-0.145687175545008,-0.127291901610244,-0.123959511423909,-0.104507432313793,
-0.0851232888835339,-0.0661304909429069,-0.0618561818714378,-0.0586159583522269,
-0.0400322334132183,-0.0217859447337794,-0.00412114827611783,0.),
 .UNSPECIFIED.);
#393=B_SPLINE_CURVE_WITH_KNOTS('',3,(#5629,#5630,#5631,#5632,#5633,#5634,
#5635,#5636,#5637,#5638),.UNSPECIFIED.,.F.,.F.,(4,3,3,4),(-37.9690561743043,
-36.9698704855068,-35.9706847967093,-35.5084682847362),.UNSPECIFIED.);
#394=B_SPLINE_CURVE_WITH_KNOTS('',3,(#5652,#5653,#5654,#5655,#5656,#5657,
#5658,#5659,#5660,#5661),.UNSPECIFIED.,.F.,.F.,(4,3,3,4),(-4.0925417488383,
-3.99674275518993,-2.99755706639245,-2.0651401332781),.UNSPECIFIED.);
#395=B_SPLINE_CURVE_WITH_KNOTS('',3,(#5664,#5665,#5666,#5667,#5668,#5669,
#5670),.UNSPECIFIED.,.F.,.F.,(4,3,4),(0.,0.999185688797482,1.11419103802958),
 .UNSPECIFIED.);
#396=B_SPLINE_CURVE_WITH_KNOTS('',3,(#5675,#5676,#5677,#5678,#5679,#5680,
#5681,#5682,#5683,#5684,#5685,#5686,#5687,#5688,#5689,#5690,#5691,#5692,
#5693,#5694,#5695,#5696),.UNSPECIFIED.,.F.,.F.,(4,3,3,3,3,3,3,4),(-10.3757270560179,
-9.99185688797482,-8.99267119917734,-7.99348551037986,-6.99429982158238,
-5.99511413278489,-4.99592844398741,-4.0925417488383),.UNSPECIFIED.);
#397=B_SPLINE_CURVE_WITH_KNOTS('',3,(#5697,#5698,#5699,#5700,#5701,#5702,
#5703,#5704,#5705,#5706,#5707,#5708,#5709,#5710,#5711,#5712,#5713,#5714,
#5715,#5716,#5717,#5718),.UNSPECIFIED.,.F.,.F.,(4,3,3,3,3,3,3,4),(1.11419103802958,
1.99837137759496,2.99755706639244,3.99674275518993,4.99592844398741,5.99511413278489,
6.99429982158237,7.39737634520917),.UNSPECIFIED.);
#398=B_SPLINE_CURVE_WITH_KNOTS('',3,(#5723,#5724,#5725,#5726,#5727,#5728,
#5729,#5730,#5731,#5732,#5733,#5734,#5735,#5736,#5737,#5738,#5739,#5740,
#5741,#5742,#5743,#5744),.UNSPECIFIED.,.F.,.F.,(4,3,3,3,3,3,3,4),(-16.6589123631975,
-15.9869710207597,-14.9877853319622,-13.9885996431648,-12.9894139543673,
-11.9902282655698,-10.9910425767723,-10.3757270560179),.UNSPECIFIED.);
#399=B_SPLINE_CURVE_WITH_KNOTS('',3,(#5745,#5746,#5747,#5748,#5749,#5750,
#5751,#5752,#5753,#5754,#5755,#5756,#5757,#5758,#5759,#5760,#5761,#5762,
#5763,#5764,#5765,#5766),.UNSPECIFIED.,.F.,.F.,(4,3,3,3,3,3,3,4),(7.39737634520917,
7.99348551037986,8.99267119917733,9.99185688797482,10.9910425767723,11.9902282655698,
12.9894139543673,13.6805616523888),.UNSPECIFIED.);
#400=B_SPLINE_CURVE_WITH_KNOTS('',3,(#5771,#5772,#5773,#5774,#5775,#5776,
#5777,#5778,#5779,#5780,#5781,#5782,#5783,#5784,#5785,#5786,#5787,#5788,
#5789,#5790,#5791,#5792),.UNSPECIFIED.,.F.,.F.,(4,3,3,3,3,3,3,4),(-22.9420976703771,
-21.9820851535446,-20.9828994647471,-19.9837137759496,-18.9845280871522,
-17.9853423983547,-16.9861567095572,-16.6589123631975),.UNSPECIFIED.);
#401=B_SPLINE_CURVE_WITH_KNOTS('',3,(#5793,#5794,#5795,#5796,#5797,#5798,
#5799,#5800,#5801,#5802,#5803,#5804,#5805,#5806,#5807,#5808,#5809,#5810,
#5811,#5812,#5813,#5814),.UNSPECIFIED.,.F.,.F.,(4,3,3,3,3,3,3,4),(13.6805616523888,
13.9885996431647,14.9877853319622,15.9869710207597,16.9861567095572,17.9853423983547,
18.9845280871522,19.9637469595683),.UNSPECIFIED.);
#402=B_SPLINE_CURVE_WITH_KNOTS('',3,(#5819,#5820,#5821,#5822,#5823,#5824,
#5825,#5826,#5827,#5828,#5829,#5830,#5831,#5832,#5833,#5834,#5835,#5836,
#5837,#5838,#5839,#5840,#5841,#5842,#5843),.UNSPECIFIED.,.F.,.F.,(4,3,3,
3,3,3,3,3,4),(-29.2252829775566,-28.976384975127,-27.9771992863295,-26.978013597532,
-25.9788279087345,-24.979642219937,-23.9804565311396,-22.9812708423421,
-22.9420976703771),.UNSPECIFIED.);
#403=B_SPLINE_CURVE_WITH_KNOTS('',3,(#5844,#5845,#5846,#5847,#5848,#5849,
#5850,#5851,#5852,#5853,#5854,#5855,#5856,#5857,#5858,#5859,#5860,#5861,
#5862,#5863,#5864,#5865,#5866,#5867,#5868),.UNSPECIFIED.,.F.,.F.,(4,3,3,
3,3,3,3,3,4),(19.9637469595683,19.9837137759496,20.9828994647471,21.9820851535446,
22.9812708423421,23.9804565311396,24.979642219937,25.9788279087345,26.2469322667479),
 .UNSPECIFIED.);
#404=B_SPLINE_CURVE_WITH_KNOTS('',3,(#5873,#5874,#5875,#5876,#5877,#5878,
#5879,#5880,#5881,#5882,#5883,#5884,#5885,#5886,#5887,#5888,#5889,#5890,
#5891,#5892,#5893,#5894),.UNSPECIFIED.,.F.,.F.,(4,3,3,3,3,3,3,4),(-35.5084682847362,
-34.9714991079119,-33.9723134191144,-32.9731277303169,-31.9739420415194,
-30.9747563527219,-29.9755706639245,-29.2252829775566),.UNSPECIFIED.);
#405=B_SPLINE_CURVE_WITH_KNOTS('',3,(#5895,#5896,#5897,#5898,#5899,#5900,
#5901,#5902,#5903,#5904,#5905,#5906,#5907,#5908,#5909,#5910,#5911,#5912,
#5913,#5914,#5915,#5916),.UNSPECIFIED.,.F.,.F.,(4,3,3,3,3,3,3,4),(26.2469322667479,
26.978013597532,27.9771992863295,28.976384975127,29.9755706639245,30.9747563527219,
31.9739420415194,32.5301175739275),.UNSPECIFIED.);
#406=B_SPLINE_CURVE_WITH_KNOTS('',3,(#5922,#5923,#5924,#5925),
 .UNSPECIFIED.,.F.,.F.,(4,4),(47.1238898038469,47.5193375601369),
 .UNSPECIFIED.);
#407=B_SPLINE_CURVE_WITH_KNOTS('',3,(#5931,#5932,#5933,#5934,#5935,#5936,
#5937,#5938,#5939,#5940),.UNSPECIFIED.,.F.,.F.,(4,1,1,1,1,1,1,4),(40.8407044966673,
41.5909921830351,42.5901778718326,43.5893635606301,44.5885492494276,45.587734938225,
46.5869206270225,47.1238898038469),.UNSPECIFIED.);
#408=B_SPLINE_CURVE_WITH_KNOTS('',3,(#5943,#5944,#5945,#5946,#5947,#5948,
#5949,#5950,#5951),.UNSPECIFIED.,.F.,.F.,(4,1,1,1,1,1,4),(40.8407044966673,
41.2837146530567,42.2829003418542,43.2820860306516,44.2812717194491,45.2804574082466,
46.2796430970441),.UNSPECIFIED.);
#409=B_SPLINE_CURVE_WITH_KNOTS('',3,(#5956,#5957,#5958,#5959,#5960,#5961,
#5962,#5963,#5964,#5965,#5966),.UNSPECIFIED.,.F.,.F.,(4,1,1,1,1,1,1,1,4),
(34.5575191894877,34.5966923614527,35.5958780502502,36.5950637390477,37.5942494278452,
38.5934351166427,39.5926208054401,40.5918064942376,40.8407044966673),
 .UNSPECIFIED.);
#410=B_SPLINE_CURVE_WITH_KNOTS('',3,(#5967,#5968,#5969,#5970,#5971,#5972,
#5973,#5974,#5975,#5976),.UNSPECIFIED.,.F.,.F.,(4,1,1,1,1,1,1,4),(34.5575191894877,
35.2886005202718,36.2877862090693,37.2869718978668,38.2861575866642,39.2853432754617,
40.2845289642592,40.8407044966673),.UNSPECIFIED.);
#411=B_SPLINE_CURVE_WITH_KNOTS('',3,(#5981,#5982,#5983,#5984,#5985,#5986,
#5987,#5988,#5989,#5990),.UNSPECIFIED.,.F.,.F.,(4,1,1,1,1,1,1,4),(28.2743338823081,
28.6015782286679,29.6007639174653,30.5999496062628,31.5991352950603,32.5983209838578,
33.5975066726553,34.5575191894877),.UNSPECIFIED.);
#412=B_SPLINE_CURVE_WITH_KNOTS('',3,(#5991,#5992,#5993,#5994,#5995,#5996,
#5997,#5998,#5999,#6000,#6001),.UNSPECIFIED.,.F.,.F.,(4,1,1,1,1,1,1,1,4),
(28.2743338823081,28.2943006986894,29.2934863874869,30.2926720762844,31.2918577650819,
32.2910434538793,33.2902291426768,34.2894148314743,34.5575191894877),
 .UNSPECIFIED.);
#413=B_SPLINE_CURVE_WITH_KNOTS('',3,(#6006,#6007,#6008,#6009,#6010,#6011,
#6012,#6013,#6014,#6015),.UNSPECIFIED.,.F.,.F.,(4,1,1,1,1,1,1,4),(21.9911485751285,
22.606464095883,23.6056497846804,24.6048354734779,25.6040211622754,26.6032068510729,
27.6023925398704,28.2743338823081),.UNSPECIFIED.);
#414=B_SPLINE_CURVE_WITH_KNOTS('',3,(#6016,#6017,#6018,#6019,#6020,#6021,
#6022,#6023,#6024,#6025),.UNSPECIFIED.,.F.,.F.,(4,1,1,1,1,1,1,4),(21.9911485751285,
22.2991865659045,23.298372254702,24.2975579434995,25.296743632297,26.2959293210945,
27.2951150098919,28.2743338823081),.UNSPECIFIED.);
#415=B_SPLINE_CURVE_WITH_KNOTS('',3,(#6030,#6031,#6032,#6033,#6034,#6035,
#6036,#6037,#6038,#6039),.UNSPECIFIED.,.F.,.F.,(4,1,1,1,1,1,1,4),(15.7079632679489,
16.6113499630981,17.6105356518955,18.609721340693,19.6089070294905,20.608092718288,
21.6072784070855,21.9911485751285),.UNSPECIFIED.);
#416=B_SPLINE_CURVE_WITH_KNOTS('',3,(#6040,#6041,#6042,#6043,#6044,#6045,
#6046,#6047,#6048,#6049),.UNSPECIFIED.,.F.,.F.,(4,1,1,1,1,1,1,4),(15.707963267949,
16.3040724331196,17.3032581219171,18.3024438107146,19.3016294995121,20.3008151883096,
21.300000877107,21.9911485751285),.UNSPECIFIED.);
#417=B_SPLINE_CURVE_WITH_KNOTS('',3,(#6242,#6243,#6244,#6245,#6246,#6247,
#6248,#6249,#6250,#6251,#6252,#6253,#6254,#6255,#6256,#6257,#6258,#6259,
#6260,#6261,#6262,#6263,#6264,#6265,#6266,#6267,#6268,#6269,#6270,#6271,
#6272,#6273,#6274,#6275,#6276,#6277,#6278,#6279,#6280,#6281,#6282,#6283,
#6284,#6285,#6286,#6287,#6288,#6289,#6290,#6291,#6292,#6293,#6294,#6295,
#6296,#6297,#6298,#6299,#6300,#6301,#6302,#6303,#6304,#6305,#6306,#6307,
#6308,#6309,#6310,#6311,#6312,#6313,#6314,#6315,#6316,#6317,#6318,#6319,
#6320,#6321,#6322,#6323,#6324,#6325,#6326,#6327,#6328,#6329),
 .UNSPECIFIED.,.F.,.F.,(4,3,3,3,3,3,3,3,3,3,3,3,3,3,3,3,3,3,3,3,3,3,3,3,
3,3,3,3,3,4),(0.,0.0130880551007364,0.0344636352674402,0.05730569501721,
0.0669922108154845,0.0732105098937886,0.0768725998098846,0.0979646088920685,
0.118924905711437,0.139014174516663,0.144741110314634,0.148733523517215,
0.168893782130404,0.188452309020443,0.199281980932341,0.209726705811935,
0.215091474018737,0.21839158708901,0.238121650142016,0.257899587676916,
0.271461836593032,0.279456300352189,0.283336567614274,0.302520318576434,
0.318489633683786,0.323632259382447,0.327161956262652,0.345544063635336,
0.363383106100426,0.366397579005842),.UNSPECIFIED.);
#418=B_SPLINE_CURVE_WITH_KNOTS('',3,(#6330,#6331,#6332,#6333,#6334,#6335,
#6336,#6337,#6338,#6339,#6340,#6341,#6342),.UNSPECIFIED.,.F.,.F.,(4,3,3,
3,4),(32.5301175739275,32.9731277303169,33.9723134191144,34.9714991079119,
35.9039160410262),.UNSPECIFIED.);
#419=B_SPLINE_CURVE_WITH_KNOTS('',3,(#6344,#6345,#6346,#6347,#6348,#6349,
#6350,#6351,#6352,#6353,#6354,#6355,#6356,#6357,#6358,#6359,#6360,#6361,
#6362,#6363,#6364,#6365,#6366,#6367,#6368,#6369,#6370,#6371,#6372,#6373,
#6374,#6375,#6376,#6377,#6378,#6379,#6380,#6381,#6382,#6383,#6384,#6385,
#6386,#6387,#6388,#6389,#6390,#6391,#6392,#6393,#6394,#6395,#6396,#6397,
#6398,#6399,#6400,#6401,#6402,#6403,#6404,#6405,#6406,#6407,#6408,#6409,
#6410,#6411,#6412,#6413,#6414,#6415,#6416,#6417,#6418,#6419,#6420,#6421,
#6422,#6423,#6424,#6425,#6426,#6427,#6428),.UNSPECIFIED.,.F.,.F.,(4,3,3,
3,3,3,3,3,3,3,3,3,3,3,3,3,3,3,3,3,3,3,3,3,3,3,3,3,4),(-0.366397579005838,
-0.355835962892093,-0.337872829606727,-0.327818726974034,-0.323895415466352,
-0.305140877094744,-0.290425730583684,-0.282483708805771,-0.278710246393992,
-0.259294670901161,-0.239474982256955,-0.226461162944281,-0.220364071834838,
-0.216147012780913,-0.212792891671745,-0.192359812782837,-0.187419705006261,
-0.167718532080741,-0.14668229613453,-0.142847389138504,-0.122340559678678,
-0.101413356139697,-0.0803476894656484,-0.075041584348216,-0.071512320240628,
-0.049861210635871,-0.0281711143755488,-0.00695362645845284,0.),
 .UNSPECIFIED.);
#420=B_SPLINE_CURVE_WITH_KNOTS('',3,(#6429,#6430,#6431,#6432,#6433,#6434,
#6435,#6436,#6437),.UNSPECIFIED.,.F.,.F.,(4,1,1,1,1,1,4),(10.3757270560179,
11.3081439891322,12.3073296779297,13.3065153667272,14.3057010555247,15.3048867443222,
15.707963267949),.UNSPECIFIED.);
#421=B_SPLINE_CURVE_WITH_KNOTS('',3,(#6441,#6442,#6443,#6444,#6445,#6446,
#6447,#6448),.UNSPECIFIED.,.F.,.F.,(4,1,1,1,1,4),(11.6154215191107,12.6146072079081,
13.6137928967056,14.6129785855031,15.6121642743006,15.7079632679489),
 .UNSPECIFIED.);
#422=B_SPLINE_CURVE_WITH_KNOTS('',3,(#6614,#6615,#6616,#6617,#6618,#6619,
#6620,#6621,#6622,#6623,#6624,#6625,#6626,#6627,#6628,#6629,#6630,#6631,
#6632,#6633,#6634,#6635,#6636,#6637,#6638,#6639,#6640,#6641,#6642,#6643,
#6644,#6645,#6646,#6647,#6648,#6649,#6650,#6651,#6652,#6653,#6654,#6655,
#6656,#6657,#6658,#6659,#6660,#6661,#6662,#6663,#6664,#6665,#6666,#6667,
#6668,#6669,#6670,#6671,#6672,#6673,#6674,#6675,#6676,#6677,#6678,#6679,
#6680,#6681,#6682,#6683,#6684,#6685,#6686,#6687,#6688,#6689,#6690,#6691,
#6692,#6693,#6694,#6695,#6696,#6697,#6698,#6699,#6700,#6701),
 .UNSPECIFIED.,.F.,.F.,(4,3,3,3,3,3,3,3,3,3,3,3,3,3,3,3,3,3,3,3,3,3,3,3,
3,3,3,3,3,4),(0.,0.010521964161447,0.0283004317313911,0.047050937522765,
0.0553751703421025,0.0609066022233335,0.0640883625631386,0.0830292235251176,
0.102386816331028,0.121366231763867,0.125333598904168,0.128618690582178,
0.148665531042197,0.168664837396693,0.178304478062383,0.189949779926651,
0.1934661045962,0.19692970237944,0.21661496939888,0.237070774183522,0.253015590896916,
0.2610386085379,0.266524375940354,0.287641221503878,0.306888243100576,0.313537996792055,
0.317721424290081,0.33944619690879,0.360866199286822,0.364629307890672),
 .UNSPECIFIED.);
#423=B_SPLINE_CURVE_WITH_KNOTS('',3,(#6702,#6703,#6704,#6705,#6706,#6707,
#6708,#6709,#6710,#6711,#6712,#6713,#6714,#6715,#6716,#6717,#6718,#6719,
#6720,#6721,#6722,#6723,#6724,#6725,#6726,#6727,#6728,#6729,#6730,#6731,
#6732,#6733,#6734,#6735,#6736,#6737,#6738,#6739,#6740,#6741,#6742,#6743,
#6744,#6745,#6746,#6747,#6748,#6749,#6750,#6751,#6752,#6753,#6754,#6755,
#6756,#6757,#6758,#6759,#6760,#6761,#6762,#6763,#6764,#6765,#6766,#6767,
#6768,#6769,#6770,#6771,#6772,#6773,#6774,#6775,#6776,#6777,#6778,#6779,
#6780,#6781,#6782,#6783,#6784,#6785,#6786),.UNSPECIFIED.,.F.,.F.,(4,3,3,
3,3,3,3,3,3,3,3,3,3,3,3,3,3,3,3,3,3,3,3,3,3,3,3,3,4),(-0.36462930789067,
-0.351605508229881,-0.330024784155386,-0.319804461970318,-0.314676667729462,
-0.310526232625531,-0.289202764445702,-0.273864872539276,-0.26581487679865,
-0.261276081503454,-0.240541138219943,-0.22030156275774,-0.206851079366878,
-0.196251683264211,-0.191259596670321,-0.171675563503981,-0.166499629194295,
-0.145687175545008,-0.127292053547595,-0.123959582530138,-0.104507610878534,
-0.0851231598284946,-0.0661297222231944,-0.0618394182452487,-0.0586132294014787,
-0.0400290664465449,-0.0217821481898634,-0.00411657437084034,0.),
 .UNSPECIFIED.);
#424=B_SPLINE_CURVE_WITH_KNOTS('',3,(#6787,#6788,#6789,#6790,#6791,#6792,
#6793,#6794,#6795,#6796),.UNSPECIFIED.,.F.,.F.,(4,3,3,4),(-37.9690561743043,
-36.9698704855068,-35.9706847967093,-35.5084682847362),.UNSPECIFIED.);
#425=LINE('',#2176,#509);
#426=LINE('',#2200,#510);
#427=LINE('',#2248,#511);
#428=LINE('',#2296,#512);
#429=LINE('',#2344,#513);
#430=LINE('',#2398,#514);
#431=LINE('',#2446,#515);
#432=LINE('',#2456,#516);
#433=LINE('',#2481,#517);
#434=LINE('',#2506,#518);
#435=LINE('',#2531,#519);
#436=LINE('',#2555,#520);
#437=LINE('',#2579,#521);
#438=LINE('',#2581,#522);
#439=LINE('',#2583,#523);
#440=LINE('',#2584,#524);
#441=LINE('',#2588,#525);
#442=LINE('',#2590,#526);
#443=LINE('',#2592,#527);
#444=LINE('',#2593,#528);
#445=LINE('',#3328,#529);
#446=LINE('',#3334,#530);
#447=LINE('',#3358,#531);
#448=LINE('',#3406,#532);
#449=LINE('',#3454,#533);
#450=LINE('',#3502,#534);
#451=LINE('',#3556,#535);
#452=LINE('',#3604,#536);
#453=LINE('',#3614,#537);
#454=LINE('',#3639,#538);
#455=LINE('',#3664,#539);
#456=LINE('',#3689,#540);
#457=LINE('',#3713,#541);
#458=LINE('',#3737,#542);
#459=LINE('',#3739,#543);
#460=LINE('',#3741,#544);
#461=LINE('',#3742,#545);
#462=LINE('',#3746,#546);
#463=LINE('',#3748,#547);
#464=LINE('',#3750,#548);
#465=LINE('',#3751,#549);
#466=LINE('',#4486,#550);
#467=LINE('',#4492,#551);
#468=LINE('',#4516,#552);
#469=LINE('',#4564,#553);
#470=LINE('',#4612,#554);
#471=LINE('',#4660,#555);
#472=LINE('',#4714,#556);
#473=LINE('',#4762,#557);
#474=LINE('',#4772,#558);
#475=LINE('',#4797,#559);
#476=LINE('',#4822,#560);
#477=LINE('',#4847,#561);
#478=LINE('',#4871,#562);
#479=LINE('',#4895,#563);
#480=LINE('',#4897,#564);
#481=LINE('',#4899,#565);
#482=LINE('',#4900,#566);
#483=LINE('',#4904,#567);
#484=LINE('',#4906,#568);
#485=LINE('',#4908,#569);
#486=LINE('',#4909,#570);
#487=LINE('',#5644,#571);
#488=LINE('',#5650,#572);
#489=LINE('',#5674,#573);
#490=LINE('',#5722,#574);
#491=LINE('',#5770,#575);
#492=LINE('',#5818,#576);
#493=LINE('',#5872,#577);
#494=LINE('',#5920,#578);
#495=LINE('',#5930,#579);
#496=LINE('',#5955,#580);
#497=LINE('',#5980,#581);
#498=LINE('',#6005,#582);
#499=LINE('',#6029,#583);
#500=LINE('',#6053,#584);
#501=LINE('',#6055,#585);
#502=LINE('',#6057,#586);
#503=LINE('',#6058,#587);
#504=LINE('',#6062,#588);
#505=LINE('',#6064,#589);
#506=LINE('',#6066,#590);
#507=LINE('',#6067,#591);
#508=LINE('',#6802,#592);
#509=VECTOR('',#1826,1.6215011714);
#510=VECTOR('',#1831,1.6215011714);
#511=VECTOR('',#1834,1.6215011714);
#512=VECTOR('',#1837,1.6215011714);
#513=VECTOR('',#1840,1.6215011714);
#514=VECTOR('',#1843,1.6215011714);
#515=VECTOR('',#1846,1.5555);
#516=VECTOR('',#1851,1.5555);
#517=VECTOR('',#1856,1.5555);
#518=VECTOR('',#1859,1.5555);
#519=VECTOR('',#1862,1.5555);
#520=VECTOR('',#1865,1.5555);
#521=VECTOR('',#1868,10.);
#522=VECTOR('',#1869,10.);
#523=VECTOR('',#1870,10.);
#524=VECTOR('',#1871,10.);
#525=VECTOR('',#1874,10.);
#526=VECTOR('',#1875,10.);
#527=VECTOR('',#1876,10.);
#528=VECTOR('',#1877,10.);
#529=VECTOR('',#1906,2.5);
#530=VECTOR('',#1913,1.6215011714);
#531=VECTOR('',#1918,1.6215011714);
#532=VECTOR('',#1921,1.6215011714);
#533=VECTOR('',#1924,1.6215011714);
#534=VECTOR('',#1927,1.6215011714);
#535=VECTOR('',#1930,1.6215011714);
#536=VECTOR('',#1933,1.5555);
#537=VECTOR('',#1938,1.5555);
#538=VECTOR('',#1943,1.5555);
#539=VECTOR('',#1946,1.5555);
#540=VECTOR('',#1949,1.5555);
#541=VECTOR('',#1952,1.5555);
#542=VECTOR('',#1955,10.);
#543=VECTOR('',#1956,10.);
#544=VECTOR('',#1957,10.);
#545=VECTOR('',#1958,10.);
#546=VECTOR('',#1961,10.);
#547=VECTOR('',#1962,10.);
#548=VECTOR('',#1963,10.);
#549=VECTOR('',#1964,10.);
#550=VECTOR('',#1993,2.5);
#551=VECTOR('',#2000,1.6215011714);
#552=VECTOR('',#2005,1.6215011714);
#553=VECTOR('',#2008,1.6215011714);
#554=VECTOR('',#2011,1.6215011714);
#555=VECTOR('',#2014,1.6215011714);
#556=VECTOR('',#2017,1.6215011714);
#557=VECTOR('',#2020,1.5555);
#558=VECTOR('',#2025,1.5555);
#559=VECTOR('',#2030,1.5555);
#560=VECTOR('',#2033,1.5555);
#561=VECTOR('',#2036,1.5555);
#562=VECTOR('',#2039,1.5555);
#563=VECTOR('',#2042,10.);
#564=VECTOR('',#2043,10.);
#565=VECTOR('',#2044,10.);
#566=VECTOR('',#2045,10.);
#567=VECTOR('',#2048,10.);
#568=VECTOR('',#2049,10.);
#569=VECTOR('',#2050,10.);
#570=VECTOR('',#2051,10.);
#571=VECTOR('',#2080,2.5);
#572=VECTOR('',#2087,1.6215011714);
#573=VECTOR('',#2092,1.6215011714);
#574=VECTOR('',#2095,1.6215011714);
#575=VECTOR('',#2098,1.6215011714);
#576=VECTOR('',#2101,1.6215011714);
#577=VECTOR('',#2104,1.6215011714);
#578=VECTOR('',#2107,1.5555);
#579=VECTOR('',#2112,1.5555);
#580=VECTOR('',#2117,1.5555);
#581=VECTOR('',#2120,1.5555);
#582=VECTOR('',#2123,1.5555);
#583=VECTOR('',#2126,1.5555);
#584=VECTOR('',#2129,10.);
#585=VECTOR('',#2130,10.);
#586=VECTOR('',#2131,10.);
#587=VECTOR('',#2132,10.);
#588=VECTOR('',#2135,10.);
#589=VECTOR('',#2136,10.);
#590=VECTOR('',#2137,10.);
#591=VECTOR('',#2138,10.);
#592=VECTOR('',#2167,2.5);
#593=VERTEX_POINT('',#2174);
#594=VERTEX_POINT('',#2175);
#595=VERTEX_POINT('',#2177);
#596=VERTEX_POINT('',#2188);
#597=VERTEX_POINT('',#2198);
#598=VERTEX_POINT('',#2199);
#599=VERTEX_POINT('',#2246);
#600=VERTEX_POINT('',#2247);
#601=VERTEX_POINT('',#2294);
#602=VERTEX_POINT('',#2295);
#603=VERTEX_POINT('',#2342);
#604=VERTEX_POINT('',#2343);
#605=VERTEX_POINT('',#2396);
#606=VERTEX_POINT('',#2397);
#607=VERTEX_POINT('',#2444);
#608=VERTEX_POINT('',#2445);
#609=VERTEX_POINT('',#2447);
#610=VERTEX_POINT('',#2454);
#611=VERTEX_POINT('',#2455);
#612=VERTEX_POINT('',#2467);
#613=VERTEX_POINT('',#2479);
#614=VERTEX_POINT('',#2480);
#615=VERTEX_POINT('',#2504);
#616=VERTEX_POINT('',#2505);
#617=VERTEX_POINT('',#2529);
#618=VERTEX_POINT('',#2530);
#619=VERTEX_POINT('',#2553);
#620=VERTEX_POINT('',#2554);
#621=VERTEX_POINT('',#2577);
#622=VERTEX_POINT('',#2578);
#623=VERTEX_POINT('',#2580);
#624=VERTEX_POINT('',#2582);
#625=VERTEX_POINT('',#2586);
#626=VERTEX_POINT('',#2587);
#627=VERTEX_POINT('',#2589);
#628=VERTEX_POINT('',#2591);
#629=VERTEX_POINT('',#2595);
#630=VERTEX_POINT('',#2767);
#631=VERTEX_POINT('',#2869);
#632=VERTEX_POINT('',#2965);
#633=VERTEX_POINT('',#3139);
#634=VERTEX_POINT('',#3326);
#635=VERTEX_POINT('',#3332);
#636=VERTEX_POINT('',#3333);
#637=VERTEX_POINT('',#3335);
#638=VERTEX_POINT('',#3346);
#639=VERTEX_POINT('',#3356);
#640=VERTEX_POINT('',#3357);
#641=VERTEX_POINT('',#3404);
#642=VERTEX_POINT('',#3405);
#643=VERTEX_POINT('',#3452);
#644=VERTEX_POINT('',#3453);
#645=VERTEX_POINT('',#3500);
#646=VERTEX_POINT('',#3501);
#647=VERTEX_POINT('',#3554);
#648=VERTEX_POINT('',#3555);
#649=VERTEX_POINT('',#3602);
#650=VERTEX_POINT('',#3603);
#651=VERTEX_POINT('',#3605);
#652=VERTEX_POINT('',#3612);
#653=VERTEX_POINT('',#3613);
#654=VERTEX_POINT('',#3625);
#655=VERTEX_POINT('',#3637);
#656=VERTEX_POINT('',#3638);
#657=VERTEX_POINT('',#3662);
#658=VERTEX_POINT('',#3663);
#659=VERTEX_POINT('',#3687);
#660=VERTEX_POINT('',#3688);
#661=VERTEX_POINT('',#3711);
#662=VERTEX_POINT('',#3712);
#663=VERTEX_POINT('',#3735);
#664=VERTEX_POINT('',#3736);
#665=VERTEX_POINT('',#3738);
#666=VERTEX_POINT('',#3740);
#667=VERTEX_POINT('',#3744);
#668=VERTEX_POINT('',#3745);
#669=VERTEX_POINT('',#3747);
#670=VERTEX_POINT('',#3749);
#671=VERTEX_POINT('',#3753);
#672=VERTEX_POINT('',#3925);
#673=VERTEX_POINT('',#4027);
#674=VERTEX_POINT('',#4123);
#675=VERTEX_POINT('',#4297);
#676=VERTEX_POINT('',#4484);
#677=VERTEX_POINT('',#4490);
#678=VERTEX_POINT('',#4491);
#679=VERTEX_POINT('',#4493);
#680=VERTEX_POINT('',#4504);
#681=VERTEX_POINT('',#4514);
#682=VERTEX_POINT('',#4515);
#683=VERTEX_POINT('',#4562);
#684=VERTEX_POINT('',#4563);
#685=VERTEX_POINT('',#4610);
#686=VERTEX_POINT('',#4611);
#687=VERTEX_POINT('',#4658);
#688=VERTEX_POINT('',#4659);
#689=VERTEX_POINT('',#4712);
#690=VERTEX_POINT('',#4713);
#691=VERTEX_POINT('',#4760);
#692=VERTEX_POINT('',#4761);
#693=VERTEX_POINT('',#4763);
#694=VERTEX_POINT('',#4770);
#695=VERTEX_POINT('',#4771);
#696=VERTEX_POINT('',#4783);
#697=VERTEX_POINT('',#4795);
#698=VERTEX_POINT('',#4796);
#699=VERTEX_POINT('',#4820);
#700=VERTEX_POINT('',#4821);
#701=VERTEX_POINT('',#4845);
#702=VERTEX_POINT('',#4846);
#703=VERTEX_POINT('',#4869);
#704=VERTEX_POINT('',#4870);
#705=VERTEX_POINT('',#4893);
#706=VERTEX_POINT('',#4894);
#707=VERTEX_POINT('',#4896);
#708=VERTEX_POINT('',#4898);
#709=VERTEX_POINT('',#4902);
#710=VERTEX_POINT('',#4903);
#711=VERTEX_POINT('',#4905);
#712=VERTEX_POINT('',#4907);
#713=VERTEX_POINT('',#4911);
#714=VERTEX_POINT('',#5083);
#715=VERTEX_POINT('',#5185);
#716=VERTEX_POINT('',#5281);
#717=VERTEX_POINT('',#5455);
#718=VERTEX_POINT('',#5642);
#719=VERTEX_POINT('',#5648);
#720=VERTEX_POINT('',#5649);
#721=VERTEX_POINT('',#5651);
#722=VERTEX_POINT('',#5662);
#723=VERTEX_POINT('',#5672);
#724=VERTEX_POINT('',#5673);
#725=VERTEX_POINT('',#5720);
#726=VERTEX_POINT('',#5721);
#727=VERTEX_POINT('',#5768);
#728=VERTEX_POINT('',#5769);
#729=VERTEX_POINT('',#5816);
#730=VERTEX_POINT('',#5817);
#731=VERTEX_POINT('',#5870);
#732=VERTEX_POINT('',#5871);
#733=VERTEX_POINT('',#5918);
#734=VERTEX_POINT('',#5919);
#735=VERTEX_POINT('',#5921);
#736=VERTEX_POINT('',#5928);
#737=VERTEX_POINT('',#5929);
#738=VERTEX_POINT('',#5941);
#739=VERTEX_POINT('',#5953);
#740=VERTEX_POINT('',#5954);
#741=VERTEX_POINT('',#5978);
#742=VERTEX_POINT('',#5979);
#743=VERTEX_POINT('',#6003);
#744=VERTEX_POINT('',#6004);
#745=VERTEX_POINT('',#6027);
#746=VERTEX_POINT('',#6028);
#747=VERTEX_POINT('',#6051);
#748=VERTEX_POINT('',#6052);
#749=VERTEX_POINT('',#6054);
#750=VERTEX_POINT('',#6056);
#751=VERTEX_POINT('',#6060);
#752=VERTEX_POINT('',#6061);
#753=VERTEX_POINT('',#6063);
#754=VERTEX_POINT('',#6065);
#755=VERTEX_POINT('',#6069);
#756=VERTEX_POINT('',#6241);
#757=VERTEX_POINT('',#6343);
#758=VERTEX_POINT('',#6439);
#759=VERTEX_POINT('',#6613);
#760=VERTEX_POINT('',#6800);
#761=EDGE_CURVE('',#593,#594,#425,.T.);
#762=EDGE_CURVE('',#593,#595,#301,.T.);
#763=EDGE_CURVE('',#595,#596,#257,.F.);
#764=EDGE_CURVE('',#596,#594,#302,.T.);
#765=EDGE_CURVE('',#597,#598,#426,.T.);
#766=EDGE_CURVE('',#597,#593,#303,.T.);
#767=EDGE_CURVE('',#594,#598,#304,.T.);
#768=EDGE_CURVE('',#599,#600,#427,.T.);
#769=EDGE_CURVE('',#599,#597,#305,.T.);
#770=EDGE_CURVE('',#598,#600,#306,.T.);
#771=EDGE_CURVE('',#601,#602,#428,.T.);
#772=EDGE_CURVE('',#601,#599,#307,.T.);
#773=EDGE_CURVE('',#600,#602,#308,.T.);
#774=EDGE_CURVE('',#603,#604,#429,.T.);
#775=EDGE_CURVE('',#603,#601,#309,.T.);
#776=EDGE_CURVE('',#602,#604,#310,.T.);
#777=EDGE_CURVE('',#605,#606,#430,.T.);
#778=EDGE_CURVE('',#605,#603,#311,.T.);
#779=EDGE_CURVE('',#604,#606,#312,.T.);
#780=EDGE_CURVE('',#607,#608,#431,.T.);
#781=EDGE_CURVE('',#607,#609,#313,.T.);
#782=EDGE_CURVE('',#608,#609,#258,.T.);
#783=EDGE_CURVE('',#610,#611,#432,.T.);
#784=EDGE_CURVE('',#610,#607,#314,.T.);
#785=EDGE_CURVE('',#612,#608,#259,.T.);
#786=EDGE_CURVE('',#611,#612,#315,.T.);
#787=EDGE_CURVE('',#613,#614,#433,.T.);
#788=EDGE_CURVE('',#613,#610,#316,.T.);
#789=EDGE_CURVE('',#614,#611,#317,.T.);
#790=EDGE_CURVE('',#615,#616,#434,.T.);
#791=EDGE_CURVE('',#615,#613,#318,.T.);
#792=EDGE_CURVE('',#616,#614,#319,.T.);
#793=EDGE_CURVE('',#617,#618,#435,.T.);
#794=EDGE_CURVE('',#617,#615,#320,.T.);
#795=EDGE_CURVE('',#618,#616,#321,.T.);
#796=EDGE_CURVE('',#619,#620,#436,.T.);
#797=EDGE_CURVE('',#619,#617,#322,.T.);
#798=EDGE_CURVE('',#620,#618,#323,.T.);
#799=EDGE_CURVE('',#621,#622,#437,.T.);
#800=EDGE_CURVE('',#621,#623,#438,.T.);
#801=EDGE_CURVE('',#624,#623,#439,.T.);
#802=EDGE_CURVE('',#622,#624,#440,.T.);
#803=EDGE_CURVE('',#625,#626,#441,.T.);
#804=EDGE_CURVE('',#627,#625,#442,.T.);
#805=EDGE_CURVE('',#628,#627,#443,.T.);
#806=EDGE_CURVE('',#628,#626,#444,.T.);
#807=EDGE_CURVE('',#626,#629,#260,.T.);
#808=EDGE_CURVE('',#623,#628,#261,.T.);
#809=EDGE_CURVE('',#629,#621,#262,.T.);
#810=EDGE_CURVE('',#627,#625,#263,.T.);
#811=EDGE_CURVE('',#622,#624,#264,.T.);
#812=EDGE_CURVE('',#630,#612,#324,.T.);
#813=EDGE_CURVE('',#606,#630,#325,.T.);
#814=EDGE_CURVE('',#631,#596,#326,.T.);
#815=EDGE_CURVE('',#631,#620,#327,.T.);
#816=EDGE_CURVE('',#632,#631,#265,.T.);
#817=EDGE_CURVE('',#632,#619,#328,.T.);
#818=EDGE_CURVE('',#609,#633,#329,.T.);
#819=EDGE_CURVE('',#595,#632,#330,.T.);
#820=EDGE_CURVE('',#633,#605,#331,.T.);
#821=EDGE_CURVE('',#633,#630,#266,.F.);
#822=EDGE_CURVE('',#634,#634,#267,.T.);
#823=EDGE_CURVE('',#634,#629,#445,.T.);
#824=EDGE_CURVE('',#635,#636,#446,.T.);
#825=EDGE_CURVE('',#635,#637,#332,.T.);
#826=EDGE_CURVE('',#637,#638,#268,.F.);
#827=EDGE_CURVE('',#638,#636,#333,.T.);
#828=EDGE_CURVE('',#639,#640,#447,.T.);
#829=EDGE_CURVE('',#639,#635,#334,.T.);
#830=EDGE_CURVE('',#636,#640,#335,.T.);
#831=EDGE_CURVE('',#641,#642,#448,.T.);
#832=EDGE_CURVE('',#641,#639,#336,.T.);
#833=EDGE_CURVE('',#640,#642,#337,.T.);
#834=EDGE_CURVE('',#643,#644,#449,.T.);
#835=EDGE_CURVE('',#643,#641,#338,.T.);
#836=EDGE_CURVE('',#642,#644,#339,.T.);
#837=EDGE_CURVE('',#645,#646,#450,.T.);
#838=EDGE_CURVE('',#645,#643,#340,.T.);
#839=EDGE_CURVE('',#644,#646,#341,.T.);
#840=EDGE_CURVE('',#647,#648,#451,.T.);
#841=EDGE_CURVE('',#647,#645,#342,.T.);
#842=EDGE_CURVE('',#646,#648,#343,.T.);
#843=EDGE_CURVE('',#649,#650,#452,.T.);
#844=EDGE_CURVE('',#649,#651,#344,.T.);
#845=EDGE_CURVE('',#650,#651,#269,.T.);
#846=EDGE_CURVE('',#652,#653,#453,.T.);
#847=EDGE_CURVE('',#652,#649,#345,.T.);
#848=EDGE_CURVE('',#654,#650,#270,.T.);
#849=EDGE_CURVE('',#653,#654,#346,.T.);
#850=EDGE_CURVE('',#655,#656,#454,.T.);
#851=EDGE_CURVE('',#655,#652,#347,.T.);
#852=EDGE_CURVE('',#656,#653,#348,.T.);
#853=EDGE_CURVE('',#657,#658,#455,.T.);
#854=EDGE_CURVE('',#657,#655,#349,.T.);
#855=EDGE_CURVE('',#658,#656,#350,.T.);
#856=EDGE_CURVE('',#659,#660,#456,.T.);
#857=EDGE_CURVE('',#659,#657,#351,.T.);
#858=EDGE_CURVE('',#660,#658,#352,.T.);
#859=EDGE_CURVE('',#661,#662,#457,.T.);
#860=EDGE_CURVE('',#661,#659,#353,.T.);
#861=EDGE_CURVE('',#662,#660,#354,.T.);
#862=EDGE_CURVE('',#663,#664,#458,.T.);
#863=EDGE_CURVE('',#663,#665,#459,.T.);
#864=EDGE_CURVE('',#666,#665,#460,.T.);
#865=EDGE_CURVE('',#664,#666,#461,.T.);
#866=EDGE_CURVE('',#667,#668,#462,.T.);
#867=EDGE_CURVE('',#669,#667,#463,.T.);
#868=EDGE_CURVE('',#670,#669,#464,.T.);
#869=EDGE_CURVE('',#670,#668,#465,.T.);
#870=EDGE_CURVE('',#668,#671,#271,.T.);
#871=EDGE_CURVE('',#665,#670,#272,.T.);
#872=EDGE_CURVE('',#671,#663,#273,.T.);
#873=EDGE_CURVE('',#669,#667,#274,.T.);
#874=EDGE_CURVE('',#664,#666,#275,.T.);
#875=EDGE_CURVE('',#672,#654,#355,.T.);
#876=EDGE_CURVE('',#648,#672,#356,.T.);
#877=EDGE_CURVE('',#673,#638,#357,.T.);
#878=EDGE_CURVE('',#673,#662,#358,.T.);
#879=EDGE_CURVE('',#674,#673,#276,.T.);
#880=EDGE_CURVE('',#674,#661,#359,.T.);
#881=EDGE_CURVE('',#651,#675,#360,.T.);
#882=EDGE_CURVE('',#637,#674,#361,.T.);
#883=EDGE_CURVE('',#675,#647,#362,.T.);
#884=EDGE_CURVE('',#675,#672,#277,.F.);
#885=EDGE_CURVE('',#676,#676,#278,.T.);
#886=EDGE_CURVE('',#676,#671,#466,.T.);
#887=EDGE_CURVE('',#677,#678,#467,.T.);
#888=EDGE_CURVE('',#677,#679,#363,.T.);
#889=EDGE_CURVE('',#679,#680,#279,.F.);
#890=EDGE_CURVE('',#680,#678,#364,.T.);
#891=EDGE_CURVE('',#681,#682,#468,.T.);
#892=EDGE_CURVE('',#681,#677,#365,.T.);
#893=EDGE_CURVE('',#678,#682,#366,.T.);
#894=EDGE_CURVE('',#683,#684,#469,.T.);
#895=EDGE_CURVE('',#683,#681,#367,.T.);
#896=EDGE_CURVE('',#682,#684,#368,.T.);
#897=EDGE_CURVE('',#685,#686,#470,.T.);
#898=EDGE_CURVE('',#685,#683,#369,.T.);
#899=EDGE_CURVE('',#684,#686,#370,.T.);
#900=EDGE_CURVE('',#687,#688,#471,.T.);
#901=EDGE_CURVE('',#687,#685,#371,.T.);
#902=EDGE_CURVE('',#686,#688,#372,.T.);
#903=EDGE_CURVE('',#689,#690,#472,.T.);
#904=EDGE_CURVE('',#689,#687,#373,.T.);
#905=EDGE_CURVE('',#688,#690,#374,.T.);
#906=EDGE_CURVE('',#691,#692,#473,.T.);
#907=EDGE_CURVE('',#691,#693,#375,.T.);
#908=EDGE_CURVE('',#692,#693,#280,.T.);
#909=EDGE_CURVE('',#694,#695,#474,.T.);
#910=EDGE_CURVE('',#694,#691,#376,.T.);
#911=EDGE_CURVE('',#696,#692,#281,.T.);
#912=EDGE_CURVE('',#695,#696,#377,.T.);
#913=EDGE_CURVE('',#697,#698,#475,.T.);
#914=EDGE_CURVE('',#697,#694,#378,.T.);
#915=EDGE_CURVE('',#698,#695,#379,.T.);
#916=EDGE_CURVE('',#699,#700,#476,.T.);
#917=EDGE_CURVE('',#699,#697,#380,.T.);
#918=EDGE_CURVE('',#700,#698,#381,.T.);
#919=EDGE_CURVE('',#701,#702,#477,.T.);
#920=EDGE_CURVE('',#701,#699,#382,.T.);
#921=EDGE_CURVE('',#702,#700,#383,.T.);
#922=EDGE_CURVE('',#703,#704,#478,.T.);
#923=EDGE_CURVE('',#703,#701,#384,.T.);
#924=EDGE_CURVE('',#704,#702,#385,.T.);
#925=EDGE_CURVE('',#705,#706,#479,.T.);
#926=EDGE_CURVE('',#705,#707,#480,.T.);
#927=EDGE_CURVE('',#708,#707,#481,.T.);
#928=EDGE_CURVE('',#706,#708,#482,.T.);
#929=EDGE_CURVE('',#709,#710,#483,.T.);
#930=EDGE_CURVE('',#711,#709,#484,.T.);
#931=EDGE_CURVE('',#712,#711,#485,.T.);
#932=EDGE_CURVE('',#712,#710,#486,.T.);
#933=EDGE_CURVE('',#710,#713,#282,.T.);
#934=EDGE_CURVE('',#707,#712,#283,.T.);
#935=EDGE_CURVE('',#713,#705,#284,.T.);
#936=EDGE_CURVE('',#711,#709,#285,.T.);
#937=EDGE_CURVE('',#706,#708,#286,.T.);
#938=EDGE_CURVE('',#714,#696,#386,.T.);
#939=EDGE_CURVE('',#690,#714,#387,.T.);
#940=EDGE_CURVE('',#715,#680,#388,.T.);
#941=EDGE_CURVE('',#715,#704,#389,.T.);
#942=EDGE_CURVE('',#716,#715,#287,.T.);
#943=EDGE_CURVE('',#716,#703,#390,.T.);
#944=EDGE_CURVE('',#693,#717,#391,.T.);
#945=EDGE_CURVE('',#679,#716,#392,.T.);
#946=EDGE_CURVE('',#717,#689,#393,.T.);
#947=EDGE_CURVE('',#717,#714,#288,.F.);
#948=EDGE_CURVE('',#718,#718,#289,.T.);
#949=EDGE_CURVE('',#718,#713,#487,.T.);
#950=EDGE_CURVE('',#719,#720,#488,.T.);
#951=EDGE_CURVE('',#719,#721,#394,.T.);
#952=EDGE_CURVE('',#721,#722,#290,.F.);
#953=EDGE_CURVE('',#722,#720,#395,.T.);
#954=EDGE_CURVE('',#723,#724,#489,.T.);
#955=EDGE_CURVE('',#723,#719,#396,.T.);
#956=EDGE_CURVE('',#720,#724,#397,.T.);
#957=EDGE_CURVE('',#725,#726,#490,.T.);
#958=EDGE_CURVE('',#725,#723,#398,.T.);
#959=EDGE_CURVE('',#724,#726,#399,.T.);
#960=EDGE_CURVE('',#727,#728,#491,.T.);
#961=EDGE_CURVE('',#727,#725,#400,.T.);
#962=EDGE_CURVE('',#726,#728,#401,.T.);
#963=EDGE_CURVE('',#729,#730,#492,.T.);
#964=EDGE_CURVE('',#729,#727,#402,.T.);
#965=EDGE_CURVE('',#728,#730,#403,.T.);
#966=EDGE_CURVE('',#731,#732,#493,.T.);
#967=EDGE_CURVE('',#731,#729,#404,.T.);
#968=EDGE_CURVE('',#730,#732,#405,.T.);
#969=EDGE_CURVE('',#733,#734,#494,.T.);
#970=EDGE_CURVE('',#733,#735,#406,.T.);
#971=EDGE_CURVE('',#734,#735,#291,.T.);
#972=EDGE_CURVE('',#736,#737,#495,.T.);
#973=EDGE_CURVE('',#736,#733,#407,.T.);
#974=EDGE_CURVE('',#738,#734,#292,.T.);
#975=EDGE_CURVE('',#737,#738,#408,.T.);
#976=EDGE_CURVE('',#739,#740,#496,.T.);
#977=EDGE_CURVE('',#739,#736,#409,.T.);
#978=EDGE_CURVE('',#740,#737,#410,.T.);
#979=EDGE_CURVE('',#741,#742,#497,.T.);
#980=EDGE_CURVE('',#741,#739,#411,.T.);
#981=EDGE_CURVE('',#742,#740,#412,.T.);
#982=EDGE_CURVE('',#743,#744,#498,.T.);
#983=EDGE_CURVE('',#743,#741,#413,.T.);
#984=EDGE_CURVE('',#744,#742,#414,.T.);
#985=EDGE_CURVE('',#745,#746,#499,.T.);
#986=EDGE_CURVE('',#745,#743,#415,.T.);
#987=EDGE_CURVE('',#746,#744,#416,.T.);
#988=EDGE_CURVE('',#747,#748,#500,.T.);
#989=EDGE_CURVE('',#747,#749,#501,.T.);
#990=EDGE_CURVE('',#750,#749,#502,.T.);
#991=EDGE_CURVE('',#748,#750,#503,.T.);
#992=EDGE_CURVE('',#751,#752,#504,.T.);
#993=EDGE_CURVE('',#753,#751,#505,.T.);
#994=EDGE_CURVE('',#754,#753,#506,.T.);
#995=EDGE_CURVE('',#754,#752,#507,.T.);
#996=EDGE_CURVE('',#752,#755,#293,.T.);
#997=EDGE_CURVE('',#749,#754,#294,.T.);
#998=EDGE_CURVE('',#755,#747,#295,.T.);
#999=EDGE_CURVE('',#753,#751,#296,.T.);
#1000=EDGE_CURVE('',#748,#750,#297,.T.);
#1001=EDGE_CURVE('',#756,#738,#417,.T.);
#1002=EDGE_CURVE('',#732,#756,#418,.T.);
#1003=EDGE_CURVE('',#757,#722,#419,.T.);
#1004=EDGE_CURVE('',#757,#746,#420,.T.);
#1005=EDGE_CURVE('',#758,#757,#298,.T.);
#1006=EDGE_CURVE('',#758,#745,#421,.T.);
#1007=EDGE_CURVE('',#735,#759,#422,.T.);
#1008=EDGE_CURVE('',#721,#758,#423,.T.);
#1009=EDGE_CURVE('',#759,#731,#424,.T.);
#1010=EDGE_CURVE('',#759,#756,#299,.F.);
#1011=EDGE_CURVE('',#760,#760,#300,.T.);
#1012=EDGE_CURVE('',#760,#755,#508,.T.);
#1013=ORIENTED_EDGE('',*,*,#761,.F.);
#1014=ORIENTED_EDGE('',*,*,#762,.T.);
#1015=ORIENTED_EDGE('',*,*,#763,.T.);
#1016=ORIENTED_EDGE('',*,*,#764,.T.);
#1017=ORIENTED_EDGE('',*,*,#765,.F.);
#1018=ORIENTED_EDGE('',*,*,#766,.T.);
#1019=ORIENTED_EDGE('',*,*,#761,.T.);
#1020=ORIENTED_EDGE('',*,*,#767,.T.);
#1021=ORIENTED_EDGE('',*,*,#768,.F.);
#1022=ORIENTED_EDGE('',*,*,#769,.T.);
#1023=ORIENTED_EDGE('',*,*,#765,.T.);
#1024=ORIENTED_EDGE('',*,*,#770,.T.);
#1025=ORIENTED_EDGE('',*,*,#771,.F.);
#1026=ORIENTED_EDGE('',*,*,#772,.T.);
#1027=ORIENTED_EDGE('',*,*,#768,.T.);
#1028=ORIENTED_EDGE('',*,*,#773,.T.);
#1029=ORIENTED_EDGE('',*,*,#774,.F.);
#1030=ORIENTED_EDGE('',*,*,#775,.T.);
#1031=ORIENTED_EDGE('',*,*,#771,.T.);
#1032=ORIENTED_EDGE('',*,*,#776,.T.);
#1033=ORIENTED_EDGE('',*,*,#777,.F.);
#1034=ORIENTED_EDGE('',*,*,#778,.T.);
#1035=ORIENTED_EDGE('',*,*,#774,.T.);
#1036=ORIENTED_EDGE('',*,*,#779,.T.);
#1037=ORIENTED_EDGE('',*,*,#780,.F.);
#1038=ORIENTED_EDGE('',*,*,#781,.T.);
#1039=ORIENTED_EDGE('',*,*,#782,.F.);
#1040=ORIENTED_EDGE('',*,*,#783,.F.);
#1041=ORIENTED_EDGE('',*,*,#784,.T.);
#1042=ORIENTED_EDGE('',*,*,#780,.T.);
#1043=ORIENTED_EDGE('',*,*,#785,.F.);
#1044=ORIENTED_EDGE('',*,*,#786,.F.);
#1045=ORIENTED_EDGE('',*,*,#787,.F.);
#1046=ORIENTED_EDGE('',*,*,#788,.T.);
#1047=ORIENTED_EDGE('',*,*,#783,.T.);
#1048=ORIENTED_EDGE('',*,*,#789,.F.);
#1049=ORIENTED_EDGE('',*,*,#790,.F.);
#1050=ORIENTED_EDGE('',*,*,#791,.T.);
#1051=ORIENTED_EDGE('',*,*,#787,.T.);
#1052=ORIENTED_EDGE('',*,*,#792,.F.);
#1053=ORIENTED_EDGE('',*,*,#793,.F.);
#1054=ORIENTED_EDGE('',*,*,#794,.T.);
#1055=ORIENTED_EDGE('',*,*,#790,.T.);
#1056=ORIENTED_EDGE('',*,*,#795,.F.);
#1057=ORIENTED_EDGE('',*,*,#796,.F.);
#1058=ORIENTED_EDGE('',*,*,#797,.T.);
#1059=ORIENTED_EDGE('',*,*,#793,.T.);
#1060=ORIENTED_EDGE('',*,*,#798,.F.);
#1061=ORIENTED_EDGE('',*,*,#799,.F.);
#1062=ORIENTED_EDGE('',*,*,#800,.T.);
#1063=ORIENTED_EDGE('',*,*,#801,.F.);
#1064=ORIENTED_EDGE('',*,*,#802,.F.);
#1065=ORIENTED_EDGE('',*,*,#803,.F.);
#1066=ORIENTED_EDGE('',*,*,#804,.F.);
#1067=ORIENTED_EDGE('',*,*,#805,.F.);
#1068=ORIENTED_EDGE('',*,*,#806,.T.);
#1069=ORIENTED_EDGE('',*,*,#807,.F.);
#1070=ORIENTED_EDGE('',*,*,#806,.F.);
#1071=ORIENTED_EDGE('',*,*,#808,.F.);
#1072=ORIENTED_EDGE('',*,*,#800,.F.);
#1073=ORIENTED_EDGE('',*,*,#809,.F.);
#1074=ORIENTED_EDGE('',*,*,#804,.T.);
#1075=ORIENTED_EDGE('',*,*,#810,.F.);
#1076=ORIENTED_EDGE('',*,*,#802,.T.);
#1077=ORIENTED_EDGE('',*,*,#811,.F.);
#1078=ORIENTED_EDGE('',*,*,#812,.F.);
#1079=ORIENTED_EDGE('',*,*,#813,.F.);
#1080=ORIENTED_EDGE('',*,*,#779,.F.);
#1081=ORIENTED_EDGE('',*,*,#776,.F.);
#1082=ORIENTED_EDGE('',*,*,#773,.F.);
#1083=ORIENTED_EDGE('',*,*,#770,.F.);
#1084=ORIENTED_EDGE('',*,*,#767,.F.);
#1085=ORIENTED_EDGE('',*,*,#764,.F.);
#1086=ORIENTED_EDGE('',*,*,#814,.F.);
#1087=ORIENTED_EDGE('',*,*,#815,.T.);
#1088=ORIENTED_EDGE('',*,*,#798,.T.);
#1089=ORIENTED_EDGE('',*,*,#795,.T.);
#1090=ORIENTED_EDGE('',*,*,#792,.T.);
#1091=ORIENTED_EDGE('',*,*,#789,.T.);
#1092=ORIENTED_EDGE('',*,*,#786,.T.);
#1093=ORIENTED_EDGE('',*,*,#796,.T.);
#1094=ORIENTED_EDGE('',*,*,#815,.F.);
#1095=ORIENTED_EDGE('',*,*,#816,.F.);
#1096=ORIENTED_EDGE('',*,*,#817,.T.);
#1097=ORIENTED_EDGE('',*,*,#818,.F.);
#1098=ORIENTED_EDGE('',*,*,#781,.F.);
#1099=ORIENTED_EDGE('',*,*,#784,.F.);
#1100=ORIENTED_EDGE('',*,*,#788,.F.);
#1101=ORIENTED_EDGE('',*,*,#791,.F.);
#1102=ORIENTED_EDGE('',*,*,#794,.F.);
#1103=ORIENTED_EDGE('',*,*,#797,.F.);
#1104=ORIENTED_EDGE('',*,*,#817,.F.);
#1105=ORIENTED_EDGE('',*,*,#819,.F.);
#1106=ORIENTED_EDGE('',*,*,#762,.F.);
#1107=ORIENTED_EDGE('',*,*,#766,.F.);
#1108=ORIENTED_EDGE('',*,*,#769,.F.);
#1109=ORIENTED_EDGE('',*,*,#772,.F.);
#1110=ORIENTED_EDGE('',*,*,#775,.F.);
#1111=ORIENTED_EDGE('',*,*,#778,.F.);
#1112=ORIENTED_EDGE('',*,*,#820,.F.);
#1113=ORIENTED_EDGE('',*,*,#777,.T.);
#1114=ORIENTED_EDGE('',*,*,#813,.T.);
#1115=ORIENTED_EDGE('',*,*,#821,.F.);
#1116=ORIENTED_EDGE('',*,*,#820,.T.);
#1117=ORIENTED_EDGE('',*,*,#822,.F.);
#1118=ORIENTED_EDGE('',*,*,#823,.T.);
#1119=ORIENTED_EDGE('',*,*,#809,.T.);
#1120=ORIENTED_EDGE('',*,*,#799,.T.);
#1121=ORIENTED_EDGE('',*,*,#811,.T.);
#1122=ORIENTED_EDGE('',*,*,#801,.T.);
#1123=ORIENTED_EDGE('',*,*,#808,.T.);
#1124=ORIENTED_EDGE('',*,*,#805,.T.);
#1125=ORIENTED_EDGE('',*,*,#810,.T.);
#1126=ORIENTED_EDGE('',*,*,#803,.T.);
#1127=ORIENTED_EDGE('',*,*,#807,.T.);
#1128=ORIENTED_EDGE('',*,*,#823,.F.);
#1129=ORIENTED_EDGE('',*,*,#822,.T.);
#1130=ORIENTED_EDGE('',*,*,#819,.T.);
#1131=ORIENTED_EDGE('',*,*,#816,.T.);
#1132=ORIENTED_EDGE('',*,*,#814,.T.);
#1133=ORIENTED_EDGE('',*,*,#763,.F.);
#1134=ORIENTED_EDGE('',*,*,#818,.T.);
#1135=ORIENTED_EDGE('',*,*,#821,.T.);
#1136=ORIENTED_EDGE('',*,*,#812,.T.);
#1137=ORIENTED_EDGE('',*,*,#785,.T.);
#1138=ORIENTED_EDGE('',*,*,#782,.T.);
#1139=ORIENTED_EDGE('',*,*,#824,.F.);
#1140=ORIENTED_EDGE('',*,*,#825,.T.);
#1141=ORIENTED_EDGE('',*,*,#826,.T.);
#1142=ORIENTED_EDGE('',*,*,#827,.T.);
#1143=ORIENTED_EDGE('',*,*,#828,.F.);
#1144=ORIENTED_EDGE('',*,*,#829,.T.);
#1145=ORIENTED_EDGE('',*,*,#824,.T.);
#1146=ORIENTED_EDGE('',*,*,#830,.T.);
#1147=ORIENTED_EDGE('',*,*,#831,.F.);
#1148=ORIENTED_EDGE('',*,*,#832,.T.);
#1149=ORIENTED_EDGE('',*,*,#828,.T.);
#1150=ORIENTED_EDGE('',*,*,#833,.T.);
#1151=ORIENTED_EDGE('',*,*,#834,.F.);
#1152=ORIENTED_EDGE('',*,*,#835,.T.);
#1153=ORIENTED_EDGE('',*,*,#831,.T.);
#1154=ORIENTED_EDGE('',*,*,#836,.T.);
#1155=ORIENTED_EDGE('',*,*,#837,.F.);
#1156=ORIENTED_EDGE('',*,*,#838,.T.);
#1157=ORIENTED_EDGE('',*,*,#834,.T.);
#1158=ORIENTED_EDGE('',*,*,#839,.T.);
#1159=ORIENTED_EDGE('',*,*,#840,.F.);
#1160=ORIENTED_EDGE('',*,*,#841,.T.);
#1161=ORIENTED_EDGE('',*,*,#837,.T.);
#1162=ORIENTED_EDGE('',*,*,#842,.T.);
#1163=ORIENTED_EDGE('',*,*,#843,.F.);
#1164=ORIENTED_EDGE('',*,*,#844,.T.);
#1165=ORIENTED_EDGE('',*,*,#845,.F.);
#1166=ORIENTED_EDGE('',*,*,#846,.F.);
#1167=ORIENTED_EDGE('',*,*,#847,.T.);
#1168=ORIENTED_EDGE('',*,*,#843,.T.);
#1169=ORIENTED_EDGE('',*,*,#848,.F.);
#1170=ORIENTED_EDGE('',*,*,#849,.F.);
#1171=ORIENTED_EDGE('',*,*,#850,.F.);
#1172=ORIENTED_EDGE('',*,*,#851,.T.);
#1173=ORIENTED_EDGE('',*,*,#846,.T.);
#1174=ORIENTED_EDGE('',*,*,#852,.F.);
#1175=ORIENTED_EDGE('',*,*,#853,.F.);
#1176=ORIENTED_EDGE('',*,*,#854,.T.);
#1177=ORIENTED_EDGE('',*,*,#850,.T.);
#1178=ORIENTED_EDGE('',*,*,#855,.F.);
#1179=ORIENTED_EDGE('',*,*,#856,.F.);
#1180=ORIENTED_EDGE('',*,*,#857,.T.);
#1181=ORIENTED_EDGE('',*,*,#853,.T.);
#1182=ORIENTED_EDGE('',*,*,#858,.F.);
#1183=ORIENTED_EDGE('',*,*,#859,.F.);
#1184=ORIENTED_EDGE('',*,*,#860,.T.);
#1185=ORIENTED_EDGE('',*,*,#856,.T.);
#1186=ORIENTED_EDGE('',*,*,#861,.F.);
#1187=ORIENTED_EDGE('',*,*,#862,.F.);
#1188=ORIENTED_EDGE('',*,*,#863,.T.);
#1189=ORIENTED_EDGE('',*,*,#864,.F.);
#1190=ORIENTED_EDGE('',*,*,#865,.F.);
#1191=ORIENTED_EDGE('',*,*,#866,.F.);
#1192=ORIENTED_EDGE('',*,*,#867,.F.);
#1193=ORIENTED_EDGE('',*,*,#868,.F.);
#1194=ORIENTED_EDGE('',*,*,#869,.T.);
#1195=ORIENTED_EDGE('',*,*,#870,.F.);
#1196=ORIENTED_EDGE('',*,*,#869,.F.);
#1197=ORIENTED_EDGE('',*,*,#871,.F.);
#1198=ORIENTED_EDGE('',*,*,#863,.F.);
#1199=ORIENTED_EDGE('',*,*,#872,.F.);
#1200=ORIENTED_EDGE('',*,*,#867,.T.);
#1201=ORIENTED_EDGE('',*,*,#873,.F.);
#1202=ORIENTED_EDGE('',*,*,#865,.T.);
#1203=ORIENTED_EDGE('',*,*,#874,.F.);
#1204=ORIENTED_EDGE('',*,*,#875,.F.);
#1205=ORIENTED_EDGE('',*,*,#876,.F.);
#1206=ORIENTED_EDGE('',*,*,#842,.F.);
#1207=ORIENTED_EDGE('',*,*,#839,.F.);
#1208=ORIENTED_EDGE('',*,*,#836,.F.);
#1209=ORIENTED_EDGE('',*,*,#833,.F.);
#1210=ORIENTED_EDGE('',*,*,#830,.F.);
#1211=ORIENTED_EDGE('',*,*,#827,.F.);
#1212=ORIENTED_EDGE('',*,*,#877,.F.);
#1213=ORIENTED_EDGE('',*,*,#878,.T.);
#1214=ORIENTED_EDGE('',*,*,#861,.T.);
#1215=ORIENTED_EDGE('',*,*,#858,.T.);
#1216=ORIENTED_EDGE('',*,*,#855,.T.);
#1217=ORIENTED_EDGE('',*,*,#852,.T.);
#1218=ORIENTED_EDGE('',*,*,#849,.T.);
#1219=ORIENTED_EDGE('',*,*,#859,.T.);
#1220=ORIENTED_EDGE('',*,*,#878,.F.);
#1221=ORIENTED_EDGE('',*,*,#879,.F.);
#1222=ORIENTED_EDGE('',*,*,#880,.T.);
#1223=ORIENTED_EDGE('',*,*,#881,.F.);
#1224=ORIENTED_EDGE('',*,*,#844,.F.);
#1225=ORIENTED_EDGE('',*,*,#847,.F.);
#1226=ORIENTED_EDGE('',*,*,#851,.F.);
#1227=ORIENTED_EDGE('',*,*,#854,.F.);
#1228=ORIENTED_EDGE('',*,*,#857,.F.);
#1229=ORIENTED_EDGE('',*,*,#860,.F.);
#1230=ORIENTED_EDGE('',*,*,#880,.F.);
#1231=ORIENTED_EDGE('',*,*,#882,.F.);
#1232=ORIENTED_EDGE('',*,*,#825,.F.);
#1233=ORIENTED_EDGE('',*,*,#829,.F.);
#1234=ORIENTED_EDGE('',*,*,#832,.F.);
#1235=ORIENTED_EDGE('',*,*,#835,.F.);
#1236=ORIENTED_EDGE('',*,*,#838,.F.);
#1237=ORIENTED_EDGE('',*,*,#841,.F.);
#1238=ORIENTED_EDGE('',*,*,#883,.F.);
#1239=ORIENTED_EDGE('',*,*,#840,.T.);
#1240=ORIENTED_EDGE('',*,*,#876,.T.);
#1241=ORIENTED_EDGE('',*,*,#884,.F.);
#1242=ORIENTED_EDGE('',*,*,#883,.T.);
#1243=ORIENTED_EDGE('',*,*,#885,.F.);
#1244=ORIENTED_EDGE('',*,*,#886,.T.);
#1245=ORIENTED_EDGE('',*,*,#872,.T.);
#1246=ORIENTED_EDGE('',*,*,#862,.T.);
#1247=ORIENTED_EDGE('',*,*,#874,.T.);
#1248=ORIENTED_EDGE('',*,*,#864,.T.);
#1249=ORIENTED_EDGE('',*,*,#871,.T.);
#1250=ORIENTED_EDGE('',*,*,#868,.T.);
#1251=ORIENTED_EDGE('',*,*,#873,.T.);
#1252=ORIENTED_EDGE('',*,*,#866,.T.);
#1253=ORIENTED_EDGE('',*,*,#870,.T.);
#1254=ORIENTED_EDGE('',*,*,#886,.F.);
#1255=ORIENTED_EDGE('',*,*,#885,.T.);
#1256=ORIENTED_EDGE('',*,*,#882,.T.);
#1257=ORIENTED_EDGE('',*,*,#879,.T.);
#1258=ORIENTED_EDGE('',*,*,#877,.T.);
#1259=ORIENTED_EDGE('',*,*,#826,.F.);
#1260=ORIENTED_EDGE('',*,*,#881,.T.);
#1261=ORIENTED_EDGE('',*,*,#884,.T.);
#1262=ORIENTED_EDGE('',*,*,#875,.T.);
#1263=ORIENTED_EDGE('',*,*,#848,.T.);
#1264=ORIENTED_EDGE('',*,*,#845,.T.);
#1265=ORIENTED_EDGE('',*,*,#887,.F.);
#1266=ORIENTED_EDGE('',*,*,#888,.T.);
#1267=ORIENTED_EDGE('',*,*,#889,.T.);
#1268=ORIENTED_EDGE('',*,*,#890,.T.);
#1269=ORIENTED_EDGE('',*,*,#891,.F.);
#1270=ORIENTED_EDGE('',*,*,#892,.T.);
#1271=ORIENTED_EDGE('',*,*,#887,.T.);
#1272=ORIENTED_EDGE('',*,*,#893,.T.);
#1273=ORIENTED_EDGE('',*,*,#894,.F.);
#1274=ORIENTED_EDGE('',*,*,#895,.T.);
#1275=ORIENTED_EDGE('',*,*,#891,.T.);
#1276=ORIENTED_EDGE('',*,*,#896,.T.);
#1277=ORIENTED_EDGE('',*,*,#897,.F.);
#1278=ORIENTED_EDGE('',*,*,#898,.T.);
#1279=ORIENTED_EDGE('',*,*,#894,.T.);
#1280=ORIENTED_EDGE('',*,*,#899,.T.);
#1281=ORIENTED_EDGE('',*,*,#900,.F.);
#1282=ORIENTED_EDGE('',*,*,#901,.T.);
#1283=ORIENTED_EDGE('',*,*,#897,.T.);
#1284=ORIENTED_EDGE('',*,*,#902,.T.);
#1285=ORIENTED_EDGE('',*,*,#903,.F.);
#1286=ORIENTED_EDGE('',*,*,#904,.T.);
#1287=ORIENTED_EDGE('',*,*,#900,.T.);
#1288=ORIENTED_EDGE('',*,*,#905,.T.);
#1289=ORIENTED_EDGE('',*,*,#906,.F.);
#1290=ORIENTED_EDGE('',*,*,#907,.T.);
#1291=ORIENTED_EDGE('',*,*,#908,.F.);
#1292=ORIENTED_EDGE('',*,*,#909,.F.);
#1293=ORIENTED_EDGE('',*,*,#910,.T.);
#1294=ORIENTED_EDGE('',*,*,#906,.T.);
#1295=ORIENTED_EDGE('',*,*,#911,.F.);
#1296=ORIENTED_EDGE('',*,*,#912,.F.);
#1297=ORIENTED_EDGE('',*,*,#913,.F.);
#1298=ORIENTED_EDGE('',*,*,#914,.T.);
#1299=ORIENTED_EDGE('',*,*,#909,.T.);
#1300=ORIENTED_EDGE('',*,*,#915,.F.);
#1301=ORIENTED_EDGE('',*,*,#916,.F.);
#1302=ORIENTED_EDGE('',*,*,#917,.T.);
#1303=ORIENTED_EDGE('',*,*,#913,.T.);
#1304=ORIENTED_EDGE('',*,*,#918,.F.);
#1305=ORIENTED_EDGE('',*,*,#919,.F.);
#1306=ORIENTED_EDGE('',*,*,#920,.T.);
#1307=ORIENTED_EDGE('',*,*,#916,.T.);
#1308=ORIENTED_EDGE('',*,*,#921,.F.);
#1309=ORIENTED_EDGE('',*,*,#922,.F.);
#1310=ORIENTED_EDGE('',*,*,#923,.T.);
#1311=ORIENTED_EDGE('',*,*,#919,.T.);
#1312=ORIENTED_EDGE('',*,*,#924,.F.);
#1313=ORIENTED_EDGE('',*,*,#925,.F.);
#1314=ORIENTED_EDGE('',*,*,#926,.T.);
#1315=ORIENTED_EDGE('',*,*,#927,.F.);
#1316=ORIENTED_EDGE('',*,*,#928,.F.);
#1317=ORIENTED_EDGE('',*,*,#929,.F.);
#1318=ORIENTED_EDGE('',*,*,#930,.F.);
#1319=ORIENTED_EDGE('',*,*,#931,.F.);
#1320=ORIENTED_EDGE('',*,*,#932,.T.);
#1321=ORIENTED_EDGE('',*,*,#933,.F.);
#1322=ORIENTED_EDGE('',*,*,#932,.F.);
#1323=ORIENTED_EDGE('',*,*,#934,.F.);
#1324=ORIENTED_EDGE('',*,*,#926,.F.);
#1325=ORIENTED_EDGE('',*,*,#935,.F.);
#1326=ORIENTED_EDGE('',*,*,#930,.T.);
#1327=ORIENTED_EDGE('',*,*,#936,.F.);
#1328=ORIENTED_EDGE('',*,*,#928,.T.);
#1329=ORIENTED_EDGE('',*,*,#937,.F.);
#1330=ORIENTED_EDGE('',*,*,#938,.F.);
#1331=ORIENTED_EDGE('',*,*,#939,.F.);
#1332=ORIENTED_EDGE('',*,*,#905,.F.);
#1333=ORIENTED_EDGE('',*,*,#902,.F.);
#1334=ORIENTED_EDGE('',*,*,#899,.F.);
#1335=ORIENTED_EDGE('',*,*,#896,.F.);
#1336=ORIENTED_EDGE('',*,*,#893,.F.);
#1337=ORIENTED_EDGE('',*,*,#890,.F.);
#1338=ORIENTED_EDGE('',*,*,#940,.F.);
#1339=ORIENTED_EDGE('',*,*,#941,.T.);
#1340=ORIENTED_EDGE('',*,*,#924,.T.);
#1341=ORIENTED_EDGE('',*,*,#921,.T.);
#1342=ORIENTED_EDGE('',*,*,#918,.T.);
#1343=ORIENTED_EDGE('',*,*,#915,.T.);
#1344=ORIENTED_EDGE('',*,*,#912,.T.);
#1345=ORIENTED_EDGE('',*,*,#922,.T.);
#1346=ORIENTED_EDGE('',*,*,#941,.F.);
#1347=ORIENTED_EDGE('',*,*,#942,.F.);
#1348=ORIENTED_EDGE('',*,*,#943,.T.);
#1349=ORIENTED_EDGE('',*,*,#944,.F.);
#1350=ORIENTED_EDGE('',*,*,#907,.F.);
#1351=ORIENTED_EDGE('',*,*,#910,.F.);
#1352=ORIENTED_EDGE('',*,*,#914,.F.);
#1353=ORIENTED_EDGE('',*,*,#917,.F.);
#1354=ORIENTED_EDGE('',*,*,#920,.F.);
#1355=ORIENTED_EDGE('',*,*,#923,.F.);
#1356=ORIENTED_EDGE('',*,*,#943,.F.);
#1357=ORIENTED_EDGE('',*,*,#945,.F.);
#1358=ORIENTED_EDGE('',*,*,#888,.F.);
#1359=ORIENTED_EDGE('',*,*,#892,.F.);
#1360=ORIENTED_EDGE('',*,*,#895,.F.);
#1361=ORIENTED_EDGE('',*,*,#898,.F.);
#1362=ORIENTED_EDGE('',*,*,#901,.F.);
#1363=ORIENTED_EDGE('',*,*,#904,.F.);
#1364=ORIENTED_EDGE('',*,*,#946,.F.);
#1365=ORIENTED_EDGE('',*,*,#903,.T.);
#1366=ORIENTED_EDGE('',*,*,#939,.T.);
#1367=ORIENTED_EDGE('',*,*,#947,.F.);
#1368=ORIENTED_EDGE('',*,*,#946,.T.);
#1369=ORIENTED_EDGE('',*,*,#948,.F.);
#1370=ORIENTED_EDGE('',*,*,#949,.T.);
#1371=ORIENTED_EDGE('',*,*,#935,.T.);
#1372=ORIENTED_EDGE('',*,*,#925,.T.);
#1373=ORIENTED_EDGE('',*,*,#937,.T.);
#1374=ORIENTED_EDGE('',*,*,#927,.T.);
#1375=ORIENTED_EDGE('',*,*,#934,.T.);
#1376=ORIENTED_EDGE('',*,*,#931,.T.);
#1377=ORIENTED_EDGE('',*,*,#936,.T.);
#1378=ORIENTED_EDGE('',*,*,#929,.T.);
#1379=ORIENTED_EDGE('',*,*,#933,.T.);
#1380=ORIENTED_EDGE('',*,*,#949,.F.);
#1381=ORIENTED_EDGE('',*,*,#948,.T.);
#1382=ORIENTED_EDGE('',*,*,#945,.T.);
#1383=ORIENTED_EDGE('',*,*,#942,.T.);
#1384=ORIENTED_EDGE('',*,*,#940,.T.);
#1385=ORIENTED_EDGE('',*,*,#889,.F.);
#1386=ORIENTED_EDGE('',*,*,#944,.T.);
#1387=ORIENTED_EDGE('',*,*,#947,.T.);
#1388=ORIENTED_EDGE('',*,*,#938,.T.);
#1389=ORIENTED_EDGE('',*,*,#911,.T.);
#1390=ORIENTED_EDGE('',*,*,#908,.T.);
#1391=ORIENTED_EDGE('',*,*,#950,.F.);
#1392=ORIENTED_EDGE('',*,*,#951,.T.);
#1393=ORIENTED_EDGE('',*,*,#952,.T.);
#1394=ORIENTED_EDGE('',*,*,#953,.T.);
#1395=ORIENTED_EDGE('',*,*,#954,.F.);
#1396=ORIENTED_EDGE('',*,*,#955,.T.);
#1397=ORIENTED_EDGE('',*,*,#950,.T.);
#1398=ORIENTED_EDGE('',*,*,#956,.T.);
#1399=ORIENTED_EDGE('',*,*,#957,.F.);
#1400=ORIENTED_EDGE('',*,*,#958,.T.);
#1401=ORIENTED_EDGE('',*,*,#954,.T.);
#1402=ORIENTED_EDGE('',*,*,#959,.T.);
#1403=ORIENTED_EDGE('',*,*,#960,.F.);
#1404=ORIENTED_EDGE('',*,*,#961,.T.);
#1405=ORIENTED_EDGE('',*,*,#957,.T.);
#1406=ORIENTED_EDGE('',*,*,#962,.T.);
#1407=ORIENTED_EDGE('',*,*,#963,.F.);
#1408=ORIENTED_EDGE('',*,*,#964,.T.);
#1409=ORIENTED_EDGE('',*,*,#960,.T.);
#1410=ORIENTED_EDGE('',*,*,#965,.T.);
#1411=ORIENTED_EDGE('',*,*,#966,.F.);
#1412=ORIENTED_EDGE('',*,*,#967,.T.);
#1413=ORIENTED_EDGE('',*,*,#963,.T.);
#1414=ORIENTED_EDGE('',*,*,#968,.T.);
#1415=ORIENTED_EDGE('',*,*,#969,.F.);
#1416=ORIENTED_EDGE('',*,*,#970,.T.);
#1417=ORIENTED_EDGE('',*,*,#971,.F.);
#1418=ORIENTED_EDGE('',*,*,#972,.F.);
#1419=ORIENTED_EDGE('',*,*,#973,.T.);
#1420=ORIENTED_EDGE('',*,*,#969,.T.);
#1421=ORIENTED_EDGE('',*,*,#974,.F.);
#1422=ORIENTED_EDGE('',*,*,#975,.F.);
#1423=ORIENTED_EDGE('',*,*,#976,.F.);
#1424=ORIENTED_EDGE('',*,*,#977,.T.);
#1425=ORIENTED_EDGE('',*,*,#972,.T.);
#1426=ORIENTED_EDGE('',*,*,#978,.F.);
#1427=ORIENTED_EDGE('',*,*,#979,.F.);
#1428=ORIENTED_EDGE('',*,*,#980,.T.);
#1429=ORIENTED_EDGE('',*,*,#976,.T.);
#1430=ORIENTED_EDGE('',*,*,#981,.F.);
#1431=ORIENTED_EDGE('',*,*,#982,.F.);
#1432=ORIENTED_EDGE('',*,*,#983,.T.);
#1433=ORIENTED_EDGE('',*,*,#979,.T.);
#1434=ORIENTED_EDGE('',*,*,#984,.F.);
#1435=ORIENTED_EDGE('',*,*,#985,.F.);
#1436=ORIENTED_EDGE('',*,*,#986,.T.);
#1437=ORIENTED_EDGE('',*,*,#982,.T.);
#1438=ORIENTED_EDGE('',*,*,#987,.F.);
#1439=ORIENTED_EDGE('',*,*,#988,.F.);
#1440=ORIENTED_EDGE('',*,*,#989,.T.);
#1441=ORIENTED_EDGE('',*,*,#990,.F.);
#1442=ORIENTED_EDGE('',*,*,#991,.F.);
#1443=ORIENTED_EDGE('',*,*,#992,.F.);
#1444=ORIENTED_EDGE('',*,*,#993,.F.);
#1445=ORIENTED_EDGE('',*,*,#994,.F.);
#1446=ORIENTED_EDGE('',*,*,#995,.T.);
#1447=ORIENTED_EDGE('',*,*,#996,.F.);
#1448=ORIENTED_EDGE('',*,*,#995,.F.);
#1449=ORIENTED_EDGE('',*,*,#997,.F.);
#1450=ORIENTED_EDGE('',*,*,#989,.F.);
#1451=ORIENTED_EDGE('',*,*,#998,.F.);
#1452=ORIENTED_EDGE('',*,*,#993,.T.);
#1453=ORIENTED_EDGE('',*,*,#999,.F.);
#1454=ORIENTED_EDGE('',*,*,#991,.T.);
#1455=ORIENTED_EDGE('',*,*,#1000,.F.);
#1456=ORIENTED_EDGE('',*,*,#1001,.F.);
#1457=ORIENTED_EDGE('',*,*,#1002,.F.);
#1458=ORIENTED_EDGE('',*,*,#968,.F.);
#1459=ORIENTED_EDGE('',*,*,#965,.F.);
#1460=ORIENTED_EDGE('',*,*,#962,.F.);
#1461=ORIENTED_EDGE('',*,*,#959,.F.);
#1462=ORIENTED_EDGE('',*,*,#956,.F.);
#1463=ORIENTED_EDGE('',*,*,#953,.F.);
#1464=ORIENTED_EDGE('',*,*,#1003,.F.);
#1465=ORIENTED_EDGE('',*,*,#1004,.T.);
#1466=ORIENTED_EDGE('',*,*,#987,.T.);
#1467=ORIENTED_EDGE('',*,*,#984,.T.);
#1468=ORIENTED_EDGE('',*,*,#981,.T.);
#1469=ORIENTED_EDGE('',*,*,#978,.T.);
#1470=ORIENTED_EDGE('',*,*,#975,.T.);
#1471=ORIENTED_EDGE('',*,*,#985,.T.);
#1472=ORIENTED_EDGE('',*,*,#1004,.F.);
#1473=ORIENTED_EDGE('',*,*,#1005,.F.);
#1474=ORIENTED_EDGE('',*,*,#1006,.T.);
#1475=ORIENTED_EDGE('',*,*,#1007,.F.);
#1476=ORIENTED_EDGE('',*,*,#970,.F.);
#1477=ORIENTED_EDGE('',*,*,#973,.F.);
#1478=ORIENTED_EDGE('',*,*,#977,.F.);
#1479=ORIENTED_EDGE('',*,*,#980,.F.);
#1480=ORIENTED_EDGE('',*,*,#983,.F.);
#1481=ORIENTED_EDGE('',*,*,#986,.F.);
#1482=ORIENTED_EDGE('',*,*,#1006,.F.);
#1483=ORIENTED_EDGE('',*,*,#1008,.F.);
#1484=ORIENTED_EDGE('',*,*,#951,.F.);
#1485=ORIENTED_EDGE('',*,*,#955,.F.);
#1486=ORIENTED_EDGE('',*,*,#958,.F.);
#1487=ORIENTED_EDGE('',*,*,#961,.F.);
#1488=ORIENTED_EDGE('',*,*,#964,.F.);
#1489=ORIENTED_EDGE('',*,*,#967,.F.);
#1490=ORIENTED_EDGE('',*,*,#1009,.F.);
#1491=ORIENTED_EDGE('',*,*,#966,.T.);
#1492=ORIENTED_EDGE('',*,*,#1002,.T.);
#1493=ORIENTED_EDGE('',*,*,#1010,.F.);
#1494=ORIENTED_EDGE('',*,*,#1009,.T.);
#1495=ORIENTED_EDGE('',*,*,#1011,.F.);
#1496=ORIENTED_EDGE('',*,*,#1012,.T.);
#1497=ORIENTED_EDGE('',*,*,#998,.T.);
#1498=ORIENTED_EDGE('',*,*,#988,.T.);
#1499=ORIENTED_EDGE('',*,*,#1000,.T.);
#1500=ORIENTED_EDGE('',*,*,#990,.T.);
#1501=ORIENTED_EDGE('',*,*,#997,.T.);
#1502=ORIENTED_EDGE('',*,*,#994,.T.);
#1503=ORIENTED_EDGE('',*,*,#999,.T.);
#1504=ORIENTED_EDGE('',*,*,#992,.T.);
#1505=ORIENTED_EDGE('',*,*,#996,.T.);
#1506=ORIENTED_EDGE('',*,*,#1012,.F.);
#1507=ORIENTED_EDGE('',*,*,#1011,.T.);
#1508=ORIENTED_EDGE('',*,*,#1008,.T.);
#1509=ORIENTED_EDGE('',*,*,#1005,.T.);
#1510=ORIENTED_EDGE('',*,*,#1003,.T.);
#1511=ORIENTED_EDGE('',*,*,#952,.F.);
#1512=ORIENTED_EDGE('',*,*,#1007,.T.);
#1513=ORIENTED_EDGE('',*,*,#1010,.T.);
#1514=ORIENTED_EDGE('',*,*,#1001,.T.);
#1515=ORIENTED_EDGE('',*,*,#974,.T.);
#1516=ORIENTED_EDGE('',*,*,#971,.T.);
#1517=CYLINDRICAL_SURFACE('',#1690,1.954);
#1518=CYLINDRICAL_SURFACE('',#1692,1.954);
#1519=CYLINDRICAL_SURFACE('',#1693,1.954);
#1520=CYLINDRICAL_SURFACE('',#1694,1.954);
#1521=CYLINDRICAL_SURFACE('',#1695,1.954);
#1522=CYLINDRICAL_SURFACE('',#1696,1.954);
#1523=CYLINDRICAL_SURFACE('',#1697,1.5555);
#1524=CYLINDRICAL_SURFACE('',#1699,1.5555);
#1525=CYLINDRICAL_SURFACE('',#1701,1.5555);
#1526=CYLINDRICAL_SURFACE('',#1702,1.5555);
#1527=CYLINDRICAL_SURFACE('',#1703,1.5555);
#1528=CYLINDRICAL_SURFACE('',#1704,1.5555);
#1529=CYLINDRICAL_SURFACE('',#1715,1.5555);
#1530=CYLINDRICAL_SURFACE('',#1717,1.954);
#1531=CYLINDRICAL_SURFACE('',#1719,2.5);
#1532=CYLINDRICAL_SURFACE('',#1723,1.954);
#1533=CYLINDRICAL_SURFACE('',#1725,1.954);
#1534=CYLINDRICAL_SURFACE('',#1726,1.954);
#1535=CYLINDRICAL_SURFACE('',#1727,1.954);
#1536=CYLINDRICAL_SURFACE('',#1728,1.954);
#1537=CYLINDRICAL_SURFACE('',#1729,1.954);
#1538=CYLINDRICAL_SURFACE('',#1730,1.5555);
#1539=CYLINDRICAL_SURFACE('',#1732,1.5555);
#1540=CYLINDRICAL_SURFACE('',#1734,1.5555);
#1541=CYLINDRICAL_SURFACE('',#1735,1.5555);
#1542=CYLINDRICAL_SURFACE('',#1736,1.5555);
#1543=CYLINDRICAL_SURFACE('',#1737,1.5555);
#1544=CYLINDRICAL_SURFACE('',#1748,1.5555);
#1545=CYLINDRICAL_SURFACE('',#1750,1.954);
#1546=CYLINDRICAL_SURFACE('',#1752,2.5);
#1547=CYLINDRICAL_SURFACE('',#1756,1.954);
#1548=CYLINDRICAL_SURFACE('',#1758,1.954);
#1549=CYLINDRICAL_SURFACE('',#1759,1.954);
#1550=CYLINDRICAL_SURFACE('',#1760,1.954);
#1551=CYLINDRICAL_SURFACE('',#1761,1.954);
#1552=CYLINDRICAL_SURFACE('',#1762,1.954);
#1553=CYLINDRICAL_SURFACE('',#1763,1.5555);
#1554=CYLINDRICAL_SURFACE('',#1765,1.5555);
#1555=CYLINDRICAL_SURFACE('',#1767,1.5555);
#1556=CYLINDRICAL_SURFACE('',#1768,1.5555);
#1557=CYLINDRICAL_SURFACE('',#1769,1.5555);
#1558=CYLINDRICAL_SURFACE('',#1770,1.5555);
#1559=CYLINDRICAL_SURFACE('',#1781,1.5555);
#1560=CYLINDRICAL_SURFACE('',#1783,1.954);
#1561=CYLINDRICAL_SURFACE('',#1785,2.5);
#1562=CYLINDRICAL_SURFACE('',#1789,1.954);
#1563=CYLINDRICAL_SURFACE('',#1791,1.954);
#1564=CYLINDRICAL_SURFACE('',#1792,1.954);
#1565=CYLINDRICAL_SURFACE('',#1793,1.954);
#1566=CYLINDRICAL_SURFACE('',#1794,1.954);
#1567=CYLINDRICAL_SURFACE('',#1795,1.954);
#1568=CYLINDRICAL_SURFACE('',#1796,1.5555);
#1569=CYLINDRICAL_SURFACE('',#1798,1.5555);
#1570=CYLINDRICAL_SURFACE('',#1800,1.5555);
#1571=CYLINDRICAL_SURFACE('',#1801,1.5555);
#1572=CYLINDRICAL_SURFACE('',#1802,1.5555);
#1573=CYLINDRICAL_SURFACE('',#1803,1.5555);
#1574=CYLINDRICAL_SURFACE('',#1814,1.5555);
#1575=CYLINDRICAL_SURFACE('',#1816,1.954);
#1576=CYLINDRICAL_SURFACE('',#1818,2.5);
#1577=ADVANCED_FACE('',(#61),#1517,.T.);
#1578=ADVANCED_FACE('',(#62),#1518,.T.);
#1579=ADVANCED_FACE('',(#63),#1519,.T.);
#1580=ADVANCED_FACE('',(#64),#1520,.T.);
#1581=ADVANCED_FACE('',(#65),#1521,.T.);
#1582=ADVANCED_FACE('',(#66),#1522,.T.);
#1583=ADVANCED_FACE('',(#67),#1523,.T.);
#1584=ADVANCED_FACE('',(#68),#1524,.T.);
#1585=ADVANCED_FACE('',(#69),#1525,.T.);
#1586=ADVANCED_FACE('',(#70),#1526,.T.);
#1587=ADVANCED_FACE('',(#71),#1527,.T.);
#1588=ADVANCED_FACE('',(#72),#1528,.T.);
#1589=ADVANCED_FACE('',(#73),#33,.F.);
#1590=ADVANCED_FACE('',(#74),#34,.F.);
#1591=ADVANCED_FACE('',(#75),#35,.F.);
#1592=ADVANCED_FACE('',(#76),#36,.F.);
#1593=ADVANCED_FACE('',(#77),#37,.F.);
#1594=ADVANCED_FACE('',(#78),#25,.F.);
#1595=ADVANCED_FACE('',(#79),#1529,.T.);
#1596=ADVANCED_FACE('',(#80),#26,.F.);
#1597=ADVANCED_FACE('',(#81),#1530,.T.);
#1598=ADVANCED_FACE('',(#82),#1531,.T.);
#1599=ADVANCED_FACE('',(#83,#21),#38,.T.);
#1600=ADVANCED_FACE('',(#84),#39,.T.);
#1601=ADVANCED_FACE('',(#85),#1532,.T.);
#1602=ADVANCED_FACE('',(#86),#1533,.T.);
#1603=ADVANCED_FACE('',(#87),#1534,.T.);
#1604=ADVANCED_FACE('',(#88),#1535,.T.);
#1605=ADVANCED_FACE('',(#89),#1536,.T.);
#1606=ADVANCED_FACE('',(#90),#1537,.T.);
#1607=ADVANCED_FACE('',(#91),#1538,.T.);
#1608=ADVANCED_FACE('',(#92),#1539,.T.);
#1609=ADVANCED_FACE('',(#93),#1540,.T.);
#1610=ADVANCED_FACE('',(#94),#1541,.T.);
#1611=ADVANCED_FACE('',(#95),#1542,.T.);
#1612=ADVANCED_FACE('',(#96),#1543,.T.);
#1613=ADVANCED_FACE('',(#97),#40,.F.);
#1614=ADVANCED_FACE('',(#98),#41,.F.);
#1615=ADVANCED_FACE('',(#99),#42,.F.);
#1616=ADVANCED_FACE('',(#100),#43,.F.);
#1617=ADVANCED_FACE('',(#101),#44,.F.);
#1618=ADVANCED_FACE('',(#102),#27,.F.);
#1619=ADVANCED_FACE('',(#103),#1544,.T.);
#1620=ADVANCED_FACE('',(#104),#28,.F.);
#1621=ADVANCED_FACE('',(#105),#1545,.T.);
#1622=ADVANCED_FACE('',(#106),#1546,.T.);
#1623=ADVANCED_FACE('',(#107,#22),#45,.T.);
#1624=ADVANCED_FACE('',(#108),#46,.T.);
#1625=ADVANCED_FACE('',(#109),#1547,.T.);
#1626=ADVANCED_FACE('',(#110),#1548,.T.);
#1627=ADVANCED_FACE('',(#111),#1549,.T.);
#1628=ADVANCED_FACE('',(#112),#1550,.T.);
#1629=ADVANCED_FACE('',(#113),#1551,.T.);
#1630=ADVANCED_FACE('',(#114),#1552,.T.);
#1631=ADVANCED_FACE('',(#115),#1553,.T.);
#1632=ADVANCED_FACE('',(#116),#1554,.T.);
#1633=ADVANCED_FACE('',(#117),#1555,.T.);
#1634=ADVANCED_FACE('',(#118),#1556,.T.);
#1635=ADVANCED_FACE('',(#119),#1557,.T.);
#1636=ADVANCED_FACE('',(#120),#1558,.T.);
#1637=ADVANCED_FACE('',(#121),#47,.F.);
#1638=ADVANCED_FACE('',(#122),#48,.F.);
#1639=ADVANCED_FACE('',(#123),#49,.F.);
#1640=ADVANCED_FACE('',(#124),#50,.F.);
#1641=ADVANCED_FACE('',(#125),#51,.F.);
#1642=ADVANCED_FACE('',(#126),#29,.F.);
#1643=ADVANCED_FACE('',(#127),#1559,.T.);
#1644=ADVANCED_FACE('',(#128),#30,.F.);
#1645=ADVANCED_FACE('',(#129),#1560,.T.);
#1646=ADVANCED_FACE('',(#130),#1561,.T.);
#1647=ADVANCED_FACE('',(#131,#23),#52,.T.);
#1648=ADVANCED_FACE('',(#132),#53,.T.);
#1649=ADVANCED_FACE('',(#133),#1562,.T.);
#1650=ADVANCED_FACE('',(#134),#1563,.T.);
#1651=ADVANCED_FACE('',(#135),#1564,.T.);
#1652=ADVANCED_FACE('',(#136),#1565,.T.);
#1653=ADVANCED_FACE('',(#137),#1566,.T.);
#1654=ADVANCED_FACE('',(#138),#1567,.T.);
#1655=ADVANCED_FACE('',(#139),#1568,.T.);
#1656=ADVANCED_FACE('',(#140),#1569,.T.);
#1657=ADVANCED_FACE('',(#141),#1570,.T.);
#1658=ADVANCED_FACE('',(#142),#1571,.T.);
#1659=ADVANCED_FACE('',(#143),#1572,.T.);
#1660=ADVANCED_FACE('',(#144),#1573,.T.);
#1661=ADVANCED_FACE('',(#145),#54,.F.);
#1662=ADVANCED_FACE('',(#146),#55,.F.);
#1663=ADVANCED_FACE('',(#147),#56,.F.);
#1664=ADVANCED_FACE('',(#148),#57,.F.);
#1665=ADVANCED_FACE('',(#149),#58,.F.);
#1666=ADVANCED_FACE('',(#150),#31,.F.);
#1667=ADVANCED_FACE('',(#151),#1574,.T.);
#1668=ADVANCED_FACE('',(#152),#32,.F.);
#1669=ADVANCED_FACE('',(#153),#1575,.T.);
#1670=ADVANCED_FACE('',(#154),#1576,.T.);
#1671=ADVANCED_FACE('',(#155,#24),#59,.T.);
#1672=ADVANCED_FACE('',(#156),#60,.T.);
#1673=CLOSED_SHELL('',(#1577,#1578,#1579,#1580,#1581,#1582,#1583,#1584,
#1585,#1586,#1587,#1588,#1589,#1590,#1591,#1592,#1593,#1594,#1595,#1596,
#1597,#1598,#1599,#1600));
#1674=CLOSED_SHELL('',(#1601,#1602,#1603,#1604,#1605,#1606,#1607,#1608,
#1609,#1610,#1611,#1612,#1613,#1614,#1615,#1616,#1617,#1618,#1619,#1620,
#1621,#1622,#1623,#1624));
#1675=CLOSED_SHELL('',(#1625,#1626,#1627,#1628,#1629,#1630,#1631,#1632,
#1633,#1634,#1635,#1636,#1637,#1638,#1639,#1640,#1641,#1642,#1643,#1644,
#1645,#1646,#1647,#1648));
#1676=CLOSED_SHELL('',(#1649,#1650,#1651,#1652,#1653,#1654,#1655,#1656,
#1657,#1658,#1659,#1660,#1661,#1662,#1663,#1664,#1665,#1666,#1667,#1668,
#1669,#1670,#1671,#1672));
#1677=DERIVED_UNIT_ELEMENT(#1679,1.);
#1678=DERIVED_UNIT_ELEMENT(#6810,-3.);
#1679=(
MASS_UNIT()
NAMED_UNIT(*)
SI_UNIT(.KILO.,.GRAM.)
);
#1680=DERIVED_UNIT((#1677,#1678));
#1681=MEASURE_REPRESENTATION_ITEM('density measure',
POSITIVE_RATIO_MEASURE(7850.),#1680);
#1682=PROPERTY_DEFINITION_REPRESENTATION(#1687,#1684);
#1683=PROPERTY_DEFINITION_REPRESENTATION(#1688,#1685);
#1684=REPRESENTATION('material name',(#1686),#6807);
#1685=REPRESENTATION('density',(#1681),#6807);
#1686=DESCRIPTIVE_REPRESENTATION_ITEM('Steel','Steel');
#1687=PROPERTY_DEFINITION('material property','material name',#6817);
#1688=PROPERTY_DEFINITION('material property','density of part',#6817);
#1689=AXIS2_PLACEMENT_3D('',#2172,#1822,#1823);
#1690=AXIS2_PLACEMENT_3D('',#2173,#1824,#1825);
#1691=AXIS2_PLACEMENT_3D('',#2189,#1827,#1828);
#1692=AXIS2_PLACEMENT_3D('',#2197,#1829,#1830);
#1693=AXIS2_PLACEMENT_3D('',#2245,#1832,#1833);
#1694=AXIS2_PLACEMENT_3D('',#2293,#1835,#1836);
#1695=AXIS2_PLACEMENT_3D('',#2341,#1838,#1839);
#1696=AXIS2_PLACEMENT_3D('',#2395,#1841,#1842);
#1697=AXIS2_PLACEMENT_3D('',#2443,#1844,#1845);
#1698=AXIS2_PLACEMENT_3D('',#2452,#1847,#1848);
#1699=AXIS2_PLACEMENT_3D('',#2453,#1849,#1850);
#1700=AXIS2_PLACEMENT_3D('',#2468,#1852,#1853);
#1701=AXIS2_PLACEMENT_3D('',#2478,#1854,#1855);
#1702=AXIS2_PLACEMENT_3D('',#2503,#1857,#1858);
#1703=AXIS2_PLACEMENT_3D('',#2528,#1860,#1861);
#1704=AXIS2_PLACEMENT_3D('',#2552,#1863,#1864);
#1705=AXIS2_PLACEMENT_3D('',#2576,#1866,#1867);
#1706=AXIS2_PLACEMENT_3D('',#2585,#1872,#1873);
#1707=AXIS2_PLACEMENT_3D('',#2594,#1878,#1879);
#1708=AXIS2_PLACEMENT_3D('',#2596,#1880,#1881);
#1709=AXIS2_PLACEMENT_3D('',#2597,#1882,#1883);
#1710=AXIS2_PLACEMENT_3D('',#2598,#1884,#1885);
#1711=AXIS2_PLACEMENT_3D('',#2599,#1886,#1887);
#1712=AXIS2_PLACEMENT_3D('',#2600,#1888,#1889);
#1713=AXIS2_PLACEMENT_3D('',#2601,#1890,#1891);
#1714=AXIS2_PLACEMENT_3D('',#2602,#1892,#1893);
#1715=AXIS2_PLACEMENT_3D('',#2964,#1894,#1895);
#1716=AXIS2_PLACEMENT_3D('',#2966,#1896,#1897);
#1717=AXIS2_PLACEMENT_3D('',#3323,#1898,#1899);
#1718=AXIS2_PLACEMENT_3D('',#3324,#1900,#1901);
#1719=AXIS2_PLACEMENT_3D('',#3325,#1902,#1903);
#1720=AXIS2_PLACEMENT_3D('',#3327,#1904,#1905);
#1721=AXIS2_PLACEMENT_3D('',#3329,#1907,#1908);
#1722=AXIS2_PLACEMENT_3D('',#3330,#1909,#1910);
#1723=AXIS2_PLACEMENT_3D('',#3331,#1911,#1912);
#1724=AXIS2_PLACEMENT_3D('',#3347,#1914,#1915);
#1725=AXIS2_PLACEMENT_3D('',#3355,#1916,#1917);
#1726=AXIS2_PLACEMENT_3D('',#3403,#1919,#1920);
#1727=AXIS2_PLACEMENT_3D('',#3451,#1922,#1923);
#1728=AXIS2_PLACEMENT_3D('',#3499,#1925,#1926);
#1729=AXIS2_PLACEMENT_3D('',#3553,#1928,#1929);
#1730=AXIS2_PLACEMENT_3D('',#3601,#1931,#1932);
#1731=AXIS2_PLACEMENT_3D('',#3610,#1934,#1935);
#1732=AXIS2_PLACEMENT_3D('',#3611,#1936,#1937);
#1733=AXIS2_PLACEMENT_3D('',#3626,#1939,#1940);
#1734=AXIS2_PLACEMENT_3D('',#3636,#1941,#1942);
#1735=AXIS2_PLACEMENT_3D('',#3661,#1944,#1945);
#1736=AXIS2_PLACEMENT_3D('',#3686,#1947,#1948);
#1737=AXIS2_PLACEMENT_3D('',#3710,#1950,#1951);
#1738=AXIS2_PLACEMENT_3D('',#3734,#1953,#1954);
#1739=AXIS2_PLACEMENT_3D('',#3743,#1959,#1960);
#1740=AXIS2_PLACEMENT_3D('',#3752,#1965,#1966);
#1741=AXIS2_PLACEMENT_3D('',#3754,#1967,#1968);
#1742=AXIS2_PLACEMENT_3D('',#3755,#1969,#1970);
#1743=AXIS2_PLACEMENT_3D('',#3756,#1971,#1972);
#1744=AXIS2_PLACEMENT_3D('',#3757,#1973,#1974);
#1745=AXIS2_PLACEMENT_3D('',#3758,#1975,#1976);
#1746=AXIS2_PLACEMENT_3D('',#3759,#1977,#1978);
#1747=AXIS2_PLACEMENT_3D('',#3760,#1979,#1980);
#1748=AXIS2_PLACEMENT_3D('',#4122,#1981,#1982);
#1749=AXIS2_PLACEMENT_3D('',#4124,#1983,#1984);
#1750=AXIS2_PLACEMENT_3D('',#4481,#1985,#1986);
#1751=AXIS2_PLACEMENT_3D('',#4482,#1987,#1988);
#1752=AXIS2_PLACEMENT_3D('',#4483,#1989,#1990);
#1753=AXIS2_PLACEMENT_3D('',#4485,#1991,#1992);
#1754=AXIS2_PLACEMENT_3D('',#4487,#1994,#1995);
#1755=AXIS2_PLACEMENT_3D('',#4488,#1996,#1997);
#1756=AXIS2_PLACEMENT_3D('',#4489,#1998,#1999);
#1757=AXIS2_PLACEMENT_3D('',#4505,#2001,#2002);
#1758=AXIS2_PLACEMENT_3D('',#4513,#2003,#2004);
#1759=AXIS2_PLACEMENT_3D('',#4561,#2006,#2007);
#1760=AXIS2_PLACEMENT_3D('',#4609,#2009,#2010);
#1761=AXIS2_PLACEMENT_3D('',#4657,#2012,#2013);
#1762=AXIS2_PLACEMENT_3D('',#4711,#2015,#2016);
#1763=AXIS2_PLACEMENT_3D('',#4759,#2018,#2019);
#1764=AXIS2_PLACEMENT_3D('',#4768,#2021,#2022);
#1765=AXIS2_PLACEMENT_3D('',#4769,#2023,#2024);
#1766=AXIS2_PLACEMENT_3D('',#4784,#2026,#2027);
#1767=AXIS2_PLACEMENT_3D('',#4794,#2028,#2029);
#1768=AXIS2_PLACEMENT_3D('',#4819,#2031,#2032);
#1769=AXIS2_PLACEMENT_3D('',#4844,#2034,#2035);
#1770=AXIS2_PLACEMENT_3D('',#4868,#2037,#2038);
#1771=AXIS2_PLACEMENT_3D('',#4892,#2040,#2041);
#1772=AXIS2_PLACEMENT_3D('',#4901,#2046,#2047);
#1773=AXIS2_PLACEMENT_3D('',#4910,#2052,#2053);
#1774=AXIS2_PLACEMENT_3D('',#4912,#2054,#2055);
#1775=AXIS2_PLACEMENT_3D('',#4913,#2056,#2057);
#1776=AXIS2_PLACEMENT_3D('',#4914,#2058,#2059);
#1777=AXIS2_PLACEMENT_3D('',#4915,#2060,#2061);
#1778=AXIS2_PLACEMENT_3D('',#4916,#2062,#2063);
#1779=AXIS2_PLACEMENT_3D('',#4917,#2064,#2065);
#1780=AXIS2_PLACEMENT_3D('',#4918,#2066,#2067);
#1781=AXIS2_PLACEMENT_3D('',#5280,#2068,#2069);
#1782=AXIS2_PLACEMENT_3D('',#5282,#2070,#2071);
#1783=AXIS2_PLACEMENT_3D('',#5639,#2072,#2073);
#1784=AXIS2_PLACEMENT_3D('',#5640,#2074,#2075);
#1785=AXIS2_PLACEMENT_3D('',#5641,#2076,#2077);
#1786=AXIS2_PLACEMENT_3D('',#5643,#2078,#2079);
#1787=AXIS2_PLACEMENT_3D('',#5645,#2081,#2082);
#1788=AXIS2_PLACEMENT_3D('',#5646,#2083,#2084);
#1789=AXIS2_PLACEMENT_3D('',#5647,#2085,#2086);
#1790=AXIS2_PLACEMENT_3D('',#5663,#2088,#2089);
#1791=AXIS2_PLACEMENT_3D('',#5671,#2090,#2091);
#1792=AXIS2_PLACEMENT_3D('',#5719,#2093,#2094);
#1793=AXIS2_PLACEMENT_3D('',#5767,#2096,#2097);
#1794=AXIS2_PLACEMENT_3D('',#5815,#2099,#2100);
#1795=AXIS2_PLACEMENT_3D('',#5869,#2102,#2103);
#1796=AXIS2_PLACEMENT_3D('',#5917,#2105,#2106);
#1797=AXIS2_PLACEMENT_3D('',#5926,#2108,#2109);
#1798=AXIS2_PLACEMENT_3D('',#5927,#2110,#2111);
#1799=AXIS2_PLACEMENT_3D('',#5942,#2113,#2114);
#1800=AXIS2_PLACEMENT_3D('',#5952,#2115,#2116);
#1801=AXIS2_PLACEMENT_3D('',#5977,#2118,#2119);
#1802=AXIS2_PLACEMENT_3D('',#6002,#2121,#2122);
#1803=AXIS2_PLACEMENT_3D('',#6026,#2124,#2125);
#1804=AXIS2_PLACEMENT_3D('',#6050,#2127,#2128);
#1805=AXIS2_PLACEMENT_3D('',#6059,#2133,#2134);
#1806=AXIS2_PLACEMENT_3D('',#6068,#2139,#2140);
#1807=AXIS2_PLACEMENT_3D('',#6070,#2141,#2142);
#1808=AXIS2_PLACEMENT_3D('',#6071,#2143,#2144);
#1809=AXIS2_PLACEMENT_3D('',#6072,#2145,#2146);
#1810=AXIS2_PLACEMENT_3D('',#6073,#2147,#2148);
#1811=AXIS2_PLACEMENT_3D('',#6074,#2149,#2150);
#1812=AXIS2_PLACEMENT_3D('',#6075,#2151,#2152);
#1813=AXIS2_PLACEMENT_3D('',#6076,#2153,#2154);
#1814=AXIS2_PLACEMENT_3D('',#6438,#2155,#2156);
#1815=AXIS2_PLACEMENT_3D('',#6440,#2157,#2158);
#1816=AXIS2_PLACEMENT_3D('',#6797,#2159,#2160);
#1817=AXIS2_PLACEMENT_3D('',#6798,#2161,#2162);
#1818=AXIS2_PLACEMENT_3D('',#6799,#2163,#2164);
#1819=AXIS2_PLACEMENT_3D('',#6801,#2165,#2166);
#1820=AXIS2_PLACEMENT_3D('',#6803,#2168,#2169);
#1821=AXIS2_PLACEMENT_3D('',#6804,#2170,#2171);
#1822=DIRECTION('axis',(0.,0.,1.));
#1823=DIRECTION('refdir',(1.,0.,0.));
#1824=DIRECTION('center_axis',(0.,1.,0.));
#1825=DIRECTION('ref_axis',(1.,0.,0.));
#1826=DIRECTION('',(0.,-1.,0.));
#1827=DIRECTION('center_axis',(0.,-1.,0.));
#1828=DIRECTION('ref_axis',(1.,0.,0.));
#1829=DIRECTION('center_axis',(0.,1.,0.));
#1830=DIRECTION('ref_axis',(1.,0.,0.));
#1831=DIRECTION('',(0.,-1.,0.));
#1832=DIRECTION('center_axis',(0.,1.,0.));
#1833=DIRECTION('ref_axis',(1.,0.,0.));
#1834=DIRECTION('',(0.,-1.,0.));
#1835=DIRECTION('center_axis',(0.,1.,0.));
#1836=DIRECTION('ref_axis',(1.,0.,0.));
#1837=DIRECTION('',(0.,-1.,0.));
#1838=DIRECTION('center_axis',(0.,1.,0.));
#1839=DIRECTION('ref_axis',(1.,0.,0.));
#1840=DIRECTION('',(0.,-1.,0.));
#1841=DIRECTION('center_axis',(0.,1.,0.));
#1842=DIRECTION('ref_axis',(1.,0.,0.));
#1843=DIRECTION('',(0.,-1.,0.));
#1844=DIRECTION('center_axis',(0.,1.,0.));
#1845=DIRECTION('ref_axis',(1.,-8.92175365336834E-17,-4.77055255383026E-15));
#1846=DIRECTION('',(0.,1.,0.));
#1847=DIRECTION('center_axis',(0.,1.,0.));
#1848=DIRECTION('ref_axis',(1.,-8.92175365336834E-17,-4.77055255383026E-15));
#1849=DIRECTION('center_axis',(0.,1.,0.));
#1850=DIRECTION('ref_axis',(1.,-8.92175365336834E-17,-4.77055255383026E-15));
#1851=DIRECTION('',(0.,1.,0.));
#1852=DIRECTION('center_axis',(0.,1.,0.));
#1853=DIRECTION('ref_axis',(1.,-8.92175365336834E-17,-4.77055255383026E-15));
#1854=DIRECTION('center_axis',(0.,1.,0.));
#1855=DIRECTION('ref_axis',(1.,-8.92175365336834E-17,-4.77055255383026E-15));
#1856=DIRECTION('',(0.,1.,0.));
#1857=DIRECTION('center_axis',(0.,1.,0.));
#1858=DIRECTION('ref_axis',(1.,-8.92175365336834E-17,-4.77055255383026E-15));
#1859=DIRECTION('',(0.,1.,0.));
#1860=DIRECTION('center_axis',(0.,1.,0.));
#1861=DIRECTION('ref_axis',(1.,-8.92175365336834E-17,-4.77055255383026E-15));
#1862=DIRECTION('',(0.,1.,0.));
#1863=DIRECTION('center_axis',(0.,1.,0.));
#1864=DIRECTION('ref_axis',(1.,-8.92175365336834E-17,-4.77055255383026E-15));
#1865=DIRECTION('',(0.,1.,0.));
#1866=DIRECTION('center_axis',(0.,0.,1.));
#1867=DIRECTION('ref_axis',(1.,0.,0.));
#1868=DIRECTION('',(0.,-1.,0.));
#1869=DIRECTION('',(1.,0.,0.));
#1870=DIRECTION('',(0.,1.,0.));
#1871=DIRECTION('',(1.,0.,0.));
#1872=DIRECTION('center_axis',(0.,0.,-1.));
#1873=DIRECTION('ref_axis',(-1.,0.,0.));
#1874=DIRECTION('',(0.,1.,0.));
#1875=DIRECTION('',(-1.,0.,0.));
#1876=DIRECTION('',(0.,-1.,0.));
#1877=DIRECTION('',(-1.,0.,0.));
#1878=DIRECTION('center_axis',(0.,1.,0.));
#1879=DIRECTION('ref_axis',(0.,0.,1.));
#1880=DIRECTION('center_axis',(0.,1.,0.));
#1881=DIRECTION('ref_axis',(1.,0.,0.));
#1882=DIRECTION('center_axis',(0.,1.,0.));
#1883=DIRECTION('ref_axis',(1.,0.,0.));
#1884=DIRECTION('center_axis',(0.,1.,0.));
#1885=DIRECTION('ref_axis',(1.,0.,0.));
#1886=DIRECTION('center_axis',(0.,1.,0.));
#1887=DIRECTION('ref_axis',(1.,0.,0.));
#1888=DIRECTION('center_axis',(0.,1.,0.));
#1889=DIRECTION('ref_axis',(1.,0.,0.));
#1890=DIRECTION('center_axis',(0.,1.,0.));
#1891=DIRECTION('ref_axis',(1.,0.,0.));
#1892=DIRECTION('center_axis',(0.,1.,0.));
#1893=DIRECTION('ref_axis',(1.,0.,0.));
#1894=DIRECTION('center_axis',(0.,1.,0.));
#1895=DIRECTION('ref_axis',(1.,-8.92175365336834E-17,-4.77055255383026E-15));
#1896=DIRECTION('center_axis',(0.,-1.,0.));
#1897=DIRECTION('ref_axis',(1.,-8.92175365336834E-17,-4.77055255383026E-15));
#1898=DIRECTION('center_axis',(0.,1.,0.));
#1899=DIRECTION('ref_axis',(1.,0.,0.));
#1900=DIRECTION('center_axis',(0.,-1.,0.));
#1901=DIRECTION('ref_axis',(1.,0.,0.));
#1902=DIRECTION('center_axis',(0.,1.,0.));
#1903=DIRECTION('ref_axis',(1.,0.,0.));
#1904=DIRECTION('center_axis',(0.,1.,0.));
#1905=DIRECTION('ref_axis',(1.,0.,0.));
#1906=DIRECTION('',(0.,-1.,0.));
#1907=DIRECTION('center_axis',(0.,1.,0.));
#1908=DIRECTION('ref_axis',(1.,0.,0.));
#1909=DIRECTION('center_axis',(0.,1.,0.));
#1910=DIRECTION('ref_axis',(1.,0.,0.));
#1911=DIRECTION('center_axis',(0.,1.,0.));
#1912=DIRECTION('ref_axis',(1.,0.,0.));
#1913=DIRECTION('',(0.,-1.,0.));
#1914=DIRECTION('center_axis',(0.,-1.,0.));
#1915=DIRECTION('ref_axis',(1.,0.,0.));
#1916=DIRECTION('center_axis',(0.,1.,0.));
#1917=DIRECTION('ref_axis',(1.,0.,0.));
#1918=DIRECTION('',(0.,-1.,0.));
#1919=DIRECTION('center_axis',(0.,1.,0.));
#1920=DIRECTION('ref_axis',(1.,0.,0.));
#1921=DIRECTION('',(0.,-1.,0.));
#1922=DIRECTION('center_axis',(0.,1.,0.));
#1923=DIRECTION('ref_axis',(1.,0.,0.));
#1924=DIRECTION('',(0.,-1.,0.));
#1925=DIRECTION('center_axis',(0.,1.,0.));
#1926=DIRECTION('ref_axis',(1.,0.,0.));
#1927=DIRECTION('',(0.,-1.,0.));
#1928=DIRECTION('center_axis',(0.,1.,0.));
#1929=DIRECTION('ref_axis',(1.,0.,0.));
#1930=DIRECTION('',(0.,-1.,0.));
#1931=DIRECTION('center_axis',(0.,1.,0.));
#1932=DIRECTION('ref_axis',(1.,-8.92175365336834E-17,-4.77055255383026E-15));
#1933=DIRECTION('',(0.,1.,0.));
#1934=DIRECTION('center_axis',(0.,1.,0.));
#1935=DIRECTION('ref_axis',(1.,-8.92175365336834E-17,-4.77055255383026E-15));
#1936=DIRECTION('center_axis',(0.,1.,0.));
#1937=DIRECTION('ref_axis',(1.,-8.92175365336834E-17,-4.77055255383026E-15));
#1938=DIRECTION('',(0.,1.,0.));
#1939=DIRECTION('center_axis',(0.,1.,0.));
#1940=DIRECTION('ref_axis',(1.,-8.92175365336834E-17,-4.77055255383026E-15));
#1941=DIRECTION('center_axis',(0.,1.,0.));
#1942=DIRECTION('ref_axis',(1.,-8.92175365336834E-17,-4.77055255383026E-15));
#1943=DIRECTION('',(0.,1.,0.));
#1944=DIRECTION('center_axis',(0.,1.,0.));
#1945=DIRECTION('ref_axis',(1.,-8.92175365336834E-17,-4.77055255383026E-15));
#1946=DIRECTION('',(0.,1.,0.));
#1947=DIRECTION('center_axis',(0.,1.,0.));
#1948=DIRECTION('ref_axis',(1.,-8.92175365336834E-17,-4.77055255383026E-15));
#1949=DIRECTION('',(0.,1.,0.));
#1950=DIRECTION('center_axis',(0.,1.,0.));
#1951=DIRECTION('ref_axis',(1.,-8.92175365336834E-17,-4.77055255383026E-15));
#1952=DIRECTION('',(0.,1.,0.));
#1953=DIRECTION('center_axis',(0.,0.,1.));
#1954=DIRECTION('ref_axis',(1.,0.,0.));
#1955=DIRECTION('',(0.,-1.,0.));
#1956=DIRECTION('',(1.,0.,0.));
#1957=DIRECTION('',(0.,1.,0.));
#1958=DIRECTION('',(1.,0.,0.));
#1959=DIRECTION('center_axis',(0.,0.,-1.));
#1960=DIRECTION('ref_axis',(-1.,0.,0.));
#1961=DIRECTION('',(0.,1.,0.));
#1962=DIRECTION('',(-1.,0.,0.));
#1963=DIRECTION('',(0.,-1.,0.));
#1964=DIRECTION('',(-1.,0.,0.));
#1965=DIRECTION('center_axis',(0.,1.,0.));
#1966=DIRECTION('ref_axis',(0.,0.,1.));
#1967=DIRECTION('center_axis',(0.,1.,0.));
#1968=DIRECTION('ref_axis',(1.,0.,0.));
#1969=DIRECTION('center_axis',(0.,1.,0.));
#1970=DIRECTION('ref_axis',(1.,0.,0.));
#1971=DIRECTION('center_axis',(0.,1.,0.));
#1972=DIRECTION('ref_axis',(1.,0.,0.));
#1973=DIRECTION('center_axis',(0.,1.,0.));
#1974=DIRECTION('ref_axis',(1.,0.,0.));
#1975=DIRECTION('center_axis',(0.,1.,0.));
#1976=DIRECTION('ref_axis',(1.,0.,0.));
#1977=DIRECTION('center_axis',(0.,1.,0.));
#1978=DIRECTION('ref_axis',(1.,0.,0.));
#1979=DIRECTION('center_axis',(0.,1.,0.));
#1980=DIRECTION('ref_axis',(1.,0.,0.));
#1981=DIRECTION('center_axis',(0.,1.,0.));
#1982=DIRECTION('ref_axis',(1.,-8.92175365336834E-17,-4.77055255383026E-15));
#1983=DIRECTION('center_axis',(0.,-1.,0.));
#1984=DIRECTION('ref_axis',(1.,-8.92175365336834E-17,-4.77055255383026E-15));
#1985=DIRECTION('center_axis',(0.,1.,0.));
#1986=DIRECTION('ref_axis',(1.,0.,0.));
#1987=DIRECTION('center_axis',(0.,-1.,0.));
#1988=DIRECTION('ref_axis',(1.,0.,0.));
#1989=DIRECTION('center_axis',(0.,1.,0.));
#1990=DIRECTION('ref_axis',(1.,0.,0.));
#1991=DIRECTION('center_axis',(0.,1.,0.));
#1992=DIRECTION('ref_axis',(1.,0.,0.));
#1993=DIRECTION('',(0.,-1.,0.));
#1994=DIRECTION('center_axis',(0.,1.,0.));
#1995=DIRECTION('ref_axis',(1.,0.,0.));
#1996=DIRECTION('center_axis',(0.,1.,0.));
#1997=DIRECTION('ref_axis',(1.,0.,0.));
#1998=DIRECTION('center_axis',(0.,1.,0.));
#1999=DIRECTION('ref_axis',(1.,0.,0.));
#2000=DIRECTION('',(0.,-1.,0.));
#2001=DIRECTION('center_axis',(0.,-1.,0.));
#2002=DIRECTION('ref_axis',(1.,0.,0.));
#2003=DIRECTION('center_axis',(0.,1.,0.));
#2004=DIRECTION('ref_axis',(1.,0.,0.));
#2005=DIRECTION('',(0.,-1.,0.));
#2006=DIRECTION('center_axis',(0.,1.,0.));
#2007=DIRECTION('ref_axis',(1.,0.,0.));
#2008=DIRECTION('',(0.,-1.,0.));
#2009=DIRECTION('center_axis',(0.,1.,0.));
#2010=DIRECTION('ref_axis',(1.,0.,0.));
#2011=DIRECTION('',(0.,-1.,0.));
#2012=DIRECTION('center_axis',(0.,1.,0.));
#2013=DIRECTION('ref_axis',(1.,0.,0.));
#2014=DIRECTION('',(0.,-1.,0.));
#2015=DIRECTION('center_axis',(0.,1.,0.));
#2016=DIRECTION('ref_axis',(1.,0.,0.));
#2017=DIRECTION('',(0.,-1.,0.));
#2018=DIRECTION('center_axis',(0.,1.,0.));
#2019=DIRECTION('ref_axis',(1.,-8.92175365336834E-17,-4.77055255383026E-15));
#2020=DIRECTION('',(0.,1.,0.));
#2021=DIRECTION('center_axis',(0.,1.,0.));
#2022=DIRECTION('ref_axis',(1.,-8.92175365336834E-17,-4.77055255383026E-15));
#2023=DIRECTION('center_axis',(0.,1.,0.));
#2024=DIRECTION('ref_axis',(1.,-8.92175365336834E-17,-4.77055255383026E-15));
#2025=DIRECTION('',(0.,1.,0.));
#2026=DIRECTION('center_axis',(0.,1.,0.));
#2027=DIRECTION('ref_axis',(1.,-8.92175365336834E-17,-4.77055255383026E-15));
#2028=DIRECTION('center_axis',(0.,1.,0.));
#2029=DIRECTION('ref_axis',(1.,-8.92175365336834E-17,-4.77055255383026E-15));
#2030=DIRECTION('',(0.,1.,0.));
#2031=DIRECTION('center_axis',(0.,1.,0.));
#2032=DIRECTION('ref_axis',(1.,-8.92175365336834E-17,-4.77055255383026E-15));
#2033=DIRECTION('',(0.,1.,0.));
#2034=DIRECTION('center_axis',(0.,1.,0.));
#2035=DIRECTION('ref_axis',(1.,-8.92175365336834E-17,-4.77055255383026E-15));
#2036=DIRECTION('',(0.,1.,0.));
#2037=DIRECTION('center_axis',(0.,1.,0.));
#2038=DIRECTION('ref_axis',(1.,-8.92175365336834E-17,-4.77055255383026E-15));
#2039=DIRECTION('',(0.,1.,0.));
#2040=DIRECTION('center_axis',(0.,0.,1.));
#2041=DIRECTION('ref_axis',(1.,0.,0.));
#2042=DIRECTION('',(0.,-1.,0.));
#2043=DIRECTION('',(1.,0.,0.));
#2044=DIRECTION('',(0.,1.,0.));
#2045=DIRECTION('',(1.,0.,0.));
#2046=DIRECTION('center_axis',(0.,0.,-1.));
#2047=DIRECTION('ref_axis',(-1.,0.,0.));
#2048=DIRECTION('',(0.,1.,0.));
#2049=DIRECTION('',(-1.,0.,0.));
#2050=DIRECTION('',(0.,-1.,0.));
#2051=DIRECTION('',(-1.,0.,0.));
#2052=DIRECTION('center_axis',(0.,1.,0.));
#2053=DIRECTION('ref_axis',(0.,0.,1.));
#2054=DIRECTION('center_axis',(0.,1.,0.));
#2055=DIRECTION('ref_axis',(1.,0.,0.));
#2056=DIRECTION('center_axis',(0.,1.,0.));
#2057=DIRECTION('ref_axis',(1.,0.,0.));
#2058=DIRECTION('center_axis',(0.,1.,0.));
#2059=DIRECTION('ref_axis',(1.,0.,0.));
#2060=DIRECTION('center_axis',(0.,1.,0.));
#2061=DIRECTION('ref_axis',(1.,0.,0.));
#2062=DIRECTION('center_axis',(0.,1.,0.));
#2063=DIRECTION('ref_axis',(1.,0.,0.));
#2064=DIRECTION('center_axis',(0.,1.,0.));
#2065=DIRECTION('ref_axis',(1.,0.,0.));
#2066=DIRECTION('center_axis',(0.,1.,0.));
#2067=DIRECTION('ref_axis',(1.,0.,0.));
#2068=DIRECTION('center_axis',(0.,1.,0.));
#2069=DIRECTION('ref_axis',(1.,-8.92175365336834E-17,-4.77055255383026E-15));
#2070=DIRECTION('center_axis',(0.,-1.,0.));
#2071=DIRECTION('ref_axis',(1.,-8.92175365336834E-17,-4.77055255383026E-15));
#2072=DIRECTION('center_axis',(0.,1.,0.));
#2073=DIRECTION('ref_axis',(1.,0.,0.));
#2074=DIRECTION('center_axis',(0.,-1.,0.));
#2075=DIRECTION('ref_axis',(1.,0.,0.));
#2076=DIRECTION('center_axis',(0.,1.,0.));
#2077=DIRECTION('ref_axis',(1.,0.,0.));
#2078=DIRECTION('center_axis',(0.,1.,0.));
#2079=DIRECTION('ref_axis',(1.,0.,0.));
#2080=DIRECTION('',(0.,-1.,0.));
#2081=DIRECTION('center_axis',(0.,1.,0.));
#2082=DIRECTION('ref_axis',(1.,0.,0.));
#2083=DIRECTION('center_axis',(0.,1.,0.));
#2084=DIRECTION('ref_axis',(1.,0.,0.));
#2085=DIRECTION('center_axis',(0.,1.,0.));
#2086=DIRECTION('ref_axis',(1.,0.,0.));
#2087=DIRECTION('',(0.,-1.,0.));
#2088=DIRECTION('center_axis',(0.,-1.,0.));
#2089=DIRECTION('ref_axis',(1.,0.,0.));
#2090=DIRECTION('center_axis',(0.,1.,0.));
#2091=DIRECTION('ref_axis',(1.,0.,0.));
#2092=DIRECTION('',(0.,-1.,0.));
#2093=DIRECTION('center_axis',(0.,1.,0.));
#2094=DIRECTION('ref_axis',(1.,0.,0.));
#2095=DIRECTION('',(0.,-1.,0.));
#2096=DIRECTION('center_axis',(0.,1.,0.));
#2097=DIRECTION('ref_axis',(1.,0.,0.));
#2098=DIRECTION('',(0.,-1.,0.));
#2099=DIRECTION('center_axis',(0.,1.,0.));
#2100=DIRECTION('ref_axis',(1.,0.,0.));
#2101=DIRECTION('',(0.,-1.,0.));
#2102=DIRECTION('center_axis',(0.,1.,0.));
#2103=DIRECTION('ref_axis',(1.,0.,0.));
#2104=DIRECTION('',(0.,-1.,0.));
#2105=DIRECTION('center_axis',(0.,1.,0.));
#2106=DIRECTION('ref_axis',(1.,-8.92175365336834E-17,-4.77055255383026E-15));
#2107=DIRECTION('',(0.,1.,0.));
#2108=DIRECTION('center_axis',(0.,1.,0.));
#2109=DIRECTION('ref_axis',(1.,-8.92175365336834E-17,-4.77055255383026E-15));
#2110=DIRECTION('center_axis',(0.,1.,0.));
#2111=DIRECTION('ref_axis',(1.,-8.92175365336834E-17,-4.77055255383026E-15));
#2112=DIRECTION('',(0.,1.,0.));
#2113=DIRECTION('center_axis',(0.,1.,0.));
#2114=DIRECTION('ref_axis',(1.,-8.92175365336834E-17,-4.77055255383026E-15));
#2115=DIRECTION('center_axis',(0.,1.,0.));
#2116=DIRECTION('ref_axis',(1.,-8.92175365336834E-17,-4.77055255383026E-15));
#2117=DIRECTION('',(0.,1.,0.));
#2118=DIRECTION('center_axis',(0.,1.,0.));
#2119=DIRECTION('ref_axis',(1.,-8.92175365336834E-17,-4.77055255383026E-15));
#2120=DIRECTION('',(0.,1.,0.));
#2121=DIRECTION('center_axis',(0.,1.,0.));
#2122=DIRECTION('ref_axis',(1.,-8.92175365336834E-17,-4.77055255383026E-15));
#2123=DIRECTION('',(0.,1.,0.));
#2124=DIRECTION('center_axis',(0.,1.,0.));
#2125=DIRECTION('ref_axis',(1.,-8.92175365336834E-17,-4.77055255383026E-15));
#2126=DIRECTION('',(0.,1.,0.));
#2127=DIRECTION('center_axis',(0.,0.,1.));
#2128=DIRECTION('ref_axis',(1.,0.,0.));
#2129=DIRECTION('',(0.,-1.,0.));
#2130=DIRECTION('',(1.,0.,0.));
#2131=DIRECTION('',(0.,1.,0.));
#2132=DIRECTION('',(1.,0.,0.));
#2133=DIRECTION('center_axis',(0.,0.,-1.));
#2134=DIRECTION('ref_axis',(-1.,0.,0.));
#2135=DIRECTION('',(0.,1.,0.));
#2136=DIRECTION('',(-1.,0.,0.));
#2137=DIRECTION('',(0.,-1.,0.));
#2138=DIRECTION('',(-1.,0.,0.));
#2139=DIRECTION('center_axis',(0.,1.,0.));
#2140=DIRECTION('ref_axis',(0.,0.,1.));
#2141=DIRECTION('center_axis',(0.,1.,0.));
#2142=DIRECTION('ref_axis',(1.,0.,0.));
#2143=DIRECTION('center_axis',(0.,1.,0.));
#2144=DIRECTION('ref_axis',(1.,0.,0.));
#2145=DIRECTION('center_axis',(0.,1.,0.));
#2146=DIRECTION('ref_axis',(1.,0.,0.));
#2147=DIRECTION('center_axis',(0.,1.,0.));
#2148=DIRECTION('ref_axis',(1.,0.,0.));
#2149=DIRECTION('center_axis',(0.,1.,0.));
#2150=DIRECTION('ref_axis',(1.,0.,0.));
#2151=DIRECTION('center_axis',(0.,1.,0.));
#2152=DIRECTION('ref_axis',(1.,0.,0.));
#2153=DIRECTION('center_axis',(0.,1.,0.));
#2154=DIRECTION('ref_axis',(1.,0.,0.));
#2155=DIRECTION('center_axis',(0.,1.,0.));
#2156=DIRECTION('ref_axis',(1.,-8.92175365336834E-17,-4.77055255383026E-15));
#2157=DIRECTION('center_axis',(0.,-1.,0.));
#2158=DIRECTION('ref_axis',(1.,-8.92175365336834E-17,-4.77055255383026E-15));
#2159=DIRECTION('center_axis',(0.,1.,0.));
#2160=DIRECTION('ref_axis',(1.,0.,0.));
#2161=DIRECTION('center_axis',(0.,-1.,0.));
#2162=DIRECTION('ref_axis',(1.,0.,0.));
#2163=DIRECTION('center_axis',(0.,1.,0.));
#2164=DIRECTION('ref_axis',(1.,0.,0.));
#2165=DIRECTION('center_axis',(0.,1.,0.));
#2166=DIRECTION('ref_axis',(1.,0.,0.));
#2167=DIRECTION('',(0.,-1.,0.));
#2168=DIRECTION('center_axis',(0.,1.,0.));
#2169=DIRECTION('ref_axis',(1.,0.,0.));
#2170=DIRECTION('center_axis',(0.,1.,0.));
#2171=DIRECTION('ref_axis',(1.,0.,0.));
#2172=CARTESIAN_POINT('',(0.,0.,0.));
#2173=CARTESIAN_POINT('Origin',(0.,0.,0.));
#2174=CARTESIAN_POINT('',(-1.95646535760018,1.22586969212423,-0.00121082758275048));
#2175=CARTESIAN_POINT('',(-1.9559018156033,1.12413030787577,-0.00205116189152445));
#2176=CARTESIAN_POINT('',(-1.954,0.,2.39295984553393E-16));
#2177=CARTESIAN_POINT('',(0.861525859670522,1.,-1.75382131162755));
#2178=CARTESIAN_POINT('Ctrl Pts',(-1.95646535760018,1.22586969212423,-0.00121082758275048));
#2179=CARTESIAN_POINT('Ctrl Pts',(-1.95687812467952,1.22231208600168,-0.0633796927061649));
#2180=CARTESIAN_POINT('Ctrl Pts',(-1.9541734925707,1.21875447987912,-0.125509727577396));
#2181=CARTESIAN_POINT('Ctrl Pts',(-1.94823423265756,1.21519687375657,-0.187325952980139));
#2182=CARTESIAN_POINT('Ctrl Pts',(-1.88628761629706,1.17809096075419,-0.832070593874889));
#2183=CARTESIAN_POINT('Ctrl Pts',(-1.4724607987066,1.1409850477518,-1.4426773538142));
#2184=CARTESIAN_POINT('Ctrl Pts',(-0.896568786587662,1.10387913474941,-1.73961126360233));
#2185=CARTESIAN_POINT('Ctrl Pts',(-0.359159704606881,1.06925275649961,-2.01670310809772));
#2186=CARTESIAN_POINT('Ctrl Pts',(0.319378827204473,1.0346263782498,-2.02064267645252));
#2187=CARTESIAN_POINT('Ctrl Pts',(0.863572272249273,1.,-1.75648362195277));
#2188=CARTESIAN_POINT('',(-0.861525859670526,1.,-1.75382131162754));
#2189=CARTESIAN_POINT('Origin',(0.,1.,0.));
#2190=CARTESIAN_POINT('Ctrl Pts',(-0.861525859670528,1.,-1.75382131162754));
#2191=CARTESIAN_POINT('Ctrl Pts',(-1.44565691143262,1.03710591300239,-1.46687987512363));
#2192=CARTESIAN_POINT('Ctrl Pts',(-1.87004910784898,1.07421182600477,-0.867602346152175));
#2193=CARTESIAN_POINT('Ctrl Pts',(-1.94407410939116,1.11131773900716,-0.225127973684664));
#2194=CARTESIAN_POINT('Ctrl Pts',(-1.95259431864727,1.1155885952967,-0.151179767253461));
#2195=CARTESIAN_POINT('Ctrl Pts',(-1.95647293435079,1.11985945158623,-0.0766592977987878));
#2196=CARTESIAN_POINT('Ctrl Pts',(-1.9559018156033,1.12413030787577,-0.00205116189152445));
#2197=CARTESIAN_POINT('Origin',(0.,0.,0.));
#2198=CARTESIAN_POINT('',(-1.95146965441239,1.92586969212423,-0.00115743447329245));
#2199=CARTESIAN_POINT('',(-1.95125720184322,1.82413030787577,-0.00100228261474718));
#2200=CARTESIAN_POINT('',(-1.954,0.,2.39295984553393E-16));
#2201=CARTESIAN_POINT('Ctrl Pts',(-1.95146965441239,1.92586969212423,-0.00115743447329245));
#2202=CARTESIAN_POINT('Ctrl Pts',(-1.95281620823159,1.91161423068266,-0.251931417143472));
#2203=CARTESIAN_POINT('Ctrl Pts',(-1.90799432055885,1.8973587692411,-0.502241913174617));
#2204=CARTESIAN_POINT('Ctrl Pts',(-1.8147861329967,1.88310330779953,-0.733007793604802));
#2205=CARTESIAN_POINT('Ctrl Pts',(-1.57217210657823,1.84599739479714,-1.33367433240894));
#2206=CARTESIAN_POINT('Ctrl Pts',(-1.00173004007033,1.80889148179476,-1.80192171452189));
#2207=CARTESIAN_POINT('Ctrl Pts',(-0.365297248498107,1.77178556879237,-1.92283355276694));
#2208=CARTESIAN_POINT('Ctrl Pts',(0.271135543074116,1.73467965578998,-2.04374539101198));
#2209=CARTESIAN_POINT('Ctrl Pts',(0.973559059710659,1.6975737427876,-1.81732168538913));
#2210=CARTESIAN_POINT('Ctrl Pts',(1.41954664557425,1.66046782978521,-1.34746495445778));
#2211=CARTESIAN_POINT('Ctrl Pts',(1.86553423143784,1.62336191678282,-0.87760822352644));
#2212=CARTESIAN_POINT('Ctrl Pts',(2.05508588652848,1.58625600378044,-0.164318467286611));
#2213=CARTESIAN_POINT('Ctrl Pts',(1.90120526970171,1.54915009077805,0.464940205263075));
#2214=CARTESIAN_POINT('Ctrl Pts',(1.74732465287495,1.51204417777567,1.09419887781276));
#2215=CARTESIAN_POINT('Ctrl Pts',(1.25001176413078,1.47493826477328,1.63942646667231));
#2216=CARTESIAN_POINT('Ctrl Pts',(0.637519893981061,1.43783235177089,1.8504618737826));
#2217=CARTESIAN_POINT('Ctrl Pts',(0.0250280238313459,1.4007264387685,2.0614972808929));
#2218=CARTESIAN_POINT('Ctrl Pts',(-0.702642827723918,1.36362052576612,1.93834050625395));
#2219=CARTESIAN_POINT('Ctrl Pts',(-1.21144504593627,1.32651461276373,1.53732085800937));
#2220=CARTESIAN_POINT('Ctrl Pts',(-1.67146479957043,1.2929663058839,1.17474979761567));
#2221=CARTESIAN_POINT('Ctrl Pts',(-1.95257295462729,1.25941799900406,0.585042988518415));
#2222=CARTESIAN_POINT('Ctrl Pts',(-1.95646535760018,1.22586969212423,-0.00121082758275048));
#2223=CARTESIAN_POINT('Ctrl Pts',(-1.9559018156033,1.12413030787577,-0.00205116189152445));
#2224=CARTESIAN_POINT('Ctrl Pts',(-1.95151095925215,1.15696536458862,0.571548652215315));
#2225=CARTESIAN_POINT('Ctrl Pts',(-1.68410558612762,1.18980042130147,1.15033024737426));
#2226=CARTESIAN_POINT('Ctrl Pts',(-1.2408725175862,1.22263547801432,1.51407767183708));
#2227=CARTESIAN_POINT('Ctrl Pts',(-0.739988117571074,1.25974139101671,1.92513772892774));
#2228=CARTESIAN_POINT('Ctrl Pts',(-0.0145615108728295,1.29684730401909,
2.0615866271455));
#2229=CARTESIAN_POINT('Ctrl Pts',(0.601931615706881,1.33395321702148,1.86219324943074));
#2230=CARTESIAN_POINT('Ctrl Pts',(1.21842474228659,1.37105913002387,1.66279987171598));
#2231=CARTESIAN_POINT('Ctrl Pts',(1.72598438874777,1.40816504302625,1.12756421806869));
#2232=CARTESIAN_POINT('Ctrl Pts',(1.89188996991392,1.44527095602864,0.501458295488958));
#2233=CARTESIAN_POINT('Ctrl Pts',(2.05779555108008,1.48237686903103,-0.124647627090774));
#2234=CARTESIAN_POINT('Ctrl Pts',(1.88204706695121,1.51948278203341,-0.841623818602954));
#2235=CARTESIAN_POINT('Ctrl Pts',(1.44518191790973,1.5565886950358,-1.3200015746136));
#2236=CARTESIAN_POINT('Ctrl Pts',(1.00831676886826,1.59369460803818,-1.79837933062424));
#2237=CARTESIAN_POINT('Ctrl Pts',(0.31033495491418,1.63080052104057,-2.03815865113335));
#2238=CARTESIAN_POINT('Ctrl Pts',(-0.32831130654764,1.66790643404296,-1.92946977086363));
#2239=CARTESIAN_POINT('Ctrl Pts',(-0.966957568009462,1.70501234704535,-1.82078089059391));
#2240=CARTESIAN_POINT('Ctrl Pts',(-1.54626827697902,1.74211826004773,-1.36362380954536));
#2241=CARTESIAN_POINT('Ctrl Pts',(-1.80036896337009,1.77922417305012,-0.767739013980322));
#2242=CARTESIAN_POINT('Ctrl Pts',(-1.90287445606281,1.79419288465867,-0.527356095598573));
#2243=CARTESIAN_POINT('Ctrl Pts',(-1.95245669707648,1.80916159626722,-0.264397237853081));
#2244=CARTESIAN_POINT('Ctrl Pts',(-1.95125720184322,1.82413030787577,-0.00100228261474718));
#2245=CARTESIAN_POINT('Origin',(0.,0.,0.));
#2246=CARTESIAN_POINT('',(-1.95226207080184,2.62586969212423,0.00155369975843492));
#2247=CARTESIAN_POINT('',(-1.95258262785202,2.52413030787577,0.0016499233590258));
#2248=CARTESIAN_POINT('',(-1.954,0.,2.39295984553393E-16));
#2249=CARTESIAN_POINT('Ctrl Pts',(-1.95226207080184,2.62586969212423,0.00155369975843492));
#2250=CARTESIAN_POINT('Ctrl Pts',(-1.94900857140222,2.60091637536365,-0.436962700749883));
#2251=CARTESIAN_POINT('Ctrl Pts',(-1.8029504989026,2.57596305860307,-0.877443190833524));
#2252=CARTESIAN_POINT('Ctrl Pts',(-1.5317564580579,2.55100974184249,-1.21838809748127));
#2253=CARTESIAN_POINT('Ctrl Pts',(-1.12848732221917,2.5139038288401,-1.72537769594071));
#2254=CARTESIAN_POINT('Ctrl Pts',(-0.448516476133947,2.47679791583771,-2.01227337151506));
#2255=CARTESIAN_POINT('Ctrl Pts',(0.196040911834758,2.43969200283533,-1.94738668823471));
#2256=CARTESIAN_POINT('Ctrl Pts',(0.840598299803458,2.40258608983294,-1.88250000495435));
#2257=CARTESIAN_POINT('Ctrl Pts',(1.44974222965565,2.36548017683056,-1.46583096281929));
#2258=CARTESIAN_POINT('Ctrl Pts',(1.74386782079518,2.32837426382817,-0.888635332718798));
#2259=CARTESIAN_POINT('Ctrl Pts',(2.03799341193471,2.29126835082578,-0.311439702618306));
#2260=CARTESIAN_POINT('Ctrl Pts',(2.01710066436158,2.2541624378234,0.426282515447615));
#2261=CARTESIAN_POINT('Ctrl Pts',(1.69077982360157,2.21705652482101,0.985906356635882));
#2262=CARTESIAN_POINT('Ctrl Pts',(1.36445898284156,2.17995061181862,1.54553019782415));
#2263=CARTESIAN_POINT('Ctrl Pts',(0.732710048894661,2.14284469881623,1.92705566213476));
#2264=CARTESIAN_POINT('Ctrl Pts',(0.0855133740843861,2.10573878581385,1.95535989591416));
#2265=CARTESIAN_POINT('Ctrl Pts',(-0.561683300725886,2.06863287281146,1.98366412969356));
#2266=CARTESIAN_POINT('Ctrl Pts',(-1.22432771639954,2.03152695980908,1.65874713294176));
#2267=CARTESIAN_POINT('Ctrl Pts',(-1.59825693107185,1.99442104680669,1.1297457868182));
#2268=CARTESIAN_POINT('Ctrl Pts',(-1.82852889356192,1.97157059524587,0.803977771504107));
#2269=CARTESIAN_POINT('Ctrl Pts',(-1.94931122811762,1.94872014368505,0.400814733681868));
#2270=CARTESIAN_POINT('Ctrl Pts',(-1.95146965441239,1.92586969212423,-0.00115743447329245));
#2271=CARTESIAN_POINT('Ctrl Pts',(-1.95125720184322,1.82413030787577,-0.00100228261474718));
#2272=CARTESIAN_POINT('Ctrl Pts',(-1.94948327044257,1.8462675092696,0.388532055591143));
#2273=CARTESIAN_POINT('Ctrl Pts',(-1.83664257079601,1.86840471066344,0.779020200081535));
#2274=CARTESIAN_POINT('Ctrl Pts',(-1.61966195784437,1.89054191205728,1.0988495578514));
#2275=CARTESIAN_POINT('Ctrl Pts',(-1.25596360211501,1.92764782505966,1.63494082403657));
#2276=CARTESIAN_POINT('Ctrl Pts',(-0.599676226843712,1.96475373806205,1.97251084632539));
#2277=CARTESIAN_POINT('Ctrl Pts',(0.0479459751460818,2.00185965106444,1.95663818884888));
#2278=CARTESIAN_POINT('Ctrl Pts',(0.69556817713588,2.03896556406682,1.94076553137237));
#2279=CARTESIAN_POINT('Ctrl Pts',(1.33452520584417,2.07607147706921,1.57145019413051));
#2280=CARTESIAN_POINT('Ctrl Pts',(1.67153292221506,2.1131773900716,1.01819821604203));
#2281=CARTESIAN_POINT('Ctrl Pts',(2.00854063858595,2.15028330307398,0.464946237953557));
#2282=CARTESIAN_POINT('Ctrl Pts',(2.04359904261945,2.18738921607637,-0.272242380981547));
#2283=CARTESIAN_POINT('Ctrl Pts',(1.76061315111528,2.22449512907876,-0.854981216235206));
#2284=CARTESIAN_POINT('Ctrl Pts',(1.47762725961111,2.26160104208114,-1.43772005148886));
#2285=CARTESIAN_POINT('Ctrl Pts',(0.87659707256928,2.29870695508353,-1.86600910306108));
#2286=CARTESIAN_POINT('Ctrl Pts',(0.233404480479706,2.33581286808591,-1.94326221080977));
#2287=CARTESIAN_POINT('Ctrl Pts',(-0.409788111609869,2.3729187810883,-2.02051531855846));
#2288=CARTESIAN_POINT('Ctrl Pts',(-1.09514310874719,2.41002469409069,-1.74673248248362));
#2289=CARTESIAN_POINT('Ctrl Pts',(-1.50807464201605,2.44713060709308,-1.24758143062967));
#2290=CARTESIAN_POINT('Ctrl Pts',(-1.79370391178946,2.47279717402064,-0.902313174366857));
#2291=CARTESIAN_POINT('Ctrl Pts',(-1.9489883448653,2.4984637409482,-0.449214326475065));
#2292=CARTESIAN_POINT('Ctrl Pts',(-1.95258262785202,2.52413030787577,0.0016499233590258));
#2293=CARTESIAN_POINT('Origin',(0.,0.,0.));
#2294=CARTESIAN_POINT('',(-1.95709183817318,3.32586969212423,0.000471190690338186));
#2295=CARTESIAN_POINT('',(-1.95719271244302,3.22413030787577,0.00024268759044223));
#2296=CARTESIAN_POINT('',(-1.954,0.,2.39295984553393E-16));
#2297=CARTESIAN_POINT('Ctrl Pts',(-1.95709183817318,3.32586969212423,0.000471190690338186));
#2298=CARTESIAN_POINT('Ctrl Pts',(-1.95507444487633,3.29021852004463,-0.622063800835792));
#2299=CARTESIAN_POINT('Ctrl Pts',(-1.6323738223568,3.25456734796504,-1.24639745063133));
#2300=CARTESIAN_POINT('Ctrl Pts',(-1.12249021378733,3.21891617588545,-1.60335994799601));
#2301=CARTESIAN_POINT('Ctrl Pts',(-0.591800878281581,3.18181026288306,-1.97488824846133));
#2302=CARTESIAN_POINT('Ctrl Pts',(0.141659059098237,3.14470434988067,-2.05678013139613));
#2303=CARTESIAN_POINT('Ctrl Pts',(0.741222043260926,3.10759843687828,-1.81144617236992));
#2304=CARTESIAN_POINT('Ctrl Pts',(1.34078502742361,3.0704925238759,-1.5661122133437));
#2305=CARTESIAN_POINT('Ctrl Pts',(1.80645105836917,3.03338661087351,-0.993552412356465));
#2306=CARTESIAN_POINT('Ctrl Pts',(1.92447361873867,2.99628069787113,-0.356578961725412));
#2307=CARTESIAN_POINT('Ctrl Pts',(2.04249617910817,2.95917478486874,0.280394488905646));
#2308=CARTESIAN_POINT('Ctrl Pts',(1.81287526890159,2.92206887186635,0.981781589180523));
#2309=CARTESIAN_POINT('Ctrl Pts',(1.34100975103454,2.88496295886397,1.42563676695395));
#2310=CARTESIAN_POINT('Ctrl Pts',(0.869144233167492,2.84785704586158,1.86949194472737));
#2311=CARTESIAN_POINT('Ctrl Pts',(0.155034107639969,2.81075113285919,2.05581519999936));
#2312=CARTESIAN_POINT('Ctrl Pts',(-0.473535026322718,2.77364521985681,1.899081842368));
#2313=CARTESIAN_POINT('Ctrl Pts',(-1.10210416028541,2.73653930685442,1.74234848473664));
#2314=CARTESIAN_POINT('Ctrl Pts',(-1.64513230268326,2.69943339385203,1.24255851420194));
#2315=CARTESIAN_POINT('Ctrl Pts',(-1.85336266108606,2.66232748084965,0.629121768262325));
#2316=CARTESIAN_POINT('Ctrl Pts',(-1.9215604027989,2.65017488460784,0.428214460232684));
#2317=CARTESIAN_POINT('Ctrl Pts',(-1.95384656816369,2.63802228836604,0.215117003263094));
#2318=CARTESIAN_POINT('Ctrl Pts',(-1.95226207080184,2.62586969212423,0.00155369975843492));
#2319=CARTESIAN_POINT('Ctrl Pts',(-1.95258262785202,2.52413030787577,0.0016499233590258));
#2320=CARTESIAN_POINT('Ctrl Pts',(-1.95418456577741,2.53556965395059,0.202595854350604));
#2321=CARTESIAN_POINT('Ctrl Pts',(-1.92565476357029,2.54700900002541,0.403097904655561));
#2322=CARTESIAN_POINT('Ctrl Pts',(-1.86510347806309,2.55844834610023,0.593411783507003));
#2323=CARTESIAN_POINT('Ctrl Pts',(-1.66869271144085,2.59555425910262,1.21073467815667));
#2324=CARTESIAN_POINT('Ctrl Pts',(-1.13536310879595,2.63266017210501,1.72086119982295));
#2325=CARTESIAN_POINT('Ctrl Pts',(-0.509919909456189,2.66976608510739,1.88963738324777));
#2326=CARTESIAN_POINT('Ctrl Pts',(0.11552328988357,2.70687199810978,2.0584135666726));
#2327=CARTESIAN_POINT('Ctrl Pts',(0.833080085918185,2.74397791111217,1.88583941185597));
#2328=CARTESIAN_POINT('Ctrl Pts',(1.31338293294821,2.78108382411455,1.45112834479836));
#2329=CARTESIAN_POINT('Ctrl Pts',(1.79368577997824,2.81818973711694,1.01641727774075));
#2330=CARTESIAN_POINT('Ctrl Pts',(2.03673467800367,2.85529565011933,0.319569298442162));
#2331=CARTESIAN_POINT('Ctrl Pts',(1.93096705767386,2.89240156312171,-0.319553398192775));
#2332=CARTESIAN_POINT('Ctrl Pts',(1.82519943734404,2.9295074761241,-0.958676094827714));
#2333=CARTESIAN_POINT('Ctrl Pts',(1.37061529865899,2.96661338912649,-1.54007350879899));
#2334=CARTESIAN_POINT('Ctrl Pts',(0.775874530653662,3.00371930212887,-1.79687695117307));
#2335=CARTESIAN_POINT('Ctrl Pts',(0.181133762648334,3.04082521513126,-2.05368039354715));
#2336=CARTESIAN_POINT('Ctrl Pts',(-0.553763634677264,3.07793112813365,-1.98588986432402));
#2337=CARTESIAN_POINT('Ctrl Pts',(-1.09149044835045,3.11503704113603,-1.62462203112952));
#2338=CARTESIAN_POINT('Ctrl Pts',(-1.61847181933736,3.15140146338261,-1.27057344513877));
#2339=CARTESIAN_POINT('Ctrl Pts',(-1.9560840263347,3.18776588562919,-0.634659528765143));
#2340=CARTESIAN_POINT('Ctrl Pts',(-1.95719271244302,3.22413030787577,0.00024268759044223));
#2341=CARTESIAN_POINT('Origin',(0.,0.,0.));
#2342=CARTESIAN_POINT('',(-1.95368197356225,4.02586969212423,-0.00180000591746075));
#2343=CARTESIAN_POINT('',(-1.95331064307083,3.92413030787577,-0.00177679032174617));
#2344=CARTESIAN_POINT('',(-1.954,0.,2.39295984553393E-16));
#2345=CARTESIAN_POINT('Ctrl Pts',(-1.95368197356225,4.02586969212423,-0.00180000591746075));
#2346=CARTESIAN_POINT('Ctrl Pts',(-1.95515506663801,4.01662657772801,-0.163934964354736));
#2347=CARTESIAN_POINT('Ctrl Pts',(-1.9366645428157,4.00738346333178,-0.32573808552637));
#2348=CARTESIAN_POINT('Ctrl Pts',(-1.89691198597117,3.99814034893556,-0.48213677404396));
#2349=CARTESIAN_POINT('Ctrl Pts',(-1.73732779684784,3.96103443593318,-1.10998966875582));
#2350=CARTESIAN_POINT('Ctrl Pts',(-1.23509073577636,3.92392852293079,-1.6507462651869));
#2351=CARTESIAN_POINT('Ctrl Pts',(-0.620718739025245,3.8868226099284,-1.85619432738746));
#2352=CARTESIAN_POINT('Ctrl Pts',(-0.00634674227413499,3.84971669692602,
-2.06164238958803));
#2353=CARTESIAN_POINT('Ctrl Pts',(0.720160190156604,3.81261078392363,-1.93178191755808));
#2354=CARTESIAN_POINT('Ctrl Pts',(1.22531821252274,3.77550487092124,-1.52621952503982));
#2355=CARTESIAN_POINT('Ctrl Pts',(1.73047623488887,3.73839895791885,-1.12065713252157));
#2356=CARTESIAN_POINT('Ctrl Pts',(2.01428534719039,3.70129304491647,-0.439392819515003));
#2357=CARTESIAN_POINT('Ctrl Pts',(1.94647774674505,3.66418713191408,0.204863957598872));
#2358=CARTESIAN_POINT('Ctrl Pts',(1.8786701462997,3.6270812189117,0.849120734712747));
#2359=CARTESIAN_POINT('Ctrl Pts',(1.45924583310749,3.58997530590931,1.45636997593393));
#2360=CARTESIAN_POINT('Ctrl Pts',(0.880723691472008,3.55286939290692,1.74787686500883));
#2361=CARTESIAN_POINT('Ctrl Pts',(0.302201549836528,3.51576347990454,2.03938375408374));
#2362=CARTESIAN_POINT('Ctrl Pts',(-0.43541842024222,3.47865756690215,2.01514829101235));
#2363=CARTESIAN_POINT('Ctrl Pts',(-0.993558176320842,3.44155165389977,1.68629471956333));
#2364=CARTESIAN_POINT('Ctrl Pts',(-1.55169793239947,3.40444574089738,1.3574411481143));
#2365=CARTESIAN_POINT('Ctrl Pts',(-1.93035747447796,3.36733982789499,0.723969468287623));
#2366=CARTESIAN_POINT('Ctrl Pts',(-1.95572787870136,3.3302339148926,0.0766512693763694));
#2367=CARTESIAN_POINT('Ctrl Pts',(-1.95672252786278,3.32877917396981,0.0512730965238894));
#2368=CARTESIAN_POINT('Ctrl Pts',(-1.95717415761502,3.32732443304702,0.025873641022703));
#2369=CARTESIAN_POINT('Ctrl Pts',(-1.95709183817318,3.32586969212423,0.000471190690338186));
#2370=CARTESIAN_POINT('Ctrl Pts',(-1.95719271244302,3.22413030787577,0.00024268759044223));
#2371=CARTESIAN_POINT('Ctrl Pts',(-1.95721531916821,3.22487179863158,0.0131886962215559));
#2372=CARTESIAN_POINT('Ctrl Pts',(-1.95709801623029,3.22561328938739,0.0261342842133597));
#2373=CARTESIAN_POINT('Ctrl Pts',(-1.95683955624217,3.22635478014319,0.0390770533689862));
#2374=CARTESIAN_POINT('Ctrl Pts',(-1.94390562043996,3.26346069314558,0.686763167507157));
#2375=CARTESIAN_POINT('Ctrl Pts',(-1.57748151881475,3.30056660614797,1.32739025861765));
#2376=CARTESIAN_POINT('Ctrl Pts',(-1.02576046922413,3.33767251915035,1.66690240023083));
#2377=CARTESIAN_POINT('Ctrl Pts',(-0.474039419633498,3.37477843215274,2.006414541844));
#2378=CARTESIAN_POINT('Ctrl Pts',(0.262978577922553,3.41188434515513,2.04481173395985));
#2379=CARTESIAN_POINT('Ctrl Pts',(0.84699277455541,3.44899025815751,1.76446916705501));
#2380=CARTESIAN_POINT('Ctrl Pts',(1.43100697118827,3.4860961711599,1.48412660015017));
#2381=CARTESIAN_POINT('Ctrl Pts',(1.86201736689793,3.52320208416228,0.885044274224649));
#2382=CARTESIAN_POINT('Ctrl Pts',(1.94218504816569,3.56030799716467,0.242208573153252));
#2383=CARTESIAN_POINT('Ctrl Pts',(2.02235272943345,3.59741391016706,-0.400627127918142));
#2384=CARTESIAN_POINT('Ctrl Pts',(1.75167769625931,3.63451982316945,-1.08721620413541));
#2385=CARTESIAN_POINT('Ctrl Pts',(1.25440261574098,3.67162573617183,-1.50240560645592));
#2386=CARTESIAN_POINT('Ctrl Pts',(0.757127535222643,3.70873164917422,-1.91759500877644));
#2387=CARTESIAN_POINT('Ctrl Pts',(0.0332524073601118,3.7458375621766,-2.06138473720019));
#2388=CARTESIAN_POINT('Ctrl Pts',(-0.584953779749129,3.78294347517899,-1.86777344115956));
#2389=CARTESIAN_POINT('Ctrl Pts',(-1.20315996685837,3.82004938818138,-1.67416214511893));
#2390=CARTESIAN_POINT('Ctrl Pts',(-1.71569721321432,3.85715530118377,-1.1431498246139));
#2391=CARTESIAN_POINT('Ctrl Pts',(-1.88730662501182,3.89426121418615,-0.518477940375258));
#2392=CARTESIAN_POINT('Ctrl Pts',(-1.93335335255692,3.90421757874936,-0.350864196132797));
#2393=CARTESIAN_POINT('Ctrl Pts',(-1.95485424587702,3.91417394331256,-0.17650722974196));
#2394=CARTESIAN_POINT('Ctrl Pts',(-1.95331064307083,3.92413030787577,-0.00177679032174617));
#2395=CARTESIAN_POINT('Origin',(0.,0.,0.));
#2396=CARTESIAN_POINT('',(-1.95120244284821,4.72586969212423,0.000443030463818245));
#2397=CARTESIAN_POINT('',(-1.95099659000024,4.62413030787577,0.000598100123118959));
#2398=CARTESIAN_POINT('',(-1.954,0.,2.39295984553393E-16));
#2399=CARTESIAN_POINT('Ctrl Pts',(-1.95120244284821,4.72586969212423,0.000443030463818245));
#2400=CARTESIAN_POINT('Ctrl Pts',(-1.95038411900506,4.70592872240899,-0.35064870613683));
#2401=CARTESIAN_POINT('Ctrl Pts',(-1.85975294474096,4.68598775269376,-0.702060048944023));
#2402=CARTESIAN_POINT('Ctrl Pts',(-1.68156123210636,4.66604678297852,-1.0012166399997));
#2403=CARTESIAN_POINT('Ctrl Pts',(-1.34998426863935,4.62894086997613,-1.55788357246692));
#2404=CARTESIAN_POINT('Ctrl Pts',(-0.715226208646707,4.59183495697375,-1.9336167963306));
#2405=CARTESIAN_POINT('Ctrl Pts',(-0.0679008020580168,4.55472904397136,
-1.95604118541471));
#2406=CARTESIAN_POINT('Ctrl Pts',(0.579424604530679,4.51762313096897,-1.97846557449883));
#2407=CARTESIAN_POINT('Ctrl Pts',(1.23931735771542,4.48051721796659,-1.64758112880339));
#2408=CARTESIAN_POINT('Ctrl Pts',(1.60848958983154,4.4434113049642,-1.1152200496753));
#2409=CARTESIAN_POINT('Ctrl Pts',(1.97766182194765,4.40630539196182,-0.582858970547219));
#2410=CARTESIAN_POINT('Ctrl Pts',(2.05611353299514,4.36919947895943,0.1509787420135));
#2411=CARTESIAN_POINT('Ctrl Pts',(1.80803751966566,4.33209356595704,0.749427173930789));
#2412=CARTESIAN_POINT('Ctrl Pts',(1.55996150633619,4.29498765295465,1.34787560584807));
#2413=CARTESIAN_POINT('Ctrl Pts',(0.98535776862976,4.25788173995227,1.81093475712193));
#2414=CARTESIAN_POINT('Ctrl Pts',(0.347870426381844,4.22077582694988,1.92606776580175));
#2415=CARTESIAN_POINT('Ctrl Pts',(-0.289616915866072,4.1836699139475,2.04120077448157));
#2416=CARTESIAN_POINT('Ctrl Pts',(-0.989987862655474,4.14656400094511,1.80840764056737));
#2417=CARTESIAN_POINT('Ctrl Pts',(-1.43170767746258,4.10945808794272,1.33453647711395));
#2418=CARTESIAN_POINT('Ctrl Pts',(-1.76339471180482,4.08159528933656,0.978707022338857));
#2419=CARTESIAN_POINT('Ctrl Pts',(-1.94924142528612,4.05373249073039,0.486945832368701));
#2420=CARTESIAN_POINT('Ctrl Pts',(-1.95368197356225,4.02586969212423,-0.00180000591746075));
#2421=CARTESIAN_POINT('Ctrl Pts',(-1.95331064307083,3.92413030787577,-0.00177679032174617));
#2422=CARTESIAN_POINT('Ctrl Pts',(-1.94910146421931,3.95127985631495,0.474687535459286));
#2423=CARTESIAN_POINT('Ctrl Pts',(-1.77353962280308,3.97842940475413,0.953928906033543));
#2424=CARTESIAN_POINT('Ctrl Pts',(-1.45706647288328,4.00557895319331,1.30679334310923));
#2425=CARTESIAN_POINT('Ctrl Pts',(-1.02453533171819,4.04268486619569,1.78906129438282));
#2426=CARTESIAN_POINT('Ctrl Pts',(-0.328791472148963,4.07979077919808,2.03526574895775));
#2427=CARTESIAN_POINT('Ctrl Pts',(0.310801875493729,4.11689669220047,1.93239543349429));
#2428=CARTESIAN_POINT('Ctrl Pts',(0.95039522313642,4.15400260520286,1.82952511803083));
#2429=CARTESIAN_POINT('Ctrl Pts',(1.53383805885258,4.19110851820524,1.37758003252898));
#2430=CARTESIAN_POINT('Ctrl Pts',(1.79333801996477,4.22821443120763,0.784009288684365));
#2431=CARTESIAN_POINT('Ctrl Pts',(2.05283798107696,4.26532034421002,0.190438544839751));
#2432=CARTESIAN_POINT('Ctrl Pts',(1.98839506758519,4.3024262572124,-0.544757857347627));
#2433=CARTESIAN_POINT('Ctrl Pts',(1.62956018129958,4.33953217021479,-1.08411660996471));
#2434=CARTESIAN_POINT('Ctrl Pts',(1.27072529501397,4.37663808321718,-1.62347536258179));
#2435=CARTESIAN_POINT('Ctrl Pts',(0.617498435934517,4.41374399621956,-1.96699646562857));
#2436=CARTESIAN_POINT('Ctrl Pts',(-0.0302251649005617,4.45084990922195,
-1.95699719909368));
#2437=CARTESIAN_POINT('Ctrl Pts',(-0.67794876573564,4.48795582222433,-1.94699793255879));
#2438=CARTESIAN_POINT('Ctrl Pts',(-1.32016910832635,4.52506173522672,-1.58347829644222));
#2439=CARTESIAN_POINT('Ctrl Pts',(-1.66220566641681,4.56216764822911,-1.03330258550699));
#2440=CARTESIAN_POINT('Ctrl Pts',(-1.85259306580794,4.58282186811133,-0.727058938927483));
#2441=CARTESIAN_POINT('Ctrl Pts',(-1.94997283542397,4.60347608799355,-0.362982591188213));
#2442=CARTESIAN_POINT('Ctrl Pts',(-1.95099659000024,4.62413030787577,0.000598100123118959));
#2443=CARTESIAN_POINT('Origin',(0.,-0.294056225603703,0.));
#2444=CARTESIAN_POINT('',(-1.55327297842907,4.9559437743963,0.000352678549882989));
#2445=CARTESIAN_POINT('',(-1.5555,5.,7.61108830709034E-15));
#2446=CARTESIAN_POINT('',(-1.5555,-0.294056225603703,7.61108830709034E-15));
#2447=CARTESIAN_POINT('',(-1.43545299885862,5.,0.599211930845659));
#2448=CARTESIAN_POINT('Ctrl Pts',(-1.55327297842907,4.9559437743963,0.0003526785498832));
#2449=CARTESIAN_POINT('Ctrl Pts',(-1.55375272338812,4.97062918293086,0.206181327203983));
#2450=CARTESIAN_POINT('Ctrl Pts',(-1.51545642844902,4.98531459146543,0.411871988220918));
#2451=CARTESIAN_POINT('Ctrl Pts',(-1.43766796126149,5.,0.600708417276676));
#2452=CARTESIAN_POINT('Origin',(0.,5.,0.));
#2453=CARTESIAN_POINT('Origin',(0.,-0.294056225603703,0.));
#2454=CARTESIAN_POINT('',(-1.55524683207578,4.25594377439629,-0.00143291156839824));
#2455=CARTESIAN_POINT('',(-1.55310910734154,4.39405622560371,0.000476123204482121));
#2456=CARTESIAN_POINT('',(-1.5555,-0.294056225603703,7.61108830709034E-15));
#2457=CARTESIAN_POINT('Ctrl Pts',(-1.55524683207578,4.25594377439629,-0.00143291156839826));
#2458=CARTESIAN_POINT('Ctrl Pts',(-1.55171189203305,4.28380657300246,0.387637790301683));
#2459=CARTESIAN_POINT('Ctrl Pts',(-1.20674305864238,4.34877528461101,1.30044534461918));
#2460=CARTESIAN_POINT('Ctrl Pts',(0.326984593194085,4.45084990922195,1.81023414765078));
#2461=CARTESIAN_POINT('Ctrl Pts',(1.69924065358664,4.56216764822911,0.704366425327635));
#2462=CARTESIAN_POINT('Ctrl Pts',(1.51188399565261,4.67348538723627,-1.04816872598485));
#2463=CARTESIAN_POINT('Ctrl Pts',(-0.0640574233528136,4.78480312624343,
-1.83837971157226));
#2464=CARTESIAN_POINT('Ctrl Pts',(-1.34622201272813,4.87895592196344,-1.07942623771574));
#2465=CARTESIAN_POINT('Ctrl Pts',(-1.55262154406979,4.93600280468106,-0.279137186487118));
#2466=CARTESIAN_POINT('Ctrl Pts',(-1.55327297842907,4.9559437743963,0.0003526785498832));
#2467=CARTESIAN_POINT('',(-1.03331015022962,5.,-1.16269100943993));
#2468=CARTESIAN_POINT('Origin',(0.,5.,0.));
#2469=CARTESIAN_POINT('Ctrl Pts',(-1.55310910734154,4.39405622560371,0.000476123204482138));
#2470=CARTESIAN_POINT('Ctrl Pts',(-1.55375825443346,4.41050791872387,0.231017069163751));
#2471=CARTESIAN_POINT('Ctrl Pts',(-1.39744114260547,4.46406552484642,0.980715807843073));
#2472=CARTESIAN_POINT('Ctrl Pts',(-0.235564407307872,4.55472904397136,1.82434985044055));
#2473=CARTESIAN_POINT('Ctrl Pts',(1.40602959707032,4.66604678297852,1.18532566094912));
#2474=CARTESIAN_POINT('Ctrl Pts',(1.75921893118981,4.77736452198568,-0.541758776948349));
#2475=CARTESIAN_POINT('Ctrl Pts',(0.492678232053127,4.88868226099284,-1.7717331624144));
#2476=CARTESIAN_POINT('Ctrl Pts',(-0.646062077854332,4.96289408699761,-1.50684724750613));
#2477=CARTESIAN_POINT('Ctrl Pts',(-1.03331015022962,5.,-1.16269100943993));
#2478=CARTESIAN_POINT('Origin',(0.,-0.294056225603703,0.));
#2479=CARTESIAN_POINT('',(-1.55796128673408,3.55594377439629,0.000375095761903059));
#2480=CARTESIAN_POINT('',(-1.55495123096043,3.6940562256037,-0.00141443057598424));
#2481=CARTESIAN_POINT('',(-1.5555,-0.294056225603703,7.61108830709034E-15));
#2482=CARTESIAN_POINT('Ctrl Pts',(-1.55796128673408,3.55594377439629,0.000375095761902988));
#2483=CARTESIAN_POINT('Ctrl Pts',(-1.5580268178967,3.55739851531909,0.0205969542532142));
#2484=CARTESIAN_POINT('Ctrl Pts',(-1.54849695319862,3.59595916924426,0.556552287431643));
#2485=CARTESIAN_POINT('Ctrl Pts',(-0.933808196593789,3.67162573617183,1.58488480238597));
#2486=CARTESIAN_POINT('Ctrl Pts',(0.82775965927749,3.78294347517899,1.64276340444462));
#2487=CARTESIAN_POINT('Ctrl Pts',(1.82941961706227,3.89426121418615,0.192544067618281));
#2488=CARTESIAN_POINT('Ctrl Pts',(1.15163291155814,4.00557895319331,-1.43443644243552));
#2489=CARTESIAN_POINT('Ctrl Pts',(-0.583395031219774,4.11689669220047,-1.74456637730131));
#2490=CARTESIAN_POINT('Ctrl Pts',(-1.48260920207882,4.20035163260146,-0.776386144924692));
#2491=CARTESIAN_POINT('Ctrl Pts',(-1.55641950161485,4.24670066000007,-0.130501963691821));
#2492=CARTESIAN_POINT('Ctrl Pts',(-1.55524683207578,4.25594377439629,-0.00143291156839826));
#2493=CARTESIAN_POINT('Ctrl Pts',(-1.55495123096043,3.6940562256037,-0.00141443057598424));
#2494=CARTESIAN_POINT('Ctrl Pts',(-1.55160047471501,3.72120577404288,0.377879458243051));
#2495=CARTESIAN_POINT('Ctrl Pts',(-1.22083283094918,3.78546123548445,1.28079513548374));
#2496=CARTESIAN_POINT('Ctrl Pts',(0.29211588466337,3.8868226099284,1.81618572241304));
#2497=CARTESIAN_POINT('Ctrl Pts',(1.68548128531303,3.99814034893557,0.736860368526455));
#2498=CARTESIAN_POINT('Ctrl Pts',(1.53158013085584,4.10945808794272,-1.01891957559196));
#2499=CARTESIAN_POINT('Ctrl Pts',(-0.0284419458556553,4.22077582694988,
-1.83930914947519));
#2500=CARTESIAN_POINT('Ctrl Pts',(-1.33550696275269,4.31564187283688,-1.09946369798047));
#2501=CARTESIAN_POINT('Ctrl Pts',(-1.55229413792323,4.37340200572148,-0.28895569119408));
#2502=CARTESIAN_POINT('Ctrl Pts',(-1.55310910734154,4.39405622560371,0.000476123204482138));
#2503=CARTESIAN_POINT('Origin',(0.,-0.294056225603703,0.));
#2504=CARTESIAN_POINT('',(-1.55411650518539,2.85594377439629,0.00123683724371247));
#2505=CARTESIAN_POINT('',(-1.55804158864131,2.9940562256037,0.000193193729251806));
#2506=CARTESIAN_POINT('',(-1.5555,-0.294056225603703,7.61108830709034E-15));
#2507=CARTESIAN_POINT('Ctrl Pts',(-1.55411650518539,2.85594377439629,0.00123683724371227));
#2508=CARTESIAN_POINT('Ctrl Pts',(-1.55537785914975,2.8680963706381,0.17124590510528));
#2509=CARTESIAN_POINT('Ctrl Pts',(-1.45120031434904,2.91735487988229,0.858845984567924));
#2510=CARTESIAN_POINT('Ctrl Pts',(-0.445057700012327,3.00371930212887,1.78487531585188));
#2511=CARTESIAN_POINT('Ctrl Pts',(1.26036446005635,3.11503704113604,1.33990219879624));
#2512=CARTESIAN_POINT('Ctrl Pts',(1.80874008824415,3.22635478014319,-0.335135111046484));
#2513=CARTESIAN_POINT('Ctrl Pts',(0.696646672989563,3.33767251915036,-1.70250988653622));
#2514=CARTESIAN_POINT('Ctrl Pts',(-1.03209530384901,3.44753551723472,-1.50949329711282));
#2515=CARTESIAN_POINT('Ctrl Pts',(-1.5563553219064,3.5202926023167,-0.495199714534348));
#2516=CARTESIAN_POINT('Ctrl Pts',(-1.55796128673408,3.55594377439629,0.000375095761902988));
#2517=CARTESIAN_POINT('Ctrl Pts',(-1.55804158864131,2.9940562256037,0.000193193729251565));
#2518=CARTESIAN_POINT('Ctrl Pts',(-1.55805958493662,2.99479771635951,0.0104989851446508));
#2519=CARTESIAN_POINT('Ctrl Pts',(-1.55329324846129,3.03264512011771,0.536513331705406));
#2520=CARTESIAN_POINT('Ctrl Pts',(-0.964073598996072,3.10759843687829,1.56665864252924));
#2521=CARTESIAN_POINT('Ctrl Pts',(0.796056639281969,3.21891617588544,1.65835797569639));
#2522=CARTESIAN_POINT('Ctrl Pts',(1.82538622555584,3.33023391489261,0.227642687092774));
#2523=CARTESIAN_POINT('Ctrl Pts',(1.17896604013766,3.44155165389976,-1.41205430582835));
#2524=CARTESIAN_POINT('Ctrl Pts',(-0.549776684616949,3.55286939290693,-1.75544978571037));
#2525=CARTESIAN_POINT('Ctrl Pts',(-1.47527526353066,3.6370375834749,-0.796590402305146));
#2526=CARTESIAN_POINT('Ctrl Pts',(-1.55618003043076,3.6840998610405,-0.140510233297654));
#2527=CARTESIAN_POINT('Ctrl Pts',(-1.55495123096043,3.6940562256037,-0.00141443057598424));
#2528=CARTESIAN_POINT('Origin',(0.,-0.294056225603703,0.));
#2529=CARTESIAN_POINT('',(-1.55348569469727,2.1559437743963,-0.000921386552321713));
#2530=CARTESIAN_POINT('',(-1.55437168762733,2.2940562256037,0.00131343694215871));
#2531=CARTESIAN_POINT('',(-1.5555,-0.294056225603703,7.61108830709034E-15));
#2532=CARTESIAN_POINT('Ctrl Pts',(-1.55348569469727,2.1559437743963,-0.000921386552321674));
#2533=CARTESIAN_POINT('Ctrl Pts',(-1.55176745923079,2.17879422595712,0.319072322539471));
#2534=CARTESIAN_POINT('Ctrl Pts',(-1.29948364955184,2.23875059052032,1.16117814436919));
#2535=CARTESIAN_POINT('Ctrl Pts',(0.0803710410958296,2.33581286808592,1.83776762650244));
#2536=CARTESIAN_POINT('Ctrl Pts',(1.58910000745365,2.44713060709307,0.926616869488391));
#2537=CARTESIAN_POINT('Ctrl Pts',(1.6389956095775,2.55844834610024,-0.835195172786238));
#2538=CARTESIAN_POINT('Ctrl Pts',(0.18425141886346,2.66976608510739,-1.83027505258321));
#2539=CARTESIAN_POINT('Ctrl Pts',(-1.26235926469632,2.76893122787275,-1.21991601771814));
#2540=CARTESIAN_POINT('Ctrl Pts',(-1.55152652651799,2.83099045763571,-0.347848250264312));
#2541=CARTESIAN_POINT('Ctrl Pts',(-1.55411650518539,2.85594377439629,0.00123683724371227));
#2542=CARTESIAN_POINT('Ctrl Pts',(-1.55437168762733,2.2940562256037,0.00131343694215885));
#2543=CARTESIAN_POINT('Ctrl Pts',(-1.55564692531564,2.30549557167852,0.161278327247889));
#2544=CARTESIAN_POINT('Ctrl Pts',(-1.45926627749058,2.35404083075573,0.838623278970792));
#2545=CARTESIAN_POINT('Ctrl Pts',(-0.479254410858725,2.43969200283533,1.77599866979349));
#2546=CARTESIAN_POINT('Ctrl Pts',(1.23439901221985,2.55100974184249,1.36386085328797));
#2547=CARTESIAN_POINT('Ctrl Pts',(1.81484306679287,2.66232748084965,-0.300336227263141));
#2548=CARTESIAN_POINT('Ctrl Pts',(0.729215183899401,2.77364521985681,-1.68881679650419));
#2549=CARTESIAN_POINT('Ctrl Pts',(-1.01416013764558,2.88422146810816,-1.52799933258041));
#2550=CARTESIAN_POINT('Ctrl Pts',(-1.55715900868149,2.95769180335712,-0.505226661716562));
#2551=CARTESIAN_POINT('Ctrl Pts',(-1.55804158864131,2.9940562256037,0.000193193729251565));
#2552=CARTESIAN_POINT('Origin',(0.,-0.294056225603703,0.));
#2553=CARTESIAN_POINT('',(-1.55746257100669,1.45594377439629,-0.000963890637158496));
#2554=CARTESIAN_POINT('',(-1.55331656983988,1.5940562256037,-0.000797876462233643));
#2555=CARTESIAN_POINT('',(-1.5555,-0.294056225603703,7.61108830709034E-15));
#2556=CARTESIAN_POINT('Ctrl Pts',(-1.55746257100669,1.45594377439629,-0.000963890637158413));
#2557=CARTESIAN_POINT('Ctrl Pts',(-1.5543639871662,1.48949208127613,0.465728950174191));
#2558=CARTESIAN_POINT('Ctrl Pts',(-1.08307596806782,1.56014630115835,1.45439380712955));
#2559=CARTESIAN_POINT('Ctrl Pts',(0.599192989080795,1.66790643404296,1.73911432107462));
#2560=CARTESIAN_POINT('Ctrl Pts',(1.78686473694398,1.77922417305012,0.437013735909282));
#2561=CARTESIAN_POINT('Ctrl Pts',(1.33418162615561,1.89054191205728,-1.26644923619572));
#2562=CARTESIAN_POINT('Ctrl Pts',(-0.343330830540614,2.00185965106444,-1.80718937042758));
#2563=CARTESIAN_POINT('Ctrl Pts',(-1.42600204432535,2.09032693851078,-0.918478682158712));
#2564=CARTESIAN_POINT('Ctrl Pts',(-1.55455763147606,2.14168831295473,-0.200552364056648));
#2565=CARTESIAN_POINT('Ctrl Pts',(-1.55348569469727,2.1559437743963,-0.000921386552321674));
#2566=CARTESIAN_POINT('Ctrl Pts',(-1.55331656983988,1.5940562256037,-0.00079787646223373));
#2567=CARTESIAN_POINT('Ctrl Pts',(-1.55190441513481,1.61619342699754,0.309294581613126));
#2568=CARTESIAN_POINT('Ctrl Pts',(-1.3115088832265,1.67543654139376,1.14118950509975));
#2569=CARTESIAN_POINT('Ctrl Pts',(0.0450658348920836,1.77178556879237,1.83896151030164));
#2570=CARTESIAN_POINT('Ctrl Pts',(1.57100901527449,1.88310330779953,0.956970711305173));
#2571=CARTESIAN_POINT('Ctrl Pts',(1.65473472787546,1.99442104680669,-0.803567001213075));
#2572=CARTESIAN_POINT('Ctrl Pts',(0.219367600019414,2.10573878581385,-1.82639753302563));
#2573=CARTESIAN_POINT('Ctrl Pts',(-1.24918485482417,2.20561717874619,-1.23974615134586));
#2574=CARTESIAN_POINT('Ctrl Pts',(-1.55151042499384,2.26838965867614,-0.357601271664254));
#2575=CARTESIAN_POINT('Ctrl Pts',(-1.55437168762733,2.2940562256037,0.00131343694215885));
#2576=CARTESIAN_POINT('Origin',(-2.99146024107156,0.,1.));
#2577=CARTESIAN_POINT('',(-2.29128784747792,0.5,1.));
#2578=CARTESIAN_POINT('',(-2.29128784747792,0.,1.));
#2579=CARTESIAN_POINT('',(-2.29128784747792,0.,1.));
#2580=CARTESIAN_POINT('',(2.29128784747792,0.5,1.));
#2581=CARTESIAN_POINT('',(-2.99146024107156,0.5,1.));
#2582=CARTESIAN_POINT('',(2.29128784747792,0.,1.));
#2583=CARTESIAN_POINT('',(2.29128784747792,0.,1.));
#2584=CARTESIAN_POINT('',(-1.49573012053578,0.,1.));
#2585=CARTESIAN_POINT('Origin',(2.99146024107156,0.,-1.));
#2586=CARTESIAN_POINT('',(-2.29128784747792,0.,-1.));
#2587=CARTESIAN_POINT('',(-2.29128784747792,0.5,-1.));
#2588=CARTESIAN_POINT('',(-2.29128784747792,0.,-1.));
#2589=CARTESIAN_POINT('',(2.29128784747792,0.,-1.));
#2590=CARTESIAN_POINT('',(1.49573012053578,0.,-1.));
#2591=CARTESIAN_POINT('',(2.29128784747792,0.5,-1.));
#2592=CARTESIAN_POINT('',(2.29128784747792,0.,-1.));
#2593=CARTESIAN_POINT('',(2.99146024107156,0.5,-1.));
#2594=CARTESIAN_POINT('Origin',(0.,0.5,0.));
#2595=CARTESIAN_POINT('',(-2.5,0.5,3.06161699786838E-16));
#2596=CARTESIAN_POINT('Origin',(0.,0.5,0.));
#2597=CARTESIAN_POINT('Origin',(0.,0.5,0.));
#2598=CARTESIAN_POINT('Origin',(0.,0.5,0.));
#2599=CARTESIAN_POINT('Origin',(0.,0.,0.));
#2600=CARTESIAN_POINT('Origin',(0.,0.,0.));
#2601=CARTESIAN_POINT('Origin',(0.,0.,0.));
#2602=CARTESIAN_POINT('Origin',(0.,0.,0.));
#2603=CARTESIAN_POINT('Ctrl Pts',(-0.685825729128712,0.769925917727934,
-1.39614588036676));
#2604=CARTESIAN_POINT('Ctrl Pts',(-1.15082872350739,0.807031830730321,-1.16772346251526));
#2605=CARTESIAN_POINT('Ctrl Pts',(-1.82651148863089,0.881243656735094,-0.213602483687105));
#2606=CARTESIAN_POINT('Ctrl Pts',(-1.16655711545595,0.992561395742254,1.42390249548074));
#2607=CARTESIAN_POINT('Ctrl Pts',(0.56589081707085,1.10387913474941,1.74976676545678));
#2608=CARTESIAN_POINT('Ctrl Pts',(1.77803364727099,1.21519687375657,0.471528701104142));
#2609=CARTESIAN_POINT('Ctrl Pts',(1.35831496703181,1.32651461276373,-1.24073813497139));
#2610=CARTESIAN_POINT('Ctrl Pts',(-0.308589912608275,1.43783235177089,-1.81337385613605));
#2611=CARTESIAN_POINT('Ctrl Pts',(-1.69208705867094,1.54915009077805,-0.721601328647276));
#2612=CARTESIAN_POINT('Ctrl Pts',(-1.5222652995519,1.66046782978521,1.03278417713338));
#2613=CARTESIAN_POINT('Ctrl Pts',(0.0450658348920836,1.77178556879237,1.83896151030164));
#2614=CARTESIAN_POINT('Ctrl Pts',(1.57100901527449,1.88310330779953,0.956970711305173));
#2615=CARTESIAN_POINT('Ctrl Pts',(1.65473472787546,1.99442104680669,-0.803567001213075));
#2616=CARTESIAN_POINT('Ctrl Pts',(0.219367600019414,2.10573878581385,-1.82639753302563));
#2617=CARTESIAN_POINT('Ctrl Pts',(-1.41738219227397,2.21705652482101,-1.17255536079266));
#2618=CARTESIAN_POINT('Ctrl Pts',(-1.75294048595721,2.32837426382817,0.557725684452821));
#2619=CARTESIAN_POINT('Ctrl Pts',(-0.479254410858725,2.43969200283533,1.77599866979349));
#2620=CARTESIAN_POINT('Ctrl Pts',(1.23439901221985,2.55100974184249,1.36386085328797));
#2621=CARTESIAN_POINT('Ctrl Pts',(1.81484306679287,2.66232748084965,-0.300336227263141));
#2622=CARTESIAN_POINT('Ctrl Pts',(0.729215183899401,2.77364521985681,-1.68881679650419));
#2623=CARTESIAN_POINT('Ctrl Pts',(-1.02585068335744,2.88496295886396,-1.52692093948281));
#2624=CARTESIAN_POINT('Ctrl Pts',(-1.83915961242188,2.99628069787113,0.0367270556985724));
#2625=CARTESIAN_POINT('Ctrl Pts',(-0.964073598996072,3.10759843687829,1.56665864252924));
#2626=CARTESIAN_POINT('Ctrl Pts',(0.796056639281969,3.21891617588544,1.65835797569639));
#2627=CARTESIAN_POINT('Ctrl Pts',(1.82538622555584,3.33023391489261,0.227642687092774));
#2628=CARTESIAN_POINT('Ctrl Pts',(1.17896604013766,3.44155165389976,-1.41205430582835));
#2629=CARTESIAN_POINT('Ctrl Pts',(-0.549776684616949,3.55286939290693,-1.75544978571037));
#2630=CARTESIAN_POINT('Ctrl Pts',(-1.7738069098575,3.66418713191408,-0.487297793061077));
#2631=CARTESIAN_POINT('Ctrl Pts',(-1.36944436133448,3.77550487092125,1.22820563680715));
#2632=CARTESIAN_POINT('Ctrl Pts',(0.29211588466337,3.8868226099284,1.81618572241304));
#2633=CARTESIAN_POINT('Ctrl Pts',(1.68548128531303,3.99814034893557,0.736860368526455));
#2634=CARTESIAN_POINT('Ctrl Pts',(1.53158013085584,4.10945808794272,-1.01891957559196));
#2635=CARTESIAN_POINT('Ctrl Pts',(-0.0284419458556553,4.22077582694988,
-1.83930914947519));
#2636=CARTESIAN_POINT('Ctrl Pts',(-1.56217850097312,4.33209356595704,-0.971159516958308));
#2637=CARTESIAN_POINT('Ctrl Pts',(-1.66213037812702,4.44341130496421,0.788526014372525));
#2638=CARTESIAN_POINT('Ctrl Pts',(-0.235564407307872,4.55472904397136,1.82434985044055));
#2639=CARTESIAN_POINT('Ctrl Pts',(1.40602959707032,4.66604678297852,1.18532566094912));
#2640=CARTESIAN_POINT('Ctrl Pts',(1.75921893118981,4.77736452198568,-0.541758776948349));
#2641=CARTESIAN_POINT('Ctrl Pts',(0.492678232053127,4.88868226099284,-1.7717331624144));
#2642=CARTESIAN_POINT('Ctrl Pts',(-0.646062077854332,4.96289408699761,-1.50684724750613));
#2643=CARTESIAN_POINT('Ctrl Pts',(-1.03331015022962,5.,-1.16269100943993));
#2644=CARTESIAN_POINT('Ctrl Pts',(-0.744392439309316,0.84661727848529,-1.51537102412035));
#2645=CARTESIAN_POINT('Ctrl Pts',(-1.24910478614913,0.883723191487676,-1.26744226671805));
#2646=CARTESIAN_POINT('Ctrl Pts',(-1.98248809384238,0.95793501749245,-0.231843261518309));
#2647=CARTESIAN_POINT('Ctrl Pts',(-1.26617631839374,1.06925275649961,1.54549794055715));
#2648=CARTESIAN_POINT('Ctrl Pts',(0.614215576655706,1.18057049550677,1.89918968542561));
#2649=CARTESIAN_POINT('Ctrl Pts',(1.92987044325031,1.29188823451393,0.511795322209898));
#2650=CARTESIAN_POINT('Ctrl Pts',(1.47430950562865,1.40320597352109,-1.34669209335264));
#2651=CARTESIAN_POINT('Ctrl Pts',(-0.334942228085483,1.51452371252825,-1.96822856130486));
#2652=CARTESIAN_POINT('Ctrl Pts',(-1.83658436776349,1.62584145153541,-0.783223128597121));
#2653=CARTESIAN_POINT('Ctrl Pts',(-1.6522605254967,1.73715919054257,1.12097971867151));
#2654=CARTESIAN_POINT('Ctrl Pts',(0.048914272737254,1.84847692954972,1.99600129640583));
#2655=CARTESIAN_POINT('Ctrl Pts',(1.70516675503381,1.95979466855689,1.03869209316634));
#2656=CARTESIAN_POINT('Ctrl Pts',(1.79604230080129,2.07111240756405,-0.872188334114267));
#2657=CARTESIAN_POINT('Ctrl Pts',(0.238100695188758,2.1824301465712,-1.98236440689485));
#2658=CARTESIAN_POINT('Ctrl Pts',(-1.53842083014415,2.29374788557837,-1.27268678933137));
#2659=CARTESIAN_POINT('Ctrl Pts',(-1.90263442866672,2.40506562458552,0.605353175132014));
#2660=CARTESIAN_POINT('Ctrl Pts',(-0.520180775956167,2.51638336359269,1.9276616870254));
#2661=CARTESIAN_POINT('Ctrl Pts',(1.33981163546417,2.62770110259984,1.48032898787176));
#2662=CARTESIAN_POINT('Ctrl Pts',(1.96982323653828,2.739018841607,-0.325983711794237));
#2663=CARTESIAN_POINT('Ctrl Pts',(0.791487175924242,2.85033658061416,-1.83303483859289));
#2664=CARTESIAN_POINT('Ctrl Pts',(-1.11345413290592,2.96165431962132,-1.65731373802217));
#2665=CARTESIAN_POINT('Ctrl Pts',(-1.99621631563631,3.07297205862848,0.0398633959312688));
#2666=CARTESIAN_POINT('Ctrl Pts',(-1.0464015383939,3.18428979763564,1.70044487826221));
#2667=CARTESIAN_POINT('Ctrl Pts',(0.864036618014183,3.2956075366428,1.79997495915616));
#2668=CARTESIAN_POINT('Ctrl Pts',(1.98126673790642,3.40692527564996,0.247082440828223));
#2669=CARTESIAN_POINT('Ctrl Pts',(1.2796449144535,3.51824301465713,-1.53263796400312));
#2670=CARTESIAN_POINT('Ctrl Pts',(-0.596725363245439,3.62956075366427,-1.90535801234823));
#2671=CARTESIAN_POINT('Ctrl Pts',(-1.92528275976176,3.74087849267144,-0.528911030077007));
#2672=CARTESIAN_POINT('Ctrl Pts',(-1.48638930465212,3.8521962316786,1.33308937114073));
#2673=CARTESIAN_POINT('Ctrl Pts',(0.317061385582333,3.96351397068576,1.97128054945292));
#2674=CARTESIAN_POINT('Ctrl Pts',(1.82941448839827,4.07483170969291,0.79978522802668));
#2675=CARTESIAN_POINT('Ctrl Pts',(1.66237080526836,4.18614944870009,-1.10593113690631));
#2676=CARTESIAN_POINT('Ctrl Pts',(-0.0308707716187471,4.29746718770723,
-1.99637862254191));
#2677=CARTESIAN_POINT('Ctrl Pts',(-1.69558215095443,4.4087849267144,-1.05409256474742));
#2678=CARTESIAN_POINT('Ctrl Pts',(-1.80406950931391,4.52010266572155,0.855862908560344));
#2679=CARTESIAN_POINT('Ctrl Pts',(-0.255680643526064,4.63142040472873,1.98014186059817));
#2680=CARTESIAN_POINT('Ctrl Pts',(1.52609876977631,4.74273814373587,1.28654762085231));
#2681=CARTESIAN_POINT('Ctrl Pts',(1.90944902742449,4.85405588274304,-0.588022759079263));
#2682=CARTESIAN_POINT('Ctrl Pts',(0.534750936536827,4.96537362175019,-1.92303192277487));
#2683=CARTESIAN_POINT('Ctrl Pts',(-0.701233134968861,5.03958544775497,-1.63552583491237));
#2684=CARTESIAN_POINT('Ctrl Pts',(-1.12155060771735,5.07669136075735,-1.26198006274793));
#2685=CARTESIAN_POINT('Ctrl Pts',(-0.80295914948992,0.923308639242645,-1.63459616787395));
#2686=CARTESIAN_POINT('Ctrl Pts',(-1.34738084879087,0.960414552245031,-1.36716107092084));
#2687=CARTESIAN_POINT('Ctrl Pts',(-2.13846469905387,1.03462637824981,-0.250084039349513));
#2688=CARTESIAN_POINT('Ctrl Pts',(-1.36579552133153,1.14594411725696,1.66709338563356));
#2689=CARTESIAN_POINT('Ctrl Pts',(0.662540336240561,1.25726185626412,2.04861260539443));
#2690=CARTESIAN_POINT('Ctrl Pts',(2.08170723922963,1.36857959527128,0.552061943315652));
#2691=CARTESIAN_POINT('Ctrl Pts',(1.59030404422549,1.47989733427844,-1.45264605173389));
#2692=CARTESIAN_POINT('Ctrl Pts',(-0.361294543562692,1.5912150732856,-2.12308326647366));
#2693=CARTESIAN_POINT('Ctrl Pts',(-1.98108167685604,1.70253281229276,-0.844844928546962));
#2694=CARTESIAN_POINT('Ctrl Pts',(-1.78225575144151,1.81385055129992,1.20917526020963));
#2695=CARTESIAN_POINT('Ctrl Pts',(0.0527627105824264,1.92516829030708,2.15304108251002));
#2696=CARTESIAN_POINT('Ctrl Pts',(1.83932449479313,2.03648602931424,1.1204134750275));
#2697=CARTESIAN_POINT('Ctrl Pts',(1.93734987372712,2.1478037683214,-0.940809667015456));
#2698=CARTESIAN_POINT('Ctrl Pts',(0.256833790358101,2.25912150732856,-2.13833128076407));
#2699=CARTESIAN_POINT('Ctrl Pts',(-1.65945946801433,2.37043924633572,-1.37281821787007));
#2700=CARTESIAN_POINT('Ctrl Pts',(-2.05232837137623,2.48175698534288,0.652980665811205));
#2701=CARTESIAN_POINT('Ctrl Pts',(-0.561107141053606,2.59307472435004,2.07932470425731));
#2702=CARTESIAN_POINT('Ctrl Pts',(1.44522425870848,2.7043924633572,1.59679712245555));
#2703=CARTESIAN_POINT('Ctrl Pts',(2.1248034062837,2.81571020236436,-0.351631196325333));
#2704=CARTESIAN_POINT('Ctrl Pts',(0.85375916794908,2.92702794137152,-1.97725288068158));
#2705=CARTESIAN_POINT('Ctrl Pts',(-1.20105758245439,3.03834568037867,-1.78770653656153));
#2706=CARTESIAN_POINT('Ctrl Pts',(-2.15327301885074,3.14966341938584,0.0429997361639665));
#2707=CARTESIAN_POINT('Ctrl Pts',(-1.12872947779172,3.26098115839299,1.83423111399518));
#2708=CARTESIAN_POINT('Ctrl Pts',(0.932016596746393,3.37229889740016,1.94159194261593));
#2709=CARTESIAN_POINT('Ctrl Pts',(2.137147250257,3.48361663640731,0.266522194563673));
#2710=CARTESIAN_POINT('Ctrl Pts',(1.38032378876934,3.59493437541448,-1.6532216221779));
#2711=CARTESIAN_POINT('Ctrl Pts',(-0.64367404187393,3.70625211442163,-2.05526623898609));
#2712=CARTESIAN_POINT('Ctrl Pts',(-2.07675860966601,3.8175698534288,-0.570524267092939));
#2713=CARTESIAN_POINT('Ctrl Pts',(-1.60333424796977,3.92888759243595,1.43797310547431));
#2714=CARTESIAN_POINT('Ctrl Pts',(0.342006886501299,4.04020533144312,2.1263753764928));
#2715=CARTESIAN_POINT('Ctrl Pts',(1.9733476914835,4.15152307045027,0.862710087526903));
#2716=CARTESIAN_POINT('Ctrl Pts',(1.79316147968089,4.26284080945744,-1.19294269822066));
#2717=CARTESIAN_POINT('Ctrl Pts',(-0.0332995973818409,4.37415854846459,
-2.15344809560864));
#2718=CARTESIAN_POINT('Ctrl Pts',(-1.82898580093574,4.48547628747176,-1.13702561253653));
#2719=CARTESIAN_POINT('Ctrl Pts',(-1.9460086405008,4.59679402647891,0.92319980274816));
#2720=CARTESIAN_POINT('Ctrl Pts',(-0.275796879744254,4.70811176548607,2.1359338707558));
#2721=CARTESIAN_POINT('Ctrl Pts',(1.6461679424823,4.81942950449323,1.3877695807555));
#2722=CARTESIAN_POINT('Ctrl Pts',(2.05967912365917,4.9307472435004,-0.634286741210177));
#2723=CARTESIAN_POINT('Ctrl Pts',(0.576823641020523,5.04206498250755,-2.07433068313534));
#2724=CARTESIAN_POINT('Ctrl Pts',(-0.75640419208339,5.11627680851232,-1.7642044223186));
#2725=CARTESIAN_POINT('Ctrl Pts',(-1.20979106520509,5.15338272151471,-1.36126911605594));
#2726=CARTESIAN_POINT('Ctrl Pts',(-0.861525859670525,1.,-1.75382131162755));
#2727=CARTESIAN_POINT('Ctrl Pts',(-1.44565691143262,1.03710591300239,-1.46687987512363));
#2728=CARTESIAN_POINT('Ctrl Pts',(-2.29444130426535,1.11131773900716,-0.268324817180718));
#2729=CARTESIAN_POINT('Ctrl Pts',(-1.46541472426932,1.22263547801432,1.78868883070998));
#2730=CARTESIAN_POINT('Ctrl Pts',(0.710865095825416,1.33395321702148,2.19803552536326));
#2731=CARTESIAN_POINT('Ctrl Pts',(2.23354403520895,1.44527095602864,0.592328564421406));
#2732=CARTESIAN_POINT('Ctrl Pts',(1.70629858282234,1.5565886950358,-1.55860001011513));
#2733=CARTESIAN_POINT('Ctrl Pts',(-0.387646859039899,1.66790643404296,-2.27793797164246));
#2734=CARTESIAN_POINT('Ctrl Pts',(-2.12557898594859,1.77922417305012,-0.906466728496804));
#2735=CARTESIAN_POINT('Ctrl Pts',(-1.91225097738631,1.89054191205728,1.29737080174775));
#2736=CARTESIAN_POINT('Ctrl Pts',(0.0566111484275954,2.00185965106444,2.31008086861421));
#2737=CARTESIAN_POINT('Ctrl Pts',(1.97348223455246,2.11317739007159,1.20213485688866));
#2738=CARTESIAN_POINT('Ctrl Pts',(2.07865744665294,2.22449512907876,-1.00943099991665));
#2739=CARTESIAN_POINT('Ctrl Pts',(0.275566885527445,2.33581286808591,-2.29429815463329));
#2740=CARTESIAN_POINT('Ctrl Pts',(-1.7804981058845,2.44713060709308,-1.47294964640878));
#2741=CARTESIAN_POINT('Ctrl Pts',(-2.20202231408575,2.55844834610023,0.700608156490394));
#2742=CARTESIAN_POINT('Ctrl Pts',(-0.602033506151048,2.66976608510739,2.23098772148922));
#2743=CARTESIAN_POINT('Ctrl Pts',(1.5506368819528,2.78108382411455,1.71326525703934));
#2744=CARTESIAN_POINT('Ctrl Pts',(2.2797835760291,2.89240156312172,-0.377278680856428));
#2745=CARTESIAN_POINT('Ctrl Pts',(0.916031159973923,3.00371930212887,-2.12147092277029));
#2746=CARTESIAN_POINT('Ctrl Pts',(-1.28866103200286,3.11503704113603,-1.91809933510088));
#2747=CARTESIAN_POINT('Ctrl Pts',(-2.31032972206516,3.22635478014319,0.046136076396661));
#2748=CARTESIAN_POINT('Ctrl Pts',(-1.21105741718954,3.33767251915035,1.96801734972815));
#2749=CARTESIAN_POINT('Ctrl Pts',(0.999996575478603,3.44899025815751,2.0832089260757));
#2750=CARTESIAN_POINT('Ctrl Pts',(2.29302776260759,3.56030799716467,0.285961948299123));
#2751=CARTESIAN_POINT('Ctrl Pts',(1.48100266308517,3.67162573617183,-1.77380528035268));
#2752=CARTESIAN_POINT('Ctrl Pts',(-0.69062272050242,3.78294347517899,-2.20517446562395));
#2753=CARTESIAN_POINT('Ctrl Pts',(-2.22823445957027,3.89426121418615,-0.612137504108871));
#2754=CARTESIAN_POINT('Ctrl Pts',(-1.72027919128741,4.00557895319331,1.54285683980789));
#2755=CARTESIAN_POINT('Ctrl Pts',(0.366952387420262,4.11689669220047,2.28147020353268));
#2756=CARTESIAN_POINT('Ctrl Pts',(2.11728089456874,4.22821443120763,0.925634947027128));
#2757=CARTESIAN_POINT('Ctrl Pts',(1.92395215409342,4.33953217021479,-1.279954259535));
#2758=CARTESIAN_POINT('Ctrl Pts',(-0.0357284231449344,4.45084990922194,
-2.31051756867536));
#2759=CARTESIAN_POINT('Ctrl Pts',(-1.96238945091705,4.56216764822911,-1.21995866032564));
#2760=CARTESIAN_POINT('Ctrl Pts',(-2.08794777168769,4.67348538723626,0.990536696935978));
#2761=CARTESIAN_POINT('Ctrl Pts',(-0.295913115962447,4.78480312624343,2.29172588091342));
#2762=CARTESIAN_POINT('Ctrl Pts',(1.7662371151883,4.89612086525058,1.48899154065869));
#2763=CARTESIAN_POINT('Ctrl Pts',(2.20990921989385,5.00743860425775,-0.680550723341093));
#2764=CARTESIAN_POINT('Ctrl Pts',(0.618896345504222,5.1187563432649,-2.22562944349581));
#2765=CARTESIAN_POINT('Ctrl Pts',(-0.811575249197918,5.19296816926968,-1.89288300972484));
#2766=CARTESIAN_POINT('Ctrl Pts',(-1.29803152269282,5.23007408227207,-1.46055816936395));
#2767=CARTESIAN_POINT('',(1.90155688860643,5.,-0.449663651403402));
#2768=CARTESIAN_POINT('Ctrl Pts',(1.9046074530211,5.,-0.451066899025049));
#2769=CARTESIAN_POINT('Ctrl Pts',(1.89067443791065,5.,-0.492207187286251));
#2770=CARTESIAN_POINT('Ctrl Pts',(1.87529731669187,5.,-0.532765975778987));
#2771=CARTESIAN_POINT('Ctrl Pts',(1.85845964253528,5.,-0.572672387481735));
#2772=CARTESIAN_POINT('Ctrl Pts',(1.83096024677932,5.,-0.637847791068271));
#2773=CARTESIAN_POINT('Ctrl Pts',(1.79956715729971,5.,-0.701284836517882));
#2774=CARTESIAN_POINT('Ctrl Pts',(1.76458142551163,5.,-0.762776992129355));
#2775=CARTESIAN_POINT('Ctrl Pts',(1.72720279197424,5.,-0.828474996217098));
#2776=CARTESIAN_POINT('Ctrl Pts',(1.68572257567808,5.,-0.891954194588253));
#2777=CARTESIAN_POINT('Ctrl Pts',(1.6404633344169,5.,-0.952918289417776));
#2778=CARTESIAN_POINT('Ctrl Pts',(1.62126111326183,5.,-0.978783637550324));
#2779=CARTESIAN_POINT('Ctrl Pts',(1.601378183469,5.,-1.00419561603829));
#2780=CARTESIAN_POINT('Ctrl Pts',(1.58083750778133,5.,-1.02912855441146));
#2781=CARTESIAN_POINT('Ctrl Pts',(1.5676498984737,5.,-1.0451361023206));
#2782=CARTESIAN_POINT('Ctrl Pts',(1.55419115235431,5.,-1.06094615383848));
#2783=CARTESIAN_POINT('Ctrl Pts',(1.54046720230583,5.,-1.07655147402736));
#2784=CARTESIAN_POINT('Ctrl Pts',(1.53238946081365,5.,-1.0857365659246));
#2785=CARTESIAN_POINT('Ctrl Pts',(1.5242192191534,5.,-1.0948512766211));
#2786=CARTESIAN_POINT('Ctrl Pts',(1.5159689047265,5.,-1.10388216726699));
#2787=CARTESIAN_POINT('Ctrl Pts',(1.46844267830832,5.,-1.15590493044738));
#2788=CARTESIAN_POINT('Ctrl Pts',(1.41817787574858,5.,-1.20524677171297));
#2789=CARTESIAN_POINT('Ctrl Pts',(1.36545883559527,5.,-1.2516963861344));
#2790=CARTESIAN_POINT('Ctrl Pts',(1.31306954346116,5.,-1.29785546665567));
#2791=CARTESIAN_POINT('Ctrl Pts',(1.25825564761741,5.,-1.3411589092728));
#2792=CARTESIAN_POINT('Ctrl Pts',(1.20127161490925,5.,-1.38135469899777));
#2793=CARTESIAN_POINT('Ctrl Pts',(1.14665488600863,5.,-1.41988062364755));
#2794=CARTESIAN_POINT('Ctrl Pts',(1.09004373472876,5.,-1.45555188213583));
#2795=CARTESIAN_POINT('Ctrl Pts',(1.03165287718322,5.,-1.48810108893227));
#2796=CARTESIAN_POINT('Ctrl Pts',(1.01500692199442,5.,-1.49738015522004));
#2797=CARTESIAN_POINT('Ctrl Pts',(0.998216312750287,5.,-1.50640519329439));
#2798=CARTESIAN_POINT('Ctrl Pts',(0.981286017886496,5.,-1.5151692665843));
#2799=CARTESIAN_POINT('Ctrl Pts',(0.9694836095983,5.,-1.52127885723629));
#2800=CARTESIAN_POINT('Ctrl Pts',(0.957612021571948,5.,-1.52726212288172));
#2801=CARTESIAN_POINT('Ctrl Pts',(0.945691447960156,5.,-1.53310793556229));
#2802=CARTESIAN_POINT('Ctrl Pts',(0.885497817698023,5.,-1.56262670693484));
#2803=CARTESIAN_POINT('Ctrl Pts',(0.823949790155651,5.,-1.58870110778607));
#2804=CARTESIAN_POINT('Ctrl Pts',(0.761281650932286,5.,-1.61110969233426));
#2805=CARTESIAN_POINT('Ctrl Pts',(0.700485171220642,5.,-1.6328490174959));
#2806=CARTESIAN_POINT('Ctrl Pts',(0.638633700727,5.,-1.65113838994157));
#2807=CARTESIAN_POINT('Ctrl Pts',(0.575935801003988,5.,-1.66572744778084));
#2808=CARTESIAN_POINT('Ctrl Pts',(0.541214705716767,5.,-1.67380663495658));
#2809=CARTESIAN_POINT('Ctrl Pts',(0.506234001833621,5.,-1.68075014575475));
#2810=CARTESIAN_POINT('Ctrl Pts',(0.471029654156026,5.,-1.68650852714379));
#2811=CARTESIAN_POINT('Ctrl Pts',(0.437080221364746,5.,-1.69206164188247));
#2812=CARTESIAN_POINT('Ctrl Pts',(0.402922750366016,5.,-1.69651248320652));
#2813=CARTESIAN_POINT('Ctrl Pts',(0.368604359160298,5.,-1.69987018679801));
#2814=CARTESIAN_POINT('Ctrl Pts',(0.35097703320021,5.,-1.70159484036144));
#2815=CARTESIAN_POINT('Ctrl Pts',(0.333307275399467,5.,-1.70303104177289));
#2816=CARTESIAN_POINT('Ctrl Pts',(0.315601645643675,5.,-1.70417970532491));
#2817=CARTESIAN_POINT('Ctrl Pts',(0.304710350728463,5.,-1.70488628473926));
#2818=CARTESIAN_POINT('Ctrl Pts',(0.293815122959799,5.,-1.70548342968816));
#2819=CARTESIAN_POINT('Ctrl Pts',(0.282918284074778,5.,-1.70597187240132));
#2820=CARTESIAN_POINT('Ctrl Pts',(0.217770703903126,5.,-1.70889206431668));
#2821=CARTESIAN_POINT('Ctrl Pts',(0.152554730493729,5.,-1.70793192602149));
#2822=CARTESIAN_POINT('Ctrl Pts',(0.0875829403008005,5.,-1.70322763986881));
#2823=CARTESIAN_POINT('Ctrl Pts',(0.0224519627985535,5.,-1.69851182774998));
#2824=CARTESIAN_POINT('Ctrl Pts',(-0.0424346835481559,5.,-1.69003299595018));
#2825=CARTESIAN_POINT('Ctrl Pts',(-0.106746332491649,5.,-1.67787837858439));
#2826=CARTESIAN_POINT('Ctrl Pts',(-0.150846106597345,5.,-1.66954371621797));
#2827=CARTESIAN_POINT('Ctrl Pts',(-0.194675177549023,5.,-1.65947962064335));
#2828=CARTESIAN_POINT('Ctrl Pts',(-0.238118826018075,5.,-1.64770252868627));
#2829=CARTESIAN_POINT('Ctrl Pts',(-0.263727661304361,5.,-1.64076025706064));
#2830=CARTESIAN_POINT('Ctrl Pts',(-0.289202428784437,5.,-1.63322258621365));
#2831=CARTESIAN_POINT('Ctrl Pts',(-0.314518178897888,5.,-1.62509152400588));
#2832=CARTESIAN_POINT('Ctrl Pts',(-0.326805324774219,5.,-1.62114506589072));
#2833=CARTESIAN_POINT('Ctrl Pts',(-0.339056846795019,5.,-1.61705807469634));
#2834=CARTESIAN_POINT('Ctrl Pts',(-0.351253277217361,5.,-1.61283669127706));
#2835=CARTESIAN_POINT('Ctrl Pts',(-0.411553488334219,5.,-1.59196580507734));
#2836=CARTESIAN_POINT('Ctrl Pts',(-0.470595434817394,5.,-1.56778684459604));
#2837=CARTESIAN_POINT('Ctrl Pts',(-0.528059140188224,5.,-1.54037700933102));
#2838=CARTESIAN_POINT('Ctrl Pts',(-0.575893018270714,5.,-1.51756054266101));
#2839=CARTESIAN_POINT('Ctrl Pts',(-0.622633108070952,5.,-1.49250440052961));
#2840=CARTESIAN_POINT('Ctrl Pts',(-0.668074420321136,5.,-1.46523342648297));
#2841=CARTESIAN_POINT('Ctrl Pts',(-0.682707964346065,5.,-1.45645130775548));
#2842=CARTESIAN_POINT('Ctrl Pts',(-0.697206649981372,5.,-1.44743937680677));
#2843=CARTESIAN_POINT('Ctrl Pts',(-0.711563117698466,5.,-1.43819812619612));
#2844=CARTESIAN_POINT('Ctrl Pts',(-0.721417327095642,5.,-1.43185497686416));
#2845=CARTESIAN_POINT('Ctrl Pts',(-0.731202633587496,5.,-1.42540492575135));
#2846=CARTESIAN_POINT('Ctrl Pts',(-0.740909538821512,5.,-1.41885325013181));
#2847=CARTESIAN_POINT('Ctrl Pts',(-0.791461317623458,5.,-1.38473332738437));
#2848=CARTESIAN_POINT('Ctrl Pts',(-0.839947947605125,5.,-1.34782276218127));
#2849=CARTESIAN_POINT('Ctrl Pts',(-0.886061456871634,5.,-1.30817177969948));
#2850=CARTESIAN_POINT('Ctrl Pts',(-0.930813189619519,5.,-1.26969172907135));
#2851=CARTESIAN_POINT('Ctrl Pts',(-0.973330367485537,5.,-1.2286301765221));
#2852=CARTESIAN_POINT('Ctrl Pts',(-1.01328898072852,5.,-1.18500804667554));
#2853=CARTESIAN_POINT('Ctrl Pts',(-1.02003633317756,5.,-1.17764207822057));
#2854=CARTESIAN_POINT('Ctrl Pts',(-1.02671062259245,5.,-1.17020305100749));
#2855=CARTESIAN_POINT('Ctrl Pts',(-1.03331015022962,5.,-1.16269100943993));
#2856=CARTESIAN_POINT('Ctrl Pts',(-1.95099659000024,4.62413030787577,0.000598100123118959));
#2857=CARTESIAN_POINT('Ctrl Pts',(-1.95181204060623,4.64058200099593,0.29020080562259));
#2858=CARTESIAN_POINT('Ctrl Pts',(-1.89149354392828,4.6570336941161,0.579489037407846));
#2859=CARTESIAN_POINT('Ctrl Pts',(-1.76834894227171,4.67348538723627,0.838985668055281));
#2860=CARTESIAN_POINT('Ctrl Pts',(-1.49060288644594,4.71059130023865,1.42426642492846));
#2861=CARTESIAN_POINT('Ctrl Pts',(-0.893258001204186,4.74769721324104,1.85799615292095));
#2862=CARTESIAN_POINT('Ctrl Pts',(-0.250893853391516,4.78480312624343,1.94107196020806));
#2863=CARTESIAN_POINT('Ctrl Pts',(0.391470294421141,4.82190903924581,2.02414776749517));
#2864=CARTESIAN_POINT('Ctrl Pts',(1.07885370480471,4.8590149522482,1.75656965407693));
#2865=CARTESIAN_POINT('Ctrl Pts',(1.49649076078076,4.89612086525058,1.26119022003452));
#2866=CARTESIAN_POINT('Ctrl Pts',(1.88621998454172,4.93074724350039,0.79891361039487));
#2867=CARTESIAN_POINT('Ctrl Pts',(2.04104895904127,4.9653736217502,0.138263283660031));
#2868=CARTESIAN_POINT('Ctrl Pts',(1.90460745302109,5.,-0.451066899025076));
#2869=CARTESIAN_POINT('',(-0.903606778650207,1.,1.26612599672284));
#2870=CARTESIAN_POINT('Ctrl Pts',(-0.905558925124957,1.,1.26795198687845));
#2871=CARTESIAN_POINT('Ctrl Pts',(-0.936372502343592,1.,1.25147211537357));
#2872=CARTESIAN_POINT('Ctrl Pts',(-0.966537418754287,1.,1.2339102694035));
#2873=CARTESIAN_POINT('Ctrl Pts',(-0.995990098716433,1.,1.21527904636876));
#2874=CARTESIAN_POINT('Ctrl Pts',(-1.04608134373596,1.,1.1835922470946));
#2875=CARTESIAN_POINT('Ctrl Pts',(-1.09411370334864,1.,1.14881527970342));
#2876=CARTESIAN_POINT('Ctrl Pts',(-1.14000851842955,1.,1.11126921524212));
#2877=CARTESIAN_POINT('Ctrl Pts',(-1.16569600277646,1.,1.09025455505801));
#2878=CARTESIAN_POINT('Ctrl Pts',(-1.19071360831212,1.,1.06837149242005));
#2879=CARTESIAN_POINT('Ctrl Pts',(-1.21504501102368,1.,1.0456699132641));
#2880=CARTESIAN_POINT('Ctrl Pts',(-1.22454149097035,1.,1.0368095489946));
#2881=CARTESIAN_POINT('Ctrl Pts',(-1.23393501920255,1.,1.02782287565326));
#2882=CARTESIAN_POINT('Ctrl Pts',(-1.24321932356606,1.,1.0187178184455));
#2883=CARTESIAN_POINT('Ctrl Pts',(-1.28759294433188,1.,0.975200895715539));
#2884=CARTESIAN_POINT('Ctrl Pts',(-1.32938472431141,1.,0.929072489012492));
#2885=CARTESIAN_POINT('Ctrl Pts',(-1.36850864251858,1.,0.880684456060458));
#2886=CARTESIAN_POINT('Ctrl Pts',(-1.39920689827068,1.,0.842717190025493));
#2887=CARTESIAN_POINT('Ctrl Pts',(-1.42826243521193,1.,0.803357515944135));
#2888=CARTESIAN_POINT('Ctrl Pts',(-1.45562347034661,1.,0.762755472498358));
#2889=CARTESIAN_POINT('Ctrl Pts',(-1.47038961056588,1.,0.740843455509315));
#2890=CARTESIAN_POINT('Ctrl Pts',(-1.48466205017935,1.,0.718569319026768));
#2891=CARTESIAN_POINT('Ctrl Pts',(-1.49843126556431,1.,0.695954913673415));
#2892=CARTESIAN_POINT('Ctrl Pts',(-1.5049754805397,1.,0.685206768188329));
#2893=CARTESIAN_POINT('Ctrl Pts',(-1.51140620727266,1.,0.674381193720113));
#2894=CARTESIAN_POINT('Ctrl Pts',(-1.51771465103708,1.,0.663494327705068));
#2895=CARTESIAN_POINT('Ctrl Pts',(-1.55016465503766,1.,0.607493377401836));
#2896=CARTESIAN_POINT('Ctrl Pts',(-1.57943363822107,1.,0.549789858658253));
#2897=CARTESIAN_POINT('Ctrl Pts',(-1.60542906245802,1.,0.490738018746848));
#2898=CARTESIAN_POINT('Ctrl Pts',(-1.63196603158882,1.,0.430455992242393));
#2899=CARTESIAN_POINT('Ctrl Pts',(-1.65509238812726,1.,0.368768102021125));
#2900=CARTESIAN_POINT('Ctrl Pts',(-1.67467587720485,1.,0.306009505125206));
#2901=CARTESIAN_POINT('Ctrl Pts',(-1.68753473495179,1.,0.26480112460198));
#2902=CARTESIAN_POINT('Ctrl Pts',(-1.69886538403086,1.,0.223130275501793));
#2903=CARTESIAN_POINT('Ctrl Pts',(-1.70862026817742,1.,0.181084978916466));
#2904=CARTESIAN_POINT('Ctrl Pts',(-1.71319019217777,1.,0.161387788557194));
#2905=CARTESIAN_POINT('Ctrl Pts',(-1.71741415917275,1.,0.141608355960851));
#2906=CARTESIAN_POINT('Ctrl Pts',(-1.72128657897492,1.,0.121755456776677));
#2907=CARTESIAN_POINT('Ctrl Pts',(-1.72396301936054,1.,0.108034036098452));
#2908=CARTESIAN_POINT('Ctrl Pts',(-1.72647151808527,1.,0.0942775174632407));
#2909=CARTESIAN_POINT('Ctrl Pts',(-1.72881009444325,1.,0.0804887639558361));
#2910=CARTESIAN_POINT('Ctrl Pts',(-1.7306721870951,1.,0.0695094617420852));
#2911=CARTESIAN_POINT('Ctrl Pts',(-1.73242634120757,1.,0.0585103851394016));
#2912=CARTESIAN_POINT('Ctrl Pts',(-1.73406981194228,1.,0.0475063928416603));
#2913=CARTESIAN_POINT('Ctrl Pts',(-1.74407844564501,1.,-0.0195072301268027));
#2914=CARTESIAN_POINT('Ctrl Pts',(-1.75000787137416,1.,-0.086828418756509));
#2915=CARTESIAN_POINT('Ctrl Pts',(-1.75173375391251,1.,-0.154102559789765));
#2916=CARTESIAN_POINT('Ctrl Pts',(-1.75215127091847,1.,-0.170377188751295));
#2917=CARTESIAN_POINT('Ctrl Pts',(-1.75232258813383,1.,-0.186649201633097));
#2918=CARTESIAN_POINT('Ctrl Pts',(-1.75224555181465,1.,-0.202913813096119));
#2919=CARTESIAN_POINT('Ctrl Pts',(-1.75193851816687,1.,-0.267737561693178));
#2920=CARTESIAN_POINT('Ctrl Pts',(-1.74769057707829,1.,-0.332442951613161));
#2921=CARTESIAN_POINT('Ctrl Pts',(-1.73971894314608,1.,-0.396794354426043));
#2922=CARTESIAN_POINT('Ctrl Pts',(-1.7312071182806,1.,-0.465506474833051));
#2923=CARTESIAN_POINT('Ctrl Pts',(-1.71845016492051,1.,-0.533815929687803));
#2924=CARTESIAN_POINT('Ctrl Pts',(-1.7016498800941,1.,-0.601440287141922));
#2925=CARTESIAN_POINT('Ctrl Pts',(-1.69858684475052,1.,-0.613769589835821));
#2926=CARTESIAN_POINT('Ctrl Pts',(-1.69539116503522,1.,-0.626068142703023));
#2927=CARTESIAN_POINT('Ctrl Pts',(-1.69206650212916,1.,-0.638327030592903));
#2928=CARTESIAN_POINT('Ctrl Pts',(-1.67429016079124,1.,-0.703872976666531));
#2929=CARTESIAN_POINT('Ctrl Pts',(-1.6528148144739,1.,-0.768348747209573));
#2930=CARTESIAN_POINT('Ctrl Pts',(-1.62789578009884,1.,-0.831497674503102));
#2931=CARTESIAN_POINT('Ctrl Pts',(-1.60246591382278,1.,-0.895941133763247));
#2932=CARTESIAN_POINT('Ctrl Pts',(-1.57344954677837,1.,-0.959003680551579));
#2933=CARTESIAN_POINT('Ctrl Pts',(-1.54106294791999,1.,-1.02041498477705));
#2934=CARTESIAN_POINT('Ctrl Pts',(-1.50846167998034,1.,-1.08223334342384));
#2935=CARTESIAN_POINT('Ctrl Pts',(-1.47244502249376,1.,-1.14237948280619));
#2936=CARTESIAN_POINT('Ctrl Pts',(-1.43318237902526,1.,-1.20056588027956));
#2937=CARTESIAN_POINT('Ctrl Pts',(-1.42329695572833,1.,-1.21521586607608));
#2938=CARTESIAN_POINT('Ctrl Pts',(-1.41320552663462,1.,-1.22974152084092));
#2939=CARTESIAN_POINT('Ctrl Pts',(-1.40291032818591,1.,-1.24413802192649));
#2940=CARTESIAN_POINT('Ctrl Pts',(-1.3960633592846,1.,-1.2537126207758));
#2941=CARTESIAN_POINT('Ctrl Pts',(-1.38912949243686,1.,-1.2632254874383));
#2942=CARTESIAN_POINT('Ctrl Pts',(-1.38211429646295,1.,-1.27266925075322));
#2943=CARTESIAN_POINT('Ctrl Pts',(-1.33905556429901,1.,-1.33063434206491));
#2944=CARTESIAN_POINT('Ctrl Pts',(-1.29288618946338,1.,-1.38606812270052));
#2945=CARTESIAN_POINT('Ctrl Pts',(-1.24384561579638,1.,-1.43868908800492));
#2946=CARTESIAN_POINT('Ctrl Pts',(-1.19471587245914,1.,-1.49140573314691));
#2947=CARTESIAN_POINT('Ctrl Pts',(-1.14270404399188,1.,-1.54130033416823));
#2948=CARTESIAN_POINT('Ctrl Pts',(-1.08800151816533,1.,-1.58807316972507));
#2949=CARTESIAN_POINT('Ctrl Pts',(-1.03448927998212,1.,-1.63382826199921));
#2950=CARTESIAN_POINT('Ctrl Pts',(-0.97840159598013,1.,-1.67659681819938));
#2951=CARTESIAN_POINT('Ctrl Pts',(-0.919878142789448,1.,-1.7160687110467));
#2952=CARTESIAN_POINT('Ctrl Pts',(-0.900688184919484,1.,-1.72901162400708));
#2953=CARTESIAN_POINT('Ctrl Pts',(-0.881236048246531,1.,-1.7415997859741));
#2954=CARTESIAN_POINT('Ctrl Pts',(-0.861525859670525,1.,-1.75382131162755));
#2955=CARTESIAN_POINT('Ctrl Pts',(-0.905558925124955,1.,1.26795198687845));
#2956=CARTESIAN_POINT('Ctrl Pts',(-0.51228325171088,1.03462637824981,1.54584696524712));
#2957=CARTESIAN_POINT('Ctrl Pts',(0.592890559424414,1.106358669502,1.72129479206868));
#2958=CARTESIAN_POINT('Ctrl Pts',(1.77803364727099,1.21519687375657,0.471528701104142));
#2959=CARTESIAN_POINT('Ctrl Pts',(1.35831496703181,1.32651461276373,-1.24073813497139));
#2960=CARTESIAN_POINT('Ctrl Pts',(-0.308589912608275,1.43783235177089,-1.81337385613605));
#2961=CARTESIAN_POINT('Ctrl Pts',(-1.41695790833654,1.52701288938422,-0.938716664736898));
#2962=CARTESIAN_POINT('Ctrl Pts',(-1.55427143925408,1.57908751399515,-0.210475897379961));
#2963=CARTESIAN_POINT('Ctrl Pts',(-1.55331656983988,1.5940562256037,-0.00079787646223373));
#2964=CARTESIAN_POINT('Origin',(0.,-0.294056225603703,0.));
#2965=CARTESIAN_POINT('',(0.90360677865021,1.,1.26612599672283));
#2966=CARTESIAN_POINT('Origin',(0.,1.,0.));
#2967=CARTESIAN_POINT('Ctrl Pts',(0.903606778650209,1.,1.26612599672283));
#2968=CARTESIAN_POINT('Ctrl Pts',(1.32530510403018,1.03710591300239,0.96516900954694));
#2969=CARTESIAN_POINT('Ctrl Pts',(1.83694489651691,1.11131773900716,-0.0860753304400315));
#2970=CARTESIAN_POINT('Ctrl Pts',(0.91963774165508,1.22263547801432,-1.59456047786049));
#2971=CARTESIAN_POINT('Ctrl Pts',(-0.842735495202746,1.33395321702148,-1.63453604858935));
#2972=CARTESIAN_POINT('Ctrl Pts',(-1.53318177355597,1.4117226491488,-0.615773737842622));
#2973=CARTESIAN_POINT('Ctrl Pts',(-1.55779115810593,1.45238616827374,-0.0504539979552018));
#2974=CARTESIAN_POINT('Ctrl Pts',(-1.55746257100669,1.45594377439629,-0.000963890637158413));
#2975=CARTESIAN_POINT('Ctrl Pts',(1.13509973994375,0.769925917727934,1.5904919303095));
#2976=CARTESIAN_POINT('Ctrl Pts',(1.66483199824813,0.807031830730321,1.21243345847298));
#2977=CARTESIAN_POINT('Ctrl Pts',(2.30754762313985,0.881243656735094,-0.108126773178925));
#2978=CARTESIAN_POINT('Ctrl Pts',(1.15523763882612,0.992561395742254,-2.00306729266435));
#2979=CARTESIAN_POINT('Ctrl Pts',(-1.05863398111615,1.10387913474941,-2.05328411375351));
#2980=CARTESIAN_POINT('Ctrl Pts',(-2.30011443388751,1.21519687375657,-0.22146383393558));
#2981=CARTESIAN_POINT('Ctrl Pts',(-1.43031367927918,1.32651461276373,1.81518373161499));
#2982=CARTESIAN_POINT('Ctrl Pts',(0.752698875386608,1.43783235177089,2.18465405553185));
#2983=CARTESIAN_POINT('Ctrl Pts',(2.24463754161911,1.54915009077805,0.548971288953227));
#2984=CARTESIAN_POINT('Ctrl Pts',(1.6759825763472,1.66046782978521,-1.59089797976627));
#2985=CARTESIAN_POINT('Ctrl Pts',(-0.431287973562427,1.77178556879237,-2.27016909663484));
#2986=CARTESIAN_POINT('Ctrl Pts',(-2.14261417308614,1.88310330779953,-0.865426950295982));
#2987=CARTESIAN_POINT('Ctrl Pts',(-1.88697213207319,1.99442104680669,1.33383013618995));
#2988=CARTESIAN_POINT('Ctrl Pts',(0.100961114947765,2.10573878581385,2.30858112644537));
#2989=CARTESIAN_POINT('Ctrl Pts',(1.99620791678845,2.21705652482101,1.16400473351354));
#2990=CARTESIAN_POINT('Ctrl Pts',(2.05888615950784,2.32837426382817,-1.04916192068422));
#2991=CARTESIAN_POINT('Ctrl Pts',(0.231454369951272,2.43969200283533,-2.29916904708941));
#2992=CARTESIAN_POINT('Ctrl Pts',(-1.80845816830438,2.55100974184249,-1.43848202036636));
#2993=CARTESIAN_POINT('Ctrl Pts',(-2.18816044508112,2.66232748084965,0.742768543667235));
#2994=CARTESIAN_POINT('Ctrl Pts',(-0.559076017887553,2.77364521985681,2.24213845527134));
#2995=CARTESIAN_POINT('Ctrl Pts',(1.58325435869502,2.88496295886397,1.68316868945539));
#2996=CARTESIAN_POINT('Ctrl Pts',(2.27211708931474,2.99628069787113,-0.420992611369227));
#2997=CARTESIAN_POINT('Ctrl Pts',(0.875118996478051,3.10759843687828,-2.13867201433094));
#2998=CARTESIAN_POINT('Ctrl Pts',(-1.3252608156614,3.21891617588545,-1.89299636552652));
#2999=CARTESIAN_POINT('Ctrl Pts',(-2.30901701655645,3.3302339148926,0.0904977884609626));
#3000=CARTESIAN_POINT('Ctrl Pts',(-1.17303839032097,3.44155165389977,1.99091282794097));
#3001=CARTESIAN_POINT('Ctrl Pts',(1.03982151991528,3.55286939290692,2.06361921715512));
#3002=CARTESIAN_POINT('Ctrl Pts',(2.29809445949191,3.66418713191408,0.241871493491561));
#3003=CARTESIAN_POINT('Ctrl Pts',(1.44666712258734,3.77550487092124,-1.80192144552813));
#3004=CARTESIAN_POINT('Ctrl Pts',(-0.732853674704873,3.88682260992841,-2.19150286161797));
#3005=CARTESIAN_POINT('Ctrl Pts',(-2.23956485791932,3.99814034893556,-0.569233072324739));
#3006=CARTESIAN_POINT('Ctrl Pts',(-1.69035880944487,4.10945808794273,1.57561450665317));
#3007=CARTESIAN_POINT('Ctrl Pts',(0.410754030923329,4.22077582694988,2.27399390839578));
#3008=CARTESIAN_POINT('Ctrl Pts',(2.13456524404262,4.33209356595704,0.884816454574224));
#3009=CARTESIAN_POINT('Ctrl Pts',(1.89921011090016,4.44341130496421,-1.31669668310794));
#3010=CARTESIAN_POINT('Ctrl Pts',(-0.0804681486540634,4.55472904397136,
-2.30935002019428));
#3011=CARTESIAN_POINT('Ctrl Pts',(-1.98474232863201,4.66604678297852,-1.18215034860323));
#3012=CARTESIAN_POINT('Ctrl Pts',(-2.0699299294561,4.77736452198568,1.03065157460904));
#3013=CARTESIAN_POINT('Ctrl Pts',(-0.248960588126657,4.88868226099285,2.29662492751779));
#3014=CARTESIAN_POINT('Ctrl Pts',(1.10841320796344,4.96289408699761,1.73582275420845));
#3015=CARTESIAN_POINT('Ctrl Pts',(1.51814181076364,5.,1.23018756391507));
#3016=CARTESIAN_POINT('Ctrl Pts',(1.05793541951257,0.846617278485289,1.48236995244728));
#3017=CARTESIAN_POINT('Ctrl Pts',(1.55165636684214,0.883723191487676,1.13001197549764));
#3018=CARTESIAN_POINT('Ctrl Pts',(2.15068004759887,0.957935017492449,-0.100776292265959));
#3019=CARTESIAN_POINT('Ctrl Pts',(1.07670433976911,1.06925275649961,-1.8668983543964));
#3020=CARTESIAN_POINT('Ctrl Pts',(-0.986667819145011,1.18057049550677,-1.91370142536545));
#3021=CARTESIAN_POINT('Ctrl Pts',(-2.14375216812426,1.29188823451393,-0.206408675657974));
#3022=CARTESIAN_POINT('Ctrl Pts',(-1.33308065280481,1.40320597352109,1.69178715757054));
#3023=CARTESIAN_POINT('Ctrl Pts',(0.701530246618003,1.51452371252825,2.03614081071277));
#3024=CARTESIAN_POINT('Ctrl Pts',(2.0920466067274,1.62584145153541,0.511652104605245));
#3025=CARTESIAN_POINT('Ctrl Pts',(1.56204892628334,1.73715919054256,-1.48274839857609));
#3026=CARTESIAN_POINT('Ctrl Pts',(-0.401968925888489,1.84847692954973,-2.11584252123242));
#3027=CARTESIAN_POINT('Ctrl Pts',(-1.9969588083685,1.95979466855688,-0.806595043149453));
#3028=CARTESIAN_POINT('Ctrl Pts',(-1.75869536738005,2.07111240756405,1.24315608138414));
#3029=CARTESIAN_POINT('Ctrl Pts',(0.0940977569971176,2.1824301465712,2.15164329313106));
#3030=CARTESIAN_POINT('Ctrl Pts',(1.86050528034352,2.29374788557836,1.08487544550516));
#3031=CARTESIAN_POINT('Ctrl Pts',(1.91892264286439,2.40506562458553,-0.977839671384892));
#3032=CARTESIAN_POINT('Ctrl Pts',(0.215720052922002,2.51638336359268,-2.14287104892068));
#3033=CARTESIAN_POINT('Ctrl Pts',(-1.68551879947646,2.62770110259985,-1.34069370833702));
#3034=CARTESIAN_POINT('Ctrl Pts',(-2.03940883515876,2.739018841607,0.692274980949493));
#3035=CARTESIAN_POINT('Ctrl Pts',(-0.521069911929145,2.85033658061416,2.08971740879819));
#3036=CARTESIAN_POINT('Ctrl Pts',(1.47562439248213,2.96165431962132,1.56874652590234));
#3037=CARTESIAN_POINT('Ctrl Pts',(2.11765808895788,3.07297205862848,-0.392373444594979));
#3038=CARTESIAN_POINT('Ctrl Pts',(0.815628221981887,3.18428979763564,-1.99328463839937));
#3039=CARTESIAN_POINT('Ctrl Pts',(-1.2351693050778,3.2956075366428,-1.76431007216891));
#3040=CARTESIAN_POINT('Ctrl Pts',(-2.15204955134019,3.40692527564996,0.084345729658218));
#3041=CARTESIAN_POINT('Ctrl Pts',(-1.09329499241191,3.51824301465712,1.85557015275597));
#3042=CARTESIAN_POINT('Ctrl Pts',(0.969134233036013,3.62956075366428,1.92333394625162));
#3043=CARTESIAN_POINT('Ctrl Pts',(2.14186951201536,3.74087849267144,0.225429018200466));
#3044=CARTESIAN_POINT('Ctrl Pts',(1.34832238557761,3.8521962316786,-1.67942644449726));
#3045=CARTESIAN_POINT('Ctrl Pts',(-0.683034126876507,3.96351397068576,-2.04252403351242));
#3046=CARTESIAN_POINT('Ctrl Pts',(-2.08731876513855,4.07483170969292,-0.530536487657148));
#3047=CARTESIAN_POINT('Ctrl Pts',(-1.575447860014,4.18614944870008,1.46850389919816));
#3048=CARTESIAN_POINT('Ctrl Pts',(0.38283088501358,4.29746718770723,2.11940732148078));
#3049=CARTESIAN_POINT('Ctrl Pts',(1.98945704722396,4.4087849267144,0.824666444825361));
#3050=CARTESIAN_POINT('Ctrl Pts',(1.77010140581765,4.52010266572156,-1.22718736406691));
#3051=CARTESIAN_POINT('Ctrl Pts',(-0.0749979068869807,4.63142040472872,
-2.15235991732027));
#3052=CARTESIAN_POINT('Ctrl Pts',(-1.84981912529529,4.74273814373588,-1.10178751784267));
#3053=CARTESIAN_POINT('Ctrl Pts',(-1.92921565499546,4.85405588274304,0.960587662551431));
#3054=CARTESIAN_POINT('Ctrl Pts',(-0.2320361946827,4.96537362175019,2.1404998791357));
#3055=CARTESIAN_POINT('Ctrl Pts',(1.03306304362134,5.03958544775497,1.61782115619547));
#3056=CARTESIAN_POINT('Ctrl Pts',(1.4149382093325,5.07669136075736,1.14655915309621));
#3057=CARTESIAN_POINT('Ctrl Pts',(0.98077109908139,0.923308639242645,1.37424797458505));
#3058=CARTESIAN_POINT('Ctrl Pts',(1.43848073543616,0.960414552245031,1.04759049252229));
#3059=CARTESIAN_POINT('Ctrl Pts',(1.99381247205789,1.0346263782498,-0.0934258113529953));
#3060=CARTESIAN_POINT('Ctrl Pts',(0.998171040712092,1.14594411725696,-1.73072941612844));
#3061=CARTESIAN_POINT('Ctrl Pts',(-0.914701657173877,1.25726185626412,-1.7741187369774));
#3062=CARTESIAN_POINT('Ctrl Pts',(-1.98738990236102,1.36857959527128,-0.191353517380365));
#3063=CARTESIAN_POINT('Ctrl Pts',(-1.23584762633044,1.47989733427844,1.56839058352609));
#3064=CARTESIAN_POINT('Ctrl Pts',(0.650361617849397,1.5912150732856,1.8876275658937));
#3065=CARTESIAN_POINT('Ctrl Pts',(1.93945567183569,1.70253281229276,0.474332920257262));
#3066=CARTESIAN_POINT('Ctrl Pts',(1.44811527621948,1.81385055129992,-1.3745988173859));
#3067=CARTESIAN_POINT('Ctrl Pts',(-0.372649878214549,1.92516829030708,-1.96151594583));
#3068=CARTESIAN_POINT('Ctrl Pts',(-1.85130344365085,2.03648602931424,-0.747763136002923));
#3069=CARTESIAN_POINT('Ctrl Pts',(-1.63041860268691,2.1478037683214,1.15248202657832));
#3070=CARTESIAN_POINT('Ctrl Pts',(0.0872343990464726,2.25912150732856,1.99470545981675));
#3071=CARTESIAN_POINT('Ctrl Pts',(1.72480264389858,2.37043924633572,1.00574615749677));
#3072=CARTESIAN_POINT('Ctrl Pts',(1.77895912622095,2.48175698534288,-0.906517422085564));
#3073=CARTESIAN_POINT('Ctrl Pts',(0.199985735892731,2.59307472435004,-1.98657305075194));
#3074=CARTESIAN_POINT('Ctrl Pts',(-1.56257943064853,2.7043924633572,-1.24290539630768));
#3075=CARTESIAN_POINT('Ctrl Pts',(-1.89065722523641,2.81571020236436,0.641781418231754));
#3076=CARTESIAN_POINT('Ctrl Pts',(-0.483063805970737,2.92702794137151,1.93729636232503));
#3077=CARTESIAN_POINT('Ctrl Pts',(1.36799442626924,3.03834568037868,1.45432436234929));
#3078=CARTESIAN_POINT('Ctrl Pts',(1.96319908860101,3.14966341938583,-0.363754277820732));
#3079=CARTESIAN_POINT('Ctrl Pts',(0.756137447485726,3.260981158393,-1.84789726246779));
#3080=CARTESIAN_POINT('Ctrl Pts',(-1.1450777944942,3.37229889740016,-1.6356237788113));
#3081=CARTESIAN_POINT('Ctrl Pts',(-1.99508208612392,3.48361663640732,0.0781936708554727));
#3082=CARTESIAN_POINT('Ctrl Pts',(-1.01355159450285,3.59493437541447,1.72022747757097));
#3083=CARTESIAN_POINT('Ctrl Pts',(0.898446946156751,3.70625211442164,1.78304867534812));
#3084=CARTESIAN_POINT('Ctrl Pts',(1.98564456453882,3.81756985342879,0.208986542909375));
#3085=CARTESIAN_POINT('Ctrl Pts',(1.24997764856788,3.92888759243595,-1.55693144346639));
#3086=CARTESIAN_POINT('Ctrl Pts',(-0.63321457904814,4.04020533144311,-1.89354520540686));
#3087=CARTESIAN_POINT('Ctrl Pts',(-1.93507267235779,4.15152307045027,-0.491839902989559));
#3088=CARTESIAN_POINT('Ctrl Pts',(-1.46053691058313,4.26284080945743,1.36139329174314));
#3089=CARTESIAN_POINT('Ctrl Pts',(0.354907739103833,4.37415854846459,1.96482073456578));
#3090=CARTESIAN_POINT('Ctrl Pts',(1.8443488504053,4.48547628747175,0.764516435076498));
#3091=CARTESIAN_POINT('Ctrl Pts',(1.64099270073513,4.59679402647891,-1.13767804502588));
#3092=CARTESIAN_POINT('Ctrl Pts',(-0.0695276651198978,4.70811176548608,
-1.99536981444627));
#3093=CARTESIAN_POINT('Ctrl Pts',(-1.71489592195857,4.81942950449323,-1.02142468708211));
#3094=CARTESIAN_POINT('Ctrl Pts',(-1.78850138053483,4.93074724350039,0.890523750493824));
#3095=CARTESIAN_POINT('Ctrl Pts',(-0.215111801238742,5.04206498250755,1.9843748307536));
#3096=CARTESIAN_POINT('Ctrl Pts',(0.957712879279228,5.11627680851233,1.4998195581825));
#3097=CARTESIAN_POINT('Ctrl Pts',(1.31173460790137,5.15338272151471,1.06293074227735));
#3098=CARTESIAN_POINT('Ctrl Pts',(0.903606778650209,1.,1.26612599672283));
#3099=CARTESIAN_POINT('Ctrl Pts',(1.32530510403018,1.03710591300239,0.96516900954694));
#3100=CARTESIAN_POINT('Ctrl Pts',(1.83694489651691,1.11131773900716,-0.0860753304400315));
#3101=CARTESIAN_POINT('Ctrl Pts',(0.91963774165508,1.22263547801432,-1.59456047786049));
#3102=CARTESIAN_POINT('Ctrl Pts',(-0.842735495202746,1.33395321702148,-1.63453604858935));
#3103=CARTESIAN_POINT('Ctrl Pts',(-1.83102763659776,1.44527095602864,-0.176298359102758));
#3104=CARTESIAN_POINT('Ctrl Pts',(-1.13861459985607,1.5565886950358,1.44499400948164));
#3105=CARTESIAN_POINT('Ctrl Pts',(0.599192989080795,1.66790643404296,1.73911432107462));
#3106=CARTESIAN_POINT('Ctrl Pts',(1.78686473694398,1.77922417305012,0.437013735909282));
#3107=CARTESIAN_POINT('Ctrl Pts',(1.33418162615561,1.89054191205728,-1.26644923619572));
#3108=CARTESIAN_POINT('Ctrl Pts',(-0.343330830540614,2.00185965106444,-1.80718937042758));
#3109=CARTESIAN_POINT('Ctrl Pts',(-1.70564807893321,2.1131773900716,-0.688931228856397));
#3110=CARTESIAN_POINT('Ctrl Pts',(-1.50214183799378,2.22449512907876,1.06180797177251));
#3111=CARTESIAN_POINT('Ctrl Pts',(0.0803710410958296,2.33581286808592,1.83776762650244));
#3112=CARTESIAN_POINT('Ctrl Pts',(1.58910000745365,2.44713060709307,0.926616869488391));
#3113=CARTESIAN_POINT('Ctrl Pts',(1.6389956095775,2.55844834610024,-0.835195172786238));
#3114=CARTESIAN_POINT('Ctrl Pts',(0.18425141886346,2.66976608510739,-1.83027505258321));
#3115=CARTESIAN_POINT('Ctrl Pts',(-1.43964006182061,2.78108382411456,-1.14511708427834));
#3116=CARTESIAN_POINT('Ctrl Pts',(-1.74190561531406,2.89240156312171,0.591287855514013));
#3117=CARTESIAN_POINT('Ctrl Pts',(-0.445057700012327,3.00371930212887,1.78487531585188));
#3118=CARTESIAN_POINT('Ctrl Pts',(1.26036446005635,3.11503704113604,1.33990219879624));
#3119=CARTESIAN_POINT('Ctrl Pts',(1.80874008824415,3.22635478014319,-0.335135111046484));
#3120=CARTESIAN_POINT('Ctrl Pts',(0.696646672989563,3.33767251915036,-1.70250988653622));
#3121=CARTESIAN_POINT('Ctrl Pts',(-1.0549862839106,3.44899025815751,-1.50693748545368));
#3122=CARTESIAN_POINT('Ctrl Pts',(-1.83811462090766,3.56030799716467,0.0720416120527259));
#3123=CARTESIAN_POINT('Ctrl Pts',(-0.933808196593789,3.67162573617183,1.58488480238597));
#3124=CARTESIAN_POINT('Ctrl Pts',(0.82775965927749,3.78294347517899,1.64276340444462));
#3125=CARTESIAN_POINT('Ctrl Pts',(1.82941961706227,3.89426121418615,0.192544067618281));
#3126=CARTESIAN_POINT('Ctrl Pts',(1.15163291155814,4.00557895319331,-1.43443644243552));
#3127=CARTESIAN_POINT('Ctrl Pts',(-0.583395031219774,4.11689669220047,-1.74456637730131));
#3128=CARTESIAN_POINT('Ctrl Pts',(-1.78282657957702,4.22821443120763,-0.453143318321969));
#3129=CARTESIAN_POINT('Ctrl Pts',(-1.34562596115225,4.33953217021479,1.25428268428813));
#3130=CARTESIAN_POINT('Ctrl Pts',(0.326984593194085,4.45084990922195,1.81023414765078));
#3131=CARTESIAN_POINT('Ctrl Pts',(1.69924065358664,4.56216764822911,0.704366425327635));
#3132=CARTESIAN_POINT('Ctrl Pts',(1.51188399565261,4.67348538723627,-1.04816872598485));
#3133=CARTESIAN_POINT('Ctrl Pts',(-0.0640574233528136,4.78480312624343,
-1.83837971157226));
#3134=CARTESIAN_POINT('Ctrl Pts',(-1.57997271862185,4.89612086525059,-0.941061856321557));
#3135=CARTESIAN_POINT('Ctrl Pts',(-1.64778710607419,5.00743860425774,0.820459838436215));
#3136=CARTESIAN_POINT('Ctrl Pts',(-0.198187407794786,5.11875634326491,1.82824978237151));
#3137=CARTESIAN_POINT('Ctrl Pts',(0.882362714937122,5.19296816926968,1.38181796016952));
#3138=CARTESIAN_POINT('Ctrl Pts',(1.20853100647024,5.23007408227207,0.979302331458493));
#3139=CARTESIAN_POINT('',(1.51814181076363,5.,1.23018756391508));
#3140=CARTESIAN_POINT('Ctrl Pts',(-1.43766796126148,5.,0.600708417276697));
#3141=CARTESIAN_POINT('Ctrl Pts',(-1.42845378507201,5.,0.634431743332258));
#3142=CARTESIAN_POINT('Ctrl Pts',(-1.41804339689785,5.,0.667748115925728));
#3143=CARTESIAN_POINT('Ctrl Pts',(-1.40643844005764,5.,0.700593147979059));
#3144=CARTESIAN_POINT('Ctrl Pts',(-1.38683086277948,5.,0.756087667524154));
#3145=CARTESIAN_POINT('Ctrl Pts',(-1.36381643968443,5.,0.810237085821931));
#3146=CARTESIAN_POINT('Ctrl Pts',(-1.33770127143501,5.,0.862900525728068));
#3147=CARTESIAN_POINT('Ctrl Pts',(-1.31015704258153,5.,0.918445786900889));
#3148=CARTESIAN_POINT('Ctrl Pts',(-1.27916336808862,5.,0.972338787351366));
#3149=CARTESIAN_POINT('Ctrl Pts',(-1.24502024198979,5.,1.02440724225721));
#3150=CARTESIAN_POINT('Ctrl Pts',(-1.22986182052559,5.,1.04752391828059));
#3151=CARTESIAN_POINT('Ctrl Pts',(-1.21408187433725,5.,1.0702807997526));
#3152=CARTESIAN_POINT('Ctrl Pts',(-1.19770330739294,5.,1.09266173144626));
#3153=CARTESIAN_POINT('Ctrl Pts',(-1.18682080133598,5.,1.10753242346374));
#3154=CARTESIAN_POINT('Ctrl Pts',(-1.17567397843344,5.,1.12223712753107));
#3155=CARTESIAN_POINT('Ctrl Pts',(-1.16426910717625,5.,1.13677087608566));
#3156=CARTESIAN_POINT('Ctrl Pts',(-1.1577087881764,5.,1.14513099034138));
#3157=CARTESIAN_POINT('Ctrl Pts',(-1.15106419631049,5.,1.15343299294019));
#3158=CARTESIAN_POINT('Ctrl Pts',(-1.14434409807674,5.,1.16166708924224));
#3159=CARTESIAN_POINT('Ctrl Pts',(-1.10433930662226,5.,1.21068472171159));
#3160=CARTESIAN_POINT('Ctrl Pts',(-1.06159361321295,5.,1.25738582118458));
#3161=CARTESIAN_POINT('Ctrl Pts',(-1.01643503592529,5.,1.3016098476542));
#3162=CARTESIAN_POINT('Ctrl Pts',(-0.970282171836764,5.,1.34680758429012));
#3163=CARTESIAN_POINT('Ctrl Pts',(-0.921608494387311,5.,1.38941882305968));
#3164=CARTESIAN_POINT('Ctrl Pts',(-0.870712358594327,5.,1.42925496269317));
#3165=CARTESIAN_POINT('Ctrl Pts',(-0.820809434301932,5.,1.46831372087311));
#3166=CARTESIAN_POINT('Ctrl Pts',(-0.768769124735087,5.,1.50470532845383));
#3167=CARTESIAN_POINT('Ctrl Pts',(-0.71483384458784,5.,1.53822427664238));
#3168=CARTESIAN_POINT('Ctrl Pts',(-0.703564442674826,5.,1.54522782789505));
#3169=CARTESIAN_POINT('Ctrl Pts',(-0.692212198587503,5.,1.5521058478258));
#3170=CARTESIAN_POINT('Ctrl Pts',(-0.680779155010643,5.,1.55885626101208));
#3171=CARTESIAN_POINT('Ctrl Pts',(-0.671307553696452,5.,1.56444857962582));
#3172=CARTESIAN_POINT('Ctrl Pts',(-0.661781472619677,5.,1.56995264936244));
#3173=CARTESIAN_POINT('Ctrl Pts',(-0.65221333142368,5.,1.57536122473763));
#3174=CARTESIAN_POINT('Ctrl Pts',(-0.593829435200473,5.,1.60836384216894));
#3175=CARTESIAN_POINT('Ctrl Pts',(-0.533774643151999,5.,1.63787781850104));
#3176=CARTESIAN_POINT('Ctrl Pts',(-0.472372834974192,5.,1.663713426943));
#3177=CARTESIAN_POINT('Ctrl Pts',(-0.411116318728923,5.,1.68948790191691));
#3178=CARTESIAN_POINT('Ctrl Pts',(-0.348518322522867,5.,1.7116022353161));
#3179=CARTESIAN_POINT('Ctrl Pts',(-0.284862232599242,5.,1.72983425639759));
#3180=CARTESIAN_POINT('Ctrl Pts',(-0.254172608818836,5.,1.73862420671371));
#3181=CARTESIAN_POINT('Ctrl Pts',(-0.223236554973061,5.,1.74651118704216));
#3182=CARTESIAN_POINT('Ctrl Pts',(-0.192083523781477,5.,1.75346659325566));
#3183=CARTESIAN_POINT('Ctrl Pts',(-0.154457869150983,5.,1.76186711487407));
#3184=CARTESIAN_POINT('Ctrl Pts',(-0.116515721826171,5.,1.76890893358405));
#3185=CARTESIAN_POINT('Ctrl Pts',(-0.0783128237465873,5.,1.77461784715156));
#3186=CARTESIAN_POINT('Ctrl Pts',(-0.0667772180401506,5.,1.77634168956241));
#3187=CARTESIAN_POINT('Ctrl Pts',(-0.0552178254955796,5.,1.77794395780511));
#3188=CARTESIAN_POINT('Ctrl Pts',(-0.0436361532131253,5.,1.77942525070329));
#3189=CARTESIAN_POINT('Ctrl Pts',(-0.0322283817564148,5.,1.7808843017307));
#3190=CARTESIAN_POINT('Ctrl Pts',(-0.0208076977033154,5.,1.78222484619549));
#3191=CARTESIAN_POINT('Ctrl Pts',(-0.00937912268941209,5.,1.78344764044915));
#3192=CARTESIAN_POINT('Ctrl Pts',(0.0555749082968397,5.,1.79039736215511));
#3193=CARTESIAN_POINT('Ctrl Pts',(0.120816938584188,5.,1.79355180228185));
#3194=CARTESIAN_POINT('Ctrl Pts',(0.18605774787634,5.,1.79310155480359));
#3195=CARTESIAN_POINT('Ctrl Pts',(0.253851816916221,5.,1.79263368647154));
#3196=CARTESIAN_POINT('Ctrl Pts',(0.321645308355903,5.,1.78827366721584));
#3197=CARTESIAN_POINT('Ctrl Pts',(0.38913474929228,5.,1.78018322567557));
#3198=CARTESIAN_POINT('Ctrl Pts',(0.441742034482072,5.,1.77387681448717));
#3199=CARTESIAN_POINT('Ctrl Pts',(0.494165152101579,5.,1.76530271023702));
#3200=CARTESIAN_POINT('Ctrl Pts',(0.546263963286479,5.,1.75451589294171));
#3201=CARTESIAN_POINT('Ctrl Pts',(0.572479422112368,5.,1.74908810374199));
#3202=CARTESIAN_POINT('Ctrl Pts',(0.598612786083481,5.,1.74309976720272));
#3203=CARTESIAN_POINT('Ctrl Pts',(0.624646131181459,5.,1.73655612606223));
#3204=CARTESIAN_POINT('Ctrl Pts',(0.642446468852446,5.,1.73208190189088));
#3205=CARTESIAN_POINT('Ctrl Pts',(0.660206115701251,5.,1.72734616896687));
#3206=CARTESIAN_POINT('Ctrl Pts',(0.677885670385253,5.,1.72236024676567));
#3207=CARTESIAN_POINT('Ctrl Pts',(0.745938525273672,5.,1.70316823395155));
#3208=CARTESIAN_POINT('Ctrl Pts',(0.812879612152855,5.,1.68025712419106));
#3209=CARTESIAN_POINT('Ctrl Pts',(0.878386740381877,5.,1.65378885843114));
#3210=CARTESIAN_POINT('Ctrl Pts',(0.938094326590203,5.,1.62966390741634));
#3211=CARTESIAN_POINT('Ctrl Pts',(0.99661134536557,5.,1.60258304234284));
#3212=CARTESIAN_POINT('Ctrl Pts',(1.05369271650978,5.,1.57263207980401));
#3213=CARTESIAN_POINT('Ctrl Pts',(1.07341599155407,5.,1.56228315054472));
#3214=CARTESIAN_POINT('Ctrl Pts',(1.0929678075259,5.,1.55159126013311));
#3215=CARTESIAN_POINT('Ctrl Pts',(1.11233779879156,5.,1.5405590142191));
#3216=CARTESIAN_POINT('Ctrl Pts',(1.12452134856556,5.,1.53361983105846));
#3217=CARTESIAN_POINT('Ctrl Pts',(1.13662453651855,5.,1.52655077145183));
#3218=CARTESIAN_POINT('Ctrl Pts',(1.14864412144287,5.,1.51935352908299));
#3219=CARTESIAN_POINT('Ctrl Pts',(1.21106807871611,5.,1.48197450535239));
#3220=CARTESIAN_POINT('Ctrl Pts',(1.27124527518082,5.,1.44113788060175));
#3221=CARTESIAN_POINT('Ctrl Pts',(1.32883710271561,5.,1.39698226396575));
#3222=CARTESIAN_POINT('Ctrl Pts',(1.38562253766415,5.,1.35344490800008));
#3223=CARTESIAN_POINT('Ctrl Pts',(1.43989551894397,5.,1.30668052844241));
#3224=CARTESIAN_POINT('Ctrl Pts',(1.49131429128716,5.,1.25677484042245));
#3225=CARTESIAN_POINT('Ctrl Pts',(1.50034556360348,5.,1.24800932856555));
#3226=CARTESIAN_POINT('Ctrl Pts',(1.5092887181571,5.,1.23914679544164));
#3227=CARTESIAN_POINT('Ctrl Pts',(1.51814181076363,5.,1.23018756391508));
#3228=CARTESIAN_POINT('Ctrl Pts',(0.863572272249273,1.,-1.75648362195277));
#3229=CARTESIAN_POINT('Ctrl Pts',(0.900558406213875,1.,-1.7337590538433));
#3230=CARTESIAN_POINT('Ctrl Pts',(0.936679963516258,1.,-1.70974362242453));
#3231=CARTESIAN_POINT('Ctrl Pts',(0.971860036972198,1.,-1.68443302000292));
#3232=CARTESIAN_POINT('Ctrl Pts',(1.03015414865991,1.,-1.64249282660633));
#3233=CARTESIAN_POINT('Ctrl Pts',(1.0858655536476,1.,-1.59699779413848));
#3234=CARTESIAN_POINT('Ctrl Pts',(1.13883338577562,1.,-1.54828863034463));
#3235=CARTESIAN_POINT('Ctrl Pts',(1.16391821672546,1.,-1.52522064567567));
#3236=CARTESIAN_POINT('Ctrl Pts',(1.18838709440926,1.,-1.50143133164174));
#3237=CARTESIAN_POINT('Ctrl Pts',(1.21221942059885,1.,-1.47695495980665));
#3238=CARTESIAN_POINT('Ctrl Pts',(1.22417585308054,1.,-1.46467541626083));
#3239=CARTESIAN_POINT('Ctrl Pts',(1.23597203321063,1.,-1.45222293044041));
#3240=CARTESIAN_POINT('Ctrl Pts',(1.24760512983997,1.,-1.43960175585891));
#3241=CARTESIAN_POINT('Ctrl Pts',(1.25702143319878,1.,-1.42938566186516));
#3242=CARTESIAN_POINT('Ctrl Pts',(1.26632965404465,1.,-1.41906025046652));
#3243=CARTESIAN_POINT('Ctrl Pts',(1.27552082994664,1.,-1.40863669168967));
#3244=CARTESIAN_POINT('Ctrl Pts',(1.32274275034953,1.,-1.35508310201583));
#3245=CARTESIAN_POINT('Ctrl Pts',(1.36693681977225,1.,-1.29887841774088));
#3246=CARTESIAN_POINT('Ctrl Pts',(1.40794106374899,1.,-1.24035756558921));
#3247=CARTESIAN_POINT('Ctrl Pts',(1.43743540457927,1.,-1.19826353356611));
#3248=CARTESIAN_POINT('Ctrl Pts',(1.46527844961829,1.,-1.1549704377026));
#3249=CARTESIAN_POINT('Ctrl Pts',(1.49139407025742,1.,-1.11059772467457));
#3250=CARTESIAN_POINT('Ctrl Pts',(1.50510006545899,1.,-1.08731004561663));
#3251=CARTESIAN_POINT('Ctrl Pts',(1.51833003663935,1.,-1.06372495439632));
#3252=CARTESIAN_POINT('Ctrl Pts',(1.53107139978535,1.,-1.03985957350418));
#3253=CARTESIAN_POINT('Ctrl Pts',(1.53825632988562,1.,-1.02640174394846));
#3254=CARTESIAN_POINT('Ctrl Pts',(1.54528684030294,1.,-1.01285257606689));
#3255=CARTESIAN_POINT('Ctrl Pts',(1.55215039945151,1.,-0.999236050114485));
#3256=CARTESIAN_POINT('Ctrl Pts',(1.58350249164032,1.,-0.937037041158559));
#3257=CARTESIAN_POINT('Ctrl Pts',(1.61142516175498,1.,-0.873342705938041));
#3258=CARTESIAN_POINT('Ctrl Pts',(1.63576555167858,1.,-0.808461504710448));
#3259=CARTESIAN_POINT('Ctrl Pts',(1.65952391764539,1.,-0.745131733578213));
#3260=CARTESIAN_POINT('Ctrl Pts',(1.67986937352633,1.,-0.680670200134465));
#3261=CARTESIAN_POINT('Ctrl Pts',(1.69661144454109,1.,-0.615358080389229));
#3262=CARTESIAN_POINT('Ctrl Pts',(1.70773807679708,1.,-0.571952223513842));
#3263=CARTESIAN_POINT('Ctrl Pts',(1.717272172234,1.,-0.528170588909456));
#3264=CARTESIAN_POINT('Ctrl Pts',(1.72514521149188,1.,-0.484097355736976));
#3265=CARTESIAN_POINT('Ctrl Pts',(1.73134913123079,1.,-0.44936784502578));
#3266=CARTESIAN_POINT('Ctrl Pts',(1.73652144668551,1.,-0.414457281829425));
#3267=CARTESIAN_POINT('Ctrl Pts',(1.74062396896336,1.,-0.379408250903673));
#3268=CARTESIAN_POINT('Ctrl Pts',(1.74255667478977,1.,-0.362896587665279));
#3269=CARTESIAN_POINT('Ctrl Pts',(1.74425227782999,1.,-0.346348068253366));
#3270=CARTESIAN_POINT('Ctrl Pts',(1.74570391960714,1.,-0.329801509018503));
#3271=CARTESIAN_POINT('Ctrl Pts',(1.75139725067627,1.,-0.264905994669144));
#3272=CARTESIAN_POINT('Ctrl Pts',(1.75335422539708,1.,-0.199959120159774));
#3273=CARTESIAN_POINT('Ctrl Pts',(1.75140645624542,1.,-0.135220689523938));
#3274=CARTESIAN_POINT('Ctrl Pts',(1.75089162790925,1.,-0.118109227160887));
#3275=CARTESIAN_POINT('Ctrl Pts',(1.75010372277816,1.,-0.10101236406737));
#3276=CARTESIAN_POINT('Ctrl Pts',(1.74903902377844,1.,-0.0839350091690845));
#3277=CARTESIAN_POINT('Ctrl Pts',(1.74475812815719,1.,-0.0152711202902231));
#3278=CARTESIAN_POINT('Ctrl Pts',(1.73600668727569,1.,0.0530795342801707));
#3279=CARTESIAN_POINT('Ctrl Pts',(1.72297914364674,1.,0.120777930522356));
#3280=CARTESIAN_POINT('Ctrl Pts',(1.71146484001787,1.,0.180612686154157));
#3281=CARTESIAN_POINT('Ctrl Pts',(1.69660889302607,1.,0.239938119711607));
#3282=CARTESIAN_POINT('Ctrl Pts',(1.6785145342263,1.,0.298496524269057));
#3283=CARTESIAN_POINT('Ctrl Pts',(1.67523642452809,1.,0.309105403866034));
#3284=CARTESIAN_POINT('Ctrl Pts',(1.67185201925751,1.,0.319688537722264));
#3285=CARTESIAN_POINT('Ctrl Pts',(1.66836643573422,1.,0.330231365721059));
#3286=CARTESIAN_POINT('Ctrl Pts',(1.64802144604645,1.,0.391768759813709));
#3287=CARTESIAN_POINT('Ctrl Pts',(1.62419793482904,1.,0.452051406735033));
#3288=CARTESIAN_POINT('Ctrl Pts',(1.59708341220914,1.,0.510805987101553));
#3289=CARTESIAN_POINT('Ctrl Pts',(1.5700623271829,1.,0.569358097128334));
#3290=CARTESIAN_POINT('Ctrl Pts',(1.53977211949093,1.,0.626393495574505));
#3291=CARTESIAN_POINT('Ctrl Pts',(1.50635839925772,1.,0.681609529921222));
#3292=CARTESIAN_POINT('Ctrl Pts',(1.47361799580511,1.,0.73571291107566));
#3293=CARTESIAN_POINT('Ctrl Pts',(1.43787794616389,1.,0.788070140561348));
#3294=CARTESIAN_POINT('Ctrl Pts',(1.3992480046768,1.,0.838354925264278));
#3295=CARTESIAN_POINT('Ctrl Pts',(1.39048410448019,1.,0.849762937225466));
#3296=CARTESIAN_POINT('Ctrl Pts',(1.38157137682947,1.,0.861064088607687));
#3297=CARTESIAN_POINT('Ctrl Pts',(1.37251096280869,1.,0.872254213079222));
#3298=CARTESIAN_POINT('Ctrl Pts',(1.36576210602227,1.,0.880589433446341));
#3299=CARTESIAN_POINT('Ctrl Pts',(1.35893691254039,1.,0.888856103990937));
#3300=CARTESIAN_POINT('Ctrl Pts',(1.3520375913324,1.,0.897051229353267));
#3301=CARTESIAN_POINT('Ctrl Pts',(1.31209051296115,1.,0.944501015389028));
#3302=CARTESIAN_POINT('Ctrl Pts',(1.26964548354173,1.,0.989574585931875));
#3303=CARTESIAN_POINT('Ctrl Pts',(1.22484024714411,1.,1.03200401483076));
#3304=CARTESIAN_POINT('Ctrl Pts',(1.18084752051138,1.,1.07366401747345));
#3305=CARTESIAN_POINT('Ctrl Pts',(1.13457870712764,1.,1.11277544128324));
#3306=CARTESIAN_POINT('Ctrl Pts',(1.08614102225917,1.,1.14904065615756));
#3307=CARTESIAN_POINT('Ctrl Pts',(1.03924602712503,1.,1.1841508617689));
#3308=CARTESIAN_POINT('Ctrl Pts',(0.990317508919159,1.,1.21659356532514));
#3309=CARTESIAN_POINT('Ctrl Pts',(0.939440363877665,1.,1.2460512378954));
#3310=CARTESIAN_POINT('Ctrl Pts',(0.927601048531881,1.,1.25290615624091));
#3311=CARTESIAN_POINT('Ctrl Pts',(0.915656179699013,1.,1.25959921292662));
#3312=CARTESIAN_POINT('Ctrl Pts',(0.903606778650211,1.,1.26612599672283));
#3313=CARTESIAN_POINT('Ctrl Pts',(1.51814181076364,5.,1.23018756391507));
#3314=CARTESIAN_POINT('Ctrl Pts',(1.10841320796344,4.96289408699761,1.73582275420845));
#3315=CARTESIAN_POINT('Ctrl Pts',(0.429726309918387,4.92578817399523,2.01622384086312));
#3316=CARTESIAN_POINT('Ctrl Pts',(-0.213112029325711,4.88868226099284,1.94542882537233));
#3317=CARTESIAN_POINT('Ctrl Pts',(-0.855950368569809,4.85157634799046,1.87463380988154));
#3318=CARTESIAN_POINT('Ctrl Pts',(-1.46294014901295,4.81447043498807,1.45264269224529));
#3319=CARTESIAN_POINT('Ctrl Pts',(-1.75223710576385,4.77736452198568,0.872846812891786));
#3320=CARTESIAN_POINT('Ctrl Pts',(-1.88606391270577,4.76019957869853,0.60463717777013));
#3321=CARTESIAN_POINT('Ctrl Pts',(-1.95190684602213,4.74303463541138,0.302658511124832));
#3322=CARTESIAN_POINT('Ctrl Pts',(-1.95120244284821,4.72586969212423,0.000443030463818245));
#3323=CARTESIAN_POINT('Origin',(0.,0.,0.));
#3324=CARTESIAN_POINT('Origin',(0.,5.,0.));
#3325=CARTESIAN_POINT('Origin',(0.,0.,0.));
#3326=CARTESIAN_POINT('',(-2.5,1.,3.06161699786838E-16));
#3327=CARTESIAN_POINT('Origin',(0.,1.,0.));
#3328=CARTESIAN_POINT('',(-2.5,0.,3.06161699786838E-16));
#3329=CARTESIAN_POINT('Origin',(0.,1.,0.));
#3330=CARTESIAN_POINT('Origin',(0.,5.,0.));
#3331=CARTESIAN_POINT('Origin',(0.,0.,-8.));
#3332=CARTESIAN_POINT('',(-1.95646935215055,1.22586969212423,-8.00120292320953));
#3333=CARTESIAN_POINT('',(-1.95588276860699,1.12413030787577,-8.00199607262763));
#3334=CARTESIAN_POINT('',(-1.954,0.,-8.));
#3335=CARTESIAN_POINT('',(0.861525859670522,1.,-9.75382131162755));
#3336=CARTESIAN_POINT('Ctrl Pts',(-1.95646935215055,1.22586969212423,-8.00120292320953));
#3337=CARTESIAN_POINT('Ctrl Pts',(-1.95688222882237,1.22231208600168,-8.06337208732183));
#3338=CARTESIAN_POINT('Ctrl Pts',(-1.95417774510244,1.21875447987912,-8.12550255322712));
#3339=CARTESIAN_POINT('Ctrl Pts',(-1.94823868001557,1.21519687375657,-8.18731936500608));
#3340=CARTESIAN_POINT('Ctrl Pts',(-1.88629409569755,1.17809096075419,-8.83207012181821));
#3341=CARTESIAN_POINT('Ctrl Pts',(-1.47247436185866,1.1409850477518,-9.44269989663134));
#3342=CARTESIAN_POINT('Ctrl Pts',(-0.89657590081452,1.10387913474941,-9.73962843366027));
#3343=CARTESIAN_POINT('Ctrl Pts',(-0.359160800846165,1.06925275649961,-10.0167152644213));
#3344=CARTESIAN_POINT('Ctrl Pts',(0.319395533464749,1.0346263782498,-10.0206250985516));
#3345=CARTESIAN_POINT('Ctrl Pts',(0.863586067247373,1.,-9.7564699260175));
#3346=CARTESIAN_POINT('',(-0.861525859670526,1.,-9.75382131162755));
#3347=CARTESIAN_POINT('Origin',(0.,1.,-8.));
#3348=CARTESIAN_POINT('Ctrl Pts',(-0.861525859670528,1.,-9.75382131162755));
#3349=CARTESIAN_POINT('Ctrl Pts',(-1.44565691143262,1.03710591300239,-9.46687987512363));
#3350=CARTESIAN_POINT('Ctrl Pts',(-1.87002714723461,1.07421182600477,-8.86754381308062));
#3351=CARTESIAN_POINT('Ctrl Pts',(-1.94405367005968,1.11131773900716,-8.22507036717558));
#3352=CARTESIAN_POINT('Ctrl Pts',(-1.95257405441404,1.1155885952967,-8.15112226739086));
#3353=CARTESIAN_POINT('Ctrl Pts',(-1.95645315629923,1.11985945158623,-8.07660269229184));
#3354=CARTESIAN_POINT('Ctrl Pts',(-1.95588276860699,1.12413030787577,-8.00199607262763));
#3355=CARTESIAN_POINT('Origin',(0.,0.,-8.));
#3356=CARTESIAN_POINT('',(-1.95147601274446,1.92586969212423,-8.00115718657914));
#3357=CARTESIAN_POINT('',(-1.95126389743757,1.82413030787577,-8.00100097327628));
#3358=CARTESIAN_POINT('',(-1.954,0.,-8.));
#3359=CARTESIAN_POINT('Ctrl Pts',(-1.95147601274446,1.92586969212423,-8.00115718657914));
#3360=CARTESIAN_POINT('Ctrl Pts',(-1.95282256861158,1.91161423068266,-8.25193191672113));
#3361=CARTESIAN_POINT('Ctrl Pts',(-1.90800053542881,1.8973587692411,-8.50224320071195));
#3362=CARTESIAN_POINT('Ctrl Pts',(-1.81479205127468,1.88310330779953,-8.73300991075615));
#3363=CARTESIAN_POINT('Ctrl Pts',(-1.57217725284922,1.84599739479714,-9.33367860898428));
#3364=CARTESIAN_POINT('Ctrl Pts',(-1.00173339072028,1.80889148179476,-9.80192843273872));
#3365=CARTESIAN_POINT('Ctrl Pts',(-0.365298472239989,1.77178556879237,-9.92284032628429));
#3366=CARTESIAN_POINT('Ctrl Pts',(0.271136446240302,1.73467965578998,-10.0437522198299));
#3367=CARTESIAN_POINT('Ctrl Pts',(0.973562421071942,1.6975737427876,-9.81732618316657));
#3368=CARTESIAN_POINT('Ctrl Pts',(1.41955135817467,1.66046782978521,-9.34746849610002));
#3369=CARTESIAN_POINT('Ctrl Pts',(1.8655402952774,1.62336191678283,-8.87761080903348));
#3370=CARTESIAN_POINT('Ctrl Pts',(2.05509219465122,1.58625600378044,-8.16432147156368));
#3371=CARTESIAN_POINT('Ctrl Pts',(1.9012113069674,1.54915009077805,-7.53505977182229));
#3372=CARTESIAN_POINT('Ctrl Pts',(1.74733041928358,1.51204417777566,-6.90579807208089));
#3373=CARTESIAN_POINT('Ctrl Pts',(1.25001674454211,1.47493826477328,-6.3605640100679));
#3374=CARTESIAN_POINT('Ctrl Pts',(0.63752237321662,1.43783235177089,-6.14952950948087));
#3375=CARTESIAN_POINT('Ctrl Pts',(0.0250280018911319,1.4007264387685,-5.93849500889383));
#3376=CARTESIAN_POINT('Ctrl Pts',(-0.702647066018378,1.36362052576612,-6.06166006973276));
#3377=CARTESIAN_POINT('Ctrl Pts',(-1.21144988257456,1.32651461276373,-6.46267846955779));
#3378=CARTESIAN_POINT('Ctrl Pts',(-1.67147017718509,1.2929663058839,-6.82524840122676));
#3379=CARTESIAN_POINT('Ctrl Pts',(-1.95257591571812,1.25941799900406,-7.41494628763633));
#3380=CARTESIAN_POINT('Ctrl Pts',(-1.95646935215055,1.22586969212423,-8.00120292320953));
#3381=CARTESIAN_POINT('Ctrl Pts',(-1.95588276860699,1.12413030787577,-8.00199607262763));
#3382=CARTESIAN_POINT('Ctrl Pts',(-1.95149753273078,1.15696536458862,-7.42840791565066));
#3383=CARTESIAN_POINT('Ctrl Pts',(-1.68411225404781,1.18980042130147,-6.84967473608722));
#3384=CARTESIAN_POINT('Ctrl Pts',(-1.24088366608267,1.22263547801432,-6.48593713104058));
#3385=CARTESIAN_POINT('Ctrl Pts',(-0.740004329432435,1.25974139101671,-6.0748881705777));
#3386=CARTESIAN_POINT('Ctrl Pts',(-0.0145628462838168,1.29684730401909,
-5.938401079419));
#3387=CARTESIAN_POINT('Ctrl Pts',(0.601936034852441,1.33395321702148,-6.13778781820505));
#3388=CARTESIAN_POINT('Ctrl Pts',(1.2184349159887,1.37105913002386,-6.33717455699109));
#3389=CARTESIAN_POINT('Ctrl Pts',(1.7259911951126,1.40816504302625,-6.87243512572188));
#3390=CARTESIAN_POINT('Ctrl Pts',(1.89189572558301,1.44527095602864,-7.49854771302238));
#3391=CARTESIAN_POINT('Ctrl Pts',(2.05780025605342,1.48237686903103,-8.12466030032289));
#3392=CARTESIAN_POINT('Ctrl Pts',(1.88205303787034,1.51948278203341,-8.8416249061931));
#3393=CARTESIAN_POINT('Ctrl Pts',(1.44518704755644,1.5565886950358,-9.32000149036702));
#3394=CARTESIAN_POINT('Ctrl Pts',(1.00832105724255,1.59369460803818,-9.79837807454094));
#3395=CARTESIAN_POINT('Ctrl Pts',(0.310336294797842,1.63080052104057,-10.0381666370186));
#3396=CARTESIAN_POINT('Ctrl Pts',(-0.328312404554419,1.66790643404296,-9.92947911063949));
#3397=CARTESIAN_POINT('Ctrl Pts',(-0.966961103906681,1.70501234704534,-9.8207915842604));
#3398=CARTESIAN_POINT('Ctrl Pts',(-1.5462737401665,1.74211826004773,-9.3636279690246));
#3399=CARTESIAN_POINT('Ctrl Pts',(-1.80037522675011,1.77922417305012,-8.76774008719599));
#3400=CARTESIAN_POINT('Ctrl Pts',(-1.90288104224451,1.79419288465867,-8.52735592380002));
#3401=CARTESIAN_POINT('Ctrl Pts',(-1.95246342264094,1.80916159626722,-8.26439638214027));
#3402=CARTESIAN_POINT('Ctrl Pts',(-1.95126389743757,1.82413030787577,-8.00100097327628));
#3403=CARTESIAN_POINT('Origin',(0.,0.,-8.));
#3404=CARTESIAN_POINT('',(-1.95226844991336,2.62586969212423,-7.9984462935522));
#3405=CARTESIAN_POINT('',(-1.95258933955913,2.52413030787577,-7.99835006437545));
#3406=CARTESIAN_POINT('',(-1.954,0.,-8.));
#3407=CARTESIAN_POINT('Ctrl Pts',(-1.95226844991336,2.62586969212423,-7.9984462935522));
#3408=CARTESIAN_POINT('Ctrl Pts',(-1.94901493991093,2.60091637536365,-8.43696412164718));
#3409=CARTESIAN_POINT('Ctrl Pts',(-1.80295639002126,2.57596305860307,-8.87744604531193));
#3410=CARTESIAN_POINT('Ctrl Pts',(-1.53176146292982,2.55100974184249,-9.21839207018678));
#3411=CARTESIAN_POINT('Ctrl Pts',(-1.12849100923045,2.5139038288401,-9.72538333146477));
#3412=CARTESIAN_POINT('Ctrl Pts',(-0.44851794121723,2.47679791583771,-10.0122799725442));
#3413=CARTESIAN_POINT('Ctrl Pts',(0.196041552674284,2.43969200283533,-9.94739306590603));
#3414=CARTESIAN_POINT('Ctrl Pts',(0.840601046565793,2.40258608983294,-9.88250615926782));
#3415=CARTESIAN_POINT('Ctrl Pts',(1.4497469663356,2.36548017683055,-9.46583570491196));
#3416=CARTESIAN_POINT('Ctrl Pts',(1.7438735181943,2.32837426382817,-8.88863820924504));
#3417=CARTESIAN_POINT('Ctrl Pts',(2.038000070053,2.29126835082578,-8.31144071357813));
#3418=CARTESIAN_POINT('Ctrl Pts',(2.0171072540006,2.2541624378234,-7.57371617660016));
#3419=CARTESIAN_POINT('Ctrl Pts',(1.69078534823321,2.21705652482101,-7.01409047069545));
#3420=CARTESIAN_POINT('Ctrl Pts',(1.36446344246582,2.17995061181862,-6.45446476479074));
#3421=CARTESIAN_POINT('Ctrl Pts',(0.732712446983427,2.14284469881624,-6.0729378899593));
#3422=CARTESIAN_POINT('Ctrl Pts',(0.0855136541347095,2.10573878581385,-6.04463362787633));
#3423=CARTESIAN_POINT('Ctrl Pts',(-0.561685138714005,2.06863287281146,-6.01632936579336));
#3424=CARTESIAN_POINT('Ctrl Pts',(-1.22433172892905,2.03152695980908,-6.34124771645886));
#3425=CARTESIAN_POINT('Ctrl Pts',(-1.59826215667558,1.99442104680669,-6.87025067814253));
#3426=CARTESIAN_POINT('Ctrl Pts',(-1.82853486619736,1.97157059524587,-7.19601968834598));
#3427=CARTESIAN_POINT('Ctrl Pts',(-1.94931758316702,1.94872014368505,-7.59918382028189));
#3428=CARTESIAN_POINT('Ctrl Pts',(-1.95147601274446,1.92586969212423,-8.00115718657914));
#3429=CARTESIAN_POINT('Ctrl Pts',(-1.95126389743757,1.82413030787577,-8.00100097327628));
#3430=CARTESIAN_POINT('Ctrl Pts',(-1.94948992171418,1.84626750926961,-7.61146596420419));
#3431=CARTESIAN_POINT('Ctrl Pts',(-1.83664880734645,1.86840471066344,-7.22097765252102));
#3432=CARTESIAN_POINT('Ctrl Pts',(-1.61966745477273,1.89054191205728,-6.90114756120338));
#3433=CARTESIAN_POINT('Ctrl Pts',(-1.25596785930435,1.92764782505966,-6.36505506546079));
#3434=CARTESIAN_POINT('Ctrl Pts',(-0.599678331460173,1.96475373806205,-6.02748222239704));
#3435=CARTESIAN_POINT('Ctrl Pts',(0.0479460874220226,2.00185965106444,-6.04335457744731));
#3436=CARTESIAN_POINT('Ctrl Pts',(0.695570506304223,2.03896556406682,-6.05922693249758));
#3437=CARTESIAN_POINT('Ctrl Pts',(1.33452981622444,2.07607147706921,-6.42854448566187));
#3438=CARTESIAN_POINT('Ctrl Pts',(1.67153870317506,2.1131773900716,-6.98179857087903));
#3439=CARTESIAN_POINT('Ctrl Pts',(2.00854759012568,2.15028330307398,-7.53505265609619));
#3440=CARTESIAN_POINT('Ctrl Pts',(2.0436060541067,2.18738921607637,-8.27224327336621));
#3441=CARTESIAN_POINT('Ctrl Pts',(1.76061917965507,2.22449512907876,-8.85498399432671));
#3442=CARTESIAN_POINT('Ctrl Pts',(1.47763230520343,2.26160104208114,-9.43772471528721));
#3443=CARTESIAN_POINT('Ctrl Pts',(0.87660009231915,2.29870695508353,-9.86601553993817));
#3444=CARTESIAN_POINT('Ctrl Pts',(0.233405296895212,2.33581286808591,-9.94326897957951));
#3445=CARTESIAN_POINT('Ctrl Pts',(-0.409789498528727,2.3729187810883,-10.0205224192208));
#3446=CARTESIAN_POINT('Ctrl Pts',(-1.09514687649232,2.41002469409069,-9.74673847385256));
#3447=CARTESIAN_POINT('Ctrl Pts',(-1.5080798339914,2.44713060709307,-9.24758566903333));
#3448=CARTESIAN_POINT('Ctrl Pts',(-1.79371008892047,2.47279717402064,-8.9023162002252));
#3449=CARTESIAN_POINT('Ctrl Pts',(-1.94899504945512,2.4984637409482,-8.44921583181427));
#3450=CARTESIAN_POINT('Ctrl Pts',(-1.95258933955913,2.52413030787577,-7.99835006437545));
#3451=CARTESIAN_POINT('Origin',(0.,0.,-8.));
#3452=CARTESIAN_POINT('',(-1.95709824870042,3.32586969212423,-7.99952880843836));
#3453=CARTESIAN_POINT('',(-1.95719944202226,3.22413030787577,-7.99975731272733));
#3454=CARTESIAN_POINT('',(-1.954,0.,-8.));
#3455=CARTESIAN_POINT('Ctrl Pts',(-1.95709824870042,3.32586969212423,-7.99952880843836));
#3456=CARTESIAN_POINT('Ctrl Pts',(-1.95508085682247,3.29021852004464,-8.62206583444761));
#3457=CARTESIAN_POINT('Ctrl Pts',(-1.63237915377011,3.25456734796504,-9.24640152277535));
#3458=CARTESIAN_POINT('Ctrl Pts',(-1.12249387317087,3.21891617588544,-9.60336518632057));
#3459=CARTESIAN_POINT('Ctrl Pts',(-0.591802797408407,3.18181026288306,-9.97489470055224));
#3460=CARTESIAN_POINT('Ctrl Pts',(0.141659520981832,3.14470434988067,-10.0567868522569));
#3461=CARTESIAN_POINT('Ctrl Pts',(0.741224460617303,3.10759843687829,-9.81145209145905));
#3462=CARTESIAN_POINT('Ctrl Pts',(1.34078940025277,3.0704925238759,-9.56611733066124));
#3463=CARTESIAN_POINT('Ctrl Pts',(1.80645696113347,3.03338661087351,-8.993555657361));
#3464=CARTESIAN_POINT('Ctrl Pts',(1.92447990907798,2.99628069787113,-8.35658012604112));
#3465=CARTESIAN_POINT('Ctrl Pts',(2.04250285702249,2.95917478486874,-7.71960459472123));
#3466=CARTESIAN_POINT('Ctrl Pts',(1.8128811920308,2.92206887186635,-7.01821520538169));
#3467=CARTESIAN_POINT('Ctrl Pts',(1.34101413131259,2.88496295886397,-6.57435857634207));
#3468=CARTESIAN_POINT('Ctrl Pts',(0.86914707059439,2.84785704586158,-6.13050194730245));
#3469=CARTESIAN_POINT('Ctrl Pts',(0.155034614149673,2.81075113285919,-5.94417807856276));
#3470=CARTESIAN_POINT('Ctrl Pts',(-0.473536572923556,2.77364521985681,-6.10091195021502));
#3471=CARTESIAN_POINT('Ctrl Pts',(-1.10210775999678,2.73653930685442,-6.25764582186729));
#3472=CARTESIAN_POINT('Ctrl Pts',(-1.64513767769853,2.69943339385204,-6.75743743391153));
#3473=CARTESIAN_POINT('Ctrl Pts',(-1.85336871685663,2.66232748084965,-7.37087618067191));
#3474=CARTESIAN_POINT('Ctrl Pts',(-1.92156668152435,2.65017488460784,-7.57178414399244));
#3475=CARTESIAN_POINT('Ctrl Pts',(-1.95385295243891,2.63802228836604,-7.7848822947939));
#3476=CARTESIAN_POINT('Ctrl Pts',(-1.95226844991336,2.62586969212423,-7.9984462935522));
#3477=CARTESIAN_POINT('Ctrl Pts',(-1.95258933955913,2.52413030787577,-7.99835006437545));
#3478=CARTESIAN_POINT('Ctrl Pts',(-1.95419128065662,2.53556965395059,-7.79740345700181));
#3479=CARTESIAN_POINT('Ctrl Pts',(-1.92566137826094,2.54700900002541,-7.5969007308937));
#3480=CARTESIAN_POINT('Ctrl Pts',(-1.86510988365843,2.55844834610023,-7.40658620434159));
#3481=CARTESIAN_POINT('Ctrl Pts',(-1.6686984387918,2.59555425910262,-6.78926120873926));
#3482=CARTESIAN_POINT('Ctrl Pts',(-1.13536701202399,2.63266017210501,-6.27913288180475));
#3483=CARTESIAN_POINT('Ctrl Pts',(-0.509921664953775,2.66976608510739,-6.1103561066721));
#3484=CARTESIAN_POINT('Ctrl Pts',(0.115523682116442,2.70687199810978,-5.94157933153945));
#3485=CARTESIAN_POINT('Ctrl Pts',(0.833082949489057,2.74397791111217,-6.11415410820865));
#3486=CARTESIAN_POINT('Ctrl Pts',(1.3133874486977,2.78108382411455,-6.5488666758341));
#3487=CARTESIAN_POINT('Ctrl Pts',(1.79369194790633,2.81818973711694,-6.98357924345954));
#3488=CARTESIAN_POINT('Ctrl Pts',(2.03674167895099,2.85529565011933,-7.68042960204124));
#3489=CARTESIAN_POINT('Ctrl Pts',(1.93097369408964,2.89240156312171,-8.31955449192233));
#3490=CARTESIAN_POINT('Ctrl Pts',(1.82520570922828,2.9295074761241,-8.95867938180343));
#3491=CARTESIAN_POINT('Ctrl Pts',(1.37062000846092,2.96661338912649,-9.54007880298393));
#3492=CARTESIAN_POINT('Ctrl Pts',(0.77587719723667,3.00371930212887,-9.79688312987688));
#3493=CARTESIAN_POINT('Ctrl Pts',(0.181134386012413,3.04082521513126,-10.0536874567698));
#3494=CARTESIAN_POINT('Ctrl Pts',(-0.553765535668741,3.07793112813365,-9.98589668937521));
#3495=CARTESIAN_POINT('Ctrl Pts',(-1.09149419888029,3.11503704113603,-9.62462761358187));
#3496=CARTESIAN_POINT('Ctrl Pts',(-1.61847738244608,3.15140146338261,-9.27057780982323));
#3497=CARTESIAN_POINT('Ctrl Pts',(-1.9560907539055,3.18776588562919,-8.63466171099639));
#3498=CARTESIAN_POINT('Ctrl Pts',(-1.95719944202226,3.22413030787577,-7.99975731272733));
#3499=CARTESIAN_POINT('Origin',(0.,0.,-8.));
#3500=CARTESIAN_POINT('',(-1.95368841506046,4.02586969212423,-8.00179999445535));
#3501=CARTESIAN_POINT('',(-1.95331735608837,3.92413030787577,-8.00177679311363));
#3502=CARTESIAN_POINT('',(-1.954,0.,-8.));
#3503=CARTESIAN_POINT('Ctrl Pts',(-1.95368841506046,4.02586969212423,-8.00179999445535));
#3504=CARTESIAN_POINT('Ctrl Pts',(-1.9551616984187,4.01662657772801,-8.16393551426929));
#3505=CARTESIAN_POINT('Ctrl Pts',(-1.93667127500692,4.00738346333179,-8.3257391929917));
#3506=CARTESIAN_POINT('Ctrl Pts',(-1.89691867203078,3.99814034893556,-8.48213840949144));
#3507=CARTESIAN_POINT('Ctrl Pts',(-1.73733429771494,3.96103443593318,-9.10999342375509));
#3508=CARTESIAN_POINT('Ctrl Pts',(-1.23509468981941,3.92392852293079,-9.65075166321851));
#3509=CARTESIAN_POINT('Ctrl Pts',(-0.620720490496811,3.8868226099284,-9.85620036400004));
#3510=CARTESIAN_POINT('Ctrl Pts',(-0.00634629117421126,3.84971669692602,
-10.0616490647816));
#3511=CARTESIAN_POINT('Ctrl Pts',(0.720162499575464,3.81261078392363,-9.93178822688122));
#3512=CARTESIAN_POINT('Ctrl Pts',(1.22532206033896,3.77550487092125,-9.52622452481455));
#3513=CARTESIAN_POINT('Ctrl Pts',(1.73048162110246,3.73839895791886,-9.12066082274787));
#3514=CARTESIAN_POINT('Ctrl Pts',(2.01429195187979,3.70129304491647,-8.43939425651489));
#3515=CARTESIAN_POINT('Ctrl Pts',(1.94648419373052,3.66418713191408,-7.79513536705223));
#3516=CARTESIAN_POINT('Ctrl Pts',(1.87867643558124,3.6270812189117,-7.15087647758956));
#3517=CARTESIAN_POINT('Ctrl Pts',(1.45925058850538,3.58997530590931,-6.54362526489722));
#3518=CARTESIAN_POINT('Ctrl Pts',(0.880726520546991,3.55286939290693,-6.25211742677638));
#3519=CARTESIAN_POINT('Ctrl Pts',(0.302202452588601,3.51576347990454,-5.96060958865555));
#3520=CARTESIAN_POINT('Ctrl Pts',(-0.435419836252314,3.47865756690215,-5.98484512510623));
#3521=CARTESIAN_POINT('Ctrl Pts',(-0.993561395691016,3.44155165389976,-6.31369976950066));
#3522=CARTESIAN_POINT('Ctrl Pts',(-1.55170295512972,3.40444574089738,-6.64255441389509));
#3523=CARTESIAN_POINT('Ctrl Pts',(-1.93036378516621,3.36733982789499,-7.27602816623327));
#3524=CARTESIAN_POINT('Ctrl Pts',(-1.95573428361711,3.33023391489261,-7.92334848078172));
#3525=CARTESIAN_POINT('Ctrl Pts',(-1.95672893647273,3.32877917396981,-7.94872673657797));
#3526=CARTESIAN_POINT('Ctrl Pts',(-1.95718056808435,3.32732443304702,-7.9741262750892));
#3527=CARTESIAN_POINT('Ctrl Pts',(-1.95709824870042,3.32586969212423,-7.99952880843836));
#3528=CARTESIAN_POINT('Ctrl Pts',(-1.95719944202226,3.22413030787577,-7.99975731272733));
#3529=CARTESIAN_POINT('Ctrl Pts',(-1.9572220487884,3.22487179863158,-7.98681125960579));
#3530=CARTESIAN_POINT('Ctrl Pts',(-1.95710474540811,3.22561328938739,-7.97386562712378));
#3531=CARTESIAN_POINT('Ctrl Pts',(-1.95684628448995,3.22635478014319,-7.96092281348636));
#3532=CARTESIAN_POINT('Ctrl Pts',(-1.94391230214612,3.26346069314558,-7.31323447337624));
#3533=CARTESIAN_POINT('Ctrl Pts',(-1.57748693271652,3.30056660614797,-6.67260517734806));
#3534=CARTESIAN_POINT('Ctrl Pts',(-1.02576399040667,3.33767251915035,-6.33309186919047));
#3535=CARTESIAN_POINT('Ctrl Pts',(-0.474041048096811,3.37477843215274,-5.99357856103287));
#3536=CARTESIAN_POINT('Ctrl Pts',(0.262979467093297,3.41188434515513,-5.95518124074587));
#3537=CARTESIAN_POINT('Ctrl Pts',(0.846995677489888,3.44899025815751,-6.23552477001947));
#3538=CARTESIAN_POINT('Ctrl Pts',(1.43101188788648,3.4860961711599,-6.51586829929307));
#3539=CARTESIAN_POINT('Ctrl Pts',(1.86202379348955,3.52320208416228,-7.11495267812726));
#3540=CARTESIAN_POINT('Ctrl Pts',(1.94219173880707,3.56030799716467,-7.75779059124341));
#3541=CARTESIAN_POINT('Ctrl Pts',(2.02235968412459,3.59741391016706,-8.40062850435956));
#3542=CARTESIAN_POINT('Ctrl Pts',(1.75168366915656,3.63451982316945,-9.08721995175766));
#3543=CARTESIAN_POINT('Ctrl Pts',(1.25440689994991,3.67162573617183,-9.50241077617146));
#3544=CARTESIAN_POINT('Ctrl Pts',(0.757130130743259,3.70873164917422,-9.91760160058526));
#3545=CARTESIAN_POINT('Ctrl Pts',(0.0332526072979813,3.7458375621766,-10.0613918020148));
#3546=CARTESIAN_POINT('Ctrl Pts',(-0.584955741079519,3.78294347517899,-9.86777985004843));
#3547=CARTESIAN_POINT('Ctrl Pts',(-1.20316408945702,3.82004938818138,-9.67416789808212));
#3548=CARTESIAN_POINT('Ctrl Pts',(-1.71570326276674,3.85715530118377,-9.14315379271999));
#3549=CARTESIAN_POINT('Ctrl Pts',(-1.88731320017032,3.89426121418615,-8.51847974316998));
#3550=CARTESIAN_POINT('Ctrl Pts',(-1.93336006874755,3.90421757874936,-8.35086541792499));
#3551=CARTESIAN_POINT('Ctrl Pts',(-1.95486100220673,3.91417394331256,-8.17650784314));
#3552=CARTESIAN_POINT('Ctrl Pts',(-1.95331735608837,3.92413030787577,-8.00177679311363));
#3553=CARTESIAN_POINT('Origin',(0.,0.,-8.));
#3554=CARTESIAN_POINT('',(-1.95119804432502,4.72586969212423,-7.99954788283921));
#3555=CARTESIAN_POINT('',(-1.95100041045046,4.62413030787577,-7.99940022352806));
#3556=CARTESIAN_POINT('',(-1.954,0.,-8.));
#3557=CARTESIAN_POINT('Ctrl Pts',(-1.95119804432502,4.72586969212423,-7.99954788283921));
#3558=CARTESIAN_POINT('Ctrl Pts',(-1.95038753755081,4.70592872240899,-8.35064518300507));
#3559=CARTESIAN_POINT('Ctrl Pts',(-1.85976697774349,4.68598775269376,-8.70206456360392));
#3560=CARTESIAN_POINT('Ctrl Pts',(-1.68157793524682,4.66604678297852,-9.00122479035015));
#3561=CARTESIAN_POINT('Ctrl Pts',(-1.35000594033988,4.62894086997614,-9.55789848806595));
#3562=CARTESIAN_POINT('Ctrl Pts',(-0.715225341455387,4.59183495697375,-9.93362323476577));
#3563=CARTESIAN_POINT('Ctrl Pts',(-0.0678939545805135,4.55472904397136,
-9.95604522180509));
#3564=CARTESIAN_POINT('Ctrl Pts',(0.579437432294364,4.51762313096897,-9.97846720884441));
#3565=CARTESIAN_POINT('Ctrl Pts',(1.23931960715962,4.48051721796659,-9.64758643622321));
#3566=CARTESIAN_POINT('Ctrl Pts',(1.60849055661974,4.4434113049642,-9.1152248361726));
#3567=CARTESIAN_POINT('Ctrl Pts',(1.97766150607985,4.40630539196182,-8.58286323612199));
#3568=CARTESIAN_POINT('Ctrl Pts',(2.05612123013483,4.36919947895943,-7.84902080864197));
#3569=CARTESIAN_POINT('Ctrl Pts',(1.80804596876344,4.33209356595704,-7.25056982481878));
#3570=CARTESIAN_POINT('Ctrl Pts',(1.55997070739205,4.29498765295465,-6.6521188409956));
#3571=CARTESIAN_POINT('Ctrl Pts',(0.985360460594287,4.25788173995227,-6.18905930082926));
#3572=CARTESIAN_POINT('Ctrl Pts',(0.347870080259491,4.22077582694988,-6.07392620681894));
#3573=CARTESIAN_POINT('Ctrl Pts',(-0.289620300075306,4.1836699139475,-5.95879311280862));
#3574=CARTESIAN_POINT('Ctrl Pts',(-0.989990813947139,4.14656400094511,-6.19158646495433));
#3575=CARTESIAN_POINT('Ctrl Pts',(-1.43171150051497,4.10945808794272,-6.66545903555912));
#3576=CARTESIAN_POINT('Ctrl Pts',(-1.76339918946159,4.08159528933656,-7.02128954696298));
#3577=CARTESIAN_POINT('Ctrl Pts',(-1.94924729318954,4.05373249073039,-7.51305246393383));
#3578=CARTESIAN_POINT('Ctrl Pts',(-1.95368841506046,4.02586969212423,-8.00179999445535));
#3579=CARTESIAN_POINT('Ctrl Pts',(-1.95331735608837,3.92413030787577,-8.00177679311363));
#3580=CARTESIAN_POINT('Ctrl Pts',(-1.94910805913092,3.95127985631495,-7.52531080229903));
#3581=CARTESIAN_POINT('Ctrl Pts',(-1.77354547908781,3.97842940475413,-7.04606775024338));
#3582=CARTESIAN_POINT('Ctrl Pts',(-1.45707132367278,4.00557895319331,-6.69320212578433));
#3583=CARTESIAN_POINT('Ctrl Pts',(-1.0245388082742,4.04268486619569,-6.21093255168655));
#3584=CARTESIAN_POINT('Ctrl Pts',(-0.328793075979613,4.07979077919808,-5.96472739722888));
#3585=CARTESIAN_POINT('Ctrl Pts',(0.310802664935561,4.11689669220047,-6.06759799991174));
#3586=CARTESIAN_POINT('Ctrl Pts',(0.950398405850735,4.15400260520286,-6.17046860259461));
#3587=CARTESIAN_POINT('Ctrl Pts',(1.53384415538649,4.19110851820524,-6.62241496241802));
#3588=CARTESIAN_POINT('Ctrl Pts',(1.79334467450988,4.22821443120763,-7.2159878729876));
#3589=CARTESIAN_POINT('Ctrl Pts',(2.05284519363326,4.26532034421001,-7.80956078355717));
#3590=CARTESIAN_POINT('Ctrl Pts',(1.98840048234428,4.3024262572124,-8.54476024487292));
#3591=CARTESIAN_POINT('Ctrl Pts',(1.62956492635914,4.33953217021479,-9.08412061002428));
#3592=CARTESIAN_POINT('Ctrl Pts',(1.270729370374,4.37663808321718,-9.62348097517565));
#3593=CARTESIAN_POINT('Ctrl Pts',(0.617502969692693,4.41374399621956,-9.96700224416263));
#3594=CARTESIAN_POINT('Ctrl Pts',(-0.0302237908925457,4.45084990922195,
-9.95700340343273));
#3595=CARTESIAN_POINT('Ctrl Pts',(-0.677950551477784,4.48795582222433,-9.94700456270282));
#3596=CARTESIAN_POINT('Ctrl Pts',(-1.32017767196696,4.52506173522672,-9.58348561225602));
#3597=CARTESIAN_POINT('Ctrl Pts',(-1.66221389815808,4.56216764822911,-9.03330713253542));
#3598=CARTESIAN_POINT('Ctrl Pts',(-1.85260111280449,4.58282186811133,-8.72706194477023));
#3599=CARTESIAN_POINT('Ctrl Pts',(-1.94997849480715,4.60347608799355,-8.36298298553201));
#3600=CARTESIAN_POINT('Ctrl Pts',(-1.95100041045046,4.62413030787577,-7.99940022352806));
#3601=CARTESIAN_POINT('Origin',(0.,-0.294056225603703,-8.));
#3602=CARTESIAN_POINT('',(-1.55326947694349,4.9559437743963,-7.9996400878999));
#3603=CARTESIAN_POINT('',(-1.5555,5.,-7.99999999999999));
#3604=CARTESIAN_POINT('',(-1.5555,-0.294056225603703,-7.99999999999999));
#3605=CARTESIAN_POINT('',(-1.43545299885862,5.,-7.40078806915434));
#3606=CARTESIAN_POINT('Ctrl Pts',(-1.55326947694349,4.9559437743963,-7.9996400878999));
#3607=CARTESIAN_POINT('Ctrl Pts',(-1.55374463912098,4.97062918293087,-7.79380817758797));
#3608=CARTESIAN_POINT('Ctrl Pts',(-1.51544496915201,4.98531459146543,-7.58811532314235));
#3609=CARTESIAN_POINT('Ctrl Pts',(-1.43765775005838,5.,-7.3992799552451));
#3610=CARTESIAN_POINT('Origin',(0.,5.,-8.));
#3611=CARTESIAN_POINT('Origin',(0.,-0.294056225603703,-8.));
#3612=CARTESIAN_POINT('',(-1.55525195989076,4.25594377439629,-8.00143290244387));
#3613=CARTESIAN_POINT('',(-1.55311214864672,4.3940562256037,-7.99952254232234));
#3614=CARTESIAN_POINT('',(-1.5555,-0.294056225603703,-7.99999999999999));
#3615=CARTESIAN_POINT('Ctrl Pts',(-1.55525195989076,4.25594377439629,-8.00143290244387));
#3616=CARTESIAN_POINT('Ctrl Pts',(-1.55171656323251,4.28380657300246,-7.61236085345399));
#3617=CARTESIAN_POINT('Ctrl Pts',(-1.20674514926481,4.34877528461101,-6.6995500934763));
#3618=CARTESIAN_POINT('Ctrl Pts',(0.326981554534546,4.45084990922195,-6.18976081254409));
#3619=CARTESIAN_POINT('Ctrl Pts',(1.69925315979644,4.56216764822911,-7.29562946361177));
#3620=CARTESIAN_POINT('Ctrl Pts',(1.51187736537343,4.67348538723626,-9.04817587499128));
#3621=CARTESIAN_POINT('Ctrl Pts',(-0.0640387907210971,4.78480312624343,
-9.83837808862319));
#3622=CARTESIAN_POINT('Ctrl Pts',(-1.34624890700003,4.87895592196343,-9.07944173801411));
#3623=CARTESIAN_POINT('Ctrl Pts',(-1.55262426543515,4.93600280468106,-8.27913438186509));
#3624=CARTESIAN_POINT('Ctrl Pts',(-1.55326947694349,4.9559437743963,-7.9996400878999));
#3625=CARTESIAN_POINT('',(-1.03331015022962,5.,-9.16269100943993));
#3626=CARTESIAN_POINT('Origin',(0.,5.,-8.));
#3627=CARTESIAN_POINT('Ctrl Pts',(-1.55311214864672,4.3940562256037,-7.99952254232234));
#3628=CARTESIAN_POINT('Ctrl Pts',(-1.55376012969942,4.41050791872387,-7.76898028336861));
#3629=CARTESIAN_POINT('Ctrl Pts',(-1.39744012404383,4.46406552484643,-7.01927815951009));
#3630=CARTESIAN_POINT('Ctrl Pts',(-0.235583320815237,4.55472904397136,-6.1756549148779));
#3631=CARTESIAN_POINT('Ctrl Pts',(1.40606273053849,4.66604678297852,-6.8146491672677));
#3632=CARTESIAN_POINT('Ctrl Pts',(1.75918105036529,4.77736452198568,-8.5418009752435));
#3633=CARTESIAN_POINT('Ctrl Pts',(0.49275129257143,4.88868226099284,-9.77166556574593));
#3634=CARTESIAN_POINT('Ctrl Pts',(-0.646062077854332,4.96289408699761,-9.50684724750613));
#3635=CARTESIAN_POINT('Ctrl Pts',(-1.03331015022962,5.,-9.16269100943993));
#3636=CARTESIAN_POINT('Origin',(0.,-0.294056225603703,-8.));
#3637=CARTESIAN_POINT('',(-1.55796638989432,3.5559437743963,-7.99962490354448));
#3638=CARTESIAN_POINT('',(-1.55495657492091,3.6940562256037,-8.00141443279849));
#3639=CARTESIAN_POINT('',(-1.5555,-0.294056225603703,-7.99999999999999));
#3640=CARTESIAN_POINT('Ctrl Pts',(-1.55796638989432,3.5559437743963,-7.99962490354448));
#3641=CARTESIAN_POINT('Ctrl Pts',(-1.55803192101085,3.55739851531909,-7.97940297896688));
#3642=CARTESIAN_POINT('Ctrl Pts',(-1.54850201707774,3.59595916924427,-7.44344589418878));
#3643=CARTESIAN_POINT('Ctrl Pts',(-0.933811169694225,3.67162573617183,-6.41511001486785));
#3644=CARTESIAN_POINT('Ctrl Pts',(0.827762223794073,3.78294347517899,-6.35723123756637));
#3645=CARTESIAN_POINT('Ctrl Pts',(1.82942584476619,3.89426121418615,-7.80745528261694));
#3646=CARTESIAN_POINT('Ctrl Pts',(1.15163622932485,4.00557895319331,-9.43444117377673));
#3647=CARTESIAN_POINT('Ctrl Pts',(-0.583396151449649,4.11689669220047,-9.74457198240623));
#3648=CARTESIAN_POINT('Ctrl Pts',(-1.48261488218778,4.20035163260146,-8.77638880831524));
#3649=CARTESIAN_POINT('Ctrl Pts',(-1.55642478090598,4.24670066000007,-8.13050240145645));
#3650=CARTESIAN_POINT('Ctrl Pts',(-1.55525195989076,4.25594377439629,-8.00143290244387));
#3651=CARTESIAN_POINT('Ctrl Pts',(-1.55495657492091,3.6940562256037,-8.00141443279849));
#3652=CARTESIAN_POINT('Ctrl Pts',(-1.55160572465616,3.72120577404288,-7.62211921851389));
#3653=CARTESIAN_POINT('Ctrl Pts',(-1.22083668927885,3.78546123548445,-6.71920037327477));
#3654=CARTESIAN_POINT('Ctrl Pts',(0.292116098719524,3.8868226099284,-6.18380826439642));
#3655=CARTESIAN_POINT('Ctrl Pts',(1.68548845808933,3.99814034893557,-7.26313666158983));
#3656=CARTESIAN_POINT('Ctrl Pts',(1.53158301017222,4.10945808794272,-9.01892391145162));
#3657=CARTESIAN_POINT('Ctrl Pts',(-0.0284379718028588,4.22077582694989,
-9.8393138816296));
#3658=CARTESIAN_POINT('Ctrl Pts',(-1.33551678327068,4.31564187283687,-9.09946982562941));
#3659=CARTESIAN_POINT('Ctrl Pts',(-1.55229864312822,4.37340200572148,-8.28895600511514));
#3660=CARTESIAN_POINT('Ctrl Pts',(-1.55311214864672,4.3940562256037,-7.99952254232234));
#3661=CARTESIAN_POINT('Origin',(0.,-0.294056225603703,-8.));
#3662=CARTESIAN_POINT('',(-1.55412158333686,2.85594377439629,-7.99876315743115));
#3663=CARTESIAN_POINT('',(-1.55804694578589,2.9940562256037,-7.99980680652371));
#3664=CARTESIAN_POINT('',(-1.5555,-0.294056225603703,-7.99999999999999));
#3665=CARTESIAN_POINT('Ctrl Pts',(-1.55412158333686,2.85594377439629,-7.99876315743115));
#3666=CARTESIAN_POINT('Ctrl Pts',(-1.55538294141184,2.8680963706381,-7.82875353610641));
#3667=CARTESIAN_POINT('Ctrl Pts',(-1.45120505603437,2.91735487988229,-7.14115121786133));
#3668=CARTESIAN_POINT('Ctrl Pts',(-0.445059152348997,3.00371930212887,-6.21511884512781));
#3669=CARTESIAN_POINT('Ctrl Pts',(1.26036857436507,3.11503704113603,-6.66009342725363));
#3670=CARTESIAN_POINT('Ctrl Pts',(1.80874600511415,3.22635478014319,-8.33513620379044));
#3671=CARTESIAN_POINT('Ctrl Pts',(0.69664893610197,3.33767251915036,-9.70251545069707));
#3672=CARTESIAN_POINT('Ctrl Pts',(-1.03209865270319,3.44753551723471,-9.5094982277917));
#3673=CARTESIAN_POINT('Ctrl Pts',(-1.55636042619618,3.5202926023167,-8.49520133341008));
#3674=CARTESIAN_POINT('Ctrl Pts',(-1.55796638989432,3.5559437743963,-7.99962490354448));
#3675=CARTESIAN_POINT('Ctrl Pts',(-1.55804694578588,2.9940562256037,-7.99980680652371));
#3676=CARTESIAN_POINT('Ctrl Pts',(-1.55806494211379,2.99479771635951,-7.98950097969129));
#3677=CARTESIAN_POINT('Ctrl Pts',(-1.55329858766394,3.0326451201177,-7.46348482537295));
#3678=CARTESIAN_POINT('Ctrl Pts',(-0.964076899535714,3.10759843687828,-6.43333596898316));
#3679=CARTESIAN_POINT('Ctrl Pts',(0.796059351300839,3.21891617588545,-6.34163632972044));
#3680=CARTESIAN_POINT('Ctrl Pts',(1.82539254346907,3.3302339148926,-7.77235652103561));
#3681=CARTESIAN_POINT('Ctrl Pts',(1.17897001335223,3.44155165389977,-9.41205917675884));
#3682=CARTESIAN_POINT('Ctrl Pts',(-0.549778432480616,3.55286939290692,-9.75545578626282));
#3683=CARTESIAN_POINT('Ctrl Pts',(-1.47528049093262,3.6370375834749,-8.79659317990603));
#3684=CARTESIAN_POINT('Ctrl Pts',(-1.5561854088703,3.6840998610405,-8.14051072159891));
#3685=CARTESIAN_POINT('Ctrl Pts',(-1.55495657492091,3.6940562256037,-8.00141443279849));
#3686=CARTESIAN_POINT('Origin',(0.,-0.294056225603703,-8.));
#3687=CARTESIAN_POINT('',(-1.55349075630707,2.1559437743963,-8.00092118921386));
#3688=CARTESIAN_POINT('',(-1.55437703054464,2.2940562256037,-7.99868655329376));
#3689=CARTESIAN_POINT('',(-1.5555,-0.294056225603703,-7.99999999999999));
#3690=CARTESIAN_POINT('Ctrl Pts',(-1.55349075630707,2.1559437743963,-8.00092118921386));
#3691=CARTESIAN_POINT('Ctrl Pts',(-1.55177251822738,2.17879422595712,-7.68092652632984));
#3692=CARTESIAN_POINT('Ctrl Pts',(-1.29948790978217,2.23875059052032,-6.83881841917282));
#3693=CARTESIAN_POINT('Ctrl Pts',(0.0803713090122131,2.33581286808592,-6.16222611772333));
#3694=CARTESIAN_POINT('Ctrl Pts',(1.58910519868394,2.44713060709308,-7.07338024331233));
#3695=CARTESIAN_POINT('Ctrl Pts',(1.63900096434849,2.55844834610023,-8.83519782356192));
#3696=CARTESIAN_POINT('Ctrl Pts',(0.184252021356785,2.6697660851074,-9.83028107599368));
#3697=CARTESIAN_POINT('Ctrl Pts',(-1.26236338926563,2.76893122787274,-9.21991998705524));
#3698=CARTESIAN_POINT('Ctrl Pts',(-1.55153159622899,2.83099045763571,-8.34784938138291));
#3699=CARTESIAN_POINT('Ctrl Pts',(-1.55412158333686,2.85594377439629,-7.99876315743115));
#3700=CARTESIAN_POINT('Ctrl Pts',(-1.55437703054464,2.2940562256037,-7.99868655329376));
#3701=CARTESIAN_POINT('Ctrl Pts',(-1.55565227075813,2.30549557167853,-7.83872112454775));
#3702=CARTESIAN_POINT('Ctrl Pts',(-1.45927128447158,2.35404083075573,-7.16137388979658));
#3703=CARTESIAN_POINT('Ctrl Pts',(-0.479256065949833,2.43969200283533,-6.22399518173013));
#3704=CARTESIAN_POINT('Ctrl Pts',(1.23440325912402,2.55100974184249,-6.63613448333036));
#3705=CARTESIAN_POINT('Ctrl Pts',(1.81484930309531,2.66232748084965,-8.30033724603325));
#3706=CARTESIAN_POINT('Ctrl Pts',(0.729217689671096,2.77364521985681,-9.68882260884738));
#3707=CARTESIAN_POINT('Ctrl Pts',(-1.01416362032778,2.88422146810816,-9.52800457991647));
#3708=CARTESIAN_POINT('Ctrl Pts',(-1.55716436422723,2.95769180335712,-8.50522839890218));
#3709=CARTESIAN_POINT('Ctrl Pts',(-1.55804694578588,2.9940562256037,-7.99980680652371));
#3710=CARTESIAN_POINT('Origin',(0.,-0.294056225603703,-8.));
#3711=CARTESIAN_POINT('',(-1.55746575090593,1.45594377439629,-8.00095759828683));
#3712=CARTESIAN_POINT('',(-1.55332189993047,1.5940562256037,-8.00079683415108));
#3713=CARTESIAN_POINT('',(-1.5555,-0.294056225603703,-7.99999999999999));
#3714=CARTESIAN_POINT('Ctrl Pts',(-1.55746575090593,1.45594377439629,-8.00095759828683));
#3715=CARTESIAN_POINT('Ctrl Pts',(-1.55436634437029,1.48949208127613,-7.53426251300836));
#3716=CARTESIAN_POINT('Ctrl Pts',(-1.08308237666177,1.56014630115835,-6.54561261526258));
#3717=CARTESIAN_POINT('Ctrl Pts',(0.599196328083368,1.66790643404296,-6.26087294483081));
#3718=CARTESIAN_POINT('Ctrl Pts',(1.78686995304808,1.77922417305012,-7.56298898903942));
#3719=CARTESIAN_POINT('Ctrl Pts',(1.33418625886797,1.89054191205728,-9.26645096104701));
#3720=CARTESIAN_POINT('Ctrl Pts',(-0.343332068435942,2.00185965106444,-9.80719666221857));
#3721=CARTESIAN_POINT('Ctrl Pts',(-1.42600669022181,2.09032693851078,-8.9184813398333));
#3722=CARTESIAN_POINT('Ctrl Pts',(-1.55456269471613,2.14168831295473,-8.20055276175012));
#3723=CARTESIAN_POINT('Ctrl Pts',(-1.55349075630707,2.1559437743963,-8.00092118921386));
#3724=CARTESIAN_POINT('Ctrl Pts',(-1.55332189993047,1.5940562256037,-8.00079683415108));
#3725=CARTESIAN_POINT('Ctrl Pts',(-1.55190970994186,1.61619342699754,-7.69070384202641));
#3726=CARTESIAN_POINT('Ctrl Pts',(-1.31151329451266,1.67543654139376,-6.85880856235271));
#3727=CARTESIAN_POINT('Ctrl Pts',(0.0450658730682359,1.77178556879237,-6.16103072648564));
#3728=CARTESIAN_POINT('Ctrl Pts',(1.571014501391,1.88310330779953,-7.04302681749954));
#3729=CARTESIAN_POINT('Ctrl Pts',(1.65474035715734,1.99442104680669,-8.80356930239747));
#3730=CARTESIAN_POINT('Ctrl Pts',(0.219368391228721,2.10573878581385,-9.82640406863789));
#3731=CARTESIAN_POINT('Ctrl Pts',(-1.24918916515827,2.20561717874619,-9.23975031000654));
#3732=CARTESIAN_POINT('Ctrl Pts',(-1.55151576224537,2.26838965867614,-8.35760247000362));
#3733=CARTESIAN_POINT('Ctrl Pts',(-1.55437703054464,2.2940562256037,-7.99868655329376));
#3734=CARTESIAN_POINT('Origin',(-2.99146024107156,0.,-7.));
#3735=CARTESIAN_POINT('',(-2.29128784747792,0.5,-7.));
#3736=CARTESIAN_POINT('',(-2.29128784747792,0.,-7.));
#3737=CARTESIAN_POINT('',(-2.29128784747792,0.,-7.));
#3738=CARTESIAN_POINT('',(2.29128784747792,0.5,-7.));
#3739=CARTESIAN_POINT('',(-2.99146024107156,0.5,-7.));
#3740=CARTESIAN_POINT('',(2.29128784747792,0.,-7.));
#3741=CARTESIAN_POINT('',(2.29128784747792,0.,-7.));
#3742=CARTESIAN_POINT('',(-1.49573012053578,0.,-7.));
#3743=CARTESIAN_POINT('Origin',(2.99146024107156,0.,-9.));
#3744=CARTESIAN_POINT('',(-2.29128784747792,0.,-9.));
#3745=CARTESIAN_POINT('',(-2.29128784747792,0.5,-9.));
#3746=CARTESIAN_POINT('',(-2.29128784747792,0.,-9.));
#3747=CARTESIAN_POINT('',(2.29128784747792,0.,-9.));
#3748=CARTESIAN_POINT('',(1.49573012053578,0.,-9.));
#3749=CARTESIAN_POINT('',(2.29128784747792,0.5,-9.));
#3750=CARTESIAN_POINT('',(2.29128784747792,0.,-9.));
#3751=CARTESIAN_POINT('',(2.99146024107156,0.5,-9.));
#3752=CARTESIAN_POINT('Origin',(0.,0.5,-8.));
#3753=CARTESIAN_POINT('',(-2.5,0.5,-8.));
#3754=CARTESIAN_POINT('Origin',(0.,0.5,-8.));
#3755=CARTESIAN_POINT('Origin',(0.,0.5,-8.));
#3756=CARTESIAN_POINT('Origin',(0.,0.5,-8.));
#3757=CARTESIAN_POINT('Origin',(0.,0.,-8.));
#3758=CARTESIAN_POINT('Origin',(0.,0.,-8.));
#3759=CARTESIAN_POINT('Origin',(0.,0.,-8.));
#3760=CARTESIAN_POINT('Origin',(0.,0.,-8.));
#3761=CARTESIAN_POINT('Ctrl Pts',(-0.685825729128712,0.769925917727934,
-9.39614588036676));
#3762=CARTESIAN_POINT('Ctrl Pts',(-1.15082872350739,0.807031830730321,-9.16772346251526));
#3763=CARTESIAN_POINT('Ctrl Pts',(-1.8264765247254,0.881243656735093,-8.2135092920875));
#3764=CARTESIAN_POINT('Ctrl Pts',(-1.16658186359766,0.992561395742254,-6.57614852591146));
#3765=CARTESIAN_POINT('Ctrl Pts',(0.56590159654207,1.10387913474941,-6.25019304439042));
#3766=CARTESIAN_POINT('Ctrl Pts',(1.77803638494108,1.21519687375657,-7.52849061039977));
#3767=CARTESIAN_POINT('Ctrl Pts',(1.3583207280059,1.32651461276373,-9.24072977789891));
#3768=CARTESIAN_POINT('Ctrl Pts',(-0.308591193154917,1.43783235177089,-9.81338757053038));
#3769=CARTESIAN_POINT('Ctrl Pts',(-1.69209294192995,1.54915009077805,-8.72159943823873));
#3770=CARTESIAN_POINT('Ctrl Pts',(-1.52227040210314,1.66046782978521,-6.96721479616679));
#3771=CARTESIAN_POINT('Ctrl Pts',(0.0450658730682359,1.77178556879237,-6.16103072648564));
#3772=CARTESIAN_POINT('Ctrl Pts',(1.571014501391,1.88310330779953,-7.04302681749954));
#3773=CARTESIAN_POINT('Ctrl Pts',(1.65474035715734,1.99442104680669,-8.80356930239747));
#3774=CARTESIAN_POINT('Ctrl Pts',(0.219368391228721,2.10573878581385,-9.82640406863789));
#3775=CARTESIAN_POINT('Ctrl Pts',(-1.41738708690183,2.21705652482101,-9.17255924721456));
#3776=CARTESIAN_POINT('Ctrl Pts',(-1.75294649737871,2.32837426382817,-7.44227247837285));
#3777=CARTESIAN_POINT('Ctrl Pts',(-0.479256065949833,2.43969200283533,-6.22399518173013));
#3778=CARTESIAN_POINT('Ctrl Pts',(1.23440325912402,2.55100974184249,-6.63613448333036));
#3779=CARTESIAN_POINT('Ctrl Pts',(1.81484930309531,2.66232748084965,-8.30033724603325));
#3780=CARTESIAN_POINT('Ctrl Pts',(0.729217689671096,2.77364521985681,-9.68882260884738));
#3781=CARTESIAN_POINT('Ctrl Pts',(-1.0258542061964,2.88496295886397,-9.52692618303011));
#3782=CARTESIAN_POINT('Ctrl Pts',(-1.83916594070422,2.99628069787113,-7.96327282154992));
#3783=CARTESIAN_POINT('Ctrl Pts',(-0.964076899535714,3.10759843687828,-6.43333596898316));
#3784=CARTESIAN_POINT('Ctrl Pts',(0.796059351300839,3.21891617588545,-6.34163632972044));
#3785=CARTESIAN_POINT('Ctrl Pts',(1.82539254346907,3.3302339148926,-7.77235652103561));
#3786=CARTESIAN_POINT('Ctrl Pts',(1.17897001335223,3.44155165389977,-9.41205917675884));
#3787=CARTESIAN_POINT('Ctrl Pts',(-0.549778432480616,3.55286939290692,-9.75545578626282));
#3788=CARTESIAN_POINT('Ctrl Pts',(-1.77381325962996,3.66418713191408,-8.48729953105687));
#3789=CARTESIAN_POINT('Ctrl Pts',(-1.36944861968002,3.77550487092124,-6.77179002144696));
#3790=CARTESIAN_POINT('Ctrl Pts',(0.292116098719524,3.8868226099284,-6.18380826439642));
#3791=CARTESIAN_POINT('Ctrl Pts',(1.68548845808933,3.99814034893557,-7.26313666158983));
#3792=CARTESIAN_POINT('Ctrl Pts',(1.53158301017222,4.10945808794272,-9.01892391145162));
#3793=CARTESIAN_POINT('Ctrl Pts',(-0.0284379718028588,4.22077582694989,
-9.8393138816296));
#3794=CARTESIAN_POINT('Ctrl Pts',(-1.56219071374898,4.33209356595704,-8.97116588661425));
#3795=CARTESIAN_POINT('Ctrl Pts',(-1.66212481880477,4.44341130496421,-7.21146549307668));
#3796=CARTESIAN_POINT('Ctrl Pts',(-0.235583320815237,4.55472904397136,-6.1756549148779));
#3797=CARTESIAN_POINT('Ctrl Pts',(1.40606273053849,4.66604678297852,-6.8146491672677));
#3798=CARTESIAN_POINT('Ctrl Pts',(1.75918105036529,4.77736452198568,-8.5418009752435));
#3799=CARTESIAN_POINT('Ctrl Pts',(0.49275129257143,4.88868226099284,-9.77166556574593));
#3800=CARTESIAN_POINT('Ctrl Pts',(-0.646062077854332,4.96289408699761,-9.50684724750613));
#3801=CARTESIAN_POINT('Ctrl Pts',(-1.03331015022962,5.,-9.16269100943993));
#3802=CARTESIAN_POINT('Ctrl Pts',(-0.744392439309316,0.84661727848529,-9.51537102412035));
#3803=CARTESIAN_POINT('Ctrl Pts',(-1.24910478614913,0.883723191487676,-9.26744226671805));
#3804=CARTESIAN_POINT('Ctrl Pts',(-1.98245014416246,0.95793501749245,-8.23174211173755));
#3805=CARTESIAN_POINT('Ctrl Pts',(-1.26620317992546,1.06925275649961,-6.4545574378531));
#3806=CARTESIAN_POINT('Ctrl Pts',(0.614227276649646,1.18057049550677,-6.10076669234705));
#3807=CARTESIAN_POINT('Ctrl Pts',(1.92987341470622,1.29188823451393,-7.48822563841741));
#3808=CARTESIAN_POINT('Ctrl Pts',(1.47431575856635,1.40320597352109,-9.34668302262039));
#3809=CARTESIAN_POINT('Ctrl Pts',(-0.334943617985567,1.51452371252825,-9.96824344685231));
#3810=CARTESIAN_POINT('Ctrl Pts',(-1.83659075342874,1.62584145153541,-8.78322107675542));
#3811=CARTESIAN_POINT('Ctrl Pts',(-1.65226606378493,1.73715919054257,-6.87901916695271));
#3812=CARTESIAN_POINT('Ctrl Pts',(0.0489143141734937,1.84847692954972,-6.00399027743486));
#3813=CARTESIAN_POINT('Ctrl Pts',(1.70517270964222,1.95979466855689,-6.96130522460842));
#3814=CARTESIAN_POINT('Ctrl Pts',(1.7960484108008,2.07111240756405,-8.87219083181038));
#3815=CARTESIAN_POINT('Ctrl Pts',(0.238101553964102,2.1824301465712,-9.98237150062164));
#3816=CARTESIAN_POINT('Ctrl Pts',(-1.53842614275319,2.29374788557836,-9.27269100763779));
#3817=CARTESIAN_POINT('Ctrl Pts',(-1.90264095343901,2.40506562458552,-7.39464483080648));
#3818=CARTESIAN_POINT('Ctrl Pts',(-0.520182572385281,2.51638336359268,-6.07233163944351));
#3819=CARTESIAN_POINT('Ctrl Pts',(1.33981624503657,2.62770110259984,-6.51966595051285));
#3820=CARTESIAN_POINT('Ctrl Pts',(1.96983000539542,2.739018841607,-8.32598481756314));
#3821=CARTESIAN_POINT('Ctrl Pts',(0.791489895678582,2.85033658061416,-9.83304114728641));
#3822=CARTESIAN_POINT('Ctrl Pts',(-1.11345795658089,2.96165431962132,-9.65731942934693));
#3823=CARTESIAN_POINT('Ctrl Pts',(-1.99622318432806,3.07297205862848,-7.96013647083476));
#3824=CARTESIAN_POINT('Ctrl Pts',(-1.04640512078611,3.18428979763564,-6.2995492730954));
#3825=CARTESIAN_POINT('Ctrl Pts',(0.864039561628361,3.2956075366428,-6.20001885996659));
#3826=CARTESIAN_POINT('Ctrl Pts',(1.98127359534359,3.40692527564996,-7.75291669967755));
#3827=CARTESIAN_POINT('Ctrl Pts',(1.27964922696434,3.51824301465712,-9.53264325089115));
#3828=CARTESIAN_POINT('Ctrl Pts',(-0.596727260369511,3.62956075366427,-9.90536452532329));
#3829=CARTESIAN_POINT('Ctrl Pts',(-1.92528965177879,3.74087849267144,-8.52891291649053));
#3830=CARTESIAN_POINT('Ctrl Pts',(-1.48639392664294,3.8521962316786,-6.66690591634605));
#3831=CARTESIAN_POINT('Ctrl Pts',(0.317061617918009,3.96351397068576,-6.02871292385467));
#3832=CARTESIAN_POINT('Ctrl Pts',(1.8294222737003,4.07483170969291,-7.20021154847371));
#3833=CARTESIAN_POINT('Ctrl Pts',(1.66237393046658,4.18614944870009,-9.10593584303063));
#3834=CARTESIAN_POINT('Ctrl Pts',(-0.0308664581981103,4.29746718770723,
-9.99638375880294));
#3835=CARTESIAN_POINT('Ctrl Pts',(-1.69559540665136,4.4087849267144,-9.05409947834591));
#3836=CARTESIAN_POINT('Ctrl Pts',(-1.8040634752483,4.52010266572155,-7.1441278736598));
#3837=CARTESIAN_POINT('Ctrl Pts',(-0.255701172169544,4.63142040472872,-6.01986331165895));
#3838=CARTESIAN_POINT('Ctrl Pts',(1.52613473270705,4.74273814373587,-6.71342505779727));
#3839=CARTESIAN_POINT('Ctrl Pts',(1.9094079117326,4.85405588274304,-8.58806856093609));
#3840=CARTESIAN_POINT('Ctrl Pts',(0.534830236124354,4.96537362175019,-9.9229585536276));
#3841=CARTESIAN_POINT('Ctrl Pts',(-0.701233134968861,5.03958544775497,-9.63552583491237));
#3842=CARTESIAN_POINT('Ctrl Pts',(-1.12155060771735,5.07669136075735,-9.26198006274793));
#3843=CARTESIAN_POINT('Ctrl Pts',(-0.80295914948992,0.923308639242645,-9.63459616787395));
#3844=CARTESIAN_POINT('Ctrl Pts',(-1.34738084879087,0.960414552245031,-9.36716107092084));
#3845=CARTESIAN_POINT('Ctrl Pts',(-2.13842376359953,1.0346263782498,-8.24997493138757));
#3846=CARTESIAN_POINT('Ctrl Pts',(-1.36582449625326,1.14594411725696,-6.33296634979475));
#3847=CARTESIAN_POINT('Ctrl Pts',(0.662552956757225,1.25726185626412,-5.95134034030367));
#3848=CARTESIAN_POINT('Ctrl Pts',(2.08171044447136,1.36857959527128,-7.44796066643504));
#3849=CARTESIAN_POINT('Ctrl Pts',(1.59031078912681,1.47989733427844,-9.45263626734185));
#3850=CARTESIAN_POINT('Ctrl Pts',(-0.361296042816216,1.5912150732856,-10.1230993231743));
#3851=CARTESIAN_POINT('Ctrl Pts',(-1.98108856492752,1.70253281229276,-8.84484271527211));
#3852=CARTESIAN_POINT('Ctrl Pts',(-1.78226172546673,1.81385055129992,-6.79082353773862));
#3853=CARTESIAN_POINT('Ctrl Pts',(0.0527627552787519,1.92516829030708,-5.84694982838408));
#3854=CARTESIAN_POINT('Ctrl Pts',(1.83933091789344,2.03648602931424,-6.87958363171729));
#3855=CARTESIAN_POINT('Ctrl Pts',(1.93735646444426,2.1478037683214,-8.94081236122331));
#3856=CARTESIAN_POINT('Ctrl Pts',(0.256834716699482,2.25912150732856,-10.1383389326054));
#3857=CARTESIAN_POINT('Ctrl Pts',(-1.65946519860455,2.37043924633572,-9.37282276806103));
#3858=CARTESIAN_POINT('Ctrl Pts',(-2.05233540949931,2.48175698534288,-7.34701718324011));
#3859=CARTESIAN_POINT('Ctrl Pts',(-0.561109078820728,2.59307472435004,-5.92066809715688));
#3860=CARTESIAN_POINT('Ctrl Pts',(1.44522923094912,2.7043924633572,-6.40319741769535));
#3861=CARTESIAN_POINT('Ctrl Pts',(2.12481070769553,2.81571020236436,-8.35163238909303));
#3862=CARTESIAN_POINT('Ctrl Pts',(0.853762101686069,2.92702794137152,-9.97725968572542));
#3863=CARTESIAN_POINT('Ctrl Pts',(-1.20106170696539,3.03834568037868,-9.78771267566377));
#3864=CARTESIAN_POINT('Ctrl Pts',(-2.15328042795189,3.14966341938584,-7.95700012011959));
#3865=CARTESIAN_POINT('Ctrl Pts',(-1.12873334203651,3.260981158393,-6.16576257720764));
#3866=CARTESIAN_POINT('Ctrl Pts',(0.932019771955883,3.37229889740016,-6.05840139021274));
#3867=CARTESIAN_POINT('Ctrl Pts',(2.1371546472181,3.48361663640732,-7.73347687831949));
#3868=CARTESIAN_POINT('Ctrl Pts',(1.38032844057644,3.59493437541448,-9.65322732502347));
#3869=CARTESIAN_POINT('Ctrl Pts',(-0.643676088258404,3.70625211442163,-10.0552732643838));
#3870=CARTESIAN_POINT('Ctrl Pts',(-2.07676604392763,3.8175698534288,-8.5705263019242));
#3871=CARTESIAN_POINT('Ctrl Pts',(-1.60333923360587,3.92888759243595,-6.56202181124513));
#3872=CARTESIAN_POINT('Ctrl Pts',(0.342007137116493,4.04020533144312,-5.87361758331294));
#3873=CARTESIAN_POINT('Ctrl Pts',(1.97335608931128,4.15152307045027,-7.13728643535756));
#3874=CARTESIAN_POINT('Ctrl Pts',(1.79316485076094,4.26284080945744,-9.19294777460964));
#3875=CARTESIAN_POINT('Ctrl Pts',(-0.0332949445933609,4.37415854846459,
-10.1534536359763));
#3876=CARTESIAN_POINT('Ctrl Pts',(-1.82900009955375,4.48547628747175,-9.13703307007756));
#3877=CARTESIAN_POINT('Ctrl Pts',(-1.94600213169182,4.59679402647891,-7.0767902542429));
#3878=CARTESIAN_POINT('Ctrl Pts',(-0.27581902352385,4.70811176548607,-5.86407170844002));
#3879=CARTESIAN_POINT('Ctrl Pts',(1.64620673487561,4.81942950449323,-6.61220094832681));
#3880=CARTESIAN_POINT('Ctrl Pts',(2.05963477309992,4.93074724350039,-8.63433614662871));
#3881=CARTESIAN_POINT('Ctrl Pts',(0.576909179677278,5.04206498250755,-10.0742515415092));
#3882=CARTESIAN_POINT('Ctrl Pts',(-0.75640419208339,5.11627680851232,-9.7642044223186));
#3883=CARTESIAN_POINT('Ctrl Pts',(-1.20979106520509,5.15338272151471,-9.36126911605594));
#3884=CARTESIAN_POINT('Ctrl Pts',(-0.861525859670525,1.,-9.75382131162755));
#3885=CARTESIAN_POINT('Ctrl Pts',(-1.44565691143262,1.03710591300239,-9.46687987512363));
#3886=CARTESIAN_POINT('Ctrl Pts',(-2.2943973830366,1.11131773900716,-8.26820775103761));
#3887=CARTESIAN_POINT('Ctrl Pts',(-1.46544581258105,1.22263547801432,-6.2113752617364));
#3888=CARTESIAN_POINT('Ctrl Pts',(0.710878636864802,1.33395321702148,-5.8019139882603));
#3889=CARTESIAN_POINT('Ctrl Pts',(2.2335474742365,1.44527095602864,-7.40769569445267));
#3890=CARTESIAN_POINT('Ctrl Pts',(1.70630581968726,1.5565886950358,-9.55858951206331));
#3891=CARTESIAN_POINT('Ctrl Pts',(-0.387648467646866,1.66790643404296,-10.2779551994962));
#3892=CARTESIAN_POINT('Ctrl Pts',(-2.12558637642631,1.77922417305012,-8.9064643537888));
#3893=CARTESIAN_POINT('Ctrl Pts',(-1.91225738714852,1.89054191205728,-6.70262790852454));
#3894=CARTESIAN_POINT('Ctrl Pts',(0.0566111963840096,2.00185965106444,-5.68990937933329));
#3895=CARTESIAN_POINT('Ctrl Pts',(1.97348912614466,2.1131773900716,-6.79786203882616));
#3896=CARTESIAN_POINT('Ctrl Pts',(2.07866451808772,2.22449512907876,-9.00943389063624));
#3897=CARTESIAN_POINT('Ctrl Pts',(0.275567879434862,2.33581286808591,-10.2943063645891));
#3898=CARTESIAN_POINT('Ctrl Pts',(-1.78050425445591,2.44713060709308,-9.47295452848426));
#3899=CARTESIAN_POINT('Ctrl Pts',(-2.20202986555962,2.55844834610023,-7.29938953567376));
#3900=CARTESIAN_POINT('Ctrl Pts',(-0.602035585256176,2.66976608510739,-5.76900455487025));
#3901=CARTESIAN_POINT('Ctrl Pts',(1.55064221686168,2.78108382411455,-6.28672888487786));
#3902=CARTESIAN_POINT('Ctrl Pts',(2.27979140999565,2.89240156312171,-8.37727996062292));
#3903=CARTESIAN_POINT('Ctrl Pts',(0.916034307693556,3.00371930212887,-10.1214782241644));
#3904=CARTESIAN_POINT('Ctrl Pts',(-1.28866545734989,3.11503704113603,-9.91810592198058));
#3905=CARTESIAN_POINT('Ctrl Pts',(-2.31033767157573,3.22635478014319,-7.95386376940443));
#3906=CARTESIAN_POINT('Ctrl Pts',(-1.21106156328691,3.33767251915035,-6.03197588131987));
#3907=CARTESIAN_POINT('Ctrl Pts',(0.999999982283405,3.44899025815751,-5.91678392045887));
#3908=CARTESIAN_POINT('Ctrl Pts',(2.29303569909262,3.56030799716467,-7.71403705696146));
#3909=CARTESIAN_POINT('Ctrl Pts',(1.48100765418854,3.67162573617183,-9.77381139915576));
#3910=CARTESIAN_POINT('Ctrl Pts',(-0.690624916147297,3.78294347517899,-10.2051820034442));
#3911=CARTESIAN_POINT('Ctrl Pts',(-2.22824243607646,3.89426121418615,-8.61213968735785));
#3912=CARTESIAN_POINT('Ctrl Pts',(-1.7202845405688,4.00557895319331,-6.45713770614423));
#3913=CARTESIAN_POINT('Ctrl Pts',(0.366952656314979,4.11689669220047,-5.7185222427712));
#3914=CARTESIAN_POINT('Ctrl Pts',(2.11728990492225,4.22821443120762,-7.07436132224143));
#3915=CARTESIAN_POINT('Ctrl Pts',(1.9239557710553,4.33953217021479,-9.27995970618866));
#3916=CARTESIAN_POINT('Ctrl Pts',(-0.0357234309886107,4.45084990922195,
-10.3105235131496));
#3917=CARTESIAN_POINT('Ctrl Pts',(-1.96240479245613,4.56216764822911,-9.21996666180923));
#3918=CARTESIAN_POINT('Ctrl Pts',(-2.08794078813534,4.67348538723627,-7.00945263482601));
#3919=CARTESIAN_POINT('Ctrl Pts',(-0.295936874878157,4.78480312624343,-5.70828010522108));
#3920=CARTESIAN_POINT('Ctrl Pts',(1.76627873704417,4.89612086525058,-6.51097683885639));
#3921=CARTESIAN_POINT('Ctrl Pts',(2.20986163446723,5.00743860425775,-8.68060373232129));
#3922=CARTESIAN_POINT('Ctrl Pts',(0.6189881232302,5.11875634326491,-10.2255445293909));
#3923=CARTESIAN_POINT('Ctrl Pts',(-0.811575249197918,5.19296816926968,-9.89288300972484));
#3924=CARTESIAN_POINT('Ctrl Pts',(-1.29803152269282,5.23007408227207,-9.46055816936395));
#3925=CARTESIAN_POINT('',(1.90155688860643,5.,-8.4496636514034));
#3926=CARTESIAN_POINT('Ctrl Pts',(1.9045967781468,5.,-8.45108411679869));
#3927=CARTESIAN_POINT('Ctrl Pts',(1.89066402349638,5.,-8.49222408831914));
#3928=CARTESIAN_POINT('Ctrl Pts',(1.8752873120476,5.,-8.5327824135162));
#3929=CARTESIAN_POINT('Ctrl Pts',(1.85845021475748,5.,-8.57268819941944));
#3930=CARTESIAN_POINT('Ctrl Pts',(1.83095164848429,5.,-8.63786284796104));
#3931=CARTESIAN_POINT('Ctrl Pts',(1.7995598021164,5.,-8.70129869088123));
#3932=CARTESIAN_POINT('Ctrl Pts',(1.76457561974274,5.,-8.76278930077051));
#3933=CARTESIAN_POINT('Ctrl Pts',(1.72719119171971,5.,-8.82849874782703));
#3934=CARTESIAN_POINT('Ctrl Pts',(1.6857038969658,5.,-8.89198811418447));
#3935=CARTESIAN_POINT('Ctrl Pts',(1.64043635348138,5.,-8.95296104363402));
#3936=CARTESIAN_POINT('Ctrl Pts',(1.62124016034197,5.,-8.97881727615505));
#3937=CARTESIAN_POINT('Ctrl Pts',(1.60136371490908,5.,-9.0042203493401));
#3938=CARTESIAN_POINT('Ctrl Pts',(1.58082994917829,5.,-9.02914462454202));
#3939=CARTESIAN_POINT('Ctrl Pts',(1.56764824020145,5.,-9.04514483348946));
#3940=CARTESIAN_POINT('Ctrl Pts',(1.55419563003707,5.,-9.06094768972875));
#3941=CARTESIAN_POINT('Ctrl Pts',(1.54047804161079,5.,-9.07654596971324));
#3942=CARTESIAN_POINT('Ctrl Pts',(1.53239937032375,5.,-9.08573223283194));
#3943=CARTESIAN_POINT('Ctrl Pts',(1.52422816903603,5.,-9.09484808823495));
#3944=CARTESIAN_POINT('Ctrl Pts',(1.51597686979963,5.,-9.10388009181552));
#3945=CARTESIAN_POINT('Ctrl Pts',(1.46845321152614,5.,-9.15590024517444));
#3946=CARTESIAN_POINT('Ctrl Pts',(1.41819107471436,5.,-9.20523937616777));
#3947=CARTESIAN_POINT('Ctrl Pts',(1.36547468827962,5.,-9.25168628551175));
#3948=CARTESIAN_POINT('Ctrl Pts',(1.31308748675143,5.,-9.29784315939341));
#3949=CARTESIAN_POINT('Ctrl Pts',(1.25827561932818,5.,-9.34114434075819));
#3950=CARTESIAN_POINT('Ctrl Pts',(1.20129345169788,5.,-9.38133791143467));
#3951=CARTESIAN_POINT('Ctrl Pts',(1.14667925471145,5.,-9.4198611842023));
#3952=CARTESIAN_POINT('Ctrl Pts',(1.09007053978967,5.,-9.45552990711202));
#3953=CARTESIAN_POINT('Ctrl Pts',(1.03168192051919,5.,-9.48807679335806));
#3954=CARTESIAN_POINT('Ctrl Pts',(1.0150368261009,5.,-9.49735507397773));
#3955=CARTESIAN_POINT('Ctrl Pts',(0.998247065363455,5.,-9.50637935069405));
#3956=CARTESIAN_POINT('Ctrl Pts',(0.981317604069563,5.,-9.51514268960748));
#3957=CARTESIAN_POINT('Ctrl Pts',(0.969515580573504,5.,-9.52125186992721));
#3958=CARTESIAN_POINT('Ctrl Pts',(0.957644368295207,5.,-9.52723473387571));
#3959=CARTESIAN_POINT('Ctrl Pts',(0.945724159662568,5.,-9.5330801550757));
#3960=CARTESIAN_POINT('Ctrl Pts',(0.885531351853334,5.,-9.56259745009114));
#3961=CARTESIAN_POINT('Ctrl Pts',(0.823983827960692,5.,-9.58867051533098));
#3962=CARTESIAN_POINT('Ctrl Pts',(0.761315784808756,5.,-9.61107798992374));
#3963=CARTESIAN_POINT('Ctrl Pts',(0.700518197997584,5.,-9.63281666745782));
#3964=CARTESIAN_POINT('Ctrl Pts',(0.638665195235497,5.,-9.65110546845739));
#3965=CARTESIAN_POINT('Ctrl Pts',(0.575965263735662,5.,-9.66569409506372));
#3966=CARTESIAN_POINT('Ctrl Pts',(0.54124803754872,5.,-9.67377188139511));
#3967=CARTESIAN_POINT('Ctrl Pts',(0.5062711242079,5.,-9.68071436086399));
#3968=CARTESIAN_POINT('Ctrl Pts',(0.471070459433776,5.,-9.6864721129505));
#3969=CARTESIAN_POINT('Ctrl Pts',(0.437120952955464,5.,-9.69202521380857));
#3970=CARTESIAN_POINT('Ctrl Pts',(0.402963263644394,5.,-9.69647617993009));
#3971=CARTESIAN_POINT('Ctrl Pts',(0.368644525841848,5.,-9.69983413159793));
#3972=CARTESIAN_POINT('Ctrl Pts',(0.351017251956482,5.,-9.70155889006904));
#3973=CARTESIAN_POINT('Ctrl Pts',(0.333347513493867,5.,-9.70299523644247));
#3974=CARTESIAN_POINT('Ctrl Pts',(0.315641872300118,5.,-9.70414408288688));
#3975=CARTESIAN_POINT('Ctrl Pts',(0.304750321755659,5.,-9.70485079093434));
#3976=CARTESIAN_POINT('Ctrl Pts',(0.293854825572152,5.,-9.70544807382874));
#3977=CARTESIAN_POINT('Ctrl Pts',(0.282957707392961,5.,-9.70593666318348));
#3978=CARTESIAN_POINT('Ctrl Pts',(0.217808167980487,5.,-9.708857744785));
#3979=CARTESIAN_POINT('Ctrl Pts',(0.152589831141844,5.,-9.70789877344162));
#3980=CARTESIAN_POINT('Ctrl Pts',(0.0876154072858642,5.,-9.70319582320983));
#3981=CARTESIAN_POINT('Ctrl Pts',(0.0224833550648645,5.,-9.69848146359089));
#3982=CARTESIAN_POINT('Ctrl Pts',(-0.0424046495744167,5.,-9.69000443503144));
#3983=CARTESIAN_POINT('Ctrl Pts',(-0.106717830620146,5.,-9.67785185620218));
#3984=CARTESIAN_POINT('Ctrl Pts',(-0.150819068693141,5.,-9.66951851358974));
#3985=CARTESIAN_POINT('Ctrl Pts',(-0.194649680330509,5.,-9.65945581608762));
#3986=CARTESIAN_POINT('Ctrl Pts',(-0.238094907297322,5.,-9.6476801637007));
#3987=CARTESIAN_POINT('Ctrl Pts',(-0.263704317732852,5.,-9.6407388369733));
#3988=CARTESIAN_POINT('Ctrl Pts',(-0.289179677204607,5.,-9.63320214195154));
#3989=CARTESIAN_POINT('Ctrl Pts',(-0.314496029046822,5.,-9.62507207871089));
#3990=CARTESIAN_POINT('Ctrl Pts',(-0.326783816112278,5.,-9.6211259933289));
#3991=CARTESIAN_POINT('Ctrl Pts',(-0.339035979810082,5.,-9.61703937235218));
#3992=CARTESIAN_POINT('Ctrl Pts',(-0.351233050099857,5.,-9.6128183553689));
#3993=CARTESIAN_POINT('Ctrl Pts',(-0.411534411758681,5.,-9.59194997750195));
#3994=CARTESIAN_POINT('Ctrl Pts',(-0.470577552372345,5.,-9.56777365688426));
#3995=CARTESIAN_POINT('Ctrl Pts',(-0.528042399007055,5.,-9.54036648023391));
#3996=CARTESIAN_POINT('Ctrl Pts',(-0.575878440005321,5.,-9.51755164816403));
#3997=CARTESIAN_POINT('Ctrl Pts',(-0.622620600785425,5.,-9.49249704024985));
#3998=CARTESIAN_POINT('Ctrl Pts',(-0.668063819779892,5.,-9.46522743582139));
#3999=CARTESIAN_POINT('Ctrl Pts',(-0.68269797681263,5.,-9.45644575876908));
#4000=CARTESIAN_POINT('Ctrl Pts',(-0.697197258414221,5.,-9.44743425243122));
#4001=CARTESIAN_POINT('Ctrl Pts',(-0.711554302551794,5.,-9.43819340713783));
#4002=CARTESIAN_POINT('Ctrl Pts',(-0.721408405696183,5.,-9.43185085906249));
#4003=CARTESIAN_POINT('Ctrl Pts',(-0.73119360523739,5.,-9.42540140991821));
#4004=CARTESIAN_POINT('Ctrl Pts',(-0.740900400763741,5.,-9.4188503368189));
#4005=CARTESIAN_POINT('Ctrl Pts',(-0.791451873289604,5.,-9.38473337299745));
#4006=CARTESIAN_POINT('Ctrl Pts',(-0.839938108138249,5.,-9.34782575081793));
#4007=CARTESIAN_POINT('Ctrl Pts',(-0.886051064244112,5.,-9.30817758937043));
#4008=CARTESIAN_POINT('Ctrl Pts',(-0.930801688429763,5.,-9.26970076805114));
#4009=CARTESIAN_POINT('Ctrl Pts',(-0.973317665973968,5.,-9.22864239610418));
#4010=CARTESIAN_POINT('Ctrl Pts',(-1.01327493703233,5.,-9.18502329760489));
#4011=CARTESIAN_POINT('Ctrl Pts',(-1.02002708490901,5.,-9.17765235871157));
#4012=CARTESIAN_POINT('Ctrl Pts',(-1.02670605690516,5.,-9.17020824799044));
#4013=CARTESIAN_POINT('Ctrl Pts',(-1.03331015022962,5.,-9.16269100943993));
#4014=CARTESIAN_POINT('Ctrl Pts',(-1.95100041045046,4.62413030787577,-7.99940022352806));
#4015=CARTESIAN_POINT('Ctrl Pts',(-1.9518143962923,4.64058200099593,-7.70979586866107));
#4016=CARTESIAN_POINT('Ctrl Pts',(-1.89149478296545,4.6570336941161,-7.42050633062778));
#4017=CARTESIAN_POINT('Ctrl Pts',(-1.76835080331261,4.67348538723627,-7.16100955105572));
#4018=CARTESIAN_POINT('Ctrl Pts',(-1.49060615038295,4.71059130023865,-6.57572845829103));
#4019=CARTESIAN_POINT('Ctrl Pts',(-0.893271512630544,4.74769721324104,-6.14200428175605));
#4020=CARTESIAN_POINT('Ctrl Pts',(-0.250901591767287,4.78480312624343,-6.05892498242778));
#4021=CARTESIAN_POINT('Ctrl Pts',(0.391468329095957,4.82190903924581,-5.97584568309952));
#4022=CARTESIAN_POINT('Ctrl Pts',(1.07887353307005,4.8590149522482,-6.24341126097795));
#4023=CARTESIAN_POINT('Ctrl Pts',(1.49650661796095,4.89612086525058,-6.73879853216131));
#4024=CARTESIAN_POINT('Ctrl Pts',(1.88623213599726,4.93074724350039,-7.20108245523931));
#4025=CARTESIAN_POINT('Ctrl Pts',(2.04103496840318,4.9653736217502,-7.86175783632987));
#4026=CARTESIAN_POINT('Ctrl Pts',(1.90459677814679,5.,-8.45108411679872));
#4027=CARTESIAN_POINT('',(-0.903606778650207,1.,-6.73387400327716));
#4028=CARTESIAN_POINT('Ctrl Pts',(-0.905568402294878,1.,-6.7320610615316));
#4029=CARTESIAN_POINT('Ctrl Pts',(-0.936381870653262,1.,-6.74854070888605));
#4030=CARTESIAN_POINT('Ctrl Pts',(-0.966546613034785,1.,-6.76610217215166));
#4031=CARTESIAN_POINT('Ctrl Pts',(-0.995999047091014,1.,-6.784732835206));
#4032=CARTESIAN_POINT('Ctrl Pts',(-1.04609160322988,1.,-6.81641977602631));
#4033=CARTESIAN_POINT('Ctrl Pts',(-1.09412492426331,1.,-6.85119658597833));
#4034=CARTESIAN_POINT('Ctrl Pts',(-1.14002039156173,1.,-6.88874228425706));
#4035=CARTESIAN_POINT('Ctrl Pts',(-1.16570843831612,1.,-6.90975690094107));
#4036=CARTESIAN_POINT('Ctrl Pts',(-1.19072649899657,1.,-6.93163986797637));
#4037=CARTESIAN_POINT('Ctrl Pts',(-1.21505825549641,1.,-6.9543413139071));
#4038=CARTESIAN_POINT('Ctrl Pts',(-1.22455295599464,1.,-6.96319983712923));
#4039=CARTESIAN_POINT('Ctrl Pts',(-1.23394473214653,1.,-6.97218461387751));
#4040=CARTESIAN_POINT('Ctrl Pts',(-1.24322731036419,1.,-6.98128771925311));
#4041=CARTESIAN_POINT('Ctrl Pts',(-1.28760081359862,1.,-7.02480328856539));
#4042=CARTESIAN_POINT('Ctrl Pts',(-1.32939222310737,1.,-7.07093013995962));
#4043=CARTESIAN_POINT('Ctrl Pts',(-1.36851556431368,1.,-7.11931652586829));
#4044=CARTESIAN_POINT('Ctrl Pts',(-1.39921242000634,1.,-7.15728132795138));
#4045=CARTESIAN_POINT('Ctrl Pts',(-1.4282665309483,1.,-7.19663839560699));
#4046=CARTESIAN_POINT('Ctrl Pts',(-1.4556261392248,1.,-7.23723775581165));
#4047=CARTESIAN_POINT('Ctrl Pts',(-1.47039261940446,1.,-7.2591499718679));
#4048=CARTESIAN_POINT('Ctrl Pts',(-1.48466532449843,1.,-7.28142433943034));
#4049=CARTESIAN_POINT('Ctrl Pts',(-1.4984347325976,1.,-7.30403901308189));
#4050=CARTESIAN_POINT('Ctrl Pts',(-1.50497689759568,1.,-7.31478376879984));
#4051=CARTESIAN_POINT('Ctrl Pts',(-1.5114056295123,1.,-7.32560590676241));
#4052=CARTESIAN_POINT('Ctrl Pts',(-1.51771214177872,1.,-7.33648930440275));
#4053=CARTESIAN_POINT('Ctrl Pts',(-1.55016117710702,1.,-7.39248788802616));
#4054=CARTESIAN_POINT('Ctrl Pts',(-1.57942908328768,1.,-7.45018910205123));
#4055=CARTESIAN_POINT('Ctrl Pts',(-1.60542337103143,1.,-7.50923881820531));
#4056=CARTESIAN_POINT('Ctrl Pts',(-1.6319586909857,1.,-7.56951756585954));
#4057=CARTESIAN_POINT('Ctrl Pts',(-1.6550834618656,1.,-7.63120231383115));
#4058=CARTESIAN_POINT('Ctrl Pts',(-1.67466548427413,1.,-7.69395804851382));
#4059=CARTESIAN_POINT('Ctrl Pts',(-1.68752324689383,1.,-7.73516412635097));
#4060=CARTESIAN_POINT('Ctrl Pts',(-1.69885288349811,1.,-7.77683278392159));
#4061=CARTESIAN_POINT('Ctrl Pts',(-1.70860685510568,1.,-7.81887604352719));
#4062=CARTESIAN_POINT('Ctrl Pts',(-1.71317668467404,1.,-7.83857371526809));
#4063=CARTESIAN_POINT('Ctrl Pts',(-1.71740052875177,1.,-7.85835367516242));
#4064=CARTESIAN_POINT('Ctrl Pts',(-1.72127279774378,1.,-7.87820715015712));
#4065=CARTESIAN_POINT('Ctrl Pts',(-1.72395109390614,1.,-7.89193901795799));
#4066=CARTESIAN_POINT('Ctrl Pts',(-1.72646118900212,1.,-7.90570605834955));
#4067=CARTESIAN_POINT('Ctrl Pts',(-1.72880109809776,1.,-7.91950540284379));
#4068=CARTESIAN_POINT('Ctrl Pts',(-1.73066215099307,1.,-7.93048074802805));
#4069=CARTESIAN_POINT('Ctrl Pts',(-1.7324153373234,1.,-7.94147583949464));
#4070=CARTESIAN_POINT('Ctrl Pts',(-1.73405792022532,1.,-7.95247585838186));
#4071=CARTESIAN_POINT('Ctrl Pts',(-1.74406448694702,1.,-8.01948764987567));
#4072=CARTESIAN_POINT('Ctrl Pts',(-1.74999204668381,1.,-8.08680747721806));
#4073=CARTESIAN_POINT('Ctrl Pts',(-1.75171631574425,1.,-8.15408087686579));
#4074=CARTESIAN_POINT('Ctrl Pts',(-1.75213318756655,1.,-8.17034538299599));
#4075=CARTESIAN_POINT('Ctrl Pts',(-1.75230417509441,1.,-8.18660731247594));
#4076=CARTESIAN_POINT('Ctrl Pts',(-1.75222712930313,1.,-8.20286189082175));
#4077=CARTESIAN_POINT('Ctrl Pts',(-1.75191986664526,1.,-8.26768600206557));
#4078=CARTESIAN_POINT('Ctrl Pts',(-1.74767187370606,1.,-8.33239240689687));
#4079=CARTESIAN_POINT('Ctrl Pts',(-1.73970031736801,1.,-8.39674532946006));
#4080=CARTESIAN_POINT('Ctrl Pts',(-1.73118856300055,1.,-8.46545917233547));
#4081=CARTESIAN_POINT('Ctrl Pts',(-1.71843181551464,1.,-8.53377092436175));
#4082=CARTESIAN_POINT('Ctrl Pts',(-1.70163181600708,1.,-8.6013979827714));
#4083=CARTESIAN_POINT('Ctrl Pts',(-1.69856918191646,1.,-8.61372637209314));
#4084=CARTESIAN_POINT('Ctrl Pts',(-1.69537393753393,1.,-8.62602402699997));
#4085=CARTESIAN_POINT('Ctrl Pts',(-1.69204974104353,1.,-8.63828203960903));
#4086=CARTESIAN_POINT('Ctrl Pts',(-1.67427385175334,1.,-8.70383083483985));
#4087=CARTESIAN_POINT('Ctrl Pts',(-1.65279901224724,1.,-8.76830979114224));
#4088=CARTESIAN_POINT('Ctrl Pts',(-1.62788048957245,1.,-8.83146207841063));
#4089=CARTESIAN_POINT('Ctrl Pts',(-1.60245115676029,1.,-8.89590893795186));
#4090=CARTESIAN_POINT('Ctrl Pts',(-1.57343533154904,1.,-8.95897506803436));
#4091=CARTESIAN_POINT('Ctrl Pts',(-1.54104923015507,1.,-9.02038997445229));
#4092=CARTESIAN_POINT('Ctrl Pts',(-1.50844885640822,1.,-9.08221121309094));
#4093=CARTESIAN_POINT('Ctrl Pts',(-1.47243313060973,1.,-9.1423602923493));
#4094=CARTESIAN_POINT('Ctrl Pts',(-1.43317139568217,1.,-9.2005495349619));
#4095=CARTESIAN_POINT('Ctrl Pts',(-1.42328190877754,1.,-9.21520659873837));
#4096=CARTESIAN_POINT('Ctrl Pts',(-1.41318623567904,1.,-9.22973921748186));
#4097=CARTESIAN_POINT('Ctrl Pts',(-1.40288661473339,1.,-9.2441425597486));
#4098=CARTESIAN_POINT('Ctrl Pts',(-1.39603598542865,1.,-9.25372271411927));
#4099=CARTESIAN_POINT('Ctrl Pts',(-1.38909838192863,1.,-9.26324103979922));
#4100=CARTESIAN_POINT('Ctrl Pts',(-1.38207935482129,1.,-9.27269019060006));
#4101=CARTESIAN_POINT('Ctrl Pts',(-1.33901990731794,1.,-9.33065765626694));
#4102=CARTESIAN_POINT('Ctrl Pts',(-1.29284975398322,1.,-9.38609352383092));
#4103=CARTESIAN_POINT('Ctrl Pts',(-1.24380827171169,1.,-9.43871611719204));
#4104=CARTESIAN_POINT('Ctrl Pts',(-1.19467849865925,1.,-9.49143344851063));
#4105=CARTESIAN_POINT('Ctrl Pts',(-1.14266661319662,1.,-9.54132837669474));
#4106=CARTESIAN_POINT('Ctrl Pts',(-1.08796392617028,1.,-9.58810102170923));
#4107=CARTESIAN_POINT('Ctrl Pts',(-1.03445319544672,1.,-9.63385450382601));
#4108=CARTESIAN_POINT('Ctrl Pts',(-0.978367079446677,1.,-9.67662114045513));
#4109=CARTESIAN_POINT('Ctrl Pts',(-0.919845171554593,1.,-9.71609067910921));
#4110=CARTESIAN_POINT('Ctrl Pts',(-0.900665930718168,1.,-9.72902593386791));
#4111=CARTESIAN_POINT('Ctrl Pts',(-0.881224787568787,1.,-9.74160676828487));
#4112=CARTESIAN_POINT('Ctrl Pts',(-0.861525859670525,1.,-9.75382131162755));
#4113=CARTESIAN_POINT('Ctrl Pts',(-0.905568402294876,1.,-6.7320610615316));
#4114=CARTESIAN_POINT('Ctrl Pts',(-0.512294607028468,1.0346263782498,-6.45416970109785));
#4115=CARTESIAN_POINT('Ctrl Pts',(0.592901159769418,1.10635866950199,-6.27866634314164));
#4116=CARTESIAN_POINT('Ctrl Pts',(1.77803638494108,1.21519687375657,-7.52849061039977));
#4117=CARTESIAN_POINT('Ctrl Pts',(1.3583207280059,1.32651461276373,-9.24072977789891));
#4118=CARTESIAN_POINT('Ctrl Pts',(-0.308591193154917,1.43783235177089,-9.81338757053038));
#4119=CARTESIAN_POINT('Ctrl Pts',(-1.41696287627719,1.52701288938422,-8.93871787757736));
#4120=CARTESIAN_POINT('Ctrl Pts',(-1.55427679320265,1.57908751399515,-8.21047521618176));
#4121=CARTESIAN_POINT('Ctrl Pts',(-1.55332189993047,1.5940562256037,-8.00079683415108));
#4122=CARTESIAN_POINT('Origin',(0.,-0.294056225603703,-8.));
#4123=CARTESIAN_POINT('',(0.90360677865021,1.,-6.73387400327717));
#4124=CARTESIAN_POINT('Origin',(0.,1.,-8.));
#4125=CARTESIAN_POINT('Ctrl Pts',(0.903606778650209,1.,-6.73387400327717));
#4126=CARTESIAN_POINT('Ctrl Pts',(1.32530510403018,1.03710591300239,-7.03483099045306));
#4127=CARTESIAN_POINT('Ctrl Pts',(1.83689752250675,1.11131773900716,-8.086157639453));
#4128=CARTESIAN_POINT('Ctrl Pts',(0.919669025118242,1.22263547801432,-9.59451611865787));
#4129=CARTESIAN_POINT('Ctrl Pts',(-0.842751931363747,1.33395321702148,-9.63457231521589));
#4130=CARTESIAN_POINT('Ctrl Pts',(-1.53318639088431,1.4117226491488,-8.615771605474));
#4131=CARTESIAN_POINT('Ctrl Pts',(-1.55779442524729,1.45238616827374,-8.05044794361778));
#4132=CARTESIAN_POINT('Ctrl Pts',(-1.55746575090593,1.45594377439629,-8.00095759828683));
#4133=CARTESIAN_POINT('Ctrl Pts',(1.13509973994375,0.769925917727934,-6.4095080696905));
#4134=CARTESIAN_POINT('Ctrl Pts',(1.66483199824813,0.807031830730321,-6.78756654152702));
#4135=CARTESIAN_POINT('Ctrl Pts',(2.30748811248999,0.881243656735094,-8.10823016875035));
#4136=CARTESIAN_POINT('Ctrl Pts',(1.15527693672841,0.992561395742254,-10.0030115691787));
#4137=CARTESIAN_POINT('Ctrl Pts',(-1.05865462801977,1.10387913474941,-10.0533296714445));
#4138=CARTESIAN_POINT('Ctrl Pts',(-2.30011382953644,1.21519687375657,-8.22144034700509));
#4139=CARTESIAN_POINT('Ctrl Pts',(-1.43032213392789,1.32651461276373,-6.18482513057169));
#4140=CARTESIAN_POINT('Ctrl Pts',(0.75270306980064,1.43783235177089,-5.81532994805491));
#4141=CARTESIAN_POINT('Ctrl Pts',(2.24464409402504,1.54915009077805,-7.45103213409388));
#4142=CARTESIAN_POINT('Ctrl Pts',(1.67598839590358,1.66046782978521,-9.59090014650327));
#4143=CARTESIAN_POINT('Ctrl Pts',(-0.431289528591339,1.77178556879237,-10.2701782564932));
#4144=CARTESIAN_POINT('Ctrl Pts',(-2.14262111497816,1.88310330779953,-8.86542878522985));
#4145=CARTESIAN_POINT('Ctrl Pts',(-1.88697831914409,1.99442104680669,-6.66616606712437));
#4146=CARTESIAN_POINT('Ctrl Pts',(0.100961451501037,2.10573878581385,-5.69141101512785));
#4147=CARTESIAN_POINT('Ctrl Pts',(1.9962144379482,2.21705652482101,-6.83599163962218));
#4148=CARTESIAN_POINT('Ctrl Pts',(2.05889288610541,2.32837426382817,-9.04916525055609));
#4149=CARTESIAN_POINT('Ctrl Pts',(0.231455126795987,2.43969200283533,-10.2991766136237));
#4150=CARTESIAN_POINT('Ctrl Pts',(-1.80846407724366,2.55100974184249,-9.43848669038532));
#4151=CARTESIAN_POINT('Ctrl Pts',(-2.18816759540027,2.66232748084965,-7.25722904595577));
#4152=CARTESIAN_POINT('Ctrl Pts',(-0.559077842295044,2.77364521985681,-5.75785420982305));
#4153=CARTESIAN_POINT('Ctrl Pts',(1.58325952703911,2.88496295886397,-6.31682581604216));
#4154=CARTESIAN_POINT('Ctrl Pts',(2.27212452201418,2.99628069787113,-8.42099398406076));
#4155=CARTESIAN_POINT('Ctrl Pts',(0.875121839372069,3.10759843687829,-10.1386790039615));
#4156=CARTESIAN_POINT('Ctrl Pts',(-1.32526511579865,3.21891617588544,-9.89300254884762));
#4157=CARTESIAN_POINT('Ctrl Pts',(-2.3090246152027,3.33023391489261,-7.90950191857143));
#4158=CARTESIAN_POINT('Ctrl Pts',(-1.17304212509323,3.44155165389976,-6.00908066155692));
#4159=CARTESIAN_POINT('Ctrl Pts',(1.03982474142952,3.55286939290693,-5.93637405220487));
#4160=CARTESIAN_POINT('Ctrl Pts',(2.29810228265711,3.66418713191408,-7.75812769028191));
#4161=CARTESIAN_POINT('Ctrl Pts',(1.44667129032514,3.77550487092125,-9.80192738898086));
#4162=CARTESIAN_POINT('Ctrl Pts',(-0.732855081923887,3.8868226099284,-10.1915099026819));
#4163=CARTESIAN_POINT('Ctrl Pts',(-2.23957390561046,3.99814034893556,-8.56923518429166));
#4164=CARTESIAN_POINT('Ctrl Pts',(-1.69036132781897,4.10945808794272,-6.42437981710003));
#4165=CARTESIAN_POINT('Ctrl Pts',(0.410750213796527,4.22077582694988,-5.72599976066291));
#4166=CARTESIAN_POINT('Ctrl Pts',(2.13458095418981,4.33209356595704,-7.11517838116194));
#4167=CARTESIAN_POINT('Ctrl Pts',(1.89920178202487,4.4434113049642,-9.31670566360202));
#4168=CARTESIAN_POINT('Ctrl Pts',(-0.0804447425708907,4.55472904397136,
-10.3093479814656));
#4169=CARTESIAN_POINT('Ctrl Pts',(-1.98478653922439,4.66604678297853,-9.18217374136612));
#4170=CARTESIAN_POINT('Ctrl Pts',(-2.06987671201251,4.77736452198567,-6.96930579517075));
#4171=CARTESIAN_POINT('Ctrl Pts',(-0.249060153139881,4.88868226099284,-5.70344079135148));
#4172=CARTESIAN_POINT('Ctrl Pts',(1.10841320796344,4.96289408699761,-6.26417724579155));
#4173=CARTESIAN_POINT('Ctrl Pts',(1.51814181076364,5.,-6.76981243608493));
#4174=CARTESIAN_POINT('Ctrl Pts',(1.05793541951257,0.846617278485289,-6.51763004755272));
#4175=CARTESIAN_POINT('Ctrl Pts',(1.55165636684214,0.883723191487676,-6.86998802450236));
#4176=CARTESIAN_POINT('Ctrl Pts',(2.15062458249558,0.957935017492448,-8.10087265898457));
#4177=CARTESIAN_POINT('Ctrl Pts',(1.07674096619169,1.06925275649961,-9.8668464190051));
#4178=CARTESIAN_POINT('Ctrl Pts',(-0.986687062467766,1.18057049550677,-9.91374388603494));
#4179=CARTESIAN_POINT('Ctrl Pts',(-2.1437516048571,1.29188823451393,-8.20638678537398));
#4180=CARTESIAN_POINT('Ctrl Pts',(-1.33308853270471,1.40320597352109,-6.30822110216282));
#4181=CARTESIAN_POINT('Ctrl Pts',(0.701534155894884,1.51452371252825,-5.96384428031354));
#4182=CARTESIAN_POINT('Ctrl Pts',(2.09205271369939,1.62584145153541,-7.48835108574239));
#4183=CARTESIAN_POINT('Ctrl Pts',(1.56205435022505,1.73715919054257,-9.48275041801786));
#4184=CARTESIAN_POINT('Ctrl Pts',(-0.401970375206208,1.84847692954972,-10.1158510584016));
#4185=CARTESIAN_POINT('Ctrl Pts',(-1.99696527834923,1.95979466855689,-8.80659675334413));
#4186=CARTESIAN_POINT('Ctrl Pts',(-1.75870113385256,2.07111240756405,-6.75684038002967));
#4187=CARTESIAN_POINT('Ctrl Pts',(0.0940980706714282,2.1824301465712,-5.84834938265968));
#4188=CARTESIAN_POINT('Ctrl Pts',(1.86051135819345,2.29374788557837,-6.91512117418557));
#4189=CARTESIAN_POINT('Ctrl Pts',(1.91892891218644,2.40506562458552,-8.97784277489137));
#4190=CARTESIAN_POINT('Ctrl Pts',(0.215720758316255,2.51638336359269,-10.1428781010803));
#4191=CARTESIAN_POINT('Ctrl Pts',(-1.68552430672479,2.62770110259984,-9.34069806088709));
#4192=CARTESIAN_POINT('Ctrl Pts',(-2.03941549939771,2.73901884160701,-7.30772277253146));
#4193=CARTESIAN_POINT('Ctrl Pts',(-0.521071612313029,2.85033658061416,-5.91027575492463));
#4194=CARTESIAN_POINT('Ctrl Pts',(1.4756292094811,2.96165431962132,-6.43124835311265));
#4195=CARTESIAN_POINT('Ctrl Pts',(2.11766501638083,3.07297205862848,-8.39237472397066));
#4196=CARTESIAN_POINT('Ctrl Pts',(0.81563087161537,3.18428979763564,-9.99329115287333));
#4197=CARTESIAN_POINT('Ctrl Pts',(-1.23517331289081,3.2956075366428,-9.76431583514654));
#4198=CARTESIAN_POINT('Ctrl Pts',(-2.15205663342886,3.40692527564996,-7.91565399729017));
#4199=CARTESIAN_POINT('Ctrl Pts',(-1.09329847329356,3.51824301465712,-6.14442377932723));
#4200=CARTESIAN_POINT('Ctrl Pts',(0.969137235551034,3.62956075366428,-6.0766597806587));
#4201=CARTESIAN_POINT('Ctrl Pts',(2.14187680336013,3.74087849267144,-7.77457022106026));
#4202=CARTESIAN_POINT('Ctrl Pts',(1.34832626999171,3.8521962316786,-9.67943198391281));
#4203=CARTESIAN_POINT('Ctrl Pts',(-0.683035438432473,3.96351397068576,-10.0425305959234));
#4204=CARTESIAN_POINT('Ctrl Pts',(-2.08732719776574,4.07483170969292,-8.5305384560521));
#4205=CARTESIAN_POINT('Ctrl Pts',(-1.57545020718849,4.18614944870008,-6.53149081042751));
#4206=CARTESIAN_POINT('Ctrl Pts',(0.382827327375866,4.29746718770724,-5.88058677795664));
#4207=CARTESIAN_POINT('Ctrl Pts',(1.98947168939202,4.4087849267144,-7.17532874197855));
#4208=CARTESIAN_POINT('Ctrl Pts',(1.77009364314106,4.52010266572156,-9.2271957340651));
#4209=CARTESIAN_POINT('Ctrl Pts',(-0.0749760919542931,4.63142040472872,
-10.1523580171848));
#4210=CARTESIAN_POINT('Ctrl Pts',(-1.84986033044225,4.74273814373588,-9.10180932036058));
#4211=CARTESIAN_POINT('Ctrl Pts',(-1.92916605528495,4.85405588274303,-7.03937260523975));
#4212=CARTESIAN_POINT('Ctrl Pts',(-0.232128991245263,4.9653736217502,-5.85956137215094));
#4213=CARTESIAN_POINT('Ctrl Pts',(1.03306304362134,5.03958544775497,-6.38217884380453));
#4214=CARTESIAN_POINT('Ctrl Pts',(1.4149382093325,5.07669136075736,-6.85344084690379));
#4215=CARTESIAN_POINT('Ctrl Pts',(0.98077109908139,0.923308639242645,-6.62575202541495));
#4216=CARTESIAN_POINT('Ctrl Pts',(1.43848073543616,0.960414552245031,-6.95240950747771));
#4217=CARTESIAN_POINT('Ctrl Pts',(1.99376105250116,1.0346263782498,-8.09351514921878));
#4218=CARTESIAN_POINT('Ctrl Pts',(0.998204995654964,1.14594411725696,-9.73068126883149));
#4219=CARTESIAN_POINT('Ctrl Pts',(-0.914719496915756,1.25726185626412,-9.77415810062542));
#4220=CARTESIAN_POINT('Ctrl Pts',(-1.98738938017777,1.36857959527128,-8.19133322374288));
#4221=CARTESIAN_POINT('Ctrl Pts',(-1.23585493148153,1.47989733427844,-6.43161707375394));
#4222=CARTESIAN_POINT('Ctrl Pts',(0.650365241989125,1.5912150732856,-6.11235861257218));
#4223=CARTESIAN_POINT('Ctrl Pts',(1.93946133337373,1.70253281229276,-7.5256700373909));
#4224=CARTESIAN_POINT('Ctrl Pts',(1.44812030454651,1.81385055129992,-9.37460068953243));
#4225=CARTESIAN_POINT('Ctrl Pts',(-0.372651221821076,1.92516829030708,-9.9615238603101));
#4226=CARTESIAN_POINT('Ctrl Pts',(-1.8513094417203,2.03648602931424,-8.74776472145842));
#4227=CARTESIAN_POINT('Ctrl Pts',(-1.63042394856104,2.1478037683214,-6.84751469293498));
#4228=CARTESIAN_POINT('Ctrl Pts',(0.0872346898418215,2.25912150732856,-6.00528775019151));
#4229=CARTESIAN_POINT('Ctrl Pts',(1.7248082784387,2.37043924633572,-6.99425070874894));
#4230=CARTESIAN_POINT('Ctrl Pts',(1.77896493826747,2.48175698534288,-8.90652029922666));
#4231=CARTESIAN_POINT('Ctrl Pts',(0.199986389836519,2.59307472435004,-9.986579588537));
#4232=CARTESIAN_POINT('Ctrl Pts',(-1.56258453620592,2.7043924633572,-9.24290943138888));
#4233=CARTESIAN_POINT('Ctrl Pts',(-1.89066340339515,2.81571020236436,-7.35821649910714));
#4234=CARTESIAN_POINT('Ctrl Pts',(-0.483065382331012,2.92702794137152,-6.06269730002622));
#4235=CARTESIAN_POINT('Ctrl Pts',(1.36799889192308,3.03834568037868,-6.54567089018314));
#4236=CARTESIAN_POINT('Ctrl Pts',(1.96320551074749,3.14966341938584,-8.36375546388056));
#4237=CARTESIAN_POINT('Ctrl Pts',(0.756139903858669,3.260981158393,-9.84790330178519));
#4238=CARTESIAN_POINT('Ctrl Pts',(-1.14508150998297,3.37229889740015,-9.63562912144546));
#4239=CARTESIAN_POINT('Ctrl Pts',(-1.99508865165501,3.48361663640731,-7.92180607600892));
#4240=CARTESIAN_POINT('Ctrl Pts',(-1.01355482149389,3.59493437541448,-6.27976689709754));
#4241=CARTESIAN_POINT('Ctrl Pts',(0.898449729672553,3.70625211442164,-6.21694550911253));
#4242=CARTESIAN_POINT('Ctrl Pts',(1.98565132406316,3.81756985342879,-7.7910127518386));
#4243=CARTESIAN_POINT('Ctrl Pts',(1.24998124965828,3.92888759243596,-9.55693657884478));
#4244=CARTESIAN_POINT('Ctrl Pts',(-0.633215794941061,4.04020533144311,-9.89355128916479));
#4245=CARTESIAN_POINT('Ctrl Pts',(-1.93508048992101,4.15152307045027,-8.49184172781256));
#4246=CARTESIAN_POINT('Ctrl Pts',(-1.46053908655802,4.26284080945744,-6.63860180375498));
#4247=CARTESIAN_POINT('Ctrl Pts',(0.354904440955205,4.37415854846459,-6.03517379525037));
#4248=CARTESIAN_POINT('Ctrl Pts',(1.84436242459423,4.48547628747176,-7.23547910279516));
#4249=CARTESIAN_POINT('Ctrl Pts',(1.64098550425725,4.59679402647891,-9.13768580452819));
#4250=CARTESIAN_POINT('Ctrl Pts',(-0.0695074413376941,4.70811176548608,
-9.99536805290399));
#4251=CARTESIAN_POINT('Ctrl Pts',(-1.71493412166011,4.81942950449323,-9.02144489935507));
#4252=CARTESIAN_POINT('Ctrl Pts',(-1.78845539855738,4.93074724350039,-7.10943941530875));
#4253=CARTESIAN_POINT('Ctrl Pts',(-0.215197829350646,5.04206498250755,-6.0156819529504));
#4254=CARTESIAN_POINT('Ctrl Pts',(0.957712879279228,5.11627680851233,-6.5001804418175));
#4255=CARTESIAN_POINT('Ctrl Pts',(1.31173460790137,5.15338272151471,-6.93706925772265));
#4256=CARTESIAN_POINT('Ctrl Pts',(0.903606778650209,1.,-6.73387400327717));
#4257=CARTESIAN_POINT('Ctrl Pts',(1.32530510403018,1.03710591300239,-7.03483099045306));
#4258=CARTESIAN_POINT('Ctrl Pts',(1.83689752250675,1.11131773900716,-8.086157639453));
#4259=CARTESIAN_POINT('Ctrl Pts',(0.919669025118242,1.22263547801432,-9.59451611865787));
#4260=CARTESIAN_POINT('Ctrl Pts',(-0.842751931363747,1.33395321702148,-9.63457231521589));
#4261=CARTESIAN_POINT('Ctrl Pts',(-1.83102715549843,1.44527095602864,-8.17627966211178));
#4262=CARTESIAN_POINT('Ctrl Pts',(-1.13862133025835,1.5565886950358,-6.55501304534507));
#4263=CARTESIAN_POINT('Ctrl Pts',(0.599196328083368,1.66790643404296,-6.26087294483081));
#4264=CARTESIAN_POINT('Ctrl Pts',(1.78686995304808,1.77922417305012,-7.56298898903942));
#4265=CARTESIAN_POINT('Ctrl Pts',(1.33418625886797,1.89054191205728,-9.26645096104701));
#4266=CARTESIAN_POINT('Ctrl Pts',(-0.343332068435942,2.00185965106444,-9.80719666221857));
#4267=CARTESIAN_POINT('Ctrl Pts',(-1.70565360509137,2.1131773900716,-8.6889326895727));
#4268=CARTESIAN_POINT('Ctrl Pts',(-1.50214676326951,2.22449512907875,-6.93818900584029));
#4269=CARTESIAN_POINT('Ctrl Pts',(0.0803713090122131,2.33581286808592,-6.16222611772333));
#4270=CARTESIAN_POINT('Ctrl Pts',(1.58910519868394,2.44713060709308,-7.07338024331233));
#4271=CARTESIAN_POINT('Ctrl Pts',(1.63900096434849,2.55844834610023,-8.83519782356192));
#4272=CARTESIAN_POINT('Ctrl Pts',(0.184252021356785,2.6697660851074,-9.83028107599368));
#4273=CARTESIAN_POINT('Ctrl Pts',(-1.43964476568706,2.78108382411455,-9.14512080189066));
#4274=CARTESIAN_POINT('Ctrl Pts',(-1.74191130739259,2.89240156312172,-7.40871022568282));
#4275=CARTESIAN_POINT('Ctrl Pts',(-0.445059152348997,3.00371930212887,-6.21511884512781));
#4276=CARTESIAN_POINT('Ctrl Pts',(1.26036857436507,3.11503704113603,-6.66009342725363));
#4277=CARTESIAN_POINT('Ctrl Pts',(1.80874600511415,3.22635478014319,-8.33513620379044));
#4278=CARTESIAN_POINT('Ctrl Pts',(0.69664893610197,3.33767251915036,-9.70251545069707));
#4279=CARTESIAN_POINT('Ctrl Pts',(-1.05498970707513,3.44899025815751,-9.50694240774436));
#4280=CARTESIAN_POINT('Ctrl Pts',(-1.83812066988117,3.56030799716467,-7.92795815472766));
#4281=CARTESIAN_POINT('Ctrl Pts',(-0.933811169694225,3.67162573617183,-6.41511001486785));
#4282=CARTESIAN_POINT('Ctrl Pts',(0.827762223794073,3.78294347517899,-6.35723123756637));
#4283=CARTESIAN_POINT('Ctrl Pts',(1.82942584476619,3.89426121418615,-7.80745528261694));
#4284=CARTESIAN_POINT('Ctrl Pts',(1.15163622932485,4.00557895319331,-9.43444117377673));
#4285=CARTESIAN_POINT('Ctrl Pts',(-0.583396151449649,4.11689669220047,-9.74457198240623));
#4286=CARTESIAN_POINT('Ctrl Pts',(-1.78283378207629,4.22821443120763,-8.453144999573));
#4287=CARTESIAN_POINT('Ctrl Pts',(-1.34562796592754,4.33953217021479,-6.74571279708245));
#4288=CARTESIAN_POINT('Ctrl Pts',(0.326981554534546,4.45084990922195,-6.18976081254409));
#4289=CARTESIAN_POINT('Ctrl Pts',(1.69925315979644,4.56216764822911,-7.29562946361177));
#4290=CARTESIAN_POINT('Ctrl Pts',(1.51187736537343,4.67348538723626,-9.04817587499128));
#4291=CARTESIAN_POINT('Ctrl Pts',(-0.0640387907210971,4.78480312624343,
-9.83837808862319));
#4292=CARTESIAN_POINT('Ctrl Pts',(-1.58000791287797,4.89612086525058,-8.94108047834954));
#4293=CARTESIAN_POINT('Ctrl Pts',(-1.64774474182982,5.00743860425775,-7.17950622537774));
#4294=CARTESIAN_POINT('Ctrl Pts',(-0.198266667456028,5.1187563432649,-6.17180253374986));
#4295=CARTESIAN_POINT('Ctrl Pts',(0.882362714937122,5.19296816926968,-6.61818203983048));
#4296=CARTESIAN_POINT('Ctrl Pts',(1.20853100647024,5.23007408227207,-7.02069766854151));
#4297=CARTESIAN_POINT('',(1.51814181076363,5.,-6.76981243608492));
#4298=CARTESIAN_POINT('Ctrl Pts',(-1.43765775005837,5.,-7.39927995524508));
#4299=CARTESIAN_POINT('Ctrl Pts',(-1.42844375739361,5.,-7.36555677704971));
#4300=CARTESIAN_POINT('Ctrl Pts',(-1.41803368670557,5.,-7.33224064677383));
#4301=CARTESIAN_POINT('Ctrl Pts',(-1.4064291969502,5.,-7.29939596145745));
#4302=CARTESIAN_POINT('Ctrl Pts',(-1.3868216736537,5.,-7.24389994689039));
#4303=CARTESIAN_POINT('Ctrl Pts',(-1.36380747576024,5.,-7.18974943206514));
#4304=CARTESIAN_POINT('Ctrl Pts',(-1.33769263404258,5.,-7.13708523869362));
#4305=CARTESIAN_POINT('Ctrl Pts',(-1.31014990476682,5.,-7.08154151240035));
#4306=CARTESIAN_POINT('Ctrl Pts',(-1.2791581316413,5.,-7.02765028990704));
#4307=CARTESIAN_POINT('Ctrl Pts',(-1.24501718975184,5.,-6.97558377619996));
#4308=CARTESIAN_POINT('Ctrl Pts',(-1.22986038503957,5.,-6.9524689487631));
#4309=CARTESIAN_POINT('Ctrl Pts',(-1.21408216450231,5.,-6.92971391740432));
#4310=CARTESIAN_POINT('Ctrl Pts',(-1.19770541921474,5.,-6.90733482851339));
#4311=CARTESIAN_POINT('Ctrl Pts',(-1.1868231613402,5.,-6.89246404606962));
#4312=CARTESIAN_POINT('Ctrl Pts',(-1.17567658228104,5.,-6.87775927770155));
#4313=CARTESIAN_POINT('Ctrl Pts',(-1.16427194850641,5.,-6.86322548968357));
#4314=CARTESIAN_POINT('Ctrl Pts',(-1.1577118333812,5.,-6.85486543845461));
#4315=CARTESIAN_POINT('Ctrl Pts',(-1.1510674472628,5.,-6.84656350877984));
#4316=CARTESIAN_POINT('Ctrl Pts',(-1.14434755364144,5.,-6.83832949181761));
#4317=CARTESIAN_POINT('Ctrl Pts',(-1.10434434189539,5.,-6.78931277479489));
#4318=CARTESIAN_POINT('Ctrl Pts',(-1.06160025256771,5.,-6.74261279370984));
#4319=CARTESIAN_POINT('Ctrl Pts',(-1.01644321011575,5.,-6.69839002143834));
#4320=CARTESIAN_POINT('Ctrl Pts',(-0.970292599867342,5.,-6.65319423764942));
#4321=CARTESIAN_POINT('Ctrl Pts',(-0.921621178861037,5.,-6.61058501691611));
#4322=CARTESIAN_POINT('Ctrl Pts',(-0.870727190210972,5.,-6.57075088589467));
#4323=CARTESIAN_POINT('Ctrl Pts',(-0.820827433136527,5.,-6.53169492832552));
#4324=CARTESIAN_POINT('Ctrl Pts',(-0.768790276822177,5.,-6.4953059990611));
#4325=CARTESIAN_POINT('Ctrl Pts',(-0.714858015608569,5.,-6.46178952513131));
#4326=CARTESIAN_POINT('Ctrl Pts',(-0.7035845089425,5.,-6.45478354793384));
#4327=CARTESIAN_POINT('Ctrl Pts',(-0.692228084598404,5.,-6.44790319865609));
#4328=CARTESIAN_POINT('Ctrl Pts',(-0.680790786726746,5.,-6.44115055459091));
#4329=CARTESIAN_POINT('Ctrl Pts',(-0.671320157509923,5.,-6.43555904260161));
#4330=CARTESIAN_POINT('Ctrl Pts',(-0.661795065263983,5.,-6.43005577250423));
#4331=CARTESIAN_POINT('Ctrl Pts',(-0.652227910060948,5.,-6.42464797767521));
#4332=CARTESIAN_POINT('Ctrl Pts',(-0.593845806741658,5.,-6.39164773572901));
#4333=CARTESIAN_POINT('Ctrl Pts',(-0.533792552449752,5.,-6.36213598990085));
#4334=CARTESIAN_POINT('Ctrl Pts',(-0.472391905066408,5.,-6.33630238909815));
#4335=CARTESIAN_POINT('Ctrl Pts',(-0.411136833857438,5.,-6.31053003775999));
#4336=CARTESIAN_POINT('Ctrl Pts',(-0.348539920347665,5.,-6.28841757211839));
#4337=CARTESIAN_POINT('Ctrl Pts',(-0.284884426246267,5.,-6.27018708403203));
#4338=CARTESIAN_POINT('Ctrl Pts',(-0.254202199854336,5.,-6.26139990908983));
#4339=CARTESIAN_POINT('Ctrl Pts',(-0.223273544395873,5.,-6.25351520810786));
#4340=CARTESIAN_POINT('Ctrl Pts',(-0.192127878074958,5.,-6.24656155604618));
#4341=CARTESIAN_POINT('Ctrl Pts',(-0.154502363757322,5.,-6.23816119843269));
#4342=CARTESIAN_POINT('Ctrl Pts',(-0.116560160590561,5.,-6.23111940973396));
#4343=CARTESIAN_POINT('Ctrl Pts',(-0.0783570345947462,5.,-6.2254104083977));
#4344=CARTESIAN_POINT('Ctrl Pts',(-0.0668215082901443,5.,-6.22368656163463));
#4345=CARTESIAN_POINT('Ctrl Pts',(-0.055262180064072,5.,-6.2220842751731));
#4346=CARTESIAN_POINT('Ctrl Pts',(-0.0436805576081517,5.,-6.22060295064936));
#4347=CARTESIAN_POINT('Ctrl Pts',(-0.0322726120915043,5.,-6.21914383993119));
#4348=CARTESIAN_POINT('Ctrl Pts',(-0.0208517387467792,5.,-6.21780322735071));
#4349=CARTESIAN_POINT('Ctrl Pts',(-0.00942296076010665,5.,-6.21658035711934));
#4350=CARTESIAN_POINT('Ctrl Pts',(0.0555322009607623,5.,-6.2096302060415));
#4351=CARTESIAN_POINT('Ctrl Pts',(0.120775811190299,5.,-6.20647507915204));
#4352=CARTESIAN_POINT('Ctrl Pts',(0.186018521927412,5.,-6.20692446131708));
#4353=CARTESIAN_POINT('Ctrl Pts',(0.253814997537213,5.,-6.20739143343776));
#4354=CARTESIAN_POINT('Ctrl Pts',(0.321611242913004,5.,-6.21175041294236));
#4355=CARTESIAN_POINT('Ctrl Pts',(0.389103645256563,5.,-6.2198397521519));
#4356=CARTESIAN_POINT('Ctrl Pts',(0.441712420232599,5.,-6.22614520597192));
#4357=CARTESIAN_POINT('Ctrl Pts',(0.494137159675575,5.,-6.23471824421599));
#4358=CARTESIAN_POINT('Ctrl Pts',(0.546237667229952,5.,-6.24550392724363));
#4359=CARTESIAN_POINT('Ctrl Pts',(0.572453322905796,5.,-6.25093100973772));
#4360=CARTESIAN_POINT('Ctrl Pts',(0.598586906732092,5.,-6.25691859419151));
#4361=CARTESIAN_POINT('Ctrl Pts',(0.624620488779439,5.,-6.26346144331773));
#4362=CARTESIAN_POINT('Ctrl Pts',(0.642421041722794,5.,-6.26793513933313));
#4363=CARTESIAN_POINT('Ctrl Pts',(0.660180911406148,5.,-6.27267032671483));
#4364=CARTESIAN_POINT('Ctrl Pts',(0.677860694921579,5.,-6.27765568901102));
#4365=CARTESIAN_POINT('Ctrl Pts',(0.745916911914864,5.,-6.29684624628924));
#4366=CARTESIAN_POINT('Ctrl Pts',(0.812861368863832,5.,-6.31975595722011));
#4367=CARTESIAN_POINT('Ctrl Pts',(0.878371729807148,5.,-6.34622296578538));
#4368=CARTESIAN_POINT('Ctrl Pts',(0.938081416553669,5.,-6.37034642912452));
#4369=CARTESIAN_POINT('Ctrl Pts',(0.996600455764328,5.,-6.3974258403769));
#4370=CARTESIAN_POINT('Ctrl Pts',(1.05368366912563,5.,-6.42737545120414));
#4371=CARTESIAN_POINT('Ctrl Pts',(1.07340573876014,5.,-6.43772294699984));
#4372=CARTESIAN_POINT('Ctrl Pts',(1.09295636006742,5.,-6.44841335208743));
#4373=CARTESIAN_POINT('Ctrl Pts',(1.11232516625588,5.,-6.45944406434439));
#4374=CARTESIAN_POINT('Ctrl Pts',(1.12451016764704,5.,-6.46638353407157));
#4375=CARTESIAN_POINT('Ctrl Pts',(1.13661478737804,5.,-6.47345291143746));
#4376=CARTESIAN_POINT('Ctrl Pts',(1.14863577645902,5.,-6.48065049963344));
#4377=CARTESIAN_POINT('Ctrl Pts',(1.21106171288892,5.,-6.51802813804107));
#4378=CARTESIAN_POINT('Ctrl Pts',(1.27124058079514,5.,-6.55886357603633));
#4379=CARTESIAN_POINT('Ctrl Pts',(1.328833634623,5.,-6.60301829756129));
#4380=CARTESIAN_POINT('Ctrl Pts',(1.38561880766518,5.,-6.646553643159));
#4381=CARTESIAN_POINT('Ctrl Pts',(1.43989122465048,5.,-6.69331612866494));
#4382=CARTESIAN_POINT('Ctrl Pts',(1.49130902320298,5.,-6.74322013567111));
#4383=CARTESIAN_POINT('Ctrl Pts',(1.50034210343532,5.,-6.7519872729639));
#4384=CARTESIAN_POINT('Ctrl Pts',(1.50928701464054,5.,-6.76085148061849));
#4385=CARTESIAN_POINT('Ctrl Pts',(1.51814181076363,5.,-6.76981243608492));
#4386=CARTESIAN_POINT('Ctrl Pts',(0.863586067247373,1.,-9.7564699260175));
#4387=CARTESIAN_POINT('Ctrl Pts',(0.900571962966426,1.,-9.73374566528815));
#4388=CARTESIAN_POINT('Ctrl Pts',(0.936693177211882,1.,-9.70973071157831));
#4389=CARTESIAN_POINT('Ctrl Pts',(0.971872791325226,1.,-9.68442077781302));
#4390=CARTESIAN_POINT('Ctrl Pts',(1.03016618781854,1.,-9.64248165933817));
#4391=CARTESIAN_POINT('Ctrl Pts',(1.08587655430641,1.,-9.59698822040331));
#4392=CARTESIAN_POINT('Ctrl Pts',(1.13884310243219,1.,-9.54828103976064));
#4393=CARTESIAN_POINT('Ctrl Pts',(1.16392730291623,1.,-9.525214014865));
#4394=CARTESIAN_POINT('Ctrl Pts',(1.18839549613974,1.,-9.50142574932256));
#4395=CARTESIAN_POINT('Ctrl Pts',(1.21222709211628,1.,-9.47695050100704));
#4396=CARTESIAN_POINT('Ctrl Pts',(1.22418396619324,1.,-9.46467069136277));
#4397=CARTESIAN_POINT('Ctrl Pts',(1.23598055474432,1.,-9.45221793495667));
#4398=CARTESIAN_POINT('Ctrl Pts',(1.24761402708537,1.,-9.43959648442869));
#4399=CARTESIAN_POINT('Ctrl Pts',(1.25703017889761,1.,-9.42938066143294));
#4400=CARTESIAN_POINT('Ctrl Pts',(1.26633823555677,1.,-9.41905552990996));
#4401=CARTESIAN_POINT('Ctrl Pts',(1.27552923699768,1.,-9.40863225701666));
#4402=CARTESIAN_POINT('Ctrl Pts',(1.32274939676684,1.,-9.35508111631631));
#4403=CARTESIAN_POINT('Ctrl Pts',(1.36694153778036,1.,-9.2988791451295));
#4404=CARTESIAN_POINT('Ctrl Pts',(1.40794376214064,1.,-9.24036114110532));
#4405=CARTESIAN_POINT('Ctrl Pts',(1.43743651740637,1.,-9.19826934734896));
#4406=CARTESIAN_POINT('Ctrl Pts',(1.4652779445048,1.,-9.15497857050402));
#4407=CARTESIAN_POINT('Ctrl Pts',(1.49139194450292,1.,-9.11060820733827));
#4408=CARTESIAN_POINT('Ctrl Pts',(1.50509768270721,1.,-9.08732075303702));
#4409=CARTESIAN_POINT('Ctrl Pts',(1.51832735493217,1.,-9.06373586929812));
#4410=CARTESIAN_POINT('Ctrl Pts',(1.5310683798923,1.,-9.03987067350515));
#4411=CARTESIAN_POINT('Ctrl Pts',(1.53825214734343,1.,-9.0264147688751));
#4412=CARTESIAN_POINT('Ctrl Pts',(1.5452815231351,1.,-9.01286754590103));
#4413=CARTESIAN_POINT('Ctrl Pts',(1.55214398067222,1.,-8.99925297610755));
#4414=CARTESIAN_POINT('Ctrl Pts',(1.5834941409914,1.,-8.93705675217566));
#4415=CARTESIAN_POINT('Ctrl Pts',(1.61141488515381,1.,-8.87336514409348));
#4416=CARTESIAN_POINT('Ctrl Pts',(1.63575342630634,1.,-8.80848649283985));
#4417=CARTESIAN_POINT('Ctrl Pts',(1.6595104829378,1.,-8.74515789058938));
#4418=CARTESIAN_POINT('Ctrl Pts',(1.67985456075418,1.,-8.68069731026793));
#4419=CARTESIAN_POINT('Ctrl Pts',(1.69659524025735,1.,-8.61538583116674));
#4420=CARTESIAN_POINT('Ctrl Pts',(1.70772050732198,1.,-8.57198211823807));
#4421=CARTESIAN_POINT('Ctrl Pts',(1.71725335758746,1.,-8.52820251925919));
#4422=CARTESIAN_POINT('Ctrl Pts',(1.72512529602926,1.,-8.48413117354754));
#4423=CARTESIAN_POINT('Ctrl Pts',(1.73132861317045,1.,-8.44940166742787));
#4424=CARTESIAN_POINT('Ctrl Pts',(1.7365003276347,1.,-8.41449100132145));
#4425=CARTESIAN_POINT('Ctrl Pts',(1.74060225822741,1.,-8.37944174510613));
#4426=CARTESIAN_POINT('Ctrl Pts',(1.74253420324349,1.,-8.36293409478585));
#4427=CARTESIAN_POINT('Ctrl Pts',(1.74422916564246,1.,-8.3463895806417));
#4428=CARTESIAN_POINT('Ctrl Pts',(1.7456802925005,1.,-8.3298469985839));
#4429=CARTESIAN_POINT('Ctrl Pts',(1.75137301447193,1.,-8.26495100425875));
#4430=CARTESIAN_POINT('Ctrl Pts',(1.7533294555543,1.,-8.20000320415468));
#4431=CARTESIAN_POINT('Ctrl Pts',(1.75138128121321,1.,-8.13526331257157));
#4432=CARTESIAN_POINT('Ctrl Pts',(1.75086638904551,1.,-8.11815290185977));
#4433=CARTESIAN_POINT('Ctrl Pts',(1.75007847493369,1.,-8.10105705053669));
#4434=CARTESIAN_POINT('Ctrl Pts',(1.74901382372147,1.,-8.083980664555));
#4435=CARTESIAN_POINT('Ctrl Pts',(1.74473286941204,1.,-8.01531664828541));
#4436=CARTESIAN_POINT('Ctrl Pts',(1.73598176313284,1.,-7.94696521068732));
#4437=CARTESIAN_POINT('Ctrl Pts',(1.72295485685079,1.,-7.8792655296764));
#4438=CARTESIAN_POINT('Ctrl Pts',(1.71144100934865,1.,-7.81942908146477));
#4439=CARTESIAN_POINT('Ctrl Pts',(1.69658569297438,1.,-7.76010157252602));
#4440=CARTESIAN_POINT('Ctrl Pts',(1.67849207983379,1.,-7.70154082300125));
#4441=CARTESIAN_POINT('Ctrl Pts',(1.67521422428452,1.,-7.69093190391429));
#4442=CARTESIAN_POINT('Ctrl Pts',(1.67183008495093,1.,-7.68034872080795));
#4443=CARTESIAN_POINT('Ctrl Pts',(1.66834477794698,1.,-7.66980583305562));
#4444=CARTESIAN_POINT('Ctrl Pts',(1.64800072162263,1.,-7.60826603125012));
#4445=CARTESIAN_POINT('Ctrl Pts',(1.6241782753348,1.,-7.54798070787391));
#4446=CARTESIAN_POINT('Ctrl Pts',(1.59706487380388,1.,-7.48922332143782));
#4447=CARTESIAN_POINT('Ctrl Pts',(1.57004555393898,1.,-7.43066981915109));
#4448=CARTESIAN_POINT('Ctrl Pts',(1.53975732400491,1.,-7.37363282678212));
#4449=CARTESIAN_POINT('Ctrl Pts',(1.5063457087024,1.,-7.31841511311319));
#4450=CARTESIAN_POINT('Ctrl Pts',(1.47360802260244,1.,-7.26431116869494));
#4451=CARTESIAN_POINT('Ctrl Pts',(1.43787093256686,1.,-7.21195322403539));
#4452=CARTESIAN_POINT('Ctrl Pts',(1.39924410553631,1.,-7.16166766300814));
#4453=CARTESIAN_POINT('Ctrl Pts',(1.39051710893999,1.,-7.15030659730161));
#4454=CARTESIAN_POINT('Ctrl Pts',(1.38164251970737,1.,-7.13905150817938));
#4455=CARTESIAN_POINT('Ctrl Pts',(1.37262146390701,1.,-7.12790651131336));
#4456=CARTESIAN_POINT('Ctrl Pts',(1.36584099128493,1.,-7.11952962641258));
#4457=CARTESIAN_POINT('Ctrl Pts',(1.35898329011603,1.,-7.11122178242402));
#4458=CARTESIAN_POINT('Ctrl Pts',(1.3520508008268,1.,-7.10298626638567));
#4459=CARTESIAN_POINT('Ctrl Pts',(1.31210694206382,1.,-7.05553458261787));
#4460=CARTESIAN_POINT('Ctrl Pts',(1.26966514397644,0.999999999999999,-7.01045911648541));
#4461=CARTESIAN_POINT('Ctrl Pts',(1.22486307367237,1.,-6.96802788733424));
#4462=CARTESIAN_POINT('Ctrl Pts',(1.18087399413037,1.,-6.92636662700571));
#4463=CARTESIAN_POINT('Ctrl Pts',(1.13460882085411,1.,-6.88725397494144));
#4464=CARTESIAN_POINT('Ctrl Pts',(1.08617468971064,1.,-6.85098763734679));
#4465=CARTESIAN_POINT('Ctrl Pts',(1.03928363825352,1.,-6.81587672150783));
#4466=CARTESIAN_POINT('Ctrl Pts',(0.99035902658874,1.,-6.78343334936295));
#4467=CARTESIAN_POINT('Ctrl Pts',(0.939485671287996,1.,-6.75397510759438));
#4468=CARTESIAN_POINT('Ctrl Pts',(0.927631538973074,1.,-6.74711096636318));
#4469=CARTESIAN_POINT('Ctrl Pts',(0.915671566670933,1.,-6.74040912171496));
#4470=CARTESIAN_POINT('Ctrl Pts',(0.903606778650211,1.,-6.73387400327717));
#4471=CARTESIAN_POINT('Ctrl Pts',(1.51814181076364,5.,-6.76981243608493));
#4472=CARTESIAN_POINT('Ctrl Pts',(1.10841320796344,4.96289408699761,-6.26417724579155));
#4473=CARTESIAN_POINT('Ctrl Pts',(0.429676527411775,4.92578817399523,-5.98380901857151));
#4474=CARTESIAN_POINT('Ctrl Pts',(-0.213161239342827,4.88868226099284,-6.05460240559804));
#4475=CARTESIAN_POINT('Ctrl Pts',(-0.855999006097429,4.85157634799045,-6.12539579262457));
#4476=CARTESIAN_POINT('Ctrl Pts',(-1.46293785905497,4.81447043498807,-6.54735079389766));
#4477=CARTESIAN_POINT('Ctrl Pts',(-1.75222559006905,4.77736452198568,-7.1271396189001));
#4478=CARTESIAN_POINT('Ctrl Pts',(-1.8860481292478,4.76019957869853,-7.39534599072687));
#4479=CARTESIAN_POINT('Ctrl Pts',(-1.95189571866142,4.74303463541138,-7.69732761312919));
#4480=CARTESIAN_POINT('Ctrl Pts',(-1.95119804432502,4.72586969212423,-7.99954788283921));
#4481=CARTESIAN_POINT('Origin',(0.,0.,-8.));
#4482=CARTESIAN_POINT('Origin',(0.,5.,-8.));
#4483=CARTESIAN_POINT('Origin',(0.,0.,-8.));
#4484=CARTESIAN_POINT('',(-2.5,1.,-8.));
#4485=CARTESIAN_POINT('Origin',(0.,1.,-8.));
#4486=CARTESIAN_POINT('',(-2.5,0.,-8.));
#4487=CARTESIAN_POINT('Origin',(0.,1.,-8.));
#4488=CARTESIAN_POINT('Origin',(0.,5.,-8.));
#4489=CARTESIAN_POINT('Origin',(8.,0.,-8.));
#4490=CARTESIAN_POINT('',(6.04352619601317,1.22586969212423,-8.00119603091331));
#4491=CARTESIAN_POINT('',(6.04413450318488,1.12413030787577,-8.00194559549536));
#4492=CARTESIAN_POINT('',(6.046,0.,-8.));
#4493=CARTESIAN_POINT('',(8.86152585967052,1.,-9.75382131162755));
#4494=CARTESIAN_POINT('Ctrl Pts',(6.04352619601317,1.22586969212423,-8.00119603091331));
#4495=CARTESIAN_POINT('Ctrl Pts',(6.04311321909463,1.22231208600168,-8.06336549219873));
#4496=CARTESIAN_POINT('Ctrl Pts',(6.04581757089876,1.21875447987912,-8.12549637117081));
#4497=CARTESIAN_POINT('Ctrl Pts',(6.05175646599086,1.21519687375657,-8.1873137321294));
#4498=CARTESIAN_POINT('Ctrl Pts',(6.11369927725958,1.17809096075419,-8.83207021689745));
#4499=CARTESIAN_POINT('Ctrl Pts',(6.52751309561405,1.1409850477518,-9.44272052675029));
#4500=CARTESIAN_POINT('Ctrl Pts',(7.10341763205182,1.10387913474941,-9.73964422693982));
#4501=CARTESIAN_POINT('Ctrl Pts',(7.64083840143674,1.06925275649961,-10.0167265440744));
#4502=CARTESIAN_POINT('Ctrl Pts',(8.31941084704859,1.0346263782498,-10.020609770264));
#4503=CARTESIAN_POINT('Ctrl Pts',(8.8635983900398,1.,-9.75645877054779));
#4504=CARTESIAN_POINT('',(7.13847414032947,1.,-9.75382131162755));
#4505=CARTESIAN_POINT('Origin',(8.,1.,-8.));
#4506=CARTESIAN_POINT('Ctrl Pts',(7.13847414032947,1.,-9.75382131162755));
#4507=CARTESIAN_POINT('Ctrl Pts',(6.55434308856738,1.03710591300239,-9.46687987512363));
#4508=CARTESIAN_POINT('Ctrl Pts',(6.12999254383045,1.07421182600477,-8.867491074163));
#4509=CARTESIAN_POINT('Ctrl Pts',(6.05596479705219,1.11131773900716,-8.2250178533883));
#4510=CARTESIAN_POINT('Ctrl Pts',(6.04744427182194,1.1155885952967,-8.15106977951587));
#4511=CARTESIAN_POINT('Ctrl Pts',(6.04356475198295,1.11985945158623,-8.07655093198612));
#4512=CARTESIAN_POINT('Ctrl Pts',(6.04413450318488,1.12413030787577,-8.00194559549536));
#4513=CARTESIAN_POINT('Origin',(8.,0.,-8.));
#4514=CARTESIAN_POINT('',(6.04851756323998,1.92586969212423,-8.00115698326796));
#4515=CARTESIAN_POINT('',(6.04872965543382,1.82413030787577,-8.00099992008811));
#4516=CARTESIAN_POINT('',(6.046,0.,-8.));
#4517=CARTESIAN_POINT('Ctrl Pts',(6.04851756323998,1.92586969212423,-8.00115698326796));
#4518=CARTESIAN_POINT('Ctrl Pts',(6.04717100366333,1.91161423068266,-8.25193248223783));
#4519=CARTESIAN_POINT('Ctrl Pts',(6.09199318328786,1.89735876924109,-8.50224456817819));
#4520=CARTESIAN_POINT('Ctrl Pts',(6.18520196927445,1.88310330779953,-8.73301210227648));
#4521=CARTESIAN_POINT('Ctrl Pts',(6.4278175533475,1.84599739479714,-9.33368294545653));
#4522=CARTESIAN_POINT('Ctrl Pts',(6.99826325393087,1.80889148179476,-9.80193506392617));
#4523=CARTESIAN_POINT('Ctrl Pts',(7.63470030621545,1.77178556879237,-9.92284706938746));
#4524=CARTESIAN_POINT('Ctrl Pts',(8.27113735850003,1.73467965578998,-10.0437590748488));
#4525=CARTESIAN_POINT('Ctrl Pts',(8.97356576248582,1.6975737427876,-9.81733096730172));
#4526=CARTESIAN_POINT('Ctrl Pts',(9.4195560875361,1.66046782978521,-9.34747222529771));
#4527=CARTESIAN_POINT('Ctrl Pts',(9.86554641258638,1.62336191678282,-8.8776134832937));
#4528=CARTESIAN_POINT('Ctrl Pts',(10.0550986587011,1.58625600378044,-8.16432410683273));
#4529=CARTESIAN_POINT('Ctrl Pts',(9.9012174517262,1.54915009077805,-7.53505949312229));
#4530=CARTESIAN_POINT('Ctrl Pts',(9.74733624475125,1.51204417777566,-6.90579487941185));
#4531=CARTESIAN_POINT('Ctrl Pts',(9.25002158468658,1.47493826477328,-6.36055502845194));
#4532=CARTESIAN_POINT('Ctrl Pts',(8.6375247749433,1.43783235177089,-6.14952122805579));
#4533=CARTESIAN_POINT('Ctrl Pts',(8.02502796520002,1.4007264387685,-5.93848742765963));
#4534=CARTESIAN_POINT('Ctrl Pts',(7.29734900577813,1.36362052576612,-6.06165967782723));
#4535=CARTESIAN_POINT('Ctrl Pts',(6.78854542815866,1.32651461276373,-6.46267713275266));
#4536=CARTESIAN_POINT('Ctrl Pts',(6.32852444545335,1.2929663058839,-6.82524621011623));
#4537=CARTESIAN_POINT('Ctrl Pts',(6.04742057777447,1.25941799900406,-7.41493659299085));
#4538=CARTESIAN_POINT('Ctrl Pts',(6.04352619601317,1.22586969212423,-8.00119603091331));
#4539=CARTESIAN_POINT('Ctrl Pts',(6.04413450318488,1.12413030787577,-8.00194559549536));
#4540=CARTESIAN_POINT('Ctrl Pts',(6.0485148456172,1.15696536458862,-7.42836730377029));
#4541=CARTESIAN_POINT('Ctrl Pts',(6.31588231361902,1.18980042130147,-6.84967683006296));
#4542=CARTESIAN_POINT('Ctrl Pts',(6.75910677672553,1.22263547801432,-6.48594840049303));
#4543=CARTESIAN_POINT('Ctrl Pts',(7.25998145199672,1.25974139101671,-6.07490980896124));
#4544=CARTESIAN_POINT('Ctrl Pts',(7.98543575135867,1.29684730401909,-5.93839026648643));
#4545=CARTESIAN_POINT('Ctrl Pts',(8.60193981903761,1.33395321702148,-6.13777129220425));
#4546=CARTESIAN_POINT('Ctrl Pts',(9.21844388671655,1.37105913002387,-6.33715231792207));
#4547=CARTESIAN_POINT('Ctrl Pts',(9.72599772271247,1.40816504302625,-6.87243391183253));
#4548=CARTESIAN_POINT('Ctrl Pts',(9.89190144940947,1.44527095602864,-7.49855240682284));
#4549=CARTESIAN_POINT('Ctrl Pts',(10.0578051761065,1.48237686903103,-8.12467090181316));
#4550=CARTESIAN_POINT('Ctrl Pts',(9.88205879350453,1.51948278203341,-8.84162629788335));
#4551=CARTESIAN_POINT('Ctrl Pts',(9.44519189012493,1.5565886950358,-9.3200020983064));
#4552=CARTESIAN_POINT('Ctrl Pts',(9.00832498674533,1.59369460803819,-9.79837789872945));
#4553=CARTESIAN_POINT('Ctrl Pts',(8.31033756258806,1.63080052104057,-10.0381741035054));
#4554=CARTESIAN_POINT('Ctrl Pts',(7.67168657272573,1.66790643404296,-9.92948764821675));
#4555=CARTESIAN_POINT('Ctrl Pts',(7.03303558286339,1.70501234704534,-9.82080119292813));
#4556=CARTESIAN_POINT('Ctrl Pts',(6.453721027296,1.74211826004773,-9.36363207757498));
#4557=CARTESIAN_POINT('Ctrl Pts',(6.19961874983167,1.77922417305012,-8.76774138096015));
#4558=CARTESIAN_POINT('Ctrl Pts',(6.09711261529201,1.79419288465867,-8.52735608206529));
#4559=CARTESIAN_POINT('Ctrl Pts',(6.04753009948555,1.80916159626722,-8.26439584190565));
#4560=CARTESIAN_POINT('Ctrl Pts',(6.04872965543382,1.82413030787577,-8.00099992008811));
#4561=CARTESIAN_POINT('Origin',(8.,0.,-8.));
#4562=CARTESIAN_POINT('',(6.04772511236348,2.62586969212423,-7.99844628711731));
#4563=CARTESIAN_POINT('',(6.04740421604114,2.52413030787577,-7.99835005359769));
#4564=CARTESIAN_POINT('',(6.046,0.,-8.));
#4565=CARTESIAN_POINT('Ctrl Pts',(6.04772511236348,2.62586969212423,-7.99844628711731));
#4566=CARTESIAN_POINT('Ctrl Pts',(6.05097863297697,2.60091637536365,-8.43696555719701));
#4567=CARTESIAN_POINT('Ctrl Pts',(6.19703766449828,2.57596305860307,-8.87744892902921));
#4568=CARTESIAN_POINT('Ctrl Pts',(6.46823348602088,2.55100974184249,-9.21839608146463));
#4569=CARTESIAN_POINT('Ctrl Pts',(6.87150526975127,2.5139038288401,-9.72538901944013));
#4570=CARTESIAN_POINT('Ctrl Pts',(7.55148058058127,2.47679791583771,-10.0122866282885));
#4571=CARTESIAN_POINT('Ctrl Pts',(8.19604219960151,2.43969200283533,-9.94739949870444));
#4572=CARTESIAN_POINT('Ctrl Pts',(8.84060381862175,2.40258608983294,-9.8825123691204));
#4573=CARTESIAN_POINT('Ctrl Pts',(9.44975174583223,2.36548017683056,-9.465840501104));
#4574=CARTESIAN_POINT('Ctrl Pts',(9.74387926764287,2.32837426382817,-8.88864111845278));
#4575=CARTESIAN_POINT('Ctrl Pts',(10.0380067894535,2.29126835082578,-8.31144173580156));
#4576=CARTESIAN_POINT('Ctrl Pts',(10.0171139058643,2.2541624378234,-7.57371483851551));
#4577=CARTESIAN_POINT('Ctrl Pts',(9.69079092446469,2.21705652482101,-7.01408725801421));
#4578=CARTESIAN_POINT('Ctrl Pts',(9.36446794306509,2.17995061181862,-6.4544596775129));
#4579=CARTESIAN_POINT('Ctrl Pts',(8.73271486385507,2.14284469881623,-6.07293141379635));
#4580=CARTESIAN_POINT('Ctrl Pts',(8.08551393515522,2.10573878581385,-6.0446271108107));
#4581=CARTESIAN_POINT('Ctrl Pts',(7.43831300645536,2.06863287281146,-6.01632280782505));
#4582=CARTESIAN_POINT('Ctrl Pts',(6.77566422826566,2.03152695980908,-6.3412424655703));
#4583=CARTESIAN_POINT('Ctrl Pts',(6.40173257295217,1.99442104680669,-6.87024707838814));
#4584=CARTESIAN_POINT('Ctrl Pts',(6.17145910747381,1.97157059524587,-7.19601710538807));
#4585=CARTESIAN_POINT('Ctrl Pts',(6.05067599876351,1.94872014368505,-7.59918238459642));
#4586=CARTESIAN_POINT('Ctrl Pts',(6.04851756323998,1.92586969212423,-8.00115698326796));
#4587=CARTESIAN_POINT('Ctrl Pts',(6.04872965543382,1.82413030787577,-8.00099992008811));
#4588=CARTESIAN_POINT('Ctrl Pts',(6.05050367662578,1.8462675092696,-7.61146415240991));
#4589=CARTESIAN_POINT('Ctrl Pts',(6.16334519986616,1.86840471066344,-7.22097548793644));
#4590=CARTESIAN_POINT('Ctrl Pts',(6.38032726817552,1.89054191205728,-6.90114463630618));
#4591=CARTESIAN_POINT('Ctrl Pts',(6.74402806334499,1.92764782505966,-6.36505086614352));
#4592=CARTESIAN_POINT('Ctrl Pts',(7.4003196530452,1.96475373806205,-6.0274756036947));
#4593=CARTESIAN_POINT('Ctrl Pts',(8.04794619714113,2.00185965106444,-6.04334772640932));
#4594=CARTESIAN_POINT('Ctrl Pts',(8.69557274123706,2.03896556406682,-6.05921984912394));
#4595=CARTESIAN_POINT('Ctrl Pts',(9.33453423972871,2.07607147706921,-6.428539357002));
#4596=CARTESIAN_POINT('Ctrl Pts',(9.67154425146839,2.1131773900716,-6.98179543011172));
#4597=CARTESIAN_POINT('Ctrl Pts',(10.0085542632081,2.15028330307398,-7.53505150322143));
#4598=CARTESIAN_POINT('Ctrl Pts',(10.0436127881958,2.18738921607637,-8.27224414156279));
#4599=CARTESIAN_POINT('Ctrl Pts',(9.7606249700565,2.22449512907876,-8.85498669427799));
#4600=CARTESIAN_POINT('Ctrl Pts',(9.47763715191721,2.26160104208114,-9.43772924699318));
#4601=CARTESIAN_POINT('Ctrl Pts',(8.87660299065093,2.29870695508353,-9.86602171408221));
#4602=CARTESIAN_POINT('Ctrl Pts',(8.23340607929586,2.33581286808592,-9.94327545984383));
#4603=CARTESIAN_POINT('Ctrl Pts',(7.59020916794078,2.3729187810883,-10.0205292056054));
#4604=CARTESIAN_POINT('Ctrl Pts',(6.9048495064969,2.41002469409069,-9.74674423003963));
#4605=CARTESIAN_POINT('Ctrl Pts',(6.49191518188318,2.44713060709307,-9.24758974945684));
#4606=CARTESIAN_POINT('Ctrl Pts',(6.20628398130593,2.47279717402064,-8.90231912150469));
#4607=CARTESIAN_POINT('Ctrl Pts',(6.0509985135711,2.4984637409482,-8.44921728506957));
#4608=CARTESIAN_POINT('Ctrl Pts',(6.04740421604114,2.52413030787577,-7.99835005359769));
#4609=CARTESIAN_POINT('Origin',(8.,0.,-8.));
#4610=CARTESIAN_POINT('',(6.04289528557222,3.32586969212423,-7.99952880711834));
#4611=CARTESIAN_POINT('',(6.04279409710294,3.22413030787577,-7.99975731268394));
#4612=CARTESIAN_POINT('',(6.046,0.,-8.));
#4613=CARTESIAN_POINT('Ctrl Pts',(6.04289528557222,3.32586969212423,-7.99952880711834));
#4614=CARTESIAN_POINT('Ctrl Pts',(6.04491267771466,3.29021852004463,-8.62206788610679));
#4615=CARTESIAN_POINT('Ctrl Pts',(6.36761546511409,3.25456734796504,-9.24640563251161));
#4616=CARTESIAN_POINT('Ctrl Pts',(6.87750243176771,3.21891617588544,-9.60337047309369));
#4617=CARTESIAN_POINT('Ctrl Pts',(7.40819526238376,3.18181026288306,-9.97490121239105));
#4618=CARTESIAN_POINT('Ctrl Pts',(8.14165998744191,3.14470434988067,-10.0567936347528));
#4619=CARTESIAN_POINT('Ctrl Pts',(8.7412269013523,3.10759843687829,-9.81145806479861));
#4620=CARTESIAN_POINT('Ctrl Pts',(9.34079381526269,3.0704925238759,-9.56612249484447));
#4621=CARTESIAN_POINT('Ctrl Pts',(9.80646291802532,3.03338661087351,-8.99355893257448));
#4622=CARTESIAN_POINT('Ctrl Pts',(9.92448625665066,2.99628069787113,-8.35658130131988));
#4623=CARTESIAN_POINT('Ctrl Pts',(10.042509595276,2.95917478486874,-7.71960367006527));
#4624=CARTESIAN_POINT('Ctrl Pts',(9.81288716976405,2.92206887186635,-7.01821196982606));
#4625=CARTESIAN_POINT('Ctrl Pts',(9.34101855225475,2.88496295886397,-6.5743538764078));
#4626=CARTESIAN_POINT('Ctrl Pts',(8.86914993474546,2.84785704586158,-6.13049578298955));
#4627=CARTESIAN_POINT('Ctrl Pts',(8.15503512523883,2.81075113285919,-5.94417129639224));
#4628=CARTESIAN_POINT('Ctrl Pts',(7.52646186603498,2.77364521985681,-6.10090568634173));
#4629=CARTESIAN_POINT('Ctrl Pts',(6.89788860683113,2.73653930685442,-6.25764007629122));
#4630=CARTESIAN_POINT('Ctrl Pts',(6.35485689793006,2.69943339385203,-6.7574333427875));
#4631=CARTESIAN_POINT('Ctrl Pts',(6.1466251717949,2.66232748084965,-7.37087410958698));
#4632=CARTESIAN_POINT('Ctrl Pts',(6.07842698213461,2.65017488460784,-7.57178273449262));
#4633=CARTESIAN_POINT('Ctrl Pts',(6.0461406046702,2.63802228836603,-7.78488158609333));
#4634=CARTESIAN_POINT('Ctrl Pts',(6.04772511236348,2.62586969212423,-7.99844628711731));
#4635=CARTESIAN_POINT('Ctrl Pts',(6.04740421604114,2.52413030787577,-7.99835005359769));
#4636=CARTESIAN_POINT('Ctrl Pts',(6.04580227163396,2.53556965395059,-7.79740279371835));
#4637=CARTESIAN_POINT('Ctrl Pts',(6.07433226999515,2.54700900002541,-7.59689941589736));
#4638=CARTESIAN_POINT('Ctrl Pts',(6.13488396526766,2.55844834610023,-7.40658426612427));
#4639=CARTESIAN_POINT('Ctrl Pts',(6.33129606104944,2.59555425910262,-6.78925724897425));
#4640=CARTESIAN_POINT('Ctrl Pts',(6.86462924039657,2.63266017210501,-6.27912720027398));
#4641=CARTESIAN_POINT('Ctrl Pts',(7.49007664987651,2.66976608510739,-6.11034985948206));
#4642=CARTESIAN_POINT('Ctrl Pts',(8.11552405935644,2.70687199810978,-5.94157251869015));
#4643=CARTESIAN_POINT('Ctrl Pts',(8.83308569896918,2.74397791111217,-6.11414788580658));
#4644=CARTESIAN_POINT('Ctrl Pts',(9.31339178435028,2.78108382411455,-6.54886189280612));
#4645=CARTESIAN_POINT('Ctrl Pts',(9.79369786973137,2.81818973711694,-6.98357589980565));
#4646=CARTESIAN_POINT('Ctrl Pts',(10.0367484008808,2.85529565011933,-7.68042854668828));
#4647=CARTESIAN_POINT('Ctrl Pts',(9.93098006618398,2.89240156312171,-8.3195555432397));
#4648=CARTESIAN_POINT('Ctrl Pts',(9.82521173148714,2.9295074761241,-8.95868253979113));
#4649=CARTESIAN_POINT('Ctrl Pts',(9.37062453094399,2.96661338912649,-9.54008388601134));
#4650=CARTESIAN_POINT('Ctrl Pts',(8.77587975769253,3.00371930212887,-9.79688906175912));
#4651=CARTESIAN_POINT('Ctrl Pts',(8.18113498444106,3.04082521513126,-10.0536942375069));
#4652=CARTESIAN_POINT('Ctrl Pts',(7.44623263848128,3.07793112813365,-9.98590324278224));
#4653=CARTESIAN_POINT('Ctrl Pts',(6.90850219970317,3.11503704113603,-9.62463297408747));
#4654=CARTESIAN_POINT('Ctrl Pts',(6.38151727605212,3.15140146338261,-9.27058200126526));
#4655=CARTESIAN_POINT('Ctrl Pts',(6.04390278755203,3.18776588562919,-8.63466380600809));
#4656=CARTESIAN_POINT('Ctrl Pts',(6.04279409710294,3.22413030787577,-7.99975731268394));
#4657=CARTESIAN_POINT('Origin',(8.,0.,-8.));
#4658=CARTESIAN_POINT('',(6.04630510229176,4.02586969212423,-8.00179998327598));
#4659=CARTESIAN_POINT('',(6.04667619949876,3.92413030787577,-8.00177679606119));
#4660=CARTESIAN_POINT('',(6.046,0.,-8.));
#4661=CARTESIAN_POINT('Ctrl Pts',(6.04630510229176,4.02586969212423,-8.00179998327598));
#4662=CARTESIAN_POINT('Ctrl Pts',(6.0448316591905,4.01662657772801,-8.16393606142408));
#4663=CARTESIAN_POINT('Ctrl Pts',(6.06332200884336,4.00738346333179,-8.32574029555222));
#4664=CARTESIAN_POINT('Ctrl Pts',(6.10307467213263,3.99814034893556,-8.48214004088679));
#4665=CARTESIAN_POINT('Ctrl Pts',(6.26265928857185,3.96103443593318,-9.10999717812528));
#4666=CARTESIAN_POINT('Ctrl Pts',(6.76490129925778,3.92392852293079,-9.65075711235443));
#4667=CARTESIAN_POINT('Ctrl Pts',(7.37927768754053,3.8868226099284,-9.85620646621654));
#4668=CARTESIAN_POINT('Ctrl Pts',(7.9936540758233,3.84971669692602,-10.0616558200787));
#4669=CARTESIAN_POINT('Ctrl Pts',(8.72016484170289,3.81261078392363,-9.93179459357374));
#4670=CARTESIAN_POINT('Ctrl Pts',(9.22532597548553,3.77550487092124,-9.52622956531874));
#4671=CARTESIAN_POINT('Ctrl Pts',(9.73048710926818,3.73839895791885,-9.12066453706374));
#4672=CARTESIAN_POINT('Ctrl Pts',(10.0142986109539,3.70129304491647,-8.43939570705866));
#4673=CARTESIAN_POINT('Ctrl Pts',(9.94649068143642,3.66418713191408,-7.79513468823786));
#4674=CARTESIAN_POINT('Ctrl Pts',(9.87868275191897,3.6270812189117,-7.15087366941706));
#4675=CARTESIAN_POINT('Ctrl Pts',(9.45925539119836,3.58997530590931,-6.54362046178054));
#4676=CARTESIAN_POINT('Ctrl Pts',(8.88072938640599,3.55286939290693,-6.25211166461268));
#4677=CARTESIAN_POINT('Ctrl Pts',(8.30220338161363,3.51576347990454,-5.96060286744482));
#4678=CARTESIAN_POINT('Ctrl Pts',(7.56457873274951,3.47865756690215,-5.98483848074561));
#4679=CARTESIAN_POINT('Ctrl Pts',(7.00643534913719,3.44155165389976,-6.31369420860999));
#4680=CARTESIAN_POINT('Ctrl Pts',(6.44829196552486,3.40444574089738,-6.64254993647437));
#4681=CARTESIAN_POINT('Ctrl Pts',(6.06962984716432,3.36733982789499,-7.27602577890233));
#4682=CARTESIAN_POINT('Ctrl Pts',(6.04425925607103,3.3302339148926,-7.92334822823282));
#4683=CARTESIAN_POINT('Ctrl Pts',(6.04326459958335,3.32877917396981,-7.9487265677234));
#4684=CARTESIAN_POINT('Ctrl Pts',(6.04281296617749,3.32732443304702,-7.97412618999767));
#4685=CARTESIAN_POINT('Ctrl Pts',(6.04289528557222,3.32586969212423,-7.99952880711834));
#4686=CARTESIAN_POINT('Ctrl Pts',(6.04279409710294,3.22413030787577,-7.99975731268394));
#4687=CARTESIAN_POINT('Ctrl Pts',(6.04277149028924,3.22487179863157,-7.98681121684306));
#4688=CARTESIAN_POINT('Ctrl Pts',(6.04288879408544,3.22561328938738,-7.97386554164229));
#4689=CARTESIAN_POINT('Ctrl Pts',(6.04314725588714,3.22635478014319,-7.96092268529455));
#4690=CARTESIAN_POINT('Ctrl Pts',(6.05608128244565,3.26346069314558,-7.31323220786126));
#4691=CARTESIAN_POINT('Ctrl Pts',(6.4225078671591,3.30056660614797,-6.67260079565953));
#4692=CARTESIAN_POINT('Ctrl Pts',(6.97423262759119,3.33767251915035,-6.33308636728934));
#4693=CARTESIAN_POINT('Ctrl Pts',(7.52595738802329,3.37477843215274,-5.99357193891915));
#4694=CARTESIAN_POINT('Ctrl Pts',(8.26298032417402,3.41188434515513,-5.95517449438049));
#4695=CARTESIAN_POINT('Ctrl Pts',(8.84699846673026,3.44899025815751,-6.23551894804573));
#4696=CARTESIAN_POINT('Ctrl Pts',(9.4310166092865,3.4860961711599,-6.51586340171098));
#4697=CARTESIAN_POINT('Ctrl Pts',(9.86202995824824,3.52320208416229,-7.11494975358012));
#4698=CARTESIAN_POINT('Ctrl Pts',(9.94219815947962,3.56030799716467,-7.75778978990431));
#4699=CARTESIAN_POINT('Ctrl Pts',(10.022366360711,3.59741391016706,-8.40062982622849));
#4700=CARTESIAN_POINT('Ctrl Pts',(9.75168941421203,3.63451982316944,-9.08722354700772));
#4701=CARTESIAN_POINT('Ctrl Pts',(9.25441101949984,3.67162573617183,-9.50241573819777));
#4702=CARTESIAN_POINT('Ctrl Pts',(8.75713262478765,3.70873164917422,-9.91760792938781));
#4703=CARTESIAN_POINT('Ctrl Pts',(8.03325278186224,3.7458375621766,-10.0613985909887));
#4704=CARTESIAN_POINT('Ctrl Pts',(7.41504236528011,3.78294347517899,-9.86778600679176));
#4705=CARTESIAN_POINT('Ctrl Pts',(6.79683194869798,3.82004938818138,-9.67417342259483));
#4706=CARTESIAN_POINT('Ctrl Pts',(6.28429095845913,3.85715530118376,-9.14315759260009));
#4707=CARTESIAN_POINT('Ctrl Pts',(6.11268050462825,3.89426121418615,-8.51848146839902));
#4708=CARTESIAN_POINT('Ctrl Pts',(6.06663349748176,3.90421757874936,-8.35086658647773));
#4709=CARTESIAN_POINT('Ctrl Pts',(6.04513251908578,3.91417394331256,-8.17650842981611));
#4710=CARTESIAN_POINT('Ctrl Pts',(6.04667619949876,3.92413030787577,-8.00177679606119));
#4711=CARTESIAN_POINT('Origin',(8.,0.,-8.));
#4712=CARTESIAN_POINT('',(6.04880534357337,4.72586969212423,-7.99953958610211));
#4713=CARTESIAN_POINT('',(6.04899555007916,4.62413030787577,-7.99939886830809));
#4714=CARTESIAN_POINT('',(6.046,0.,-8.));
#4715=CARTESIAN_POINT('Ctrl Pts',(6.04880534357337,4.72586969212423,-7.99953958610211));
#4716=CARTESIAN_POINT('Ctrl Pts',(6.0496089860346,4.70592872240899,-8.35064186345525));
#4717=CARTESIAN_POINT('Ctrl Pts',(6.14022004870899,4.68598775269376,-8.70206856619841));
#4718=CARTESIAN_POINT('Ctrl Pts',(6.31840669626721,4.66604678297852,-9.00123221066926));
#4719=CARTESIAN_POINT('Ctrl Pts',(6.6499742347019,4.62894086997613,-9.5579122680453));
#4720=CARTESIAN_POINT('Ctrl Pts',(7.28477496868412,4.59183495697374,-9.93362985523031));
#4721=CARTESIAN_POINT('Ctrl Pts',(7.93211196443854,4.55472904397136,-9.9560497224458));
#4722=CARTESIAN_POINT('Ctrl Pts',(8.57944896019297,4.51762313096897,-9.97846958966128));
#4723=CARTESIAN_POINT('Ctrl Pts',(9.2393222177196,4.48051721796659,-9.64759173690722));
#4724=CARTESIAN_POINT('Ctrl Pts',(9.6084921775309,4.4434113049642,-9.11522943496787));
#4725=CARTESIAN_POINT('Ctrl Pts',(9.9776621373422,4.40630539196182,-8.58286713302852));
#4726=CARTESIAN_POINT('Ctrl Pts',(10.0561287994382,4.36919947895943,-7.84902038190388));
#4727=CARTESIAN_POINT('Ctrl Pts',(9.80805408791394,4.33209356595704,-7.25056692142636));
#4728=CARTESIAN_POINT('Ctrl Pts',(9.55997937638972,4.29498765295465,-6.65211346094884));
#4729=CARTESIAN_POINT('Ctrl Pts',(8.98536329124533,4.25788173995227,-6.18905329111846));
#4730=CARTESIAN_POINT('Ctrl Pts',(8.34786998287438,4.22077582694988,-6.07392005651402));
#4731=CARTESIAN_POINT('Ctrl Pts',(7.71037667450343,4.1836699139475,-5.95878682190959));
#4732=CARTESIAN_POINT('Ctrl Pts',(7.01000614290592,4.14656400094511,-6.19158052253112));
#4733=CARTESIAN_POINT('Ctrl Pts',(6.56828448820342,4.10945808794272,-6.6654545429658));
#4734=CARTESIAN_POINT('Ctrl Pts',(6.23659607228529,4.08159528933656,-7.0212861430457));
#4735=CARTESIAN_POINT('Ctrl Pts',(6.05074670569817,4.05373249073039,-7.51305076969055));
#4736=CARTESIAN_POINT('Ctrl Pts',(6.04630510229176,4.02586969212423,-8.00179998327598));
#4737=CARTESIAN_POINT('Ctrl Pts',(6.04667619949876,3.92413030787577,-8.00177679606119));
#4738=CARTESIAN_POINT('Ctrl Pts',(6.05088558997263,3.95127985631495,-7.52530921350428));
#4739=CARTESIAN_POINT('Ctrl Pts',(6.2264488526758,3.97842940475413,-7.04606455593594));
#4740=CARTESIAN_POINT('Ctrl Pts',(6.54292398789789,4.00557895319331,-6.69319778560968));
#4741=CARTESIAN_POINT('Ctrl Pts',(6.97545784242132,4.0426848661957,-6.2109266454288));
#4742=CARTESIAN_POINT('Ctrl Pts',(7.6712054688911,4.07979077919808,-5.96472078347446));
#4743=CARTESIAN_POINT('Ctrl Pts',(8.31080347538044,4.11689669220047,-6.06759167605554));
#4744=CARTESIAN_POINT('Ctrl Pts',(8.95040148186977,4.15400260520285,-6.17046256863662));
#4745=CARTESIAN_POINT('Ctrl Pts',(9.53384986837865,4.19110851820524,-6.62241021575313));
#4746=CARTESIAN_POINT('Ctrl Pts',(9.79335097574825,4.22821443120763,-7.21598518167661));
#4747=CARTESIAN_POINT('Ctrl Pts',(10.0528520831178,4.26532034421002,-7.80956014760008));
#4748=CARTESIAN_POINT('Ctrl Pts',(9.98840591134816,4.3024262572124,-8.54476243233053));
#4749=CARTESIAN_POINT('Ctrl Pts',(9.62956962899492,4.33953217021479,-9.08412438990727));
#4750=CARTESIAN_POINT('Ctrl Pts',(9.27073334664168,4.37663808321717,-9.62348634748402));
#4751=CARTESIAN_POINT('Ctrl Pts',(8.61750695370488,4.41374399621956,-9.96700797790707));
#4752=CARTESIAN_POINT('Ctrl Pts',(7.96977728822401,4.45084990922195,-9.95700946898302));
#4753=CARTESIAN_POINT('Ctrl Pts',(7.32204762274314,4.48795582222434,-9.94701096005897));
#4754=CARTESIAN_POINT('Ctrl Pts',(6.6798146847182,4.52506173522672,-9.58349231178782));
#4755=CARTESIAN_POINT('Ctrl Pts',(6.33777858431976,4.56216764822911,-9.03331130662718));
#4756=CARTESIAN_POINT('Ctrl Pts',(6.14739143969319,4.58282186811133,-8.72706471312932));
#4757=CARTESIAN_POINT('Ctrl Pts',(6.05001596916522,4.60347608799355,-8.36298347206237));
#4758=CARTESIAN_POINT('Ctrl Pts',(6.04899555007916,4.62413030787577,-7.99939886830809));
#4759=CARTESIAN_POINT('Origin',(8.,-0.294056225603703,-8.));
#4760=CARTESIAN_POINT('',(6.44673322002476,4.9559437743963,-7.99963348320462));
#4761=CARTESIAN_POINT('',(6.4445,5.,-7.99999999999999));
#4762=CARTESIAN_POINT('',(6.4445,-0.294056225603703,-7.99999999999999));
#4763=CARTESIAN_POINT('',(6.56454700114138,5.,-7.40078806915434));
#4764=CARTESIAN_POINT('Ctrl Pts',(6.44673322002476,4.9559437743963,-7.99963348320462));
#4765=CARTESIAN_POINT('Ctrl Pts',(6.44626208207262,4.97062918293087,-7.7937986550008));
#4766=CARTESIAN_POINT('Ctrl Pts',(6.48456463956624,4.98531459146543,-7.5881038950813));
#4767=CARTESIAN_POINT('Ctrl Pts',(6.56235051419391,5.,-7.39926962114451));
#4768=CARTESIAN_POINT('Origin',(8.,5.,-8.));
#4769=CARTESIAN_POINT('Origin',(8.,-0.294056225603703,-8.));
#4770=CARTESIAN_POINT('',(6.44474287953676,4.25594377439629,-8.00143289354443));
#4771=CARTESIAN_POINT('',(6.44688463569505,4.3940562256037,-7.99952146348679));
#4772=CARTESIAN_POINT('',(6.4445,-0.294056225603703,-7.99999999999999));
#4773=CARTESIAN_POINT('Ctrl Pts',(6.44474287953676,4.25594377439629,-8.00143289354443));
#4774=CARTESIAN_POINT('Ctrl Pts',(6.44827865952584,4.28380657300246,-7.61235950473576));
#4775=CARTESIAN_POINT('Ctrl Pts',(6.79325241761386,4.34877528461101,-6.69954557125966));
#4776=CARTESIAN_POINT('Ctrl Pts',(8.3269791602303,4.45084990922194,-6.18975552720757));
#4777=CARTESIAN_POINT('Ctrl Pts',(9.69926470850375,4.56216764822911,-7.29562568202513));
#4778=CARTESIAN_POINT('Ctrl Pts',(9.51187234480323,4.67348538723626,-9.048182419038));
#4779=CARTESIAN_POINT('Ctrl Pts',(7.93597748490148,4.78480312624343,-9.83837765950719));
#4780=CARTESIAN_POINT('Ctrl Pts',(6.65372669720625,4.87895592196343,-9.07945577059136));
#4781=CARTESIAN_POINT('Ctrl Pts',(6.44737296713245,4.93600280468106,-8.27913173930637));
#4782=CARTESIAN_POINT('Ctrl Pts',(6.44673322002476,4.9559437743963,-7.99963348320462));
#4783=CARTESIAN_POINT('',(6.96668984977038,5.,-9.16269100943993));
#4784=CARTESIAN_POINT('Origin',(8.,5.,-8.));
#4785=CARTESIAN_POINT('Ctrl Pts',(6.44688463569505,4.3940562256037,-7.9995214634868));
#4786=CARTESIAN_POINT('Ctrl Pts',(6.44623760358637,4.41050791872387,-7.7689780367074));
#4787=CARTESIAN_POINT('Ctrl Pts',(6.6025600162633,4.46406552484643,-7.01927283464011));
#4788=CARTESIAN_POINT('Ctrl Pts',(7.76440084929733,4.55472904397136,-6.17565786616229));
#4789=CARTESIAN_POINT('Ctrl Pts',(9.40609118144137,4.66604678297852,-6.81462773645418));
#4790=CARTESIAN_POINT('Ctrl Pts',(9.75914932174036,4.77736452198568,-8.54183717613414));
#4791=CARTESIAN_POINT('Ctrl Pts',(8.49281717845631,4.88868226099284,-9.77160480146442));
#4792=CARTESIAN_POINT('Ctrl Pts',(7.35393792214567,4.96289408699761,-9.50684724750613));
#4793=CARTESIAN_POINT('Ctrl Pts',(6.96668984977038,5.,-9.16269100943993));
#4794=CARTESIAN_POINT('Origin',(8.,-0.294056225603703,-8.));
#4795=CARTESIAN_POINT('',(6.44202846300286,3.55594377439629,-7.99962490249368));
#4796=CARTESIAN_POINT('',(6.44503829494387,3.6940562256037,-8.00141443514492));
#4797=CARTESIAN_POINT('',(6.4445,-0.294056225603703,-7.99999999999999));
#4798=CARTESIAN_POINT('Ctrl Pts',(6.44202846300286,3.55594377439629,-7.99962490249368));
#4799=CARTESIAN_POINT('Ctrl Pts',(6.44196293187773,3.55739851531909,-7.97940291122897));
#4800=CARTESIAN_POINT('Ctrl Pts',(6.45149287367129,3.59595916924426,-7.44344405896246));
#4801=CARTESIAN_POINT('Ctrl Pts',(7.0661858124277,3.67162573617183,-6.41510478673961));
#4802=CARTESIAN_POINT('Ctrl Pts',(8.82776484207172,3.78294347517899,-6.35722582590635));
#4803=CARTESIAN_POINT('Ctrl Pts',(9.82943207789705,3.89426121418615,-7.80745463523893));
#4804=CARTESIAN_POINT('Ctrl Pts',(9.15163966611799,4.00557895319331,-9.43444593268963));
#4805=CARTESIAN_POINT('Ctrl Pts',(7.41660256838148,4.11689669220047,-9.74457766937603));
#4806=CARTESIAN_POINT('Ctrl Pts',(6.51737953564466,4.20035163260146,-8.77639146094635));
#4807=CARTESIAN_POINT('Ctrl Pts',(6.44356993135662,4.24670066000007,-8.13050283702415));
#4808=CARTESIAN_POINT('Ctrl Pts',(6.44474287953676,4.25594377439629,-8.00143289354443));
#4809=CARTESIAN_POINT('Ctrl Pts',(6.44503829494387,3.6940562256037,-8.00141443514492));
#4810=CARTESIAN_POINT('Ctrl Pts',(6.44838921965324,3.72120577404288,-7.62211795373895));
#4811=CARTESIAN_POINT('Ctrl Pts',(6.77915954119762,3.78546123548445,-6.71919608363038));
#4812=CARTESIAN_POINT('Ctrl Pts',(8.29211644822613,3.8868226099284,-6.18380243624593));
#4813=CARTESIAN_POINT('Ctrl Pts',(9.6854951051574,3.99814034893556,-7.26313390772453));
#4814=CARTESIAN_POINT('Ctrl Pts',(9.53158616935226,4.10945808794272,-9.01892790040345));
#4815=CARTESIAN_POINT('Ctrl Pts',(7.97156520587244,4.22077582694989,-9.83931873375511));
#4816=CARTESIAN_POINT('Ctrl Pts',(6.66447455439118,4.31564187283687,-9.09947529275136));
#4817=CARTESIAN_POINT('Ctrl Pts',(6.44769694986515,4.37340200572148,-8.28895639242221));
#4818=CARTESIAN_POINT('Ctrl Pts',(6.44688463569505,4.3940562256037,-7.9995214634868));
#4819=CARTESIAN_POINT('Origin',(8.,-0.294056225603703,-8.));
#4820=CARTESIAN_POINT('',(6.44587329185332,2.85594377439629,-7.9987631523086));
#4821=CARTESIAN_POINT('',(6.44194791097422,2.9940562256037,-7.99980680648917));
#4822=CARTESIAN_POINT('',(6.4445,-0.294056225603703,-7.99999999999999));
#4823=CARTESIAN_POINT('Ctrl Pts',(6.44587329185332,2.85594377439629,-7.9987631523086));
#4824=CARTESIAN_POINT('Ctrl Pts',(6.44461192966453,2.8680963706381,-7.82875297193869));
#4825=CARTESIAN_POINT('Ctrl Pts',(6.54879015884564,2.91735487988229,-7.14114839242954));
#4826=CARTESIAN_POINT('Ctrl Pts',(7.55493938133134,3.00371930212888,-6.21511295426614));
#4827=CARTESIAN_POINT('Ctrl Pts',(9.26037272757633,3.11503704113603,-6.66008901194593));
#4828=CARTESIAN_POINT('Ctrl Pts',(9.80875197458324,3.2263547801432,-8.33513730732274));
#4829=CARTESIAN_POINT('Ctrl Pts',(8.69665122328243,3.33767251915035,-9.70252106542555));
#4830=CARTESIAN_POINT('Ctrl Pts',(6.96789796203675,3.44753551723472,-9.50950320458996));
#4831=CARTESIAN_POINT('Ctrl Pts',(6.44363442691155,3.5202926023167,-8.49520296665258));
#4832=CARTESIAN_POINT('Ctrl Pts',(6.44202846300286,3.55594377439629,-7.99962490249368));
#4833=CARTESIAN_POINT('Ctrl Pts',(6.44194791097422,2.9940562256037,-7.99980680648917));
#4834=CARTESIAN_POINT('Ctrl Pts',(6.44192991460845,2.99479771635951,-7.98950094564962));
#4835=CARTESIAN_POINT('Ctrl Pts',(6.44669628595786,3.0326451201177,-7.46348305555204));
#4836=CARTESIAN_POINT('Ctrl Pts',(7.03591992829465,3.10759843687829,-6.43333079629919));
#4837=CARTESIAN_POINT('Ctrl Pts',(8.79606196081638,3.21891617588544,-6.34163086030141));
#4838=CARTESIAN_POINT('Ctrl Pts',(9.82539859998213,3.3302339148926,-7.77235576357541));
#4839=CARTESIAN_POINT('Ctrl Pts',(9.17897384520352,3.44155165389977,-9.41206384853766));
#4840=CARTESIAN_POINT('Ctrl Pts',(7.45021986003901,3.55286939290692,-9.75546155701283));
#4841=CARTESIAN_POINT('Ctrl Pts',(6.52471452072237,3.6370375834749,-8.79659583645307));
#4842=CARTESIAN_POINT('Ctrl Pts',(6.44380943369393,3.6840998610405,-8.14051118862792));
#4843=CARTESIAN_POINT('Ctrl Pts',(6.44503829494387,3.6940562256037,-8.00141443514492));
#4844=CARTESIAN_POINT('Origin',(8.,-0.294056225603703,-8.));
#4845=CARTESIAN_POINT('',(6.44650412979518,2.15594377439629,-8.0009210273661));
#4846=CARTESIAN_POINT('',(6.4456178393306,2.2940562256037,-7.99868654471402));
#4847=CARTESIAN_POINT('',(6.4445,-0.294056225603703,-7.99999999999999));
#4848=CARTESIAN_POINT('Ctrl Pts',(6.44650412979518,2.15594377439629,-8.0009210273661));
#4849=CARTESIAN_POINT('Ctrl Pts',(6.44822237260831,2.17879422595712,-7.68092538343898));
#4850=CARTESIAN_POINT('Ctrl Pts',(6.70050779930082,2.23875059052032,-6.83881487991943));
#4851=CARTESIAN_POINT('Ctrl Pts',(8.08037157421463,2.33581286808591,-6.16221985667817));
#4852=CARTESIAN_POINT('Ctrl Pts',(9.58911044019904,2.44713060709307,-7.07337729917216));
#4853=CARTESIAN_POINT('Ctrl Pts',(9.63900636715349,2.55844834610023,-8.83520051625781));
#4854=CARTESIAN_POINT('Ctrl Pts',(8.18425263003596,2.66976608510739,-9.83028714476269));
#4855=CARTESIAN_POINT('Ctrl Pts',(6.73763244791083,2.76893122787275,-9.21992399693482));
#4856=CARTESIAN_POINT('Ctrl Pts',(6.44846328740822,2.83099045763571,-8.3478505241658));
#4857=CARTESIAN_POINT('Ctrl Pts',(6.44587329185332,2.85594377439629,-7.9987631523086));
#4858=CARTESIAN_POINT('Ctrl Pts',(6.4456178393306,2.2940562256037,-7.99868654471402));
#4859=CARTESIAN_POINT('Ctrl Pts',(6.44434259648241,2.30549557167852,-7.83872059653475));
#4860=CARTESIAN_POINT('Ctrl Pts',(6.54072390696388,2.35404083075573,-7.16137116013806));
#4861=CARTESIAN_POINT('Ctrl Pts',(7.52074234591165,2.43969200283533,-6.22398928826658));
#4862=CARTESIAN_POINT('Ctrl Pts',(9.23440733631738,2.55100974184249,-6.63612999995996));
#4863=CARTESIAN_POINT('Ctrl Pts',(9.81485529108142,2.66232748084965,-8.30033822753303));
#4864=CARTESIAN_POINT('Ctrl Pts',(8.72922009592554,2.77364521985681,-9.68882818768485));
#4865=CARTESIAN_POINT('Ctrl Pts',(6.98583303488229,2.88422146810816,-9.52800961946559));
#4866=CARTESIAN_POINT('Ctrl Pts',(6.44283049438955,2.95769180335712,-8.50523006665587));
#4867=CARTESIAN_POINT('Ctrl Pts',(6.44194791097422,2.9940562256037,-7.99980680648917));
#4868=CARTESIAN_POINT('Origin',(8.,-0.294056225603703,-8.));
#4869=CARTESIAN_POINT('',(6.44253070516811,1.45594377439629,-8.00095211160988));
#4870=CARTESIAN_POINT('',(6.44667296777242,1.5940562256037,-8.00079599575078));
#4871=CARTESIAN_POINT('',(6.4445,-0.294056225603703,-7.99999999999999));
#4872=CARTESIAN_POINT('Ctrl Pts',(6.44253070516811,1.45594377439629,-8.00095211160988));
#4873=CARTESIAN_POINT('Ctrl Pts',(6.44563086424164,1.48949208127613,-7.53425479549504));
#4874=CARTESIAN_POINT('Ctrl Pts',(6.91691169539533,1.56014630115835,-6.54561747769777));
#4875=CARTESIAN_POINT('Ctrl Pts',(8.59919939674995,1.66790643404296,-6.26086118658591));
#4876=CARTESIAN_POINT('Ctrl Pts',(9.78687537484194,1.77922417305012,-7.56299105583073));
#4877=CARTESIAN_POINT('Ctrl Pts',(9.3341908525827,1.89054191205728,-9.26645312095621));
#4878=CARTESIAN_POINT('Ctrl Pts',(7.65666672402605,2.00185965106444,-9.80720376776696));
#4879=CARTESIAN_POINT('Ctrl Pts',(6.57398861294336,2.09032693851077,-8.91848409012418));
#4880=CARTESIAN_POINT('Ctrl Pts',(6.44543218843312,2.14168831295473,-8.20055321193499));
#4881=CARTESIAN_POINT('Ctrl Pts',(6.44650412979518,2.15594377439629,-8.0009210273661));
#4882=CARTESIAN_POINT('Ctrl Pts',(6.44667296777242,1.5940562256037,-8.00079599575078));
#4883=CARTESIAN_POINT('Ctrl Pts',(6.44808519395671,1.61619342699754,-7.6907023997306));
#4884=CARTESIAN_POINT('Ctrl Pts',(6.68848248044713,1.67543654139376,-6.85880636847338));
#4885=CARTESIAN_POINT('Ctrl Pts',(8.04506590997468,1.77178556879237,-6.16102353163151));
#4886=CARTESIAN_POINT('Ctrl Pts',(9.57101976499578,1.88310330779953,-7.04302429085002));
#4887=CARTESIAN_POINT('Ctrl Pts',(9.65474576645697,1.99442104680669,-8.80357160242625));
#4888=CARTESIAN_POINT('Ctrl Pts',(8.21936914744515,2.10573878581385,-9.82641029110128));
#4889=CARTESIAN_POINT('Ctrl Pts',(6.75080669810401,2.20561717874619,-9.23975432500213));
#4890=CARTESIAN_POINT('Ctrl Pts',(6.44847911354137,2.26838965867614,-8.35760362688112));
#4891=CARTESIAN_POINT('Ctrl Pts',(6.4456178393306,2.2940562256037,-7.99868654471402));
#4892=CARTESIAN_POINT('Origin',(5.00853975892844,0.,-7.));
#4893=CARTESIAN_POINT('',(5.70871215252208,0.5,-7.));
#4894=CARTESIAN_POINT('',(5.70871215252208,0.,-7.));
#4895=CARTESIAN_POINT('',(5.70871215252208,0.,-7.));
#4896=CARTESIAN_POINT('',(10.2912878474779,0.5,-7.));
#4897=CARTESIAN_POINT('',(5.00853975892844,0.5,-7.));
#4898=CARTESIAN_POINT('',(10.2912878474779,0.,-7.));
#4899=CARTESIAN_POINT('',(10.2912878474779,0.,-7.));
#4900=CARTESIAN_POINT('',(6.50426987946422,0.,-7.));
#4901=CARTESIAN_POINT('Origin',(10.9914602410716,0.,-9.));
#4902=CARTESIAN_POINT('',(5.70871215252208,0.,-9.));
#4903=CARTESIAN_POINT('',(5.70871215252208,0.5,-9.));
#4904=CARTESIAN_POINT('',(5.70871215252208,0.,-9.));
#4905=CARTESIAN_POINT('',(10.2912878474779,0.,-9.));
#4906=CARTESIAN_POINT('',(9.49573012053578,0.,-9.));
#4907=CARTESIAN_POINT('',(10.2912878474779,0.5,-9.));
#4908=CARTESIAN_POINT('',(10.2912878474779,0.,-9.));
#4909=CARTESIAN_POINT('',(10.9914602410716,0.5,-9.));
#4910=CARTESIAN_POINT('Origin',(8.,0.5,-8.));
#4911=CARTESIAN_POINT('',(5.5,0.5,-8.));
#4912=CARTESIAN_POINT('Origin',(8.,0.5,-8.));
#4913=CARTESIAN_POINT('Origin',(8.,0.5,-8.));
#4914=CARTESIAN_POINT('Origin',(8.,0.5,-8.));
#4915=CARTESIAN_POINT('Origin',(8.,0.,-8.));
#4916=CARTESIAN_POINT('Origin',(8.,0.,-8.));
#4917=CARTESIAN_POINT('Origin',(8.,0.,-8.));
#4918=CARTESIAN_POINT('Origin',(8.,0.,-8.));
#4919=CARTESIAN_POINT('Ctrl Pts',(7.31417427087129,0.769925917727934,-9.39614588036676));
#4920=CARTESIAN_POINT('Ctrl Pts',(6.84917127649261,0.807031830730321,-9.16772346251526));
#4921=CARTESIAN_POINT('Ctrl Pts',(6.17355482578811,0.881243656735094,-8.21342532546892));
#4922=CARTESIAN_POINT('Ctrl Pts',(6.83339661510919,0.992561395742254,-6.57619158452343));
#4923=CARTESIAN_POINT('Ctrl Pts',(8.56591068264889,1.10387913474941,-6.25015860348007));
#4924=CARTESIAN_POINT('Ctrl Pts',(9.77803963642319,1.21519687375657,-7.52850638136296));
#4925=CARTESIAN_POINT('Ctrl Pts',(9.35832597500461,1.32651461276373,-9.24072355421941));
#4926=CARTESIAN_POINT('Ctrl Pts',(7.69140769720014,1.43783235177089,-9.81339959802023));
#4927=CARTESIAN_POINT('Ctrl Pts',(6.3079013647768,1.54915009077805,-8.72159833046881));
#4928=CARTESIAN_POINT('Ctrl Pts',(6.47772471072387,1.66046782978521,-6.9672133792351));
#4929=CARTESIAN_POINT('Ctrl Pts',(8.04506590997468,1.77178556879237,-6.16102353163151));
#4930=CARTESIAN_POINT('Ctrl Pts',(9.57101976499578,1.88310330779953,-7.04302429085002));
#4931=CARTESIAN_POINT('Ctrl Pts',(9.65474576645697,1.99442104680669,-8.80357160242625));
#4932=CARTESIAN_POINT('Ctrl Pts',(8.21936914744515,2.10573878581385,-9.82641029110128));
#4933=CARTESIAN_POINT('Ctrl Pts',(6.58260821595701,2.21705652482101,-9.17256300938281));
#4934=CARTESIAN_POINT('Ctrl Pts',(6.24704772901122,2.32837426382817,-7.44227069679259));
#4935=CARTESIAN_POINT('Ctrl Pts',(7.52074234591165,2.43969200283533,-6.22398928826658));
#4936=CARTESIAN_POINT('Ctrl Pts',(9.23440733631738,2.55100974184249,-6.63612999995996));
#4937=CARTESIAN_POINT('Ctrl Pts',(9.81485529108142,2.66232748084965,-8.30033822753303));
#4938=CARTESIAN_POINT('Ctrl Pts',(8.72922009592554,2.77364521985681,-9.68882818768485));
#4939=CARTESIAN_POINT('Ctrl Pts',(6.97414241044891,2.88496295886397,-9.52693121896292));
#4940=CARTESIAN_POINT('Ctrl Pts',(6.1608279848119,2.99628069787112,-7.96327270266528));
#4941=CARTESIAN_POINT('Ctrl Pts',(7.03591992829465,3.10759843687829,-6.43333079629919));
#4942=CARTESIAN_POINT('Ctrl Pts',(8.79606196081638,3.21891617588544,-6.34163086030141));
#4943=CARTESIAN_POINT('Ctrl Pts',(9.82539859998213,3.3302339148926,-7.77235576357541));
#4944=CARTESIAN_POINT('Ctrl Pts',(9.17897384520352,3.44155165389977,-9.41206384853766));
#4945=CARTESIAN_POINT('Ctrl Pts',(7.45021986003901,3.55286939290692,-9.75546155701283));
#4946=CARTESIAN_POINT('Ctrl Pts',(6.22618069373933,3.66418713191408,-8.48730118307709));
#4947=CARTESIAN_POINT('Ctrl Pts',(6.63054720619889,3.77550487092124,-6.77178588292451));
#4948=CARTESIAN_POINT('Ctrl Pts',(8.29211644822613,3.8868226099284,-6.18380243624593));
#4949=CARTESIAN_POINT('Ctrl Pts',(9.6854951051574,3.99814034893556,-7.26313390772453));
#4950=CARTESIAN_POINT('Ctrl Pts',(9.53158616935226,4.10945808794272,-9.01892790040345));
#4951=CARTESIAN_POINT('Ctrl Pts',(7.97156520587244,4.22077582694989,-9.83931873375511));
#4952=CARTESIAN_POINT('Ctrl Pts',(6.43779857061483,4.33209356595704,-8.97117146038904));
#4953=CARTESIAN_POINT('Ctrl Pts',(6.3378789597012,4.44341130496421,-7.21145828280105));
#4954=CARTESIAN_POINT('Ctrl Pts',(7.76440084929733,4.55472904397136,-6.17565786616229));
#4955=CARTESIAN_POINT('Ctrl Pts',(9.40609118144137,4.66604678297852,-6.81462773645418));
#4956=CARTESIAN_POINT('Ctrl Pts',(9.75914932174036,4.77736452198568,-8.54183717613414));
#4957=CARTESIAN_POINT('Ctrl Pts',(8.49281717845631,4.88868226099284,-9.77160480146442));
#4958=CARTESIAN_POINT('Ctrl Pts',(7.35393792214567,4.96289408699761,-9.50684724750613));
#4959=CARTESIAN_POINT('Ctrl Pts',(6.96668984977038,5.,-9.16269100943993));
#4960=CARTESIAN_POINT('Ctrl Pts',(7.25560756069068,0.84661727848529,-9.51537102412035));
#4961=CARTESIAN_POINT('Ctrl Pts',(6.75089521385087,0.883723191487676,-9.26744226671805));
#4962=CARTESIAN_POINT('Ctrl Pts',(6.01758388355658,0.957935017492447,-8.2316509747134));
#4963=CARTESIAN_POINT('Ctrl Pts',(6.73377346095106,1.06925275649961,-6.4546041734943));
#4964=CARTESIAN_POINT('Ctrl Pts',(8.6142371386728,1.18057049550677,-6.10072931032393));
#4965=CARTESIAN_POINT('Ctrl Pts',(9.9298769438516,1.29188823451393,-7.48824275615629));
#4966=CARTESIAN_POINT('Ctrl Pts',(9.47432145363726,1.40320597352109,-9.34667626746412));
#4967=CARTESIAN_POINT('Ctrl Pts',(7.66505517761036,1.51452371252825,-9.96825650144058));
#4968=CARTESIAN_POINT('Ctrl Pts',(6.16340306709408,1.62584145153541,-8.78321987438648));
#4969=CARTESIAN_POINT('Ctrl Pts',(6.34772863169749,1.73715919054257,-6.87901762902084));
#4970=CARTESIAN_POINT('Ctrl Pts',(8.04891435423161,1.84847692954972,-6.00398246816964));
#4971=CARTESIAN_POINT('Ctrl Pts',(9.70517842273729,1.95979466855689,-6.96130248219337));
#4972=CARTESIAN_POINT('Ctrl Pts',(9.79605428203249,2.07111240756405,-8.87219332825221));
#4973=CARTESIAN_POINT('Ctrl Pts',(8.23810237475831,2.18243014657121,-9.98237825445794));
#4974=CARTESIAN_POINT('Ctrl Pts',(6.46156875898902,2.29374788557836,-9.2726950910798));
#4975=CARTESIAN_POINT('Ctrl Pts',(6.09735277990826,2.40506562458553,-7.39464289708657));
#4976=CARTESIAN_POINT('Ctrl Pts',(7.47981570385565,2.51638336359268,-6.07232524270229));
#4977=CARTESIAN_POINT('Ctrl Pts',(9.33982067040558,2.62770110259984,-6.51966108428098));
#4978=CARTESIAN_POINT('Ctrl Pts',(9.96983650473103,2.739018841607,-8.32598588287899));
#4979=CARTESIAN_POINT('Ctrl Pts',(8.79149250741732,2.85033658061416,-9.83304720253376));
#4980=CARTESIAN_POINT('Ctrl Pts',(6.88653837113977,2.96165431962132,-9.6573248953278));
#4981=CARTESIAN_POINT('Ctrl Pts',(6.003770222452,3.07297205862848,-7.96013634179784));
#4982=CARTESIAN_POINT('Ctrl Pts',(6.95359143615395,3.18428979763564,-6.2995436586854));
#4983=CARTESIAN_POINT('Ctrl Pts',(8.86404239398584,3.29560753664281,-6.20001292348155));
#4984=CARTESIAN_POINT('Ctrl Pts',(9.98128016905808,3.40692527564996,-7.75291587753336));
#4985=CARTESIAN_POINT('Ctrl Pts',(9.27965338604002,3.51824301465712,-9.53264832162076));
#4986=CARTESIAN_POINT('Ctrl Pts',(7.40327088633829,3.62956075366428,-9.90537078887174));
#4987=CARTESIAN_POINT('Ctrl Pts',(6.07470378523297,3.74087849267144,-8.52891470958651));
#4988=CARTESIAN_POINT('Ctrl Pts',(6.51360154278312,3.8521962316786,-6.66690142441072));
#4989=CARTESIAN_POINT('Ctrl Pts',(8.31706199727103,3.96351397068576,-6.02870659800399));
#4990=CARTESIAN_POINT('Ctrl Pts',(9.82942948840078,4.07483170969292,-7.20020855943957));
#4991=CARTESIAN_POINT('Ctrl Pts',(9.66237735942767,4.18614944870008,-9.10594017262262));
#4992=CARTESIAN_POINT('Ctrl Pts',(7.96913699083765,4.29746718770724,-9.99638902528012));
#4993=CARTESIAN_POINT('Ctrl Pts',(6.30439296264096,4.4087849267144,-9.05410552809825));
#4994=CARTESIAN_POINT('Ctrl Pts',(6.19594062592663,4.52010266572155,-7.14412004765613));
#4995=CARTESIAN_POINT('Ctrl Pts',(7.74428164613542,4.63142040472872,-6.01986651497096));
#4996=CARTESIAN_POINT('Ctrl Pts',(9.52616561320059,4.74273814373587,-6.71340179687998));
#4997=CARTESIAN_POINT('Ctrl Pts',(9.90937347361296,4.85405588274303,-8.58810785323464));
#4998=CARTESIAN_POINT('Ctrl Pts',(8.53490174839414,4.9653736217502,-9.92289260032515));
#4999=CARTESIAN_POINT('Ctrl Pts',(7.29876686503114,5.03958544775497,-9.63552583491237));
#5000=CARTESIAN_POINT('Ctrl Pts',(6.87844939228265,5.07669136075735,-9.26198006274793));
#5001=CARTESIAN_POINT('Ctrl Pts',(7.19704085051008,0.923308639242645,-9.63459616787395));
#5002=CARTESIAN_POINT('Ctrl Pts',(6.65261915120913,0.960414552245031,-9.36716107092084));
#5003=CARTESIAN_POINT('Ctrl Pts',(5.86161294132504,1.0346263782498,-8.24987662395788));
#5004=CARTESIAN_POINT('Ctrl Pts',(6.63415030679291,1.14594411725697,-6.33301676246519));
#5005=CARTESIAN_POINT('Ctrl Pts',(8.66256359469671,1.25726185626412,-5.95130001716776));
#5006=CARTESIAN_POINT('Ctrl Pts',(10.08171425128,1.36857959527128,-7.44797913094965));
#5007=CARTESIAN_POINT('Ctrl Pts',(9.59031693226992,1.47989733427844,-9.45262898070882));
#5008=CARTESIAN_POINT('Ctrl Pts',(7.63870265802059,1.5912150732856,-10.1231134048609));
#5009=CARTESIAN_POINT('Ctrl Pts',(6.01890476941133,1.70253281229276,-8.84484141830415));
#5010=CARTESIAN_POINT('Ctrl Pts',(6.21773255267115,1.81385055129992,-6.79082187880659));
#5011=CARTESIAN_POINT('Ctrl Pts',(8.05276279848851,1.92516829030708,-5.84694140470776));
#5012=CARTESIAN_POINT('Ctrl Pts',(9.83933708047882,2.03648602931424,-6.87958067353672));
#5013=CARTESIAN_POINT('Ctrl Pts',(9.93736279760799,2.1478037683214,-8.94081505407818));
#5014=CARTESIAN_POINT('Ctrl Pts',(8.25683560207148,2.25912150732856,-10.1383462178146));
#5015=CARTESIAN_POINT('Ctrl Pts',(6.34052930202103,2.37043924633572,-9.37282717277681));
#5016=CARTESIAN_POINT('Ctrl Pts',(5.94765783080527,2.48175698534288,-7.34701509738055));
#5017=CARTESIAN_POINT('Ctrl Pts',(7.43888906179969,2.59307472435004,-5.920661197138));
#5018=CARTESIAN_POINT('Ctrl Pts',(9.44523400449374,2.7043924633572,-6.403192168602));
#5019=CARTESIAN_POINT('Ctrl Pts',(10.1248177183807,2.81571020236436,-8.35163353822495));
#5020=CARTESIAN_POINT('Ctrl Pts',(8.85376491890908,2.92702794137152,-9.97726621738266));
#5021=CARTESIAN_POINT('Ctrl Pts',(6.79893433183063,3.03834568037868,-9.78771857169269));
#5022=CARTESIAN_POINT('Ctrl Pts',(5.84671246009211,3.14966341938584,-7.95699998093041));
#5023=CARTESIAN_POINT('Ctrl Pts',(6.87126294401324,3.260981158393,-6.16575652107161));
#5024=CARTESIAN_POINT('Ctrl Pts',(8.93202282715531,3.37229889740015,-6.05839498666168));
#5025=CARTESIAN_POINT('Ctrl Pts',(10.137161738134,3.48361663640732,-7.73347599149132));
#5026=CARTESIAN_POINT('Ctrl Pts',(9.38033292687655,3.59493437541448,-9.65323279470384));
#5027=CARTESIAN_POINT('Ctrl Pts',(7.35632191263756,3.70625211442164,-10.0552800207307));
#5028=CARTESIAN_POINT('Ctrl Pts',(5.92322687672662,3.8175698534288,-8.57052823609593));
#5029=CARTESIAN_POINT('Ctrl Pts',(6.39665587936733,3.92888759243595,-6.56201696589694));
#5030=CARTESIAN_POINT('Ctrl Pts',(8.34200754631596,4.04020533144311,-5.87361075976205));
#5031=CARTESIAN_POINT('Ctrl Pts',(9.97336387164415,4.15152307045028,-7.13728321115461));
#5032=CARTESIAN_POINT('Ctrl Pts',(9.79316854950308,4.26284080945743,-9.19295244484178));
#5033=CARTESIAN_POINT('Ctrl Pts',(7.96670877580286,4.3741585484646,-10.1534593168051));
#5034=CARTESIAN_POINT('Ctrl Pts',(6.17098735466712,4.48547628747175,-9.13703959580745));
#5035=CARTESIAN_POINT('Ctrl Pts',(6.05400229215203,4.59679402647891,-7.07678181251122));
#5036=CARTESIAN_POINT('Ctrl Pts',(7.72416244297353,4.70811176548607,-5.86407516377963));
#5037=CARTESIAN_POINT('Ctrl Pts',(9.64624004495979,4.81942950449323,-6.61217585730578));
#5038=CARTESIAN_POINT('Ctrl Pts',(10.0595976254856,4.93074724350039,-8.63437853033512));
#5039=CARTESIAN_POINT('Ctrl Pts',(8.57698631833195,5.04206498250755,-10.0741803991859));
#5040=CARTESIAN_POINT('Ctrl Pts',(7.24359580791661,5.11627680851232,-9.7642044223186));
#5041=CARTESIAN_POINT('Ctrl Pts',(6.79020893479491,5.15338272151471,-9.36126911605594));
#5042=CARTESIAN_POINT('Ctrl Pts',(7.13847414032948,1.,-9.75382131162755));
#5043=CARTESIAN_POINT('Ctrl Pts',(6.55434308856738,1.03710591300239,-9.46687987512363));
#5044=CARTESIAN_POINT('Ctrl Pts',(5.70564199909351,1.11131773900716,-8.26810227320237));
#5045=CARTESIAN_POINT('Ctrl Pts',(6.53452715263476,1.22263547801432,-6.21142935143606));
#5046=CARTESIAN_POINT('Ctrl Pts',(8.71089005072063,1.33395321702148,-5.80187072401162));
#5047=CARTESIAN_POINT('Ctrl Pts',(10.2335515587084,1.44527095602864,-7.40771550574298));
#5048=CARTESIAN_POINT('Ctrl Pts',(9.7063124109026,1.5565886950358,-9.55858169395353));
#5049=CARTESIAN_POINT('Ctrl Pts',(7.61235013843079,1.66790643404296,-10.2779703082813));
#5050=CARTESIAN_POINT('Ctrl Pts',(5.87440647172861,1.77922417305012,-8.90646296222182));
#5051=CARTESIAN_POINT('Ctrl Pts',(6.08773647364477,1.89054191205728,-6.70262612859234));
#5052=CARTESIAN_POINT('Ctrl Pts',(8.05661124274543,2.00185965106444,-5.68990034124588));
#5053=CARTESIAN_POINT('Ctrl Pts',(9.97349573822035,2.1131773900716,-6.79785886488007));
#5054=CARTESIAN_POINT('Ctrl Pts',(10.0786713131835,2.22449512907875,-9.00943677990415));
#5055=CARTESIAN_POINT('Ctrl Pts',(8.27556882938465,2.33581286808592,-10.2943141811712));
#5056=CARTESIAN_POINT('Ctrl Pts',(6.21948984505303,2.44713060709307,-9.47295925447382));
#5057=CARTESIAN_POINT('Ctrl Pts',(5.79796288170231,2.55844834610024,-7.29938729767451));
#5058=CARTESIAN_POINT('Ctrl Pts',(7.3979624197437,2.66976608510739,-5.76899715157371));
#5059=CARTESIAN_POINT('Ctrl Pts',(9.55064733858192,2.78108382411455,-6.28672325292302));
#5060=CARTESIAN_POINT('Ctrl Pts',(10.2797989320303,2.89240156312171,-8.37728119357091));
#5061=CARTESIAN_POINT('Ctrl Pts',(8.91603733040084,3.00371930212887,-10.1214852322316));
#5062=CARTESIAN_POINT('Ctrl Pts',(6.71133029252149,3.11503704113604,-9.91811224805757));
#5063=CARTESIAN_POINT('Ctrl Pts',(5.68965469773221,3.22635478014319,-7.95386362006298));
#5064=CARTESIAN_POINT('Ctrl Pts',(6.78893445187255,3.33767251915035,-6.03196938345781));
#5065=CARTESIAN_POINT('Ctrl Pts',(9.00000326032476,3.44899025815751,-5.91677704984183));
#5066=CARTESIAN_POINT('Ctrl Pts',(10.29304330721,3.56030799716467,-7.71403610544927));
#5067=CARTESIAN_POINT('Ctrl Pts',(9.48101246771306,3.67162573617183,-9.77381726778694));
#5068=CARTESIAN_POINT('Ctrl Pts',(7.30937293893683,3.78294347517899,-10.2051892525896));
#5069=CARTESIAN_POINT('Ctrl Pts',(5.77174996822027,3.89426121418615,-8.61214176260535));
#5070=CARTESIAN_POINT('Ctrl Pts',(6.27971021595154,4.00557895319331,-6.45713250738315));
#5071=CARTESIAN_POINT('Ctrl Pts',(8.36695309536089,4.11689669220047,-5.71851492152011));
#5072=CARTESIAN_POINT('Ctrl Pts',(10.1172982548875,4.22821443120763,-7.07435786286964));
#5073=CARTESIAN_POINT('Ctrl Pts',(9.92395973957848,4.33953217021479,-9.27996471706097));
#5074=CARTESIAN_POINT('Ctrl Pts',(7.96428056076808,4.45084990922195,-10.3105296083301));
#5075=CARTESIAN_POINT('Ctrl Pts',(6.03758174669326,4.56216764822911,-9.21997366351667));
#5076=CARTESIAN_POINT('Ctrl Pts',(5.91206395837746,4.67348538723627,-7.00944357736629));
#5077=CARTESIAN_POINT('Ctrl Pts',(7.70404323981163,4.78480312624342,-5.70828381258831));
#5078=CARTESIAN_POINT('Ctrl Pts',(9.76631447671901,4.89612086525059,-6.51094991773157));
#5079=CARTESIAN_POINT('Ctrl Pts',(10.2098217773582,5.00743860425774,-8.68064920743562));
#5080=CARTESIAN_POINT('Ctrl Pts',(8.61907088826977,5.11875634326491,-10.2254681980466));
#5081=CARTESIAN_POINT('Ctrl Pts',(7.18842475080208,5.19296816926968,-9.89288300972484));
#5082=CARTESIAN_POINT('Ctrl Pts',(6.70196847730718,5.23007408227207,-9.46055816936395));
#5083=CARTESIAN_POINT('',(9.90155688860643,5.,-8.4496636514034));
#5084=CARTESIAN_POINT('Ctrl Pts',(9.90458881250808,5.,-8.45109845686184));
#5085=CARTESIAN_POINT('Ctrl Pts',(9.8906563200003,5.,-8.49223812136833));
#5086=CARTESIAN_POINT('Ctrl Pts',(9.87528000011378,5.,-8.53279601165174));
#5087=CARTESIAN_POINT('Ctrl Pts',(9.85844343911014,5.,-8.5727012209876));
#5088=CARTESIAN_POINT('Ctrl Pts',(9.83094565412828,5.,-8.63787515203778));
#5089=CARTESIAN_POINT('Ctrl Pts',(9.79955494815516,5.,-8.70130988784688));
#5090=CARTESIAN_POINT('Ctrl Pts',(9.7645721707697,5.,-8.76279909307155));
#5091=CARTESIAN_POINT('Ctrl Pts',(9.72718271720751,5.,-8.82851851145827));
#5092=CARTESIAN_POINT('Ctrl Pts',(9.68568926762138,5.,-8.8920167352502));
#5093=CARTESIAN_POINT('Ctrl Pts',(9.64041449204682,5.,-8.95299735807648));
#5094=CARTESIAN_POINT('Ctrl Pts',(9.621223602876,5.,-8.97884557840171));
#5095=CARTESIAN_POINT('Ctrl Pts',(9.60135286054533,5.,-9.00424082470091));
#5096=CARTESIAN_POINT('Ctrl Pts',(9.58082517006399,5.,-9.02915748628244));
#5097=CARTESIAN_POINT('Ctrl Pts',(9.56764857426664,5.,-9.04515133510715));
#5098=CARTESIAN_POINT('Ctrl Pts',(9.55420128050956,5.,-9.0609479554646));
#5099=CARTESIAN_POINT('Ctrl Pts',(9.54048920307897,5.,-9.07654013368899));
#5100=CARTESIAN_POINT('Ctrl Pts',(9.53240975679446,5.,-9.08572737515988));
#5101=CARTESIAN_POINT('Ctrl Pts',(9.52423775510276,5.,-9.09484418636153));
#5102=CARTESIAN_POINT('Ctrl Pts',(9.51598563396046,5.,-9.10387711877242));
#5103=CARTESIAN_POINT('Ctrl Pts',(9.46846424354818,5.,-9.15589495761209));
#5104=CARTESIAN_POINT('Ctrl Pts',(9.41820445433497,5.,-9.20523168978882));
#5105=CARTESIAN_POINT('Ctrl Pts',(9.36549039884154,5.,-9.25167620915825));
#5106=CARTESIAN_POINT('Ctrl Pts',(9.31310502488187,5.,-9.29783113866938));
#5107=CARTESIAN_POINT('Ctrl Pts',(9.25829492357513,5.,-9.34113033096068));
#5108=CARTESIAN_POINT('Ctrl Pts',(9.20131437170148,5.,-9.38132195317007));
#5109=CARTESIAN_POINT('Ctrl Pts',(9.14670239324727,5.,-9.41984288590878));
#5110=CARTESIAN_POINT('Ctrl Pts',(9.09009580778465,5.,-9.4555093758787));
#5111=CARTESIAN_POINT('Ctrl Pts',(9.03170913853924,5.,-9.48805422349104));
#5112=CARTESIAN_POINT('Ctrl Pts',(9.01506486559735,5.,-9.49733177491696));
#5113=CARTESIAN_POINT('Ctrl Pts',(8.99827591633862,5.,-9.50635534636923));
#5114=CARTESIAN_POINT('Ctrl Pts',(8.98134725410732,5.,-9.51511800639582));
#5115=CARTESIAN_POINT('Ctrl Pts',(8.969545526333,5.,-9.52122684871306));
#5116=CARTESIAN_POINT('Ctrl Pts',(8.95767460106723,5.,-9.52720938167685));
#5117=CARTESIAN_POINT('Ctrl Pts',(8.94575466942488,5.,-9.53305448018637));
#5118=CARTESIAN_POINT('Ctrl Pts',(8.88556254248683,5.,-9.56257049772801));
#5119=CARTESIAN_POINT('Ctrl Pts',(8.82401541275651,5.,-9.58864241248749));
#5120=CARTESIAN_POINT('Ctrl Pts',(8.76134739909265,5.,-9.61104893839939));
#5121=CARTESIAN_POINT('Ctrl Pts',(8.7005487802915,5.,-9.63278707477758));
#5122=CARTESIAN_POINT('Ctrl Pts',(8.63869436556067,5.,-9.65107540421466));
#5123=CARTESIAN_POINT('Ctrl Pts',(8.57599257680631,5.,-9.66566368524373));
#5124=CARTESIAN_POINT('Ctrl Pts',(8.5412787431693,5.,-9.67374025165043));
#5125=CARTESIAN_POINT('Ctrl Pts',(8.50630515194432,5.,-9.6806818387936));
#5126=CARTESIAN_POINT('Ctrl Pts',(8.47110771320597,5.,-9.68643905486973));
#5127=CARTESIAN_POINT('Ctrl Pts',(8.43715811236456,5.,-9.6919921631284));
#5128=CARTESIAN_POINT('Ctrl Pts',(8.40300019992357,5.,-9.6964432601322));
#5129=CARTESIAN_POINT('Ctrl Pts',(8.36868112486501,5.,-9.6998014523892));
#5130=CARTESIAN_POINT('Ctrl Pts',(8.35105389032696,5.,-9.70152631363436));
#5131=CARTESIAN_POINT('Ctrl Pts',(8.33338416212757,5.,-9.70296279868024));
#5132=CARTESIAN_POINT('Ctrl Pts',(8.31567850386249,5.,-9.70411181779453));
#5133=CARTESIAN_POINT('Ctrl Pts',(8.30478671504896,5.,-9.70481864684027));
#5134=CARTESIAN_POINT('Ctrl Pts',(8.29389096920375,5.,-9.70541605897805));
#5135=CARTESIAN_POINT('Ctrl Pts',(8.28299359171415,5.,-9.70590478526764));
#5136=CARTESIAN_POINT('Ctrl Pts',(8.21784226410491,5.,-9.70882669621687));
#5137=CARTESIAN_POINT('Ctrl Pts',(8.15262178007575,5.,-9.70786880166718));
#5138=CARTESIAN_POINT('Ctrl Pts',(8.0876449697737,5.,-9.70316707876766));
#5139=CARTESIAN_POINT('Ctrl Pts',(8.02251192837507,5.,-9.69845405098381));
#5140=CARTESIAN_POINT('Ctrl Pts',(7.95762268338451,5.,-9.689978667691));
#5141=CARTESIAN_POINT('Ctrl Pts',(7.8933081088816,5.,-9.67782794426888));
#5142=CARTESIAN_POINT('Ctrl Pts',(7.84920552992562,5.,-9.66949580115454));
#5143=CARTESIAN_POINT('Ctrl Pts',(7.80537351008219,5.,-9.65943437183255));
#5144=CARTESIAN_POINT('Ctrl Pts',(7.76192684247821,5.,-9.64766002337917));
#5145=CARTESIAN_POINT('Ctrl Pts',(7.7363169016099,5.,-9.64071955166331));
#5146=CARTESIAN_POINT('Ctrl Pts',(7.71084099711471,5.,-9.63318373888414));
#5147=CARTESIAN_POINT('Ctrl Pts',(7.68552409203155,5.,-9.62505457815341));
#5148=CARTESIAN_POINT('Ctrl Pts',(7.67323569462642,5.,-9.62110882106733));
#5149=CARTESIAN_POINT('Ctrl Pts',(7.66098292041831,5.,-9.61702252535358));
#5150=CARTESIAN_POINT('Ctrl Pts',(7.64878524162761,5.,-9.61280182949664));
#5151=CARTESIAN_POINT('Ctrl Pts',(7.58848283678965,5.,-9.59193571926124));
#5152=CARTESIAN_POINT('Ctrl Pts',(7.52943861640695,5.,-9.56776178354446));
#5153=CARTESIAN_POINT('Ctrl Pts',(7.47197273957519,5.,-9.54035700814812));
#5154=CARTESIAN_POINT('Ctrl Pts',(7.42413474003011,5.,-9.51754364993936));
#5155=CARTESIAN_POINT('Ctrl Pts',(7.37739070525754,5.,-9.49249042430415));
#5156=CARTESIAN_POINT('Ctrl Pts',(7.33194576165037,5.,-9.46522205312871));
#5157=CARTESIAN_POINT('Ctrl Pts',(7.31731105022243,5.,-9.45644077381386));
#5158=CARTESIAN_POINT('Ctrl Pts',(7.30281122972457,5.,-9.44742964976559));
#5159=CARTESIAN_POINT('Ctrl Pts',(7.28845366443532,5.,-9.43818916931931));
#5160=CARTESIAN_POINT('Ctrl Pts',(7.27859965796222,5.,-9.43184716409087));
#5161=CARTESIAN_POINT('Ctrl Pts',(7.26881455574563,5.,-9.4253982584498));
#5162=CARTESIAN_POINT('Ctrl Pts',(7.25910786005468,5.,-9.41884772937435));
#5163=CARTESIAN_POINT('Ctrl Pts',(7.20855665877776,5.,-9.38473343092441));
#5164=CARTESIAN_POINT('Ctrl Pts',(7.16007077673965,5.,-9.34782845932165));
#5165=CARTESIAN_POINT('Ctrl Pts',(7.11395831676932,5.,-9.30818283875254));
#5166=CARTESIAN_POINT('Ctrl Pts',(7.06920868423239,5.,-9.2697089218696));
#5167=CARTESIAN_POINT('Ctrl Pts',(7.02669378238914,5.,-9.22865341010701));
#5168=CARTESIAN_POINT('Ctrl Pts',(6.98673771581996,5.,-9.18503703759901));
#5169=CARTESIAN_POINT('Ctrl Pts',(6.97998124734018,5.,-9.17766162076356));
#5170=CARTESIAN_POINT('Ctrl Pts',(6.97329805650987,5.,-9.17021293016566));
#5171=CARTESIAN_POINT('Ctrl Pts',(6.96668984977038,5.,-9.16269100943993));
#5172=CARTESIAN_POINT('Ctrl Pts',(6.04899555007916,4.62413030787577,-7.99939886830809));
#5173=CARTESIAN_POINT('Ctrl Pts',(6.04818275628914,4.64058200099594,-7.70979304643284));
#5174=CARTESIAN_POINT('Ctrl Pts',(6.10850329841967,4.6570336941161,-7.42050232060301));
#5175=CARTESIAN_POINT('Ctrl Pts',(6.23164680333579,4.67348538723627,-7.16100529759502));
#5176=CARTESIAN_POINT('Ctrl Pts',(6.50939038552218,4.71059130023865,-6.57572365577362));
#5177=CARTESIAN_POINT('Ctrl Pts',(7.10671681266691,4.74769721324104,-6.14200373418096));
#5178=CARTESIAN_POINT('Ctrl Pts',(7.74909189905718,4.78480312624343,-6.05892145757518));
#5179=CARTESIAN_POINT('Ctrl Pts',(8.39146698544743,4.82190903924581,-5.9758391809694));
#5180=CARTESIAN_POINT('Ctrl Pts',(9.07889073108321,4.8590149522482,-6.24339454935049));
#5181=CARTESIAN_POINT('Ctrl Pts',(9.49652048734097,4.89612086525059,-6.73878878182503));
#5182=CARTESIAN_POINT('Ctrl Pts',(9.88624289917396,4.93074724350039,-7.20107920101866));
#5183=CARTESIAN_POINT('Ctrl Pts',(10.0410235803084,4.96537362175019,-7.86177603087367));
#5184=CARTESIAN_POINT('Ctrl Pts',(9.90458881250808,5.,-8.45109845686187));
#5185=CARTESIAN_POINT('',(7.09639322134979,1.,-6.73387400327716));
#5186=CARTESIAN_POINT('Ctrl Pts',(7.09442342614147,1.,-6.73207124730385));
#5187=CARTESIAN_POINT('Ctrl Pts',(7.06361006542383,1.,-6.74855065794032));
#5188=CARTESIAN_POINT('Ctrl Pts',(7.03344548792813,1.,-6.76611174647568));
#5189=CARTESIAN_POINT('Ctrl Pts',(7.00399328179993,1.,-6.78474188066627));
#5190=CARTESIAN_POINT('Ctrl Pts',(6.95389960438167,1.,-6.81642887648382));
#5191=CARTESIAN_POINT('Ctrl Pts',(6.90586546816879,1.,-6.8512054820906));
#5192=CARTESIAN_POINT('Ctrl Pts',(6.85996945590195,1.,-6.88875079637529));
#5193=CARTESIAN_POINT('Ctrl Pts',(6.83428092577313,1.,-6.90976534403557));
#5194=CARTESIAN_POINT('Ctrl Pts',(6.80926247576405,1.,-6.93164819777843));
#5195=CARTESIAN_POINT('Ctrl Pts',(6.78493041874525,1.,-6.9543494989152));
#5196=CARTESIAN_POINT('Ctrl Pts',(6.77543725634178,1.,-6.96320642121712));
#5197=CARTESIAN_POINT('Ctrl Pts',(6.7660469948231,1.,-6.97218954928538));
#5198=CARTESIAN_POINT('Ctrl Pts',(6.7567659091263,1.,-6.98129095838809));
#5199=CARTESIAN_POINT('Ctrl Pts',(6.71239254115559,1.,-7.02480528293592));
#5200=CARTESIAN_POINT('Ctrl Pts',(6.67060148704935,1.,-7.07093071645466));
#5201=CARTESIAN_POINT('Ctrl Pts',(6.6314786802754,1.,-7.11931560865078));
#5202=CARTESIAN_POINT('Ctrl Pts',(6.60078306978106,1.,-7.15727821734714));
#5203=CARTESIAN_POINT('Ctrl Pts',(6.57173022601161,1.,-7.19663296995936));
#5204=CARTESIAN_POINT('Ctrl Pts',(6.54437188471111,1.,-7.23722995129292));
#5205=CARTESIAN_POINT('Ctrl Pts',(6.52960510813092,1.,-7.25914233796132));
#5206=CARTESIAN_POINT('Ctrl Pts',(6.51533217213675,1.,-7.2814169055729));
#5207=CARTESIAN_POINT('Ctrl Pts',(6.501562597119,1.,-7.30403181329069));
#5208=CARTESIAN_POINT('Ctrl Pts',(6.49502223842654,1.,-7.31477358332211));
#5209=CARTESIAN_POINT('Ctrl Pts',(6.48859526424086,1.,-7.32559269471564));
#5210=CARTESIAN_POINT('Ctrl Pts',(6.48229045393701,1.,-7.33647303800893));
#5211=CARTESIAN_POINT('Ctrl Pts',(6.44984229300915,1.,-7.39246950945159));
#5212=CARTESIAN_POINT('Ctrl Pts',(6.42057535306547,1.,-7.45016867162508));
#5213=CARTESIAN_POINT('Ctrl Pts',(6.39458208013135,1.,-7.50921650131883));
#5214=CARTESIAN_POINT('Ctrl Pts',(6.3680482232664,1.,-7.56949235289205));
#5215=CARTESIAN_POINT('Ctrl Pts',(6.34492485645163,1.,-7.63117433171529));
#5216=CARTESIAN_POINT('Ctrl Pts',(6.32534412996618,1.,-7.69392755068183));
#5217=CARTESIAN_POINT('Ctrl Pts',(6.31248733127889,1.,-7.73513161447547));
#5218=CARTESIAN_POINT('Ctrl Pts',(6.30115858515814,1.,-7.77679835906667));
#5219=CARTESIAN_POINT('Ctrl Pts',(6.29140541531457,1.,-7.81883984497317));
#5220=CARTESIAN_POINT('Ctrl Pts',(6.28683567246284,1.,-7.83853793111121));
#5221=CARTESIAN_POINT('Ctrl Pts',(6.2826119393662,1.,-7.85831834638765));
#5222=CARTESIAN_POINT('Ctrl Pts',(6.27873980507592,1.,-7.87817232006415));
#5223=CARTESIAN_POINT('Ctrl Pts',(6.27605989252313,1.,-7.89191329836958));
#5224=CARTESIAN_POINT('Ctrl Pts',(6.27354840719029,1.,-7.90568951492283));
#5225=CARTESIAN_POINT('Ctrl Pts',(6.27120733769479,1.,-7.91949809653558));
#5226=CARTESIAN_POINT('Ctrl Pts',(6.26934717406325,1.,-7.93047009944645));
#5227=CARTESIAN_POINT('Ctrl Pts',(6.26759481623144,1.,-7.94146182472188));
#5228=CARTESIAN_POINT('Ctrl Pts',(6.26595299413688,1.,-7.95245848810519));
#5229=CARTESIAN_POINT('Ctrl Pts',(6.25594824727882,1.,-8.01946869207156));
#5230=CARTESIAN_POINT('Ctrl Pts',(6.25002232648284,1.,-8.08678735332393));
#5231=CARTESIAN_POINT('Ctrl Pts',(6.24829946981482,1.,-8.15406014033913));
#5232=CARTESIAN_POINT('Ctrl Pts',(6.24788316368704,1.,-8.17031574301752));
#5233=CARTESIAN_POINT('Ctrl Pts',(6.24771246398976,1.,-8.18656880413449));
#5234=CARTESIAN_POINT('Ctrl Pts',(6.24778951559455,1.,-8.2028145587526));
#5235=CARTESIAN_POINT('Ctrl Pts',(6.24809697013012,1.,-8.26763904819591));
#5236=CARTESIAN_POINT('Ctrl Pts',(6.25234499703974,1.,-8.33234641262472));
#5237=CARTESIAN_POINT('Ctrl Pts',(6.26031647208596,0.999999999999999,-8.39670074421069));
#5238=CARTESIAN_POINT('Ctrl Pts',(6.26882815064505,0.999999999999999,-8.4654161803337));
#5239=CARTESIAN_POINT('Ctrl Pts',(6.28158470176941,1.,-8.5337300372338));
#5240=CARTESIAN_POINT('Ctrl Pts',(6.29838443435587,0.999999999999999,-8.60135955911137));
#5241=CARTESIAN_POINT('Ctrl Pts',(6.3014467079388,0.999999999999999,-8.61368714213722));
#5242=CARTESIAN_POINT('Ctrl Pts',(6.30464156140327,1.,-8.62598400444664));
#5243=CARTESIAN_POINT('Ctrl Pts',(6.30796533923802,1.,-8.63824124462121));
#5244=CARTESIAN_POINT('Ctrl Pts',(6.32574081323642,1.,-8.7037926336874));
#5245=CARTESIAN_POINT('Ctrl Pts',(6.34721518900449,1.,-8.76827448219297));
#5246=CARTESIAN_POINT('Ctrl Pts',(6.3721332440705,1.,-8.83142981468104));
#5247=CARTESIAN_POINT('Ctrl Pts',(6.39756208890463,1.,-8.8958797545352));
#5248=CARTESIAN_POINT('Ctrl Pts',(6.4265774189778,1.,-8.95894912577603));
#5249=CARTESIAN_POINT('Ctrl Pts',(6.45896306522615,1.,-9.02036728729327));
#5250=CARTESIAN_POINT('Ctrl Pts',(6.49156262721924,1.,-9.08219113198452));
#5251=CARTESIAN_POINT('Ctrl Pts',(6.52757750768091,1.,-9.14234286803019));
#5252=CARTESIAN_POINT('Ctrl Pts',(6.56683841792862,1.,-9.2005346797747));
#5253=CARTESIAN_POINT('Ctrl Pts',(6.57673149006352,1.,-9.21519801253028));
#5254=CARTESIAN_POINT('Ctrl Pts',(6.58683090788363,1.,-9.22973679921514));
#5255=CARTESIAN_POINT('Ctrl Pts',(6.59713443136934,1.,-9.24414620057408));
#5256=CARTESIAN_POINT('Ctrl Pts',(6.60398834593546,1.,-9.25373134938266));
#5257=CARTESIAN_POINT('Ctrl Pts',(6.61092930345616,1.,-9.26325458299644));
#5258=CARTESIAN_POINT('Ctrl Pts',(6.61795176945226,1.,-9.27270857727827));
#5259=CARTESIAN_POINT('Ctrl Pts',(6.66101184030157,1.,-9.33067819419217));
#5260=CARTESIAN_POINT('Ctrl Pts',(6.70718267389183,1.,-9.38611595277375));
#5261=CARTESIAN_POINT('Ctrl Pts',(6.75622495315906,1.,-9.43874002350942));
#5262=CARTESIAN_POINT('Ctrl Pts',(6.80535473511016,1.,-9.49145798766715));
#5263=CARTESIAN_POINT('Ctrl Pts',(6.85736665400948,1.,-9.54135322460064));
#5264=CARTESIAN_POINT('Ctrl Pts',(6.91206946777873,1.,-9.58812571230273));
#5265=CARTESIAN_POINT('Ctrl Pts',(6.96557883060429,1.,-9.63387776493503));
#5266=CARTESIAN_POINT('Ctrl Pts',(7.02166352440543,1.,-9.67664269277747));
#5267=CARTESIAN_POINT('Ctrl Pts',(7.08018403022339,1.,-9.71611013137682));
#5268=CARTESIAN_POINT('Ctrl Pts',(7.09935377885953,1.,-9.72903860604884));
#5269=CARTESIAN_POINT('Ctrl Pts',(7.1187851853254,1.,-9.74161295209086));
#5270=CARTESIAN_POINT('Ctrl Pts',(7.13847414032948,1.,-9.75382131162755));
#5271=CARTESIAN_POINT('Ctrl Pts',(7.09442342614148,1.,-6.73207124730384));
#5272=CARTESIAN_POINT('Ctrl Pts',(7.4876954105464,1.0346263782498,-6.45418356907224));
#5273=CARTESIAN_POINT('Ctrl Pts',(8.59291011591354,1.106358669502,-6.27863302067016));
#5274=CARTESIAN_POINT('Ctrl Pts',(9.77803963642319,1.21519687375657,-7.52850638136296));
#5275=CARTESIAN_POINT('Ctrl Pts',(9.35832597500461,1.32651461276373,-9.24072355421941));
#5276=CARTESIAN_POINT('Ctrl Pts',(7.69140769720014,1.43783235177089,-9.81339959802023));
#5277=CARTESIAN_POINT('Ctrl Pts',(6.58303234195675,1.52701288938422,-8.93871938195079));
#5278=CARTESIAN_POINT('Ctrl Pts',(6.44571805002548,1.57908751399515,-8.21047478612294));
#5279=CARTESIAN_POINT('Ctrl Pts',(6.44667296777242,1.5940562256037,-8.00079599575078));
#5280=CARTESIAN_POINT('Origin',(8.,-0.294056225603703,-8.));
#5281=CARTESIAN_POINT('',(8.90360677865021,1.,-6.73387400327717));
#5282=CARTESIAN_POINT('Origin',(8.,1.,-8.));
#5283=CARTESIAN_POINT('Ctrl Pts',(8.90360677865021,1.,-6.73387400327717));
#5284=CARTESIAN_POINT('Ctrl Pts',(9.32530510403018,1.03710591300239,-7.03483099045306));
#5285=CARTESIAN_POINT('Ctrl Pts',(9.83685274287444,1.11131773900716,-8.0862357186231));
#5286=CARTESIAN_POINT('Ctrl Pts',(8.91969747691945,1.22263547801432,-9.59447674476804));
#5287=CARTESIAN_POINT('Ctrl Pts',(7.15723337496317,1.33395321702148,-9.63460508512598));
#5288=CARTESIAN_POINT('Ctrl Pts',(6.46680878508862,1.4117226491488,-8.61577011384968));
#5289=CARTESIAN_POINT('Ctrl Pts',(6.44220195102441,1.45238616827374,-8.05044269350827));
#5290=CARTESIAN_POINT('Ctrl Pts',(6.44253070516811,1.45594377439629,-8.00095211160988));
#5291=CARTESIAN_POINT('Ctrl Pts',(9.13509973994375,0.769925917727934,-6.4095080696905));
#5292=CARTESIAN_POINT('Ctrl Pts',(9.66483199824813,0.807031830730321,-6.78756654152702));
#5293=CARTESIAN_POINT('Ctrl Pts',(10.3074318608657,0.881243656735095,-8.10832825084509));
#5294=CARTESIAN_POINT('Ctrl Pts',(9.15531267753173,0.992561395742253,-10.0029621081818));
#5295=CARTESIAN_POINT('Ctrl Pts',(6.94132691396852,1.10387913474941,-10.0533708366031));
#5296=CARTESIAN_POINT('Ctrl Pts',(5.6998854589051,1.21519687375657,-8.2214199070446));
#5297=CARTESIAN_POINT('Ctrl Pts',(6.56967004635623,1.32651461276373,-6.18483192799484));
#5298=CARTESIAN_POINT('Ctrl Pts',(8.75270692462192,1.43783235177089,-5.81531517749203));
#5299=CARTESIAN_POINT('Ctrl Pts',(10.2446509048159,1.54915009077805,-7.45103473037175));
#5300=CARTESIAN_POINT('Ctrl Pts',(9.67599416647161,1.66046782978521,-9.59090285975467));
#5301=CARTESIAN_POINT('Ctrl Pts',(7.56870895451424,1.77178556879237,-10.2701871823958));
#5302=CARTESIAN_POINT('Ctrl Pts',(5.85737185276412,1.88310330779953,-8.86543082698689));
#5303=CARTESIAN_POINT('Ctrl Pts',(6.11301545007597,1.99442104680669,-6.66616212331554));
#5304=CARTESIAN_POINT('Ctrl Pts',(8.10096178464506,2.10573878581385,-5.69140315007981));
#5305=CARTESIAN_POINT('Ctrl Pts',(9.99622102227509,2.21705652482101,-6.83598794122945));
#5306=CARTESIAN_POINT('Ctrl Pts',(10.0588996730427,2.32837426382817,-9.0491686330876));
#5307=CARTESIAN_POINT('Ctrl Pts',(8.23145589141127,2.43969200283533,-10.2991842371368));
#5308=CARTESIAN_POINT('Ctrl Pts',(6.19152995892127,2.55100974184249,-9.4384914105918));
#5309=CARTESIAN_POINT('Ctrl Pts',(5.81182518902898,2.66232748084965,-7.25722660928379));
#5310=CARTESIAN_POINT('Ctrl Pts',(7.44092031573221,2.7736452198568,-5.75784680979493));
#5311=CARTESIAN_POINT('Ctrl Pts',(9.5832647442521,2.88496295886397,-6.31682026958685));
#5312=CARTESIAN_POINT('Ctrl Pts',(10.272132020788,2.99628069787112,-8.42099537030449));
#5313=CARTESIAN_POINT('Ctrl Pts',(8.87512471250006,3.10759843687829,-10.1386860571145));
#5314=CARTESIAN_POINT('Ctrl Pts',(6.6747305373256,3.21891617588544,-9.89300879002935));
#5315=CARTESIAN_POINT('Ctrl Pts',(5.69096772880379,3.33023391489261,-7.90950162133027));
#5316=CARTESIAN_POINT('Ctrl Pts',(6.8269540838854,3.44155165389976,-6.00907409404641));
#5317=CARTESIAN_POINT('Ctrl Pts',(9.03982803047774,3.55286939290693,-5.93636725414402));
#5318=CARTESIAN_POINT('Ctrl Pts',(10.2981101126396,3.66418713191408,-7.75812687705358));
#5319=CARTESIAN_POINT('Ctrl Pts',(9.44667560758248,3.77550487092124,-9.80193336706882));
#5320=CARTESIAN_POINT('Ctrl Pts',(7.2671433099437,3.8868226099284,-10.1915170465836));
#5321=CARTESIAN_POINT('Ctrl Pts',(5.76041727788592,3.99814034893556,-8.56923724389613));
#5322=CARTESIAN_POINT('Ctrl Pts',(6.30963561130841,4.10945808794272,-6.42437422315265));
#5323=CARTESIAN_POINT('Ctrl Pts',(8.41074720610094,4.22077582694989,-5.72599312128807));
#5324=CARTESIAN_POINT('Ctrl Pts',(10.1345954615341,4.33209356595704,-7.11517363077923));
#5325=CARTESIAN_POINT('Ctrl Pts',(9.89919547524624,4.44341130496421,-9.31671388415316));
#5326=CARTESIAN_POINT('Ctrl Pts',(7.91957570266633,4.55472904397136,-10.3093474424153));
#5327=CARTESIAN_POINT('Ctrl Pts',(6.01517350071968,4.66604678297852,-9.18219468086027));
#5328=CARTESIAN_POINT('Ctrl Pts',(5.93017047205815,4.77736452198568,-6.96926709815905));
#5329=CARTESIAN_POINT('Ctrl Pts',(7.75084538620009,4.88868226099284,-5.70350293253143));
#5330=CARTESIAN_POINT('Ctrl Pts',(9.10841320796344,4.96289408699761,-6.26417724579155));
#5331=CARTESIAN_POINT('Ctrl Pts',(9.51814181076364,5.,-6.76981243608493));
#5332=CARTESIAN_POINT('Ctrl Pts',(9.05793541951257,0.846617278485289,-6.51763004755272));
#5333=CARTESIAN_POINT('Ctrl Pts',(9.55165636684215,0.883723191487676,-6.86998802450236));
#5334=CARTESIAN_POINT('Ctrl Pts',(10.1505721548686,0.957935017492449,-8.10096407343775));
#5335=CARTESIAN_POINT('Ctrl Pts',(9.07677427732763,1.06925275649961,-9.8668003203772));
#5336=CARTESIAN_POINT('Ctrl Pts',(7.01329573430007,1.18057049550677,-9.91378225277742));
#5337=CARTESIAN_POINT('Ctrl Pts',(5.85624773195634,1.29188823451393,-8.20636773492634));
#5338=CARTESIAN_POINT('Ctrl Pts',(6.66690417916534,1.40320597352109,-6.3082274374957));
#5339=CARTESIAN_POINT('Ctrl Pts',(8.7015377486646,1.51452371252825,-5.96383051385665));
#5340=CARTESIAN_POINT('Ctrl Pts',(10.0920590614913,1.62584145153541,-7.48835350552475));
#5341=CARTESIAN_POINT('Ctrl Pts',(9.56205972850864,1.73715919054257,-9.48275294682185));
#5342=CARTESIAN_POINT('Ctrl Pts',(7.59802821101818,1.84847692954973,-10.1158593775195));
#5343=CARTESIAN_POINT('Ctrl Pts',(6.00302816744741,1.95979466855688,-8.80659865630209));
#5344=CARTESIAN_POINT('Ctrl Pts',(6.24129305893723,2.07111240756404,-6.75683670432181));
#5345=CARTESIAN_POINT('Ctrl Pts',(8.09409838116825,2.1824301465712,-5.84834205227926));
#5346=CARTESIAN_POINT('Ctrl Pts',(9.8605174949164,2.29374788557836,-6.91511772721035));
#5347=CARTESIAN_POINT('Ctrl Pts',(9.91893523774631,2.40506562458553,-8.97784592747767));
#5348=CARTESIAN_POINT('Ctrl Pts',(8.21572147095284,2.51638336359268,-10.1428852063454));
#5349=CARTESIAN_POINT('Ctrl Pts',(6.3144701348629,2.62770110259985,-9.34070246021295));
#5350=CARTESIAN_POINT('Ctrl Pts',(5.96057777554756,2.739018841607,-7.30772050150494));
#5351=CARTESIAN_POINT('Ctrl Pts',(7.47892667093192,2.85033658061416,-5.910268857952));
#5352=CARTESIAN_POINT('Ctrl Pts',(9.47563407202684,2.96165431962132,-6.43124318370654));
#5353=CARTESIAN_POINT('Ctrl Pts',(10.1176720053864,3.07297205862849,-8.39237601597724));
#5354=CARTESIAN_POINT('Ctrl Pts',(8.81563354942752,3.18428979763564,-9.99329772655149));
#5355=CARTESIAN_POINT('Ctrl Pts',(6.76482263573497,3.2956075366428,-9.7643216520514));
#5356=CARTESIAN_POINT('Ctrl Pts',(5.84793623103369,3.40692527564996,-7.91565372025555));
#5357=CARTESIAN_POINT('Ctrl Pts',(6.9066979933995,3.51824301465712,-6.14441765827746));
#5358=CARTESIAN_POINT('Ctrl Pts',(8.96914030100907,3.62956075366428,-6.07665344473148));
#5359=CARTESIAN_POINT('Ctrl Pts',(10.1418841010587,3.74087849267144,-7.77456946311535));
#5360=CARTESIAN_POINT('Ctrl Pts',(9.34833029376099,3.8521962316786,-9.6794375556091));
#5361=CARTESIAN_POINT('Ctrl Pts',(7.31696306275628,3.96351397068576,-10.0425372541811));
#5362=CARTESIAN_POINT('Ctrl Pts',(5.91266458507844,4.07483170969291,-8.53054037564424));
#5363=CARTESIAN_POINT('Ctrl Pts',(6.42454694001765,4.18614944870008,-6.53148559675784));
#5364=CARTESIAN_POINT('Ctrl Pts',(8.38282452414407,4.29746718770723,-5.8805805899279));
#5365=CARTESIAN_POINT('Ctrl Pts',(9.98948521052399,4.4087849267144,-7.17532431452786));
#5366=CARTESIAN_POINT('Ctrl Pts',(9.77008776509858,4.52010266572155,-9.22720339578145));
#5367=CARTESIAN_POINT('Ctrl Pts',(7.92504296341137,4.63142040472872,-10.1523575147793));
#5368=CARTESIAN_POINT('Ctrl Pts',(6.15010242599487,4.74273814373587,-9.10182883638351));
#5369=CARTESIAN_POINT('Ctrl Pts',(6.07087792120262,4.85405588274304,-7.03933653885908));
#5370=CARTESIAN_POINT('Ctrl Pts',(7.76778296955035,4.96537362175019,-5.85961928896034));
#5371=CARTESIAN_POINT('Ctrl Pts',(9.03306304362134,5.03958544775497,-6.38217884380453));
#5372=CARTESIAN_POINT('Ctrl Pts',(9.4149382093325,5.07669136075736,-6.85344084690379));
#5373=CARTESIAN_POINT('Ctrl Pts',(8.98077109908139,0.923308639242645,-6.62575202541495));
#5374=CARTESIAN_POINT('Ctrl Pts',(9.43848073543616,0.960414552245031,-6.95240950747771));
#5375=CARTESIAN_POINT('Ctrl Pts',(9.99371244887153,1.0346263782498,-8.09359989603043));
#5376=CARTESIAN_POINT('Ctrl Pts',(8.99823587712355,1.14594411725696,-9.73063853257261));
#5377=CARTESIAN_POINT('Ctrl Pts',(7.08526455463162,1.25726185626412,-9.77419366895171));
#5378=CARTESIAN_POINT('Ctrl Pts',(6.01261000500757,1.36857959527128,-8.19131556280807));
#5379=CARTESIAN_POINT('Ctrl Pts',(6.76413831197446,1.47989733427844,-6.43162294699657));
#5380=CARTESIAN_POINT('Ctrl Pts',(8.65036857270728,1.5912150732856,-6.11234585022127));
#5381=CARTESIAN_POINT('Ctrl Pts',(9.93946721816659,1.70253281229276,-7.52567228067775));
#5382=CARTESIAN_POINT('Ctrl Pts',(9.44812529054568,1.81385055129992,-9.37460303388902));
#5383=CARTESIAN_POINT('Ctrl Pts',(7.62734746752211,1.92516829030708,-9.96153157264325));
#5384=CARTESIAN_POINT('Ctrl Pts',(6.14868448213072,2.03648602931424,-8.7477664856173));
#5385=CARTESIAN_POINT('Ctrl Pts',(6.36957066779849,2.1478037683214,-6.84751128532808));
#5386=CARTESIAN_POINT('Ctrl Pts',(8.08723497769144,2.25912150732856,-6.00528095447872));
#5387=CARTESIAN_POINT('Ctrl Pts',(9.72481396755772,2.37043924633572,-6.99424751319125));
#5388=CARTESIAN_POINT('Ctrl Pts',(9.7789708024499,2.48175698534288,-8.90652322186775));
#5389=CARTESIAN_POINT('Ctrl Pts',(8.19998705049439,2.59307472435003,-9.98658617555406));
#5390=CARTESIAN_POINT('Ctrl Pts',(6.43741031080455,2.70439246335721,-9.2429135098341));
#5391=CARTESIAN_POINT('Ctrl Pts',(6.10933036206614,2.81571020236435,-7.3582143937261));
#5392=CARTESIAN_POINT('Ctrl Pts',(7.51693302613164,2.92702794137152,-6.06269090610907));
#5393=CARTESIAN_POINT('Ctrl Pts',(9.36800339980158,3.03834568037868,-6.54566609782625));
#5394=CARTESIAN_POINT('Ctrl Pts',(9.96321198998481,3.14966341938584,-8.36375666164998));
#5395=CARTESIAN_POINT('Ctrl Pts',(8.75614238635498,3.260981158393,-9.84790939598852));
#5396=CARTESIAN_POINT('Ctrl Pts',(6.85491473414433,3.37229889740015,-9.63563451407347));
#5397=CARTESIAN_POINT('Ctrl Pts',(6.00490473326361,3.48361663640732,-7.9218058191808));
#5398=CARTESIAN_POINT('Ctrl Pts',(6.98644190291359,3.59493437541447,-6.27976122250854));
#5399=CARTESIAN_POINT('Ctrl Pts',(8.8984525715404,3.70625211442163,-6.21693963531891));
#5400=CARTESIAN_POINT('Ctrl Pts',(9.9856580894779,3.8175698534288,-7.79101204917714));
#5401=CARTESIAN_POINT('Ctrl Pts',(9.24998497993949,3.92888759243595,-9.55694174414936));
#5402=CARTESIAN_POINT('Ctrl Pts',(7.36678281556889,4.04020533144311,-9.89355746177855));
#5403=CARTESIAN_POINT('Ctrl Pts',(6.06491189227093,4.15152307045027,-8.49184350739233));
#5404=CARTESIAN_POINT('Ctrl Pts',(6.5394582687269,4.26284080945743,-6.63859697036304));
#5405=CARTESIAN_POINT('Ctrl Pts',(8.35490184218719,4.37415854846459,-6.03516805856774));
#5406=CARTESIAN_POINT('Ctrl Pts',(9.84437495951387,4.48547628747175,-7.23547499827649));
#5407=CARTESIAN_POINT('Ctrl Pts',(9.64098005495091,4.59679402647891,-9.13769290740973));
#5408=CARTESIAN_POINT('Ctrl Pts',(7.93051022415642,4.70811176548607,-9.99536758714323));
#5409=CARTESIAN_POINT('Ctrl Pts',(6.28503135127008,4.81942950449323,-9.02146299190674));
#5410=CARTESIAN_POINT('Ctrl Pts',(6.21158537034706,4.9307472435004,-7.10940597955912));
#5411=CARTESIAN_POINT('Ctrl Pts',(7.78472055290063,5.04206498250755,-6.01573564538924));
#5412=CARTESIAN_POINT('Ctrl Pts',(8.95771287927923,5.11627680851233,-6.5001804418175));
#5413=CARTESIAN_POINT('Ctrl Pts',(9.31173460790137,5.15338272151471,-6.93706925772265));
#5414=CARTESIAN_POINT('Ctrl Pts',(8.90360677865021,1.,-6.73387400327717));
#5415=CARTESIAN_POINT('Ctrl Pts',(9.32530510403018,1.03710591300239,-7.03483099045306));
#5416=CARTESIAN_POINT('Ctrl Pts',(9.83685274287444,1.11131773900716,-8.0862357186231));
#5417=CARTESIAN_POINT('Ctrl Pts',(8.91969747691945,1.22263547801432,-9.59447674476804));
#5418=CARTESIAN_POINT('Ctrl Pts',(7.15723337496317,1.33395321702148,-9.63460508512598));
#5419=CARTESIAN_POINT('Ctrl Pts',(6.1689722780588,1.44527095602864,-8.17626339068981));
#5420=CARTESIAN_POINT('Ctrl Pts',(6.86137244478358,1.5565886950358,-6.55501845649742));
#5421=CARTESIAN_POINT('Ctrl Pts',(8.59919939674995,1.66790643404296,-6.26086118658591));
#5422=CARTESIAN_POINT('Ctrl Pts',(9.78687537484194,1.77922417305012,-7.56299105583073));
#5423=CARTESIAN_POINT('Ctrl Pts',(9.3341908525827,1.89054191205728,-9.26645312095621));
#5424=CARTESIAN_POINT('Ctrl Pts',(7.65666672402605,2.00185965106444,-9.80720376776696));
#5425=CARTESIAN_POINT('Ctrl Pts',(6.29434079681402,2.11317739007159,-8.68893431493251));
#5426=CARTESIAN_POINT('Ctrl Pts',(6.49784827665976,2.22449512907876,-6.93818586633435));
#5427=CARTESIAN_POINT('Ctrl Pts',(8.08037157421463,2.33581286808591,-6.16221985667817));
#5428=CARTESIAN_POINT('Ctrl Pts',(9.58911044019904,2.44713060709307,-7.07337729917216));
#5429=CARTESIAN_POINT('Ctrl Pts',(9.63900636715349,2.55844834610023,-8.83520051625781));
#5430=CARTESIAN_POINT('Ctrl Pts',(8.18425263003596,2.66976608510739,-9.83028714476269));
#5431=CARTESIAN_POINT('Ctrl Pts',(6.56035048674617,2.78108382411455,-9.14512455945524));
#5432=CARTESIAN_POINT('Ctrl Pts',(6.25808294858474,2.89240156312171,-7.40870828594725));
#5433=CARTESIAN_POINT('Ctrl Pts',(7.55493938133134,3.00371930212888,-6.21511295426614));
#5434=CARTESIAN_POINT('Ctrl Pts',(9.26037272757633,3.11503704113603,-6.66008901194593));
#5435=CARTESIAN_POINT('Ctrl Pts',(9.80875197458324,3.2263547801432,-8.33513730732274));
#5436=CARTESIAN_POINT('Ctrl Pts',(8.69665122328243,3.33767251915035,-9.70252106542555));
#5437=CARTESIAN_POINT('Ctrl Pts',(6.94500683255371,3.44899025815751,-9.50694737609553));
#5438=CARTESIAN_POINT('Ctrl Pts',(6.16187323549351,3.56030799716467,-7.92795791810606));
#5439=CARTESIAN_POINT('Ctrl Pts',(7.0661858124277,3.67162573617183,-6.41510478673961));
#5440=CARTESIAN_POINT('Ctrl Pts',(8.82776484207172,3.78294347517899,-6.35722582590635));
#5441=CARTESIAN_POINT('Ctrl Pts',(9.82943207789705,3.89426121418615,-7.80745463523893));
#5442=CARTESIAN_POINT('Ctrl Pts',(9.15163966611799,4.00557895319331,-9.43444593268963));
#5443=CARTESIAN_POINT('Ctrl Pts',(7.41660256838148,4.11689669220047,-9.74457766937603));
#5444=CARTESIAN_POINT('Ctrl Pts',(6.21715919946344,4.22821443120763,-8.45314663914044));
#5445=CARTESIAN_POINT('Ctrl Pts',(6.65436959743615,4.33953217021479,-6.74570834396825));
#5446=CARTESIAN_POINT('Ctrl Pts',(8.3269791602303,4.45084990922194,-6.18975552720757));
#5447=CARTESIAN_POINT('Ctrl Pts',(9.69926470850375,4.56216764822911,-7.29562568202513));
#5448=CARTESIAN_POINT('Ctrl Pts',(9.51187234480323,4.67348538723626,-9.048182419038));
#5449=CARTESIAN_POINT('Ctrl Pts',(7.93597748490148,4.78480312624343,-9.83837765950719));
#5450=CARTESIAN_POINT('Ctrl Pts',(6.41996027654526,4.89612086525058,-8.94109714742997));
#5451=CARTESIAN_POINT('Ctrl Pts',(6.35229281949154,5.00743860425775,-7.17947542025916));
#5452=CARTESIAN_POINT('Ctrl Pts',(7.80165813625089,5.1187563432649,-6.17185200181814));
#5453=CARTESIAN_POINT('Ctrl Pts',(8.88236271493712,5.19296816926968,-6.61818203983048));
#5454=CARTESIAN_POINT('Ctrl Pts',(9.20853100647024,5.23007408227207,-7.02069766854151));
#5455=CARTESIAN_POINT('',(9.51814181076363,5.,-6.76981243608492));
#5456=CARTESIAN_POINT('Ctrl Pts',(6.56235051419392,5.,-7.39926962114449));
#5457=CARTESIAN_POINT('Ctrl Pts',(6.57156430156991,5.,-7.36554659996782));
#5458=CARTESIAN_POINT('Ctrl Pts',(6.58197404426434,5.,-7.33223071381066));
#5459=CARTESIAN_POINT('Ctrl Pts',(6.59357806914225,5.,-7.29938636876733));
#5460=CARTESIAN_POINT('Ctrl Pts',(6.61318548366091,5.,-7.24388901378632));
#5461=CARTESIAN_POINT('Ctrl Pts',(6.63619941745877,5.,-7.18973752550353));
#5462=CARTESIAN_POINT('Ctrl Pts',(6.66231390471907,5.,-7.13707267397829));
#5463=CARTESIAN_POINT('Ctrl Pts',(6.68985519693955,5.,-7.08153039772576));
#5464=CARTESIAN_POINT('Ctrl Pts',(6.72084516645463,5.,-7.02764084845018));
#5465=CARTESIAN_POINT('Ctrl Pts',(6.75498404838757,5.,-6.97557615694952));
#5466=CARTESIAN_POINT('Ctrl Pts',(6.77013934660154,5.,-6.95246304130441));
#5467=CARTESIAN_POINT('Ctrl Pts',(6.78591596149297,5.00000000000001,-6.92970972305751));
#5468=CARTESIAN_POINT('Ctrl Pts',(6.8022910139026,5.00000000000001,-6.90733234041567));
#5469=CARTESIAN_POINT('Ctrl Pts',(6.81317303971165,5.00000000000001,-6.89246147164801));
#5470=CARTESIAN_POINT('Ctrl Pts',(6.82431939154536,5.,-6.87775664116776));
#5471=CARTESIAN_POINT('Ctrl Pts',(6.83572380479953,5.,-6.86322281405835));
#5472=CARTESIAN_POINT('Ctrl Pts',(6.84228372987385,5.,-6.85486282089115));
#5473=CARTESIAN_POINT('Ctrl Pts',(6.84892792442698,5.,-6.84656095846725));
#5474=CARTESIAN_POINT('Ctrl Pts',(6.85564762777996,5.,-6.83832701468639));
#5475=CARTESIAN_POINT('Ctrl Pts',(6.89564934079539,5.,-6.7893111818727));
#5476=CARTESIAN_POINT('Ctrl Pts',(6.93839191307842,5.,-6.74261226913366));
#5477=CARTESIAN_POINT('Ctrl Pts',(6.98354750718933,5.,-6.69839068680281));
#5478=CARTESIAN_POINT('Ctrl Pts',(7.0296960030076,5.,-6.65319674023972));
#5479=CARTESIAN_POINT('Ctrl Pts',(7.07836531198302,5.,-6.6105894127718));
#5480=CARTESIAN_POINT('Ctrl Pts',(7.12925729497472,5.,-6.57075716152665));
#5481=CARTESIAN_POINT('Ctrl Pts',(7.17915411681847,5.,-6.53170380523792));
#5482=CARTESIAN_POINT('Ctrl Pts',(7.23118835703603,5.,-6.49531736099458));
#5483=CARTESIAN_POINT('Ctrl Pts',(7.28511783288444,5.,-6.46180317982923));
#5484=CARTESIAN_POINT('Ctrl Pts',(7.29639513732803,5.,-6.45479495995998));
#5485=CARTESIAN_POINT('Ctrl Pts',(7.30775542960728,5.,-6.44791245723302));
#5486=CARTESIAN_POINT('Ctrl Pts',(7.31919666421958,5.,-6.44115775066781));
#5487=CARTESIAN_POINT('Ctrl Pts',(7.32866643310688,5.,-6.43556696328851));
#5488=CARTESIAN_POINT('Ctrl Pts',(7.33819065013349,5.,-6.43006441194438));
#5489=CARTESIAN_POINT('Ctrl Pts',(7.34775693328676,5.,-6.42465731883566));
#5490=CARTESIAN_POINT('Ctrl Pts',(7.4061373788232,5.,-6.39165928818082));
#5491=CARTESIAN_POINT('Ctrl Pts',(7.46618921761473,5.,-6.36214961384459));
#5492=CARTESIAN_POINT('Ctrl Pts',(7.5275888049202,5.,-6.3363178722052));
#5493=CARTESIAN_POINT('Ctrl Pts',(7.58884256419376,5.,-6.31054748264013));
#5494=CARTESIAN_POINT('Ctrl Pts',(7.65143850811006,5.,-6.28843673726462));
#5495=CARTESIAN_POINT('Ctrl Pts',(7.71509349050799,5.,-6.27020765454216));
#5496=CARTESIAN_POINT('Ctrl Pts',(7.74576887456164,5.,-6.26142304582195));
#5497=CARTESIAN_POINT('Ctrl Pts',(7.77669068813525,5.,-6.2535404500579));
#5498=CARTESIAN_POINT('Ctrl Pts',(7.80782954502692,5.,-6.24658841514357));
#5499=CARTESIAN_POINT('Ctrl Pts',(7.84545495767043,5.,-6.2381881972655));
#5500=CARTESIAN_POINT('Ctrl Pts',(7.88339724327087,5.,-6.23114642257432));
#5501=CARTESIAN_POINT('Ctrl Pts',(7.92160061310272,5.,-6.22543732478017));
#5502=CARTESIAN_POINT('Ctrl Pts',(7.9331360625964,5.,-6.22371347137277));
#5503=CARTESIAN_POINT('Ctrl Pts',(7.9446953281116,5.,-6.22211116502139));
#5504=CARTESIAN_POINT('Ctrl Pts',(7.95627690140327,5.,-6.2206298077968));
#5505=CARTESIAN_POINT('Ctrl Pts',(7.96768502433554,5.,-6.21917063598145));
#5506=CARTESIAN_POINT('Ctrl Pts',(7.97910608942644,5.,-6.21782995451196));
#5507=CARTESIAN_POINT('Ctrl Pts',(7.99053507196666,5.,-6.21660700813664));
#5508=CARTESIAN_POINT('Ctrl Pts',(8.05549134362494,5.,-6.20965642992907));
#5509=CARTESIAN_POINT('Ctrl Pts',(8.12073648468371,5.,-6.20650063460213));
#5510=CARTESIAN_POINT('Ctrl Pts',(8.18598102680153,5.,-6.20694918124094));
#5511=CARTESIAN_POINT('Ctrl Pts',(8.25377980981336,5.,-6.20741528791053));
#5512=CARTESIAN_POINT('Ctrl Pts',(8.32157868733062,5.,-6.2117732677784));
#5513=CARTESIAN_POINT('Ctrl Pts',(8.38907391471911,5.,-6.21986154939545));
#5514=CARTESIAN_POINT('Ctrl Pts',(8.44168412572965,5.,-6.22616608705018));
#5515=CARTESIAN_POINT('Ctrl Pts',(8.49411042400286,5.,-6.23473810784134));
#5516=CARTESIAN_POINT('Ctrl Pts',(8.54621255895363,5.,-6.24552271012984));
#5517=CARTESIAN_POINT('Ctrl Pts',(8.57242840890022,5.,-6.25094911953889));
#5518=CARTESIAN_POINT('Ctrl Pts',(8.59856220828389,5.,-6.25693598816622));
#5519=CARTESIAN_POINT('Ctrl Pts',(8.62459602160987,5.,-6.26347808385884));
#5520=CARTESIAN_POINT('Ctrl Pts',(8.6423968026891,5.,-6.26795128230139));
#5521=CARTESIAN_POINT('Ctrl Pts',(8.66015690737219,5.,-6.27268595631778));
#5522=CARTESIAN_POINT('Ctrl Pts',(8.67783693118289,5.,-6.27767079228896));
#5523=CARTESIAN_POINT('Ctrl Pts',(8.74589634295765,5.,-6.29685996350417));
#5524=CARTESIAN_POINT('Ctrl Pts',(8.81284399918259,5.,-6.31976834278227));
#5525=CARTESIAN_POINT('Ctrl Pts',(8.87835742695316,5.,-6.34623415408528));
#5526=CARTESIAN_POINT('Ctrl Pts',(8.93806911781337,5.,-6.37035620656624));
#5527=CARTESIAN_POINT('Ctrl Pts',(8.99659008291353,5.,-6.39743424022485));
#5528=CARTESIAN_POINT('Ctrl Pts',(9.05367505138978,5.,-6.42738257097577));
#5529=CARTESIAN_POINT('Ctrl Pts',(9.07339599945564,5.,-6.43772871797669));
#5530=CARTESIAN_POINT('Ctrl Pts',(9.09294550884987,5.,-6.44841772582798));
#5531=CARTESIAN_POINT('Ctrl Pts',(9.1123132116744,5.,-6.45944699572429));
#5532=CARTESIAN_POINT('Ctrl Pts',(9.12449958016159,5.,-6.46638673185713));
#5533=CARTESIAN_POINT('Ctrl Pts',(9.13660554819675,5.,-6.47345640498301));
#5534=CARTESIAN_POINT('Ctrl Pts',(9.14862785947698,5.,-6.48065431536105));
#5535=CARTESIAN_POINT('Ctrl Pts',(9.21105566930082,5.,-6.51803063757859));
#5536=CARTESIAN_POINT('Ctrl Pts',(9.27123611753236,5.,-6.55886494708333));
#5537=CARTESIAN_POINT('Ctrl Pts',(9.32883032914516,5.,-6.60301881549151));
#5538=CARTESIAN_POINT('Ctrl Pts',(9.38561525478378,5.,-6.64655225512034));
#5539=CARTESIAN_POINT('Ctrl Pts',(9.43988713671648,5.,-6.69331294446651));
#5540=CARTESIAN_POINT('Ctrl Pts',(9.49130401170754,5.,-6.74321535622426));
#5541=CARTESIAN_POINT('Ctrl Pts',(9.50033881177476,5.,-6.75198403991384));
#5542=CARTESIAN_POINT('Ctrl Pts',(9.50928539407006,5.,-6.76084984061915));
#5543=CARTESIAN_POINT('Ctrl Pts',(9.51814181076363,5.,-6.76981243608492));
#5544=CARTESIAN_POINT('Ctrl Pts',(8.8635983900398,1.,-9.75645877054779));
#5545=CARTESIAN_POINT('Ctrl Pts',(8.90058404505971,1.,-9.73373483240754));
#5546=CARTESIAN_POINT('Ctrl Pts',(8.93670492204997,1.,-9.70972035704356));
#5547=CARTESIAN_POINT('Ctrl Pts',(8.97188409191446,1.,-9.68441107608527));
#5548=CARTESIAN_POINT('Ctrl Pts',(9.03017678870745,1.,-9.64247301311696));
#5549=CARTESIAN_POINT('Ctrl Pts',(9.08588615853859,1.,-9.59698110420453));
#5550=CARTESIAN_POINT('Ctrl Pts',(9.13885148542665,1.,-9.5482758084518));
#5551=CARTESIAN_POINT('Ctrl Pts',(9.16393508980525,1.,-9.5252096925306));
#5552=CARTESIAN_POINT('Ctrl Pts',(9.18840263739681,1.,-9.50142241661545));
#5553=CARTESIAN_POINT('Ctrl Pts',(9.21223354587865,1.,-9.4769482258877));
#5554=CARTESIAN_POINT('Ctrl Pts',(9.22419082453345,1.,-9.46466817711803));
#5555=CARTESIAN_POINT('Ctrl Pts',(9.23598778702881,1.,-9.45221517701288));
#5556=CARTESIAN_POINT('Ctrl Pts',(9.2476216031147,1.,-9.43959347740181));
#5557=CARTESIAN_POINT('Ctrl Pts',(9.25703761333207,1.,-9.42937790826945));
#5558=CARTESIAN_POINT('Ctrl Pts',(9.26634551670877,1.,-9.41905303850091));
#5559=CARTESIAN_POINT('Ctrl Pts',(9.27553635536481,1.,-9.40863003260341));
#5560=CARTESIAN_POINT('Ctrl Pts',(9.32275486407571,1.,-9.35508118758676));
#5561=CARTESIAN_POINT('Ctrl Pts',(9.36694520086785,1.,-9.29888174975295));
#5562=CARTESIAN_POINT('Ctrl Pts',(9.40794553900162,1.,-9.24036639717054));
#5563=CARTESIAN_POINT('Ctrl Pts',(9.43743681294694,1.,-9.19827668836413));
#5564=CARTESIAN_POINT('Ctrl Pts',(9.46527673018805,1.,-9.15498806776811));
#5565=CARTESIAN_POINT('Ctrl Pts',(9.49138921938932,1.,-9.11061988586656));
#5566=CARTESIAN_POINT('Ctrl Pts',(9.50509471500585,1.,-9.08733264128877));
#5567=CARTESIAN_POINT('Ctrl Pts',(9.51832410616631,1.,-9.06374795026692));
#5568=CARTESIAN_POINT('Ctrl Pts',(9.53106481412828,1.,-9.03988292544424));
#5569=CARTESIAN_POINT('Ctrl Pts',(9.5382475020897,1.,-9.02642880444842));
#5570=CARTESIAN_POINT('Ctrl Pts',(9.54527582449722,1.,-9.01288338331195));
#5571=CARTESIAN_POINT('Ctrl Pts',(9.55213725938731,1.,-8.99927062546687));
#5572=CARTESIAN_POINT('Ctrl Pts',(9.58348562403184,1.,-8.93707697303392));
#5573=CARTESIAN_POINT('Ctrl Pts',(9.611404580354,1.,-8.87338787593503));
#5574=CARTESIAN_POINT('Ctrl Pts',(9.63574140770665,1.,-8.80851156468449));
#5575=CARTESIAN_POINT('Ctrl Pts',(9.65949725438142,1.,-8.74518401255289));
#5576=CARTESIAN_POINT('Ctrl Pts',(9.67984005980165,1.,-8.68072427552896));
#5577=CARTESIAN_POINT('Ctrl Pts',(9.6965794557832,1.,-8.61541334338949));
#5578=CARTESIAN_POINT('Ctrl Pts',(9.70770345716006,1.,-8.57201160417239));
#5579=CARTESIAN_POINT('Ctrl Pts',(9.71723515486607,1.,-8.52823387586625));
#5580=CARTESIAN_POINT('Ctrl Pts',(9.725106076534,1.,-8.48416426078523));
#5581=CARTESIAN_POINT('Ctrl Pts',(9.73130883892537,1.,-8.44943473830246));
#5582=CARTESIAN_POINT('Ctrl Pts',(9.7364800010227,1.,-8.41452395443153));
#5583=CARTESIAN_POINT('Ctrl Pts',(9.74058138880558,1.,-8.37947446523546));
#5584=CARTESIAN_POINT('Ctrl Pts',(9.74251262835416,1.,-8.36297054917682));
#5585=CARTESIAN_POINT('Ctrl Pts',(9.74420699759646,1.,-8.34642976194797));
#5586=CARTESIAN_POINT('Ctrl Pts',(9.74565764877728,1.,-8.32989088041437));
#5587=CARTESIAN_POINT('Ctrl Pts',(9.75134982257672,1.,-8.26499437780781));
#5588=CARTESIAN_POINT('Ctrl Pts',(9.75330578683175,1.,-8.20004565040816));
#5589=CARTESIAN_POINT('Ctrl Pts',(9.75135725620061,1.,-8.13530432948176));
#5590=CARTESIAN_POINT('Ctrl Pts',(9.75084231047184,1.,-8.11819489011565));
#5591=CARTESIAN_POINT('Ctrl Pts',(9.75005439425993,1.,-8.10109997274887));
#5592=CARTESIAN_POINT('Ctrl Pts',(9.74898979419734,1.,-8.08402448056707));
#5593=CARTESIAN_POINT('Ctrl Pts',(9.74470881008286,1.,-8.01536028135642));
#5594=CARTESIAN_POINT('Ctrl Pts',(9.73595804265342,1.,-7.94700804636688));
#5595=CARTESIAN_POINT('Ctrl Pts',(9.72293175867159,1.,-7.87930709857508));
#5596=CARTESIAN_POINT('Ctrl Pts',(9.71141836067268,1.,-7.81946900830186));
#5597=CARTESIAN_POINT('Ctrl Pts',(9.69656365708385,1.,-7.76013949918991));
#5598=CARTESIAN_POINT('Ctrl Pts',(9.67847076404112,1.,-7.70157649810561));
#5599=CARTESIAN_POINT('Ctrl Pts',(9.67519315157219,1.,-7.69096753567386));
#5600=CARTESIAN_POINT('Ctrl Pts',(9.67180926641671,1.,-7.68038430010124));
#5601=CARTESIAN_POINT('Ctrl Pts',(9.66832422354936,1.,-7.66984135007164));
#5602=CARTESIAN_POINT('Ctrl Pts',(9.64798106870637,1.,-7.60829924768796));
#5603=CARTESIAN_POINT('Ctrl Pts',(9.62415964785272,1.,-7.54801137321537));
#5604=CARTESIAN_POINT('Ctrl Pts',(9.5970473246439,1.,-7.48925131608537));
#5605=CARTESIAN_POINT('Ctrl Pts',(9.57002969023926,1.,-7.43069647632091));
#5606=CARTESIAN_POINT('Ctrl Pts',(9.53974334614218,1.,-7.37365795894212));
#5607=CARTESIAN_POINT('Ctrl Pts',(9.50633373656675,1.,-7.31843864209755));
#5608=CARTESIAN_POINT('Ctrl Pts',(9.47359863190637,1.,-7.26433414524312));
#5609=CARTESIAN_POINT('Ctrl Pts',(9.43786435147238,1.,-7.21197550731488));
#5610=CARTESIAN_POINT('Ctrl Pts',(9.39924047987721,1.,-7.1616891975474));
#5611=CARTESIAN_POINT('Ctrl Pts',(9.39054821846051,1.,-7.15037231676545));
#5612=CARTESIAN_POINT('Ctrl Pts',(9.38170952191193,1.,-7.13916058399976));
#5613=CARTESIAN_POINT('Ctrl Pts',(9.37272550229365,1.,-7.12805806760945));
#5614=CARTESIAN_POINT('Ctrl Pts',(9.36591499065833,1.,-7.11964158809691));
#5615=CARTESIAN_POINT('Ctrl Pts',(9.35902640072311,1.,-7.1112946204573));
#5616=CARTESIAN_POINT('Ctrl Pts',(9.35206239072912,1.,-7.1030207265323));
#5617=CARTESIAN_POINT('Ctrl Pts',(9.31212155163777,1.,-7.05556728143346));
#5618=CARTESIAN_POINT('Ctrl Pts',(9.26968278581088,1.,-7.0104900594003));
#5619=CARTESIAN_POINT('Ctrl Pts',(9.22488368759698,1.,-6.96805716763094));
#5620=CARTESIAN_POINT('Ctrl Pts',(9.18089803449072,1.,-6.92639475628616));
#5621=CARTESIAN_POINT('Ctrl Pts',(9.13463628243014,1.,-6.88728098414737));
#5622=CARTESIAN_POINT('Ctrl Pts',(9.0862054923188,1.,-6.85101362919019));
#5623=CARTESIAN_POINT('Ctrl Pts',(9.03931814636967,1.,-6.81590208104843));
#5624=CARTESIAN_POINT('Ctrl Pts',(8.99039720608864,1.,-6.7834581192555));
#5625=CARTESIAN_POINT('Ctrl Pts',(8.93952741293059,1.,-6.75399938505169));
#5626=CARTESIAN_POINT('Ctrl Pts',(8.92765963053738,1.,-6.74712674363906));
#5627=CARTESIAN_POINT('Ctrl Pts',(8.91568574343921,1.,-6.74041680082707));
#5628=CARTESIAN_POINT('Ctrl Pts',(8.90360677865021,1.,-6.73387400327717));
#5629=CARTESIAN_POINT('Ctrl Pts',(9.51814181076364,5.,-6.76981243608493));
#5630=CARTESIAN_POINT('Ctrl Pts',(9.10841320796344,4.96289408699761,-6.26417724579155));
#5631=CARTESIAN_POINT('Ctrl Pts',(8.42962929708176,4.92578817399523,-5.98384008916149));
#5632=CARTESIAN_POINT('Ctrl Pts',(7.78679152261726,4.88868226099284,-6.05463220511773));
#5633=CARTESIAN_POINT('Ctrl Pts',(7.14395374815277,4.85157634799045,-6.12542432107397));
#5634=CARTESIAN_POINT('Ctrl Pts',(6.53706211010546,4.81447043498807,-6.54734570961651));
#5635=CARTESIAN_POINT('Ctrl Pts',(6.2477834625254,4.77736452198568,-7.12712766767132));
#5636=CARTESIAN_POINT('Ctrl Pts',(6.11396512528152,4.76019957869853,-7.39533086289477));
#5637=CARTESIAN_POINT('Ctrl Pts',(6.0481135779538,4.74303463541138,-7.69731503209004));
#5638=CARTESIAN_POINT('Ctrl Pts',(6.04880534357337,4.72586969212423,-7.99953958610211));
#5639=CARTESIAN_POINT('Origin',(8.,0.,-8.));
#5640=CARTESIAN_POINT('Origin',(8.,5.,-8.));
#5641=CARTESIAN_POINT('Origin',(8.,0.,-8.));
#5642=CARTESIAN_POINT('',(5.5,1.,-8.));
#5643=CARTESIAN_POINT('Origin',(8.,1.,-8.));
#5644=CARTESIAN_POINT('',(5.5,0.,-8.));
#5645=CARTESIAN_POINT('Origin',(8.,1.,-8.));
#5646=CARTESIAN_POINT('Origin',(8.,5.,-8.));
#5647=CARTESIAN_POINT('Origin',(8.,0.,0.));
#5648=CARTESIAN_POINT('',(6.04353042535968,1.22586969212423,-0.00120253891554782));
#5649=CARTESIAN_POINT('',(6.04411685957023,1.12413030787577,-0.00199715366401911));
#5650=CARTESIAN_POINT('',(6.046,0.,2.39295984553393E-16));
#5651=CARTESIAN_POINT('',(8.86152585967052,1.,-1.75382131162755));
#5652=CARTESIAN_POINT('Ctrl Pts',(6.04353042535968,1.22586969212423,-0.00120253891554782));
#5653=CARTESIAN_POINT('Ctrl Pts',(6.04311754321252,1.22231208600168,-0.063371718640393));
#5654=CARTESIAN_POINT('Ctrl Pts',(6.04582201963399,1.21875447987912,-0.125502206601394));
#5655=CARTESIAN_POINT('Ctrl Pts',(6.05176107523533,1.21519687375657,-0.187319048009201));
#5656=CARTESIAN_POINT('Ctrl Pts',(6.11370556061905,1.17809096075419,-0.832070113850817));
#5657=CARTESIAN_POINT('Ctrl Pts',(6.52752495760256,1.1409850477518,-1.44270102153847));
#5658=CARTESIAN_POINT('Ctrl Pts',(7.10342374573397,1.10387913474941,-1.73962929236925));
#5659=CARTESIAN_POINT('Ctrl Pts',(7.64083915093258,1.06925275649961,-2.0167158747203));
#5660=CARTESIAN_POINT('Ctrl Pts',(8.3193963686476,1.0346263782498,-2.02062424210163));
#5661=CARTESIAN_POINT('Ctrl Pts',(8.86358674753124,1.,-1.75646928145123));
#5662=CARTESIAN_POINT('',(7.13847414032947,1.,-1.75382131162754));
#5663=CARTESIAN_POINT('Origin',(8.,1.,0.));
#5664=CARTESIAN_POINT('Ctrl Pts',(7.13847414032947,1.,-1.75382131162754));
#5665=CARTESIAN_POINT('Ctrl Pts',(6.55434308856738,1.03710591300239,-1.46687987512363));
#5666=CARTESIAN_POINT('Ctrl Pts',(6.12997242653161,1.07421182600477,-0.867544951834607));
#5667=CARTESIAN_POINT('Ctrl Pts',(6.05594593168181,1.11131773900716,-0.225071494631348));
#5668=CARTESIAN_POINT('Ctrl Pts',(6.04742555054737,1.1155885952967,-0.151123393546214));
#5669=CARTESIAN_POINT('Ctrl Pts',(6.04354645789938,1.11985945158623,-0.0766038019111259));
#5670=CARTESIAN_POINT('Ctrl Pts',(6.04411685957023,1.12413030787577,-0.00199715366401911));
#5671=CARTESIAN_POINT('Origin',(8.,0.,0.));
#5672=CARTESIAN_POINT('',(6.04852365252499,1.92586969212423,-0.00115717492771866));
#5673=CARTESIAN_POINT('',(6.04873623737205,1.82413030787577,-0.00100099728986463));
#5674=CARTESIAN_POINT('',(6.046,0.,2.39295984553393E-16));
#5675=CARTESIAN_POINT('Ctrl Pts',(6.04852365252499,1.92586969212423,-0.00115717492771866));
#5676=CARTESIAN_POINT('Ctrl Pts',(6.04717709649878,1.91161423068266,-0.251931944826169));
#5677=CARTESIAN_POINT('Ctrl Pts',(6.09199913732321,1.8973587692411,-0.502243270474081));
#5678=CARTESIAN_POINT('Ctrl Pts',(6.18520763715704,1.88310330779953,-0.733010023774652));
#5679=CARTESIAN_POINT('Ctrl Pts',(6.42782247639559,1.84599739479714,-1.33367883459591));
#5680=CARTESIAN_POINT('Ctrl Pts',(6.9982664337971,1.80889148179476,-1.80192878177896));
#5681=CARTESIAN_POINT('Ctrl Pts',(7.63470146379312,1.77178556879237,-1.92284067988374));
#5682=CARTESIAN_POINT('Ctrl Pts',(8.27113649378914,1.73467965578998,-2.04375257798852));
#5683=CARTESIAN_POINT('Ctrl Pts',(8.97356259637967,1.6975737427876,-1.81732642701503));
#5684=CARTESIAN_POINT('Ctrl Pts',(9.4195516052935,1.66046782978521,-1.34746868701039));
#5685=CARTESIAN_POINT('Ctrl Pts',(9.86554061420732,1.62336191678282,-0.877610947005747));
#5686=CARTESIAN_POINT('Ctrl Pts',(10.0550925294444,1.58625600378044,-0.164321617969952));
#5687=CARTESIAN_POINT('Ctrl Pts',(9.90121162615423,1.54915009077805,0.464940236917267));
#5688=CARTESIAN_POINT('Ctrl Pts',(9.74733072286402,1.51204417777567,1.09420209180449));
#5689=CARTESIAN_POINT('Ctrl Pts',(9.25001700104648,1.47493826477328,1.63943647254314));
#5690=CARTESIAN_POINT('Ctrl Pts',(8.63752250064684,1.43783235177089,1.85047093166942));
#5691=CARTESIAN_POINT('Ctrl Pts',(8.0250280002472,1.4007264387685,2.06150539079571));
#5692=CARTESIAN_POINT('Ctrl Pts',(7.29735272126547,1.36362052576612,1.93833992830964));
#5693=CARTESIAN_POINT('Ctrl Pts',(6.78854986866657,1.32651461276373,1.53732158506882));
#5694=CARTESIAN_POINT('Ctrl Pts',(6.32852954146899,1.2929663058839,1.17475170455892));
#5695=CARTESIAN_POINT('Ctrl Pts',(6.04742391342473,1.25941799900406,0.585054243884285));
#5696=CARTESIAN_POINT('Ctrl Pts',(6.04353042535968,1.22586969212423,-0.00120253891554782));
#5697=CARTESIAN_POINT('Ctrl Pts',(6.04411685957023,1.12413030787577,-0.00199715366401911));
#5698=CARTESIAN_POINT('Ctrl Pts',(6.04850220291633,1.15696536458862,0.571591223062984));
#5699=CARTESIAN_POINT('Ctrl Pts',(6.31588786932424,1.18980042130147,1.15032533443869));
#5700=CARTESIAN_POINT('Ctrl Pts',(6.75911654548004,1.22263547801432,1.5140631342499));
#5701=CARTESIAN_POINT('Ctrl Pts',(7.2599959817919,1.25974139101671,1.92511231481038));
#5702=CARTESIAN_POINT('Ctrl Pts',(7.98543718207944,1.29684730401909,2.06159868481386));
#5703=CARTESIAN_POINT('Ctrl Pts',(8.60193595120505,1.33395321702148,1.86221181971896));
#5704=CARTESIAN_POINT('Ctrl Pts',(9.21843472033067,1.37105913002387,1.66282495462405));
#5705=CARTESIAN_POINT('Ctrl Pts',(9.72599105829436,1.40816504302625,1.12756485443075));
#5706=CARTESIAN_POINT('Ctrl Pts',(9.89189560761945,1.44527095602864,0.501452395684811));
#5707=CARTESIAN_POINT('Ctrl Pts',(10.0578001569445,1.48237686903102,-0.124660063061125));
#5708=CARTESIAN_POINT('Ctrl Pts',(9.88205291763103,1.51948278203341,-0.841624880359698));
#5709=CARTESIAN_POINT('Ctrl Pts',(9.4451869454086,1.5565886950358,-1.32000148429444));
#5710=CARTESIAN_POINT('Ctrl Pts',(9.00832097318616,1.59369460803819,-1.79837808822919));
#5711=CARTESIAN_POINT('Ctrl Pts',(8.31033626805481,1.63080052104057,-2.03816647880011));
#5712=CARTESIAN_POINT('Ctrl Pts',(7.67168761713727,1.66790643404296,-1.92947892776461));
#5713=CARTESIAN_POINT('Ctrl Pts',(7.03303896621974,1.70501234704534,-1.8207913767291));
#5714=CARTESIAN_POINT('Ctrl Pts',(6.45372636951603,1.74211826004773,-1.36362788408718));
#5715=CARTESIAN_POINT('Ctrl Pts',(6.1996248992781,1.77922417305012,-0.767740062628454));
#5716=CARTESIAN_POINT('Ctrl Pts',(6.09711909037762,1.79419288465867,-0.527355923585996));
#5717=CARTESIAN_POINT('Ctrl Pts',(6.04753671279795,1.80916159626722,-0.264396396153701));
#5718=CARTESIAN_POINT('Ctrl Pts',(6.04873623737205,1.82413030787577,-0.00100099728986463));
#5719=CARTESIAN_POINT('Origin',(8.,0.,0.));
#5720=CARTESIAN_POINT('',(6.04773121448546,2.62586969212423,0.00155370679036454));
#5721=CARTESIAN_POINT('',(6.0474107953585,2.52413030787577,0.00164993538912752));
#5722=CARTESIAN_POINT('',(6.046,0.,2.39295984553393E-16));
#5723=CARTESIAN_POINT('Ctrl Pts',(6.04773121448546,2.62586969212423,0.00155370679036454));
#5724=CARTESIAN_POINT('Ctrl Pts',(6.05098472504274,2.60091637536365,-0.436964196447971));
#5725=CARTESIAN_POINT('Ctrl Pts',(6.19704330004292,2.57596305860307,-0.877446195575575));
#5726=CARTESIAN_POINT('Ctrl Pts',(6.46823827376067,2.55100974184249,-1.21839227925133));
#5727=CARTESIAN_POINT('Ctrl Pts',(6.87150879679398,2.5139038288401,-1.72538362796705));
#5728=CARTESIAN_POINT('Ctrl Pts',(7.55148198171703,2.47679791583771,-2.01228031964121));
#5729=CARTESIAN_POINT('Ctrl Pts',(8.19604158639516,2.43969200283533,-1.9473934013263));
#5730=CARTESIAN_POINT('Ctrl Pts',(8.84060119107329,2.40258608983294,-1.88250648301138));
#5731=CARTESIAN_POINT('Ctrl Pts',(9.44974721550651,2.36548017683056,-1.46583595470739));
#5732=CARTESIAN_POINT('Ctrl Pts',(9.7438738179209,2.32837426382817,-0.888638360766117));
#5733=CARTESIAN_POINT('Ctrl Pts',(10.0380004203353,2.29126835082578,-0.311440766824841));
#5734=CARTESIAN_POINT('Ctrl Pts',(10.0171076007309,2.2541624378234,0.42628389275372));
#5735=CARTESIAN_POINT('Ctrl Pts',(9.69078563890787,2.21705652482101,0.985909696543644));
#5736=CARTESIAN_POINT('Ctrl Pts',(9.36446367708486,2.17995061181862,1.54553550033357));
#5737=CARTESIAN_POINT('Ctrl Pts',(8.73271257304328,2.14284469881623,1.92706244833485));
#5738=CARTESIAN_POINT('Ctrl Pts',(8.08551366881676,2.10573878581385,1.95536671227373));
#5739=CARTESIAN_POINT('Ctrl Pts',(7.43831476459024,2.06863287281146,1.98367097621261));
#5740=CARTESIAN_POINT('Ctrl Pts',(6.77566806017877,2.03152695980908,1.65875255608909));
#5741=CARTESIAN_POINT('Ctrl Pts',(6.40173756851083,1.99442104680669,1.12974950879759));
#5742=CARTESIAN_POINT('Ctrl Pts',(6.17146481962517,1.97157059524587,0.803980445875376));
#5743=CARTESIAN_POINT('Ctrl Pts',(6.05068208235744,1.94872014368505,0.400816255096202));
#5744=CARTESIAN_POINT('Ctrl Pts',(6.04852365252499,1.92586969212423,-0.00115717492771866));
#5745=CARTESIAN_POINT('Ctrl Pts',(6.04873623737205,1.82413030787577,-0.00100099728986463));
#5746=CARTESIAN_POINT('Ctrl Pts',(6.05051021216481,1.84626750926961,0.388533996993004));
#5747=CARTESIAN_POINT('Ctrl Pts',(6.16335131806495,1.86840471066344,0.779022303132651));
#5748=CARTESIAN_POINT('Ctrl Pts',(6.38033265570517,1.89054191205728,1.09885237907256));
#5749=CARTESIAN_POINT('Ctrl Pts',(6.74403222614234,1.92764782505966,1.63494484903931));
#5750=CARTESIAN_POINT('Ctrl Pts',(7.40032171078884,1.96475373806205,1.97251763869728));
#5751=CARTESIAN_POINT('Ctrl Pts',(8.04794608514906,2.00185965106444,1.95664527822599));
#5752=CARTESIAN_POINT('Ctrl Pts',(8.69557045950928,2.03896556406682,1.94077291775469));
#5753=CARTESIAN_POINT('Ctrl Pts',(9.33452972358322,2.07607147706921,1.57145540715413));
#5754=CARTESIAN_POINT('Ctrl Pts',(9.67153858699154,2.1131773900716,1.01820136389192));
#5755=CARTESIAN_POINT('Ctrl Pts',(10.0085474503999,2.15028330307398,0.464947320629708));
#5756=CARTESIAN_POINT('Ctrl Pts',(10.0436059131426,2.18738921607637,-0.272243255294148));
#5757=CARTESIAN_POINT('Ctrl Pts',(9.76061905844999,2.22449512907876,-0.854983938106688));
#5758=CARTESIAN_POINT('Ctrl Pts',(9.47763220375741,2.26160104208114,-1.43772462091923));
#5759=CARTESIAN_POINT('Ctrl Pts',(8.87660003162954,2.29870695508353,-1.86601541062045));
#5760=CARTESIAN_POINT('Ctrl Pts',(8.23340528049984,2.33581286808592,-1.94326884373423));
#5761=CARTESIAN_POINT('Ctrl Pts',(7.59021052937014,2.3729187810883,-2.02052227684801));
#5762=CARTESIAN_POINT('Ctrl Pts',(6.90485319923862,2.41002469409069,-1.74673835337435));
#5763=CARTESIAN_POINT('Ctrl Pts',(6.49192027036512,2.44713060709307,-1.24758558370782));
#5764=CARTESIAN_POINT('Ctrl Pts',(6.20629003523668,2.47279717402064,-0.902316139215207));
#5765=CARTESIAN_POINT('Ctrl Pts',(6.05100508531303,2.49846374094821,-0.44921580146329));
#5766=CARTESIAN_POINT('Ctrl Pts',(6.0474107953585,2.52413030787577,0.00164993538912752));
#5767=CARTESIAN_POINT('Origin',(8.,0.,0.));
#5768=CARTESIAN_POINT('',(6.0429014141576,3.32586969212423,0.000471191621514155));
#5769=CARTESIAN_POINT('',(6.04280069324647,3.22413030787577,0.000242687274875674));
#5770=CARTESIAN_POINT('',(6.046,0.,2.39295984553393E-16));
#5771=CARTESIAN_POINT('Ctrl Pts',(6.0429014141576,3.32586969212423,0.000471191621514155));
#5772=CARTESIAN_POINT('Ctrl Pts',(6.04491880601172,3.29021852004463,-0.62206594141451));
#5773=CARTESIAN_POINT('Ctrl Pts',(6.36762056572533,3.25456734796504,-1.24640173701398));
#5774=CARTESIAN_POINT('Ctrl Pts',(6.87750593424876,3.21891617588544,-1.60336546191572));
#5775=CARTESIAN_POINT('Ctrl Pts',(7.40819710152313,3.18181026288306,-1.97489504000756));
#5776=CARTESIAN_POINT('Ctrl Pts',(8.14165954529162,3.14470434988067,-2.05678720583356));
#5777=CARTESIAN_POINT('Ctrl Pts',(8.74122458782855,3.10759843687829,-1.81145240285437));
#5778=CARTESIAN_POINT('Ctrl Pts',(9.34078963036548,3.0704925238759,-1.56611759987519));
#5779=CARTESIAN_POINT('Ctrl Pts',(9.80645727167084,3.03338661087351,-0.993555828090819));
#5780=CARTESIAN_POINT('Ctrl Pts',(9.92448023999166,2.99628069787113,-0.356580187303321));
#5781=CARTESIAN_POINT('Ctrl Pts',(10.0425032083125,2.95917478486874,0.28039545348418));
#5782=CARTESIAN_POINT('Ctrl Pts',(9.81288150364876,2.92206887186635,0.981784963274813));
#5783=CARTESIAN_POINT('Ctrl Pts',(9.34101436176922,2.88496295886397,1.42564166865796));
#5784=CARTESIAN_POINT('Ctrl Pts',(8.86914721988968,2.84785704586158,1.86949837404111));
#5785=CARTESIAN_POINT('Ctrl Pts',(8.15503464079433,2.81075113285919,2.05582227501679));
#5786=CARTESIAN_POINT('Ctrl Pts',(7.52646334570353,2.77364521985681,1.8990883763357));
#5787=CARTESIAN_POINT('Ctrl Pts',(6.89789205061273,2.73653930685442,1.74235447765461));
#5788=CARTESIAN_POINT('Ctrl Pts',(6.35486203952647,2.69943339385204,1.24256277931677));
#5789=CARTESIAN_POINT('Ctrl Pts',(6.14663096455513,2.66232748084965,0.62912392726921));
#5790=CARTESIAN_POINT('Ctrl Pts',(6.07843298815818,2.65017488460784,0.428215929465961));
#5791=CARTESIAN_POINT('Ctrl Pts',(6.04614671168968,2.63802228836604,0.215117742144474));
#5792=CARTESIAN_POINT('Ctrl Pts',(6.04773121448546,2.62586969212423,0.00155370679036454));
#5793=CARTESIAN_POINT('Ctrl Pts',(6.0474107953585,2.52413030787577,0.00164993538912752));
#5794=CARTESIAN_POINT('Ctrl Pts',(6.04580885432762,2.53556965395059,0.202596529130706));
#5795=CARTESIAN_POINT('Ctrl Pts',(6.07433875471184,2.54700900002541,0.403099241621169));
#5796=CARTESIAN_POINT('Ctrl Pts',(6.13489024511219,2.55844834610024,0.593413755138097));
#5797=CARTESIAN_POINT('Ctrl Pts',(6.33130167634824,2.59555425910262,1.21073870845809));
#5798=CARTESIAN_POINT('Ctrl Pts',(6.86463306643581,2.63266017210501,1.72086699923868));
#5799=CARTESIAN_POINT('Ctrl Pts',(7.49007837033038,2.66976608510739,1.88964376250573));
#5800=CARTESIAN_POINT('Ctrl Pts',(8.11552367422495,2.70687199810978,2.05842052577278));
#5801=CARTESIAN_POINT('Ctrl Pts',(8.83308289192652,2.74397791111217,1.88584576152629));
#5802=CARTESIAN_POINT('Ctrl Pts',(9.31338735792565,2.78108382411456,1.45113322404834));
#5803=CARTESIAN_POINT('Ctrl Pts',(9.79369182392477,2.81818973711694,1.01642068657039));
#5804=CARTESIAN_POINT('Ctrl Pts',(10.0367415382215,2.85529565011932,0.319570375860977));
#5805=CARTESIAN_POINT('Ctrl Pts',(9.93097356068582,2.89240156312171,-0.319554469922833));
#5806=CARTESIAN_POINT('Ctrl Pts',(9.82520558315019,2.9295074761241,-0.958679315706643));
#5807=CARTESIAN_POINT('Ctrl Pts',(9.37061991378225,2.96661338912649,-1.54007869656485));
#5808=CARTESIAN_POINT('Ctrl Pts',(8.77587714363255,3.00371930212887,-1.79688300568246));
#5809=CARTESIAN_POINT('Ctrl Pts',(8.18113437348284,3.04082521513126,-2.05368731480006));
#5810=CARTESIAN_POINT('Ctrl Pts',(7.44623450255137,3.07793112813365,-1.98589655217706));
#5811=CARTESIAN_POINT('Ctrl Pts',(6.9085058765153,3.11503704113603,-1.62462750135979));
#5812=CARTESIAN_POINT('Ctrl Pts',(6.3815227293821,3.15140146338261,-1.27057772207812));
#5813=CARTESIAN_POINT('Ctrl Pts',(6.04390938131814,3.18776588562919,-0.634661667133281));
#5814=CARTESIAN_POINT('Ctrl Pts',(6.04280069324647,3.22413030787577,0.000242687274875674));
#5815=CARTESIAN_POINT('Origin',(8.,0.,0.));
#5816=CARTESIAN_POINT('',(6.04631124660581,4.02586969212423,-0.00179999385602217));
#5817=CARTESIAN_POINT('',(6.04668277883986,3.92413030787577,-0.00177679305503282));
#5818=CARTESIAN_POINT('',(6.046,0.,2.39295984553393E-16));
#5819=CARTESIAN_POINT('Ctrl Pts',(6.04631124660581,4.02586969212423,-0.00179999385602217));
#5820=CARTESIAN_POINT('Ctrl Pts',(6.04483795419035,4.01662657772801,-0.163935542956912));
#5821=CARTESIAN_POINT('Ctrl Pts',(6.06332837313292,4.00738346333179,-0.32573925079347));
#5822=CARTESIAN_POINT('Ctrl Pts',(6.10308097894045,3.99814034893556,-0.482138494950526));
#5823=CARTESIAN_POINT('Ctrl Pts',(6.26266536462277,3.96103443593318,-1.10999362024277));
#5824=CARTESIAN_POINT('Ctrl Pts',(6.76490510153915,3.92392852293079,-1.65075194725676));
#5825=CARTESIAN_POINT('Ctrl Pts',(7.37927941573886,3.8868226099284,-1.85620068189346));
#5826=CARTESIAN_POINT('Ctrl Pts',(7.99365372993856,3.84971669692602,-2.06164941653016));
#5827=CARTESIAN_POINT('Ctrl Pts',(8.72016262142158,3.81261078392363,-1.93178855878956));
#5828=CARTESIAN_POINT('Ctrl Pts',(9.22532226372603,3.77550487092124,-1.52622478768869));
#5829=CARTESIAN_POINT('Ctrl Pts',(9.73048190603047,3.73839895791886,-1.12066101658781));
#5830=CARTESIAN_POINT('Ctrl Pts',(10.0142922991564,3.70129304491647,-0.439394332126666));
#5831=CARTESIAN_POINT('Ctrl Pts',(9.9464845323473,3.66418713191408,0.204864668392147));
#5832=CARTESIAN_POINT('Ctrl Pts',(9.87867676553824,3.6270812189117,0.84912366891096));
#5833=CARTESIAN_POINT('Ctrl Pts',(9.45925083879425,3.58997530590931,1.45637498548744));
#5834=CARTESIAN_POINT('Ctrl Pts',(8.88072666970756,3.55286939290693,1.74788287357639));
#5835=CARTESIAN_POINT('Ctrl Pts',(8.30220250062087,3.51576347990454,2.03939076166535));
#5836=CARTESIAN_POINT('Ctrl Pts',(7.56458008919147,3.47865756690215,2.01515522126679));
#5837=CARTESIAN_POINT('Ctrl Pts',(7.00643843475207,3.44155165389976,1.68630052040472));
#5838=CARTESIAN_POINT('Ctrl Pts',(6.44829678031267,3.40444574089738,1.35744581954264));
#5839=CARTESIAN_POINT('Ctrl Pts',(6.06963588286326,3.36733982789499,0.723971958217056));
#5840=CARTESIAN_POINT('Ctrl Pts',(6.04426537952869,3.3302339148926,0.0766515323754205));
#5841=CARTESIAN_POINT('Ctrl Pts',(6.04327072648161,3.32877917396981,0.0512732722159187));
#5842=CARTESIAN_POINT('Ctrl Pts',(6.04281909477464,3.32732443304702,0.0258737293378806));
#5843=CARTESIAN_POINT('Ctrl Pts',(6.0429014141576,3.32586969212423,0.000471191621514155));
#5844=CARTESIAN_POINT('Ctrl Pts',(6.04280069324647,3.22413030787577,0.000242687274875674));
#5845=CARTESIAN_POINT('Ctrl Pts',(6.04277808648125,3.22487179863158,0.0131887395020681));
#5846=CARTESIAN_POINT('Ctrl Pts',(6.04289538985274,3.22561328938739,0.0261343710897352));
#5847=CARTESIAN_POINT('Ctrl Pts',(6.04315385075232,3.22635478014319,0.0390771838329908));
#5848=CARTESIAN_POINT('Ctrl Pts',(6.0560878321661,3.26346069314558,0.686765479196972));
#5849=CARTESIAN_POINT('Ctrl Pts',(6.42251317613436,3.30056660614797,1.32739473091341));
#5850=CARTESIAN_POINT('Ctrl Pts',(6.97423608038796,3.33767251915035,1.66690801561979));
#5851=CARTESIAN_POINT('Ctrl Pts',(7.52595898464158,3.37477843215274,2.00642130032618));
#5852=CARTESIAN_POINT('Ctrl Pts',(8.26297944918055,3.41188434515512,2.04481861802251));
#5853=CARTESIAN_POINT('Ctrl Pts',(8.8469956191131,3.44899025815751,1.76447510809845));
#5854=CARTESIAN_POINT('Ctrl Pts',(9.43101178904565,3.4860961711599,1.4841315981744));
#5855=CARTESIAN_POINT('Ctrl Pts',(9.86202366437178,3.52320208416229,0.885047260629956));
#5856=CARTESIAN_POINT('Ctrl Pts',(9.94219160435387,3.56030799716467,0.242209391971223));
#5857=CARTESIAN_POINT('Ctrl Pts',(10.022359544336,3.59741391016706,-0.400628476687508));
#5858=CARTESIAN_POINT('Ctrl Pts',(9.75168354897399,3.63451982316944,-1.08721987646053));
#5859=CARTESIAN_POINT('Ctrl Pts',(9.25440681376003,3.67162573617183,-1.50241067227213));
#5860=CARTESIAN_POINT('Ctrl Pts',(8.75713007854607,3.70873164917422,-1.91760146808372));
#5861=CARTESIAN_POINT('Ctrl Pts',(8.03325260348011,3.7458375621766,-2.06139165993389));
#5862=CARTESIAN_POINT('Ctrl Pts',(7.41504429846773,3.78294347517899,-1.8677797211813));
#5863=CARTESIAN_POINT('Ctrl Pts',(6.79683599345535,3.82004938818138,-1.67416778242871));
#5864=CARTESIAN_POINT('Ctrl Pts',(6.28429685849656,3.85715530118376,-1.14315371307336));
#5865=CARTESIAN_POINT('Ctrl Pts',(6.11268693179322,3.89426121418615,-0.518479706998556));
#5866=CARTESIAN_POINT('Ctrl Pts',(6.06664006608711,3.90421757874936,-0.350865393418956));
#5867=CARTESIAN_POINT('Ctrl Pts',(6.04513913350829,3.91417394331256,-0.176507830837062));
#5868=CARTESIAN_POINT('Ctrl Pts',(6.04668277883986,3.92413030787577,-0.00177679305503282));
#5869=CARTESIAN_POINT('Origin',(8.,0.,0.));
#5870=CARTESIAN_POINT('',(6.04880215767074,4.72586969212423,0.000452570755970633));
#5871=CARTESIAN_POINT('',(6.04899967049396,4.62413030787577,0.000599745635482973));
#5872=CARTESIAN_POINT('',(6.046,0.,2.39295984553393E-16));
#5873=CARTESIAN_POINT('Ctrl Pts',(6.04880215767074,4.72586969212423,0.000452570755970633));
#5874=CARTESIAN_POINT('Ctrl Pts',(6.04961228262543,4.705928722409,-0.350645003803793));
#5875=CARTESIAN_POINT('Ctrl Pts',(6.14023231880142,4.68598775269376,-0.702064784684596));
#5876=CARTESIAN_POINT('Ctrl Pts',(6.31842122925235,4.66604678297852,-1.00122519562466));
#5877=CARTESIAN_POINT('Ctrl Pts',(6.64999297845017,4.62894086997613,-1.55789923608609));
#5878=CARTESIAN_POINT('Ctrl Pts',(7.28477468750284,4.59183495697374,-1.93362357731967));
#5879=CARTESIAN_POINT('Ctrl Pts',(7.93210637678265,4.55472904397136,-1.95604544672196));
#5880=CARTESIAN_POINT('Ctrl Pts',(8.57943806606247,4.51762313096897,-1.97846731612424));
#5881=CARTESIAN_POINT('Ctrl Pts',(9.23931973556943,4.48051721796659,-1.64758671369522));
#5882=CARTESIAN_POINT('Ctrl Pts',(9.60849062634822,4.4434113049642,-1.11522508112767));
#5883=CARTESIAN_POINT('Ctrl Pts',(9.97766151712701,4.40630539196182,-0.582863448560118));
#5884=CARTESIAN_POINT('Ctrl Pts',(10.0561216291776,4.36919947895943,0.150979214145968));
#5885=CARTESIAN_POINT('Ctrl Pts',(9.80804640130052,4.33209356595704,0.749430329336051));
#5886=CARTESIAN_POINT('Ctrl Pts',(9.55997117342342,4.29498765295465,1.34788144452613));
#5887=CARTESIAN_POINT('Ctrl Pts',(8.98536060561862,4.25788173995227,1.81094101220021));
#5888=CARTESIAN_POINT('Ctrl Pts',(8.3478700694742,4.22077582694988,1.92607411230531));
#5889=CARTESIAN_POINT('Ctrl Pts',(7.71037953332977,4.1836699139475,2.04120721241042));
#5890=CARTESIAN_POINT('Ctrl Pts',(7.01000902884573,4.14656400094511,1.80841384494655));
#5891=CARTESIAN_POINT('Ctrl Pts',(6.56828829382782,4.10945808794272,1.33454119942938));
#5892=CARTESIAN_POINT('Ctrl Pts',(6.23660056850007,4.08159528933656,0.978710631773866));
#5893=CARTESIAN_POINT('Ctrl Pts',(6.05075239577916,4.05373249073039,0.486947624949198));
#5894=CARTESIAN_POINT('Ctrl Pts',(6.04631124660581,4.02586969212423,-0.00179999385602217));
#5895=CARTESIAN_POINT('Ctrl Pts',(6.04668277883986,3.92413030787577,-0.00177679305503282));
#5896=CARTESIAN_POINT('Ctrl Pts',(6.05089207365187,3.95127985631495,0.47468916437106));
#5897=CARTESIAN_POINT('Ctrl Pts',(6.22645463915318,3.97842940475413,0.953932182731537));
#5898=CARTESIAN_POINT('Ctrl Pts',(6.54292877419213,4.00557895319331,1.30679778325513));
#5899=CARTESIAN_POINT('Ctrl Pts',(6.97546126174223,4.0426848661957,1.78906732463976));
#5900=CARTESIAN_POINT('Ctrl Pts',(7.67120695529032,4.07979077919808,2.03527246461477));
#5901=CARTESIAN_POINT('Ctrl Pts',(8.31080264846435,4.11689669220047,1.93240186786822));
#5902=CARTESIAN_POINT('Ctrl Pts',(8.95039834163838,4.15400260520286,1.82953127112167));
#5903=CARTESIAN_POINT('Ctrl Pts',(9.53384403443834,4.19110851820524,1.37758493765355));
#5904=CARTESIAN_POINT('Ctrl Pts',(9.79334454175096,4.22821443120763,0.784012070351746));
#5905=CARTESIAN_POINT('Ctrl Pts',(10.0528450490636,4.26532034421002,0.19043920304994));
#5906=CARTESIAN_POINT('Ctrl Pts',(9.98840037088885,4.3024262572124,-0.54476019808556));
#5907=CARTESIAN_POINT('Ctrl Pts',(9.62956482930511,4.33953217021479,-1.08412053031953));
#5908=CARTESIAN_POINT('Ctrl Pts',(9.27072928772137,4.37663808321717,-1.6234808625535));
#5909=CARTESIAN_POINT('Ctrl Pts',(8.61750288272861,4.41374399621956,-1.96700212588595));
#5910=CARTESIAN_POINT('Ctrl Pts',(7.96977618421277,4.45084990922195,-1.95700327746875));
#5911=CARTESIAN_POINT('Ctrl Pts',(7.32204948569692,4.48795582222434,-1.94700442905155));
#5912=CARTESIAN_POINT('Ctrl Pts',(6.67982249365798,4.52506173522672,-1.5834854688847));
#5913=CARTESIAN_POINT('Ctrl Pts',(6.33778626294848,4.56216764822911,-1.0333070433254));
#5914=CARTESIAN_POINT('Ctrl Pts',(6.14739904578701,4.58282186811133,-0.727061885707935));
#5915=CARTESIAN_POINT('Ctrl Pts',(6.05002162007087,4.60347608799355,-0.362982976410166));
#5916=CARTESIAN_POINT('Ctrl Pts',(6.04899967049396,4.62413030787577,0.000599745635482973));
#5917=CARTESIAN_POINT('Origin',(8.,-0.294056225603703,0.));
#5918=CARTESIAN_POINT('',(6.44673068385713,4.9559437743963,0.000360273188799845));
#5919=CARTESIAN_POINT('',(6.4445,5.,7.61108830709034E-15));
#5920=CARTESIAN_POINT('',(6.4445,-0.294056225603703,7.61108830709034E-15));
#5921=CARTESIAN_POINT('',(6.56454700114138,5.,0.599211930845659));
#5922=CARTESIAN_POINT('Ctrl Pts',(6.44673068385713,4.9559437743963,0.000360273188799911));
#5923=CARTESIAN_POINT('Ctrl Pts',(6.44625574552255,4.97062918293086,0.206192344365023));
#5924=CARTESIAN_POINT('Ctrl Pts',(6.48455557810822,4.98531459146543,0.411885305323704));
#5925=CARTESIAN_POINT('Ctrl Pts',(6.56234272899636,5.,0.60072061664997));
#5926=CARTESIAN_POINT('Origin',(8.,5.,0.));
#5927=CARTESIAN_POINT('Origin',(8.,-0.294056225603703,0.));
#5928=CARTESIAN_POINT('',(6.4447477707755,4.25594377439629,-0.00143290196677756));
#5929=CARTESIAN_POINT('',(6.44688791578985,4.3940562256037,0.000477433130010862));
#5930=CARTESIAN_POINT('',(6.4445,-0.294056225603703,7.61108830709034E-15));
#5931=CARTESIAN_POINT('Ctrl Pts',(6.4447477707755,4.25594377439629,-0.00143290196677751));
#5932=CARTESIAN_POINT('Ctrl Pts',(6.4482831891681,4.28380657300246,0.387639217302176));
#5933=CARTESIAN_POINT('Ctrl Pts',(6.79325473120063,4.34877528461101,1.30045014406662));
#5934=CARTESIAN_POINT('Ctrl Pts',(8.32698141444186,4.45084990922195,1.81023945854373));
#5935=CARTESIAN_POINT('Ctrl Pts',(9.69925378632574,4.5621676482291,0.704370741782689));
#5936=CARTESIAN_POINT('Ctrl Pts',(9.51187706530006,4.67348538723627,-1.04817623135854));
#5937=CARTESIAN_POINT('Ctrl Pts',(7.93596211609115,4.78480312624342,-1.83837803854124));
#5938=CARTESIAN_POINT('Ctrl Pts',(6.65374975735415,4.87895592196344,-1.07944250694413));
#5939=CARTESIAN_POINT('Ctrl Pts',(6.44737559141446,4.93600280468106,-0.27913423921023));
#5940=CARTESIAN_POINT('Ctrl Pts',(6.44673068385713,4.9559437743963,0.000360273188799911));
#5941=CARTESIAN_POINT('',(6.96668984977038,5.,-1.16269100943993));
#5942=CARTESIAN_POINT('Origin',(8.,5.,0.));
#5943=CARTESIAN_POINT('Ctrl Pts',(6.44688791578985,4.3940562256037,0.000477433130010776));
#5944=CARTESIAN_POINT('Ctrl Pts',(6.44623991322036,4.41050791872387,0.231019666746798));
#5945=CARTESIAN_POINT('Ctrl Pts',(6.60255986490947,4.46406552484642,0.980721724535106));
#5946=CARTESIAN_POINT('Ctrl Pts',(7.76441703333172,4.55472904397136,1.82434516267009));
#5947=CARTESIAN_POINT('Ctrl Pts',(9.40606210187441,4.66604678297852,1.18535035721643));
#5948=CARTESIAN_POINT('Ctrl Pts',(9.75918176081154,4.77736452198568,-0.541800174338791));
#5949=CARTESIAN_POINT('Ctrl Pts',(8.49274987058142,4.88868226099284,-1.77166687934628));
#5950=CARTESIAN_POINT('Ctrl Pts',(7.35393792214567,4.96289408699761,-1.50684724750613));
#5951=CARTESIAN_POINT('Ctrl Pts',(6.96668984977038,5.,-1.16269100943993));
#5952=CARTESIAN_POINT('Origin',(8.,-0.294056225603703,0.));
#5953=CARTESIAN_POINT('',(6.44203334172065,3.55594377439629,0.000375096503174817));
#5954=CARTESIAN_POINT('',(6.44504353248997,3.69405622560371,-0.00141443275184276));
#5955=CARTESIAN_POINT('',(6.4445,-0.294056225603703,7.61108830709034E-15));
#5956=CARTESIAN_POINT('Ctrl Pts',(6.44203334172065,3.55594377439629,0.0003750965031749));
#5957=CARTESIAN_POINT('Ctrl Pts',(6.44196781060489,3.55739851531909,0.020597024557339));
#5958=CARTESIAN_POINT('Ctrl Pts',(6.45149771655008,3.59595916924426,0.556554201479613));
#5959=CARTESIAN_POINT('Ctrl Pts',(7.06618867336689,3.67162573617183,1.58489025772289));
#5960=CARTESIAN_POINT('Ctrl Pts',(8.82776235961832,3.78294347517899,1.64276904445262));
#5961=CARTESIAN_POINT('Ctrl Pts',(9.82942617085209,3.89426121418615,0.192544751308231));
#5962=CARTESIAN_POINT('Ctrl Pts',(9.15163640651132,4.00557895319331,-1.43444142220147));
#5963=CARTESIAN_POINT('Ctrl Pts',(7.41660378516765,4.11689669220047,-1.74457227821298));
#5964=CARTESIAN_POINT('Ctrl Pts',(6.51738482342826,4.20035163260146,-0.776388947369916));
#5965=CARTESIAN_POINT('Ctrl Pts',(6.4435749425502,4.24670066000007,-0.130502424293502));
#5966=CARTESIAN_POINT('Ctrl Pts',(6.4447477707755,4.25594377439629,-0.00143290196677751));
#5967=CARTESIAN_POINT('Ctrl Pts',(6.44504353248997,3.69405622560371,-0.00141443275184268));
#5968=CARTESIAN_POINT('Ctrl Pts',(6.44839438104682,3.72120577404289,0.377880754953525));
#5969=CARTESIAN_POINT('Ctrl Pts',(6.77916338902662,3.78546123548445,1.28079953670919));
#5970=CARTESIAN_POINT('Ctrl Pts',(8.29211609276773,3.8868226099284,1.81619161409386));
#5971=CARTESIAN_POINT('Ctrl Pts',(9.68548831664237,3.99814034893556,0.73686327984158));
#5972=CARTESIAN_POINT('Ctrl Pts',(9.531582947808,4.10945808794272,-1.01892382629906));
#5973=CARTESIAN_POINT('Ctrl Pts',(7.97156195553639,4.22077582694988,-1.83931378297298));
#5974=CARTESIAN_POINT('Ctrl Pts',(6.66448340549413,4.31564187283687,-1.09946970719028));
#5975=CARTESIAN_POINT('Ctrl Pts',(6.44770144832151,4.37340200572148,-0.288955997853624));
#5976=CARTESIAN_POINT('Ctrl Pts',(6.44688791578985,4.3940562256037,0.000477433130010776));
#5977=CARTESIAN_POINT('Origin',(8.,-0.294056225603703,0.));
#5978=CARTESIAN_POINT('',(6.44587814950467,2.85594377439629,0.0012368428415473));
#5979=CARTESIAN_POINT('',(6.44195316189605,2.9940562256037,0.000193193478042197));
#5980=CARTESIAN_POINT('',(6.4445,-0.294056225603703,7.61108830709034E-15));
#5981=CARTESIAN_POINT('Ctrl Pts',(6.44587814950467,2.85594377439629,0.00123684284154726));
#5982=CARTESIAN_POINT('Ctrl Pts',(6.44461679121458,2.8680963706381,0.171246493298725));
#5983=CARTESIAN_POINT('Ctrl Pts',(6.54879469451289,2.91735487988229,0.858848929382745));
#5984=CARTESIAN_POINT('Ctrl Pts',(7.55494077122455,3.00371930212888,1.78488146200423));
#5985=CARTESIAN_POINT('Ctrl Pts',(9.26036879085017,3.11503704113604,1.33990680289319));
#5986=CARTESIAN_POINT('Ctrl Pts',(9.80874631634314,3.22635478014319,-0.335136261302297));
#5987=CARTESIAN_POINT('Ctrl Pts',(8.69664905526253,3.33767251915035,-1.70251574340657));
#5988=CARTESIAN_POINT('Ctrl Pts',(6.96790117094479,3.44753551723472,-1.50949848721754));
#5989=CARTESIAN_POINT('Ctrl Pts',(6.44363930539983,3.5202926023167,-0.495201418562083));
#5990=CARTESIAN_POINT('Ctrl Pts',(6.44203334172065,3.55594377439629,0.0003750965031749));
#5991=CARTESIAN_POINT('Ctrl Pts',(6.44195316189605,2.9940562256037,0.000193193478042009));
#5992=CARTESIAN_POINT('Ctrl Pts',(6.44193516556888,2.99479771635951,0.0104990195985081));
#5993=CARTESIAN_POINT('Ctrl Pts',(6.4467015196616,3.03264512011771,0.536515137577409));
#5994=CARTESIAN_POINT('Ctrl Pts',(7.0359231668473,3.10759843687828,1.56666392271276));
#5995=CARTESIAN_POINT('Ctrl Pts',(8.79605929671991,3.21891617588545,1.65836355578846));
#5996=CARTESIAN_POINT('Ctrl Pts',(9.82539241658143,3.3302339148926,0.227643463080609));
#5997=CARTESIAN_POINT('Ctrl Pts',(9.17896993328737,3.44155165389977,-1.41205907890547));
#5998=CARTESIAN_POINT('Ctrl Pts',(7.45022160299293,3.55286939290692,-1.7554556655323));
#5999=CARTESIAN_POINT('Ctrl Pts',(6.52471961379195,3.6370375834749,-0.796593124193673));
#6000=CARTESIAN_POINT('Ctrl Pts',(6.44381469916691,3.6840998610405,-0.140510711805039));
#6001=CARTESIAN_POINT('Ctrl Pts',(6.44504353248997,3.69405622560371,-0.00141443275184268));
#6002=CARTESIAN_POINT('Origin',(8.,-0.294056225603703,0.));
#6003=CARTESIAN_POINT('',(6.44650897722754,2.1559437743963,-0.000921179938637131));
#6004=CARTESIAN_POINT('',(6.4456230768578,2.2940562256037,0.00131344651883414));
#6005=CARTESIAN_POINT('',(6.4445,-0.294056225603703,7.61108830709034E-15));
#6006=CARTESIAN_POINT('Ctrl Pts',(6.44650897722754,2.1559437743963,-0.00092117993863718));
#6007=CARTESIAN_POINT('Ctrl Pts',(6.44822721551023,2.17879422595712,0.3190735336756));
#6008=CARTESIAN_POINT('Ctrl Pts',(6.70051186635297,2.23875059052032,1.16118176374133));
#6009=CARTESIAN_POINT('Ctrl Pts',(8.08037132294379,2.33581286808591,1.83777420982644));
#6010=CARTESIAN_POINT('Ctrl Pts',(9.58910547187418,2.44713060709308,0.926619909494816));
#6011=CARTESIAN_POINT('Ctrl Pts',(9.63900124602163,2.55844834610023,-0.835197963546819));
#6012=CARTESIAN_POINT('Ctrl Pts',(8.18425205307504,2.66976608510739,-1.83028139257987));
#6013=CARTESIAN_POINT('Ctrl Pts',(6.73763639373165,2.76893122787275,-1.21992019600324));
#6014=CARTESIAN_POINT('Ctrl Pts',(6.44846813705424,2.83099045763571,-0.347849440928782));
#6015=CARTESIAN_POINT('Ctrl Pts',(6.44587814950467,2.85594377439629,0.00123684284154726));
#6016=CARTESIAN_POINT('Ctrl Pts',(6.4456230768578,2.2940562256037,0.00131344651883421));
#6017=CARTESIAN_POINT('Ctrl Pts',(6.44434783669734,2.30549557167852,0.161278864412909));
#6018=CARTESIAN_POINT('Ctrl Pts',(6.54072881618867,2.35404083075573,0.838626053160365));
#6019=CARTESIAN_POINT('Ctrl Pts',(7.52074396730918,2.43969200283533,1.77600469479272));
#6020=CARTESIAN_POINT('Ctrl Pts',(9.23440317375972,2.55100974184249,1.36386542286014));
#6021=CARTESIAN_POINT('Ctrl Pts',(9.81484917773386,2.66232748084964,-0.30033722551522));
#6022=CARTESIAN_POINT('Ctrl Pts',(8.72921763929705,2.77364521985681,-1.68882249203254));
#6023=CARTESIAN_POINT('Ctrl Pts',(6.98583644969015,2.88422146810816,-1.52800447442116));
#6024=CARTESIAN_POINT('Ctrl Pts',(6.44283574341881,2.95769180335712,-0.505228363984546));
#6025=CARTESIAN_POINT('Ctrl Pts',(6.44195316189605,2.9940562256037,0.000193193478042009));
#6026=CARTESIAN_POINT('Origin',(8.,-0.294056225603703,0.));
#6027=CARTESIAN_POINT('',(6.44253407197901,1.45594377439629,-0.000957292366005816));
#6028=CARTESIAN_POINT('',(6.44667820738599,1.5940562256037,-0.000796853267323039));
#6029=CARTESIAN_POINT('',(6.4445,-0.294056225603703,7.61108830709034E-15));
#6030=CARTESIAN_POINT('Ctrl Pts',(6.44253407197901,1.45594377439629,-0.000957292366005787));
#6031=CARTESIAN_POINT('Ctrl Pts',(6.44563351961727,1.48949208127613,0.465737910113602));
#6032=CARTESIAN_POINT('Ctrl Pts',(6.91691730208736,1.56014630115835,1.45438709409934));
#6033=CARTESIAN_POINT('Ctrl Pts',(8.59919649480073,1.66790643404296,1.73912769308076));
#6034=CARTESIAN_POINT('Ctrl Pts',(9.78687023219147,1.77922417305012,0.437010887698531));
#6035=CARTESIAN_POINT('Ctrl Pts',(9.33418650012701,1.89054191205728,-1.26645106416716));
#6036=CARTESIAN_POINT('Ctrl Pts',(7.65666786771208,2.00185965106444,-1.80719703833184));
#6037=CARTESIAN_POINT('Ctrl Pts',(6.57399306510355,2.09032693851078,-0.91848148168506));
#6038=CARTESIAN_POINT('Ctrl Pts',(6.44543703869184,2.14168831295473,-0.200552784123401));
#6039=CARTESIAN_POINT('Ctrl Pts',(6.44650897722754,2.1559437743963,-0.00092117993863718));
#6040=CARTESIAN_POINT('Ctrl Pts',(6.44667820738599,1.5940562256037,-0.000796853267323022));
#6041=CARTESIAN_POINT('Ctrl Pts',(6.44809039663376,1.61619342699754,0.309296127084259));
#6042=CARTESIAN_POINT('Ctrl Pts',(6.68848679402363,1.67543654139376,1.14119139494804));
#6043=CARTESIAN_POINT('Ctrl Pts',(8.04506587231305,1.77178556879237,1.83896912042303));
#6044=CARTESIAN_POINT('Ctrl Pts',(9.57101439114672,1.88310330779953,0.956973131058885));
#6045=CARTESIAN_POINT('Ctrl Pts',(9.65474024395578,1.99442104680669,-0.803569255097033));
#6046=CARTESIAN_POINT('Ctrl Pts',(8.2193683753607,2.10573878581385,-1.82640393787122));
#6047=CARTESIAN_POINT('Ctrl Pts',(6.75081092146644,2.20561717874619,-1.23975022615487));
#6048=CARTESIAN_POINT('Ctrl Pts',(6.44848434503809,2.26838965867614,-0.357602445842444));
#6049=CARTESIAN_POINT('Ctrl Pts',(6.4456230768578,2.2940562256037,0.00131344651883421));
#6050=CARTESIAN_POINT('Origin',(5.00853975892844,0.,1.));
#6051=CARTESIAN_POINT('',(5.70871215252208,0.5,1.));
#6052=CARTESIAN_POINT('',(5.70871215252208,0.,1.));
#6053=CARTESIAN_POINT('',(5.70871215252208,0.,1.));
#6054=CARTESIAN_POINT('',(10.2912878474779,0.5,1.));
#6055=CARTESIAN_POINT('',(5.00853975892844,0.5,1.));
#6056=CARTESIAN_POINT('',(10.2912878474779,0.,1.));
#6057=CARTESIAN_POINT('',(10.2912878474779,0.,1.));
#6058=CARTESIAN_POINT('',(6.50426987946422,0.,1.));
#6059=CARTESIAN_POINT('Origin',(10.9914602410716,0.,-1.));
#6060=CARTESIAN_POINT('',(5.70871215252208,0.,-1.));
#6061=CARTESIAN_POINT('',(5.70871215252208,0.5,-1.));
#6062=CARTESIAN_POINT('',(5.70871215252208,0.,-1.));
#6063=CARTESIAN_POINT('',(10.2912878474779,0.,-1.));
#6064=CARTESIAN_POINT('',(9.49573012053578,0.,-1.));
#6065=CARTESIAN_POINT('',(10.2912878474779,0.5,-1.));
#6066=CARTESIAN_POINT('',(10.2912878474779,0.,-1.));
#6067=CARTESIAN_POINT('',(10.9914602410716,0.5,-1.));
#6068=CARTESIAN_POINT('Origin',(8.,0.5,0.));
#6069=CARTESIAN_POINT('',(5.5,0.5,3.06161699786838E-16));
#6070=CARTESIAN_POINT('Origin',(8.,0.5,0.));
#6071=CARTESIAN_POINT('Origin',(8.,0.5,0.));
#6072=CARTESIAN_POINT('Origin',(8.,0.5,0.));
#6073=CARTESIAN_POINT('Origin',(8.,0.,0.));
#6074=CARTESIAN_POINT('Origin',(8.,0.,0.));
#6075=CARTESIAN_POINT('Origin',(8.,0.,0.));
#6076=CARTESIAN_POINT('Origin',(8.,0.,0.));
#6077=CARTESIAN_POINT('Ctrl Pts',(7.31417427087129,0.769925917727934,-1.39614588036676));
#6078=CARTESIAN_POINT('Ctrl Pts',(6.84917127649261,0.807031830730321,-1.16772346251526));
#6079=CARTESIAN_POINT('Ctrl Pts',(6.17352279665981,0.881243656735093,-0.213511105119064));
#6080=CARTESIAN_POINT('Ctrl Pts',(6.8334186093296,0.992561395742254,1.42385243456865));
#6081=CARTESIAN_POINT('Ctrl Pts',(8.5659013939467,1.10387913474941,1.74980619384257));
#6082=CARTESIAN_POINT('Ctrl Pts',(9.7780363228656,1.21519687375657,0.47150974678421));
#6083=CARTESIAN_POINT('Ctrl Pts',(9.3583206154672,1.32651461276373,-1.24072992564352));
#6084=CARTESIAN_POINT('Ctrl Pts',(7.69140883118088,1.43783235177089,-1.81338730773113));
#6085=CARTESIAN_POINT('Ctrl Pts',(6.30790717687285,1.54915009077805,-0.721599468215506));
#6086=CARTESIAN_POINT('Ctrl Pts',(6.47772970030542,1.66046782978521,1.03278517828438));
#6087=CARTESIAN_POINT('Ctrl Pts',(8.04506587231305,1.77178556879237,1.83896912042303));
#6088=CARTESIAN_POINT('Ctrl Pts',(9.57101439114672,1.88310330779953,0.956973131058885));
#6089=CARTESIAN_POINT('Ctrl Pts',(9.65474024395578,1.99442104680669,-0.803569255097033));
#6090=CARTESIAN_POINT('Ctrl Pts',(8.2193683753607,2.10573878581385,-1.82640393787122));
#6091=CARTESIAN_POINT('Ctrl Pts',(6.58261301146166,2.21705652482101,-1.17255916873619));
#6092=CARTESIAN_POINT('Ctrl Pts',(6.24705362347925,2.32837426382817,0.557727484491994));
#6093=CARTESIAN_POINT('Ctrl Pts',(7.52074396730918,2.43969200283533,1.77600469479272));
#6094=CARTESIAN_POINT('Ctrl Pts',(9.23440317375972,2.55100974184249,1.36386542286014));
#6095=CARTESIAN_POINT('Ctrl Pts',(9.81484917773386,2.66232748084964,-0.30033722551522));
#6096=CARTESIAN_POINT('Ctrl Pts',(8.72921763929705,2.77364521985681,-1.68882249203254));
#6097=CARTESIAN_POINT('Ctrl Pts',(6.97414586462884,2.88496295886397,-1.52692607761071));
#6098=CARTESIAN_POINT('Ctrl Pts',(6.16083418648503,2.99628069787113,0.0367271759703067));
#6099=CARTESIAN_POINT('Ctrl Pts',(7.0359231668473,3.10759843687828,1.56666392271276));
#6100=CARTESIAN_POINT('Ctrl Pts',(8.79605929671991,3.21891617588545,1.65836355578846));
#6101=CARTESIAN_POINT('Ctrl Pts',(9.82539241658143,3.3302339148926,0.227643463080609));
#6102=CARTESIAN_POINT('Ctrl Pts',(9.17896993328737,3.44155165389977,-1.41205907890547));
#6103=CARTESIAN_POINT('Ctrl Pts',(7.45022160299293,3.55286939290692,-1.7554556655323));
#6104=CARTESIAN_POINT('Ctrl Pts',(6.22618686743245,3.66418713191409,-0.487299496316967));
#6105=CARTESIAN_POINT('Ctrl Pts',(6.63055146690174,3.77550487092125,1.22820989163051));
#6106=CARTESIAN_POINT('Ctrl Pts',(8.29211609276773,3.8868226099284,1.81619161409386));
#6107=CARTESIAN_POINT('Ctrl Pts',(9.68548831664237,3.99814034893556,0.73686327984158));
#6108=CARTESIAN_POINT('Ctrl Pts',(9.531582947808,4.10945808794272,-1.01892382629906));
#6109=CARTESIAN_POINT('Ctrl Pts',(7.97156195553639,4.22077582694988,-1.83931378297298));
#6110=CARTESIAN_POINT('Ctrl Pts',(6.43780952035232,4.33209356595704,-0.971165764744437));
#6111=CARTESIAN_POINT('Ctrl Pts',(6.3378750869531,4.44341130496421,0.788534346886294));
#6112=CARTESIAN_POINT('Ctrl Pts',(7.76441703333172,4.55472904397136,1.82434516267009));
#6113=CARTESIAN_POINT('Ctrl Pts',(9.40606210187441,4.66604678297852,1.18535035721643));
#6114=CARTESIAN_POINT('Ctrl Pts',(9.75918176081154,4.77736452198568,-0.541800174338791));
#6115=CARTESIAN_POINT('Ctrl Pts',(8.49274987058142,4.88868226099284,-1.77166687934628));
#6116=CARTESIAN_POINT('Ctrl Pts',(7.35393792214567,4.96289408699761,-1.50684724750613));
#6117=CARTESIAN_POINT('Ctrl Pts',(6.96668984977038,5.,-1.16269100943993));
#6118=CARTESIAN_POINT('Ctrl Pts',(7.25560756069068,0.84661727848529,-1.51537102412035));
#6119=CARTESIAN_POINT('Ctrl Pts',(6.75089521385087,0.883723191487676,-1.26744226671805));
#6120=CARTESIAN_POINT('Ctrl Pts',(6.01754911927181,0.957935017492448,-0.23174407959457));
#6121=CARTESIAN_POINT('Ctrl Pts',(6.73379733338787,1.06925275649961,1.54544360464807));
#6122=CARTESIAN_POINT('Ctrl Pts',(8.61422705675344,1.18057049550677,1.89923248083416));
#6123=CARTESIAN_POINT('Ctrl Pts',(9.92987334732976,1.29188823451393,0.511774749268623));
#6124=CARTESIAN_POINT('Ctrl Pts',(9.47431563641731,1.40320597352109,-1.34668318298177));
#6125=CARTESIAN_POINT('Ctrl Pts',(7.6650564084284,1.51452371252825,-1.96824316161109));
#6126=CARTESIAN_POINT('Ctrl Pts',(6.16340937551935,1.62584145153541,-0.783221109292092));
#6127=CARTESIAN_POINT('Ctrl Pts',(6.34773404736888,1.73715919054257,1.12098080531671));
#6128=CARTESIAN_POINT('Ctrl Pts',(8.04891431335382,1.84847692954973,1.99600955640044));
#6129=CARTESIAN_POINT('Ctrl Pts',(9.70517258998353,1.95979466855689,1.03869471955711));
#6130=CARTESIAN_POINT('Ctrl Pts',(9.79604828793228,2.07111240756405,-0.872190780470687));
#6131=CARTESIAN_POINT('Ctrl Pts',(8.23810153674102,2.1824301465712,-1.98237135868804));
#6132=CARTESIAN_POINT('Ctrl Pts',(6.46157396401013,2.29374788557836,-1.27269092245769));
#6133=CARTESIAN_POINT('Ctrl Pts',(6.09735917773974,2.40506562458553,0.605355128887163));
#6134=CARTESIAN_POINT('Ctrl Pts',(7.47981746371391,2.51638336359268,1.9276682265349));
#6135=CARTESIAN_POINT('Ctrl Pts',(9.33981615238251,2.62770110259984,1.48033394766669));
#6136=CARTESIAN_POINT('Ctrl Pts',(9.96982986932863,2.739018841607,-0.325984795292958));
#6137=CARTESIAN_POINT('Ctrl Pts',(8.79148984100279,2.85033658061417,-1.83304102049605));
#6138=CARTESIAN_POINT('Ctrl Pts',(6.88654212029253,2.96165431962132,-1.65731931492516));
#6139=CARTESIAN_POINT('Ctrl Pts',(6.00377695372264,3.07297205862848,0.0398635264737175));
#6140=CARTESIAN_POINT('Ctrl Pts',(6.95359495126574,3.18428979763564,1.70045060935179));
#6141=CARTESIAN_POINT('Ctrl Pts',(8.86403950238645,3.2956075366428,1.79998101576525));
#6142=CARTESIAN_POINT('Ctrl Pts',(9.98127345762026,3.40692527564996,0.247083283082244));
#6143=CARTESIAN_POINT('Ctrl Pts',(9.27964914006226,3.51824301465712,-1.5326431446815));
#6144=CARTESIAN_POINT('Ctrl Pts',(7.40327277813333,3.62956075366428,-1.90536439428289));
#6145=CARTESIAN_POINT('Ctrl Pts',(6.07471048613422,3.74087849267144,-0.52891287878398));
#6146=CARTESIAN_POINT('Ctrl Pts',(6.51360616733254,3.8521962316786,1.33309398930859));
#6147=CARTESIAN_POINT('Ctrl Pts',(8.31706161145796,3.96351397068576,1.97128694425916));
#6148=CARTESIAN_POINT('Ctrl Pts',(9.82942212017434,4.07483170969292,0.799788387956201));
#6149=CARTESIAN_POINT('Ctrl Pts',(9.66237386277671,4.18614944870008,-1.10593575060639));
#6150=CARTESIAN_POINT('Ctrl Pts',(7.96913346293621,4.29746718770723,-1.99638365172145));
#6151=CARTESIAN_POINT('Ctrl Pts',(6.30440484744122,4.4087849267144,-1.05409934606891));
#6152=CARTESIAN_POINT('Ctrl Pts',(6.19593642246169,4.52010266572155,0.85587195263668));
#6153=CARTESIAN_POINT('Ctrl Pts',(7.74429921222011,4.63142040472872,1.9801367725113));
#6154=CARTESIAN_POINT('Ctrl Pts',(9.52613405035764,4.74273814373587,1.28657442607976));
#6155=CARTESIAN_POINT('Ctrl Pts',(9.90940868284806,4.85405588274304,-0.58806769163741));
#6156=CARTESIAN_POINT('Ctrl Pts',(8.53482869270222,4.9653736217502,-1.92295997940403));
#6157=CARTESIAN_POINT('Ctrl Pts',(7.29876686503114,5.03958544775497,-1.63552583491237));
#6158=CARTESIAN_POINT('Ctrl Pts',(6.87844939228265,5.07669136075735,-1.26198006274793));
#6159=CARTESIAN_POINT('Ctrl Pts',(7.19704085051008,0.923308639242645,-1.63459616787395));
#6160=CARTESIAN_POINT('Ctrl Pts',(6.65261915120913,0.960414552245031,-1.36716107092084));
#6161=CARTESIAN_POINT('Ctrl Pts',(5.86157544188382,1.0346263782498,-0.249977054070077));
#6162=CARTESIAN_POINT('Ctrl Pts',(6.63417605744611,1.14594411725697,1.66703477472749));
#6163=CARTESIAN_POINT('Ctrl Pts',(8.66255271956021,1.25726185626412,2.04865876782575));
#6164=CARTESIAN_POINT('Ctrl Pts',(10.0817103717939,1.36857959527128,0.552039751753036));
#6165=CARTESIAN_POINT('Ctrl Pts',(9.59031065736742,1.47989733427844,-1.45263644032002));
#6166=CARTESIAN_POINT('Ctrl Pts',(7.63870398567592,1.5912150732856,-2.12309901549106));
#6167=CARTESIAN_POINT('Ctrl Pts',(6.01891157416584,1.70253281229276,-0.844842750368676));
#6168=CARTESIAN_POINT('Ctrl Pts',(6.21773839443235,1.81385055129992,1.20917643234903));
#6169=CARTESIAN_POINT('Ctrl Pts',(8.0527627543946,1.92516829030708,2.15304999237785));
#6170=CARTESIAN_POINT('Ctrl Pts',(9.83933078882032,2.03648602931424,1.12041630805534));
#6171=CARTESIAN_POINT('Ctrl Pts',(9.9373563319088,2.1478037683214,-0.940812305844344));
#6172=CARTESIAN_POINT('Ctrl Pts',(8.25683469812133,2.25912150732856,-2.13833877950486));
#6173=CARTESIAN_POINT('Ctrl Pts',(6.34053491655861,2.37043924633572,-1.37282267617919));
#6174=CARTESIAN_POINT('Ctrl Pts',(5.9476647320002,2.48175698534288,0.65298277328233));
#6175=CARTESIAN_POINT('Ctrl Pts',(7.43889096011866,2.59307472435004,2.07933175827709));
#6176=CARTESIAN_POINT('Ctrl Pts',(9.44522913100528,2.7043924633572,1.59680247247324));
#6177=CARTESIAN_POINT('Ctrl Pts',(10.1248105609234,2.81571020236436,-0.351632365070694));
#6178=CARTESIAN_POINT('Ctrl Pts',(8.85376204270854,2.92702794137152,-1.97725954895956));
#6179=CARTESIAN_POINT('Ctrl Pts',(6.79893837595623,3.03834568037868,-1.7877125522396));
#6180=CARTESIAN_POINT('Ctrl Pts',(5.84671972096024,3.14966341938583,0.0429998769771272));
#6181=CARTESIAN_POINT('Ctrl Pts',(6.87126673568417,3.260981158393,1.83423729599082));
#6182=CARTESIAN_POINT('Ctrl Pts',(8.93201970805298,3.37229889740016,1.94159847574205));
#6183=CARTESIAN_POINT('Ctrl Pts',(10.1371544986591,3.48361663640732,0.266523103083877));
#6184=CARTESIAN_POINT('Ctrl Pts',(9.38032834683714,3.59493437541448,-1.65322721045752));
#6185=CARTESIAN_POINT('Ctrl Pts',(7.35632395327374,3.70625211442163,-2.05527312303348));
#6186=CARTESIAN_POINT('Ctrl Pts',(5.92323410483599,3.81756985342879,-0.570526261250991));
#6187=CARTESIAN_POINT('Ctrl Pts',(6.39666086776335,3.92888759243596,1.43797808698667));
#6188=CARTESIAN_POINT('Ctrl Pts',(8.34200713014818,4.04020533144311,2.12638227442447));
#6189=CARTESIAN_POINT('Ctrl Pts',(9.97335592370632,4.15152307045028,0.862713496070818));
#6190=CARTESIAN_POINT('Ctrl Pts',(9.79316477774542,4.26284080945743,-1.19294767491372));
#6191=CARTESIAN_POINT('Ctrl Pts',(7.96670497033603,4.3741585484646,-2.15345352046992));
#6192=CARTESIAN_POINT('Ctrl Pts',(6.17100017453014,4.48547628747175,-1.13703292739339));
#6193=CARTESIAN_POINT('Ctrl Pts',(6.05399775797027,4.59679402647891,0.923209558387068));
#6194=CARTESIAN_POINT('Ctrl Pts',(7.72418139110851,4.70811176548607,2.13592838235252));
#6195=CARTESIAN_POINT('Ctrl Pts',(9.64620599884086,4.81942950449323,1.3877984949431));
#6196=CARTESIAN_POINT('Ctrl Pts',(10.0596356048846,4.93074724350039,-0.634335208936028));
#6197=CARTESIAN_POINT('Ctrl Pts',(8.57690751482301,5.04206498250755,-2.07425307946178));
#6198=CARTESIAN_POINT('Ctrl Pts',(7.24359580791661,5.11627680851232,-1.7642044223186));
#6199=CARTESIAN_POINT('Ctrl Pts',(6.79020893479491,5.15338272151471,-1.36126911605594));
#6200=CARTESIAN_POINT('Ctrl Pts',(7.13847414032948,1.,-1.75382131162755));
#6201=CARTESIAN_POINT('Ctrl Pts',(6.55434308856738,1.03710591300239,-1.46687987512363));
#6202=CARTESIAN_POINT('Ctrl Pts',(5.70560176449583,1.11131773900716,-0.268210028545583));
#6203=CARTESIAN_POINT('Ctrl Pts',(6.53455478150436,1.22263547801432,1.7886259448069));
#6204=CARTESIAN_POINT('Ctrl Pts',(8.71087838236698,1.33395321702148,2.19808505481735));
#6205=CARTESIAN_POINT('Ctrl Pts',(10.233547396258,1.44527095602864,0.592304754237448));
#6206=CARTESIAN_POINT('Ctrl Pts',(9.70630567831752,1.5565886950358,-1.55858969765827));
#6207=CARTESIAN_POINT('Ctrl Pts',(7.61235156292345,1.66790643404295,-2.27795486937103));
#6208=CARTESIAN_POINT('Ctrl Pts',(5.87441377281232,1.77922417305012,-0.906464391445261));
#6209=CARTESIAN_POINT('Ctrl Pts',(6.08774274149583,1.89054191205728,1.29737205938135));
#6210=CARTESIAN_POINT('Ctrl Pts',(8.05661119543535,2.00185965106444,2.31009042835525));
#6211=CARTESIAN_POINT('Ctrl Pts',(9.97348898765715,2.1131773900716,1.20213789655356));
#6212=CARTESIAN_POINT('Ctrl Pts',(10.0786643758853,2.22449512907875,-1.009433831218));
#6213=CARTESIAN_POINT('Ctrl Pts',(8.27556785950166,2.33581286808592,-2.29430620032168));
#6214=CARTESIAN_POINT('Ctrl Pts',(6.21949586910709,2.44713060709307,-1.47295442990069));
#6215=CARTESIAN_POINT('Ctrl Pts',(5.79797028626066,2.55844834610024,0.7006104176775));
#6216=CARTESIAN_POINT('Ctrl Pts',(7.39796445652339,2.66976608510739,2.23099529001927));
#6217=CARTESIAN_POINT('Ctrl Pts',(9.55064210962808,2.78108382411456,1.71327099727979));
#6218=CARTESIAN_POINT('Ctrl Pts',(10.2797912525181,2.89240156312171,-0.37727993484843));
#6219=CARTESIAN_POINT('Ctrl Pts',(8.9160342444143,3.00371930212888,-2.12147807742307));
#6220=CARTESIAN_POINT('Ctrl Pts',(6.71133463161991,3.11503704113603,-1.91810578955405));
#6221=CARTESIAN_POINT('Ctrl Pts',(5.68966248819784,3.22635478014319,0.0461362274805361));
#6222=CARTESIAN_POINT('Ctrl Pts',(6.78893852010262,3.33767251915035,1.96802398262985));
#6223=CARTESIAN_POINT('Ctrl Pts',(8.99999991371952,3.44899025815751,2.08321593571884));
#6224=CARTESIAN_POINT('Ctrl Pts',(10.2930355396979,3.56030799716467,0.285962923085512));
#6225=CARTESIAN_POINT('Ctrl Pts',(9.48100755361203,3.67162573617183,-1.77381127623355));
#6226=CARTESIAN_POINT('Ctrl Pts',(7.30937512841415,3.78294347517899,-2.20518185178406));
#6227=CARTESIAN_POINT('Ctrl Pts',(5.77175772353776,3.89426121418615,-0.612139643718005));
#6228=CARTESIAN_POINT('Ctrl Pts',(6.27971556819414,4.00557895319331,1.54286218466475));
#6229=CARTESIAN_POINT('Ctrl Pts',(8.36695264883841,4.11689669220047,2.28147760458978));
#6230=CARTESIAN_POINT('Ctrl Pts',(10.1172897272383,4.22821443120763,0.92563860418544));
#6231=CARTESIAN_POINT('Ctrl Pts',(9.92395569271413,4.33953217021478,-1.27995959922106));
#6232=CARTESIAN_POINT('Ctrl Pts',(7.96427647773586,4.45084990922195,-2.31052338921839));
#6233=CARTESIAN_POINT('Ctrl Pts',(6.03759550161904,4.56216764822911,-1.21996650871786));
#6234=CARTESIAN_POINT('Ctrl Pts',(5.91205909347886,4.67348538723627,0.990547164137456));
#6235=CARTESIAN_POINT('Ctrl Pts',(7.7040635699969,4.78480312624343,2.29171999219373));
#6236=CARTESIAN_POINT('Ctrl Pts',(9.76627794732408,4.89612086525059,1.48902256380643));
#6237=CARTESIAN_POINT('Ctrl Pts',(10.2098625269211,5.00743860425774,-0.680602726234647));
#6238=CARTESIAN_POINT('Ctrl Pts',(8.6189863369438,5.11875634326491,-2.22554617951953));
#6239=CARTESIAN_POINT('Ctrl Pts',(7.18842475080208,5.19296816926968,-1.89288300972484));
#6240=CARTESIAN_POINT('Ctrl Pts',(6.70196847730718,5.23007408227207,-1.46055816936395));
#6241=CARTESIAN_POINT('',(9.90155688860643,5.,-0.449663651403402));
#6242=CARTESIAN_POINT('Ctrl Pts',(9.90459696770394,5.,-0.451083794660698));
#6243=CARTESIAN_POINT('Ctrl Pts',(9.89066420767604,5.,-0.49222377258942));
#6244=CARTESIAN_POINT('Ctrl Pts',(9.87528748800177,5.,-0.532782106999974));
#6245=CARTESIAN_POINT('Ctrl Pts',(9.85845037930017,5.,-0.572687905225342));
#6246=CARTESIAN_POINT('Ctrl Pts',(9.83095179650414,5.,-0.637862568879887));
#6247=CARTESIAN_POINT('Ctrl Pts',(9.7995599257173,5.,-0.701298435468134));
#6248=CARTESIAN_POINT('Ctrl Pts',(9.76457571309223,5.,-0.762789075572677));
#6249=CARTESIAN_POINT('Ctrl Pts',(9.72719139562115,5.,-0.828498303783821));
#6250=CARTESIAN_POINT('Ctrl Pts',(9.68570423609247,5.,-0.891987475713245));
#6251=CARTESIAN_POINT('Ctrl Pts',(9.64043685135986,5.,-0.952960236260635));
#6252=CARTESIAN_POINT('Ctrl Pts',(9.62124054235084,5.,-0.978816643904111));
#6253=CARTESIAN_POINT('Ctrl Pts',(9.6013639723036,5.,-1.00421988816619));
#6254=CARTESIAN_POINT('Ctrl Pts',(9.58083007380393,5.,-1.02914432978854));
#6255=CARTESIAN_POINT('Ctrl Pts',(9.56764825231376,5.,-1.04514467868543));
#6256=CARTESIAN_POINT('Ctrl Pts',(9.55419552515382,5.,-1.06094767213752));
#6257=CARTESIAN_POINT('Ctrl Pts',(9.54047781543972,5.,-1.07654608638079));
#6258=CARTESIAN_POINT('Ctrl Pts',(9.53239916148897,5.,-1.08573232763231));
#6259=CARTESIAN_POINT('Ctrl Pts',(9.52422797810035,5.,-1.09484816166815));
#6260=CARTESIAN_POINT('Ctrl Pts',(9.51597669723867,5.,-1.10388014448012));
#6261=CARTESIAN_POINT('Ctrl Pts',(9.46845298950307,5.,-1.15590034820668));
#6262=CARTESIAN_POINT('Ctrl Pts',(9.41819080142197,5.,-1.20523953145261));
#6263=CARTESIAN_POINT('Ctrl Pts',(9.36547436401712,5.,-1.25168649290141));
#6264=CARTESIAN_POINT('Ctrl Pts',(9.31308712243383,5.,-1.29784340922604));
#6265=CARTESIAN_POINT('Ctrl Pts',(9.25827521622642,5.,-1.34114463404622));
#6266=CARTESIAN_POINT('Ctrl Pts',(9.20129301302593,5.,-1.38133824732829));
#6267=CARTESIAN_POINT('Ctrl Pts',(9.14667876747999,5.,-1.41986157113593));
#6268=CARTESIAN_POINT('Ctrl Pts',(9.09007000589191,5.,-1.45553034279795));
#6269=CARTESIAN_POINT('Ctrl Pts',(9.03168134382046,5.,-1.48807727360716));
#6270=CARTESIAN_POINT('Ctrl Pts',(9.0150362323306,5.,-1.49735556964534));
#6271=CARTESIAN_POINT('Ctrl Pts',(8.9982464547518,5.,-1.50637986129032));
#6272=CARTESIAN_POINT('Ctrl Pts',(8.98131697689866,5.,-1.51514321459043));
#6273=CARTESIAN_POINT('Ctrl Pts',(8.9695149464101,5.,-1.52125240258353));
#6274=CARTESIAN_POINT('Ctrl Pts',(8.95764372732035,5.,-1.52723527404445));
#6275=CARTESIAN_POINT('Ctrl Pts',(8.94572351208867,5.,-1.5330807025665));
#6276=CARTESIAN_POINT('Ctrl Pts',(8.88553068895097,5.,-1.56259802573166));
#6277=CARTESIAN_POINT('Ctrl Pts',(8.82398315592635,5.,-1.58867111638129));
#6278=CARTESIAN_POINT('Ctrl Pts',(8.76131511154346,5.,-1.61107861201089));
#6279=CARTESIAN_POINT('Ctrl Pts',(8.70051754665474,5.,-1.63281730168838));
#6280=CARTESIAN_POINT('Ctrl Pts',(8.63866457405224,5.,-1.65110611333858));
#6281=CARTESIAN_POINT('Ctrl Pts',(8.57596468237675,5.,-1.6656947478715));
#6282=CARTESIAN_POINT('Ctrl Pts',(8.54124738185741,5.,-1.67377256101777));
#6283=CARTESIAN_POINT('Ctrl Pts',(8.50627039570713,5.,-1.68071506016548));
#6284=CARTESIAN_POINT('Ctrl Pts',(8.47106966020643,5.,-1.6864728241682));
#6285=CARTESIAN_POINT('Ctrl Pts',(8.43712015547026,5.,-1.69202592507646));
#6286=CARTESIAN_POINT('Ctrl Pts',(8.40296247069792,5.,-1.69647688856628));
#6287=CARTESIAN_POINT('Ctrl Pts',(8.36864373991372,5.,-1.69983483521903));
#6288=CARTESIAN_POINT('Ctrl Pts',(8.35101646509974,5.,-1.7015595915578));
#6289=CARTESIAN_POINT('Ctrl Pts',(8.33334672634085,5.,-1.70299593502175));
#6290=CARTESIAN_POINT('Ctrl Pts',(8.31564108544521,5.,-1.70414477782071));
#6291=CARTESIAN_POINT('Ctrl Pts',(8.30474953996088,5.,-1.70485148330926));
#6292=CARTESIAN_POINT('Ctrl Pts',(8.29385404908482,5.,-1.70544876346516));
#6293=CARTESIAN_POINT('Ctrl Pts',(8.28295693642304,5.,-1.70593734991378));
#6294=CARTESIAN_POINT('Ctrl Pts',(8.21780743538041,5.,-1.70885841389938));
#6295=CARTESIAN_POINT('Ctrl Pts',(8.15258914471773,5.,-1.70789941957183));
#6296=CARTESIAN_POINT('Ctrl Pts',(8.08761477224827,5.,-1.70319644308723));
#6297=CARTESIAN_POINT('Ctrl Pts',(8.02248274116364,5.,-1.6984820549532));
#6298=CARTESIAN_POINT('Ctrl Pts',(7.95759476312974,5.,-1.6900049910832));
#6299=CARTESIAN_POINT('Ctrl Pts',(7.8932816120322,5.,-1.67785237238599));
#6300=CARTESIAN_POINT('Ctrl Pts',(7.84918040268086,5.,-1.66951900398176));
#6301=CARTESIAN_POINT('Ctrl Pts',(7.80534982123777,5.,-1.6594562791849));
#6302=CARTESIAN_POINT('Ctrl Pts',(7.76190462518279,5.,-1.64768059871393));
#6303=CARTESIAN_POINT('Ctrl Pts',(7.73629522606917,5.,-1.64073925356189));
#6304=CARTESIAN_POINT('Ctrl Pts',(7.71081987824057,5.,-1.63320253952073));
#6305=CARTESIAN_POINT('Ctrl Pts',(7.68550353822484,5.,-1.62507245681678));
#6306=CARTESIAN_POINT('Ctrl Pts',(7.67321576404532,5.,-1.62112636428268));
#6307=CARTESIAN_POINT('Ctrl Pts',(7.66096361323961,5.,-1.61703973621241));
#6308=CARTESIAN_POINT('Ctrl Pts',(7.6487665558021,5.,-1.61281871221834));
#6309=CARTESIAN_POINT('Ctrl Pts',(7.58846521660345,5.,-1.59195028547394));
#6310=CARTESIAN_POINT('Ctrl Pts',(7.52942209926777,5.,-1.56777391343433));
#6311=CARTESIAN_POINT('Ctrl Pts',(7.47195727486051,5.,-1.54036668500413));
#6312=CARTESIAN_POINT('Ctrl Pts',(7.42412127603221,5.,-1.51755182111831));
#6313=CARTESIAN_POINT('Ctrl Pts',(7.37737915561492,5.,-1.49249718335246));
#6314=CARTESIAN_POINT('Ctrl Pts',(7.33193597377324,5.,-1.4652275522814));
#6315=CARTESIAN_POINT('Ctrl Pts',(7.31730182865198,5.,-1.45644586661759));
#6316=CARTESIAN_POINT('Ctrl Pts',(7.30280255862941,5.,-1.4474343519999));
#6317=CARTESIAN_POINT('Ctrl Pts',(7.28844552568983,5.,-1.43819349880156));
#6318=CARTESIAN_POINT('Ctrl Pts',(7.27859142054097,5.,-1.43185093906343));
#6319=CARTESIAN_POINT('Ctrl Pts',(7.2688062189804,5.,-1.42540147824391));
#6320=CARTESIAN_POINT('Ctrl Pts',(7.25909942137957,5.,-1.4188503934599));
#6321=CARTESIAN_POINT('Ctrl Pts',(7.20854794293846,5.,-1.38473337208542));
#6322=CARTESIAN_POINT('Ctrl Pts',(7.16006170042915,5.,-1.34782569266734));
#6323=CARTESIAN_POINT('Ctrl Pts',(7.11394873357771,5.,-1.3081774763523));
#6324=CARTESIAN_POINT('Ctrl Pts',(7.06919808789948,5.,-1.26970059227316));
#6325=CARTESIAN_POINT('Ctrl Pts',(7.02668208706182,5.,-1.22864215851849));
#6326=CARTESIAN_POINT('Ctrl Pts',(6.98672478993882,5.,-1.18502300111273));
#6327=CARTESIAN_POINT('Ctrl Pts',(6.97997273529314,5.,-1.17765215884841));
#6328=CARTESIAN_POINT('Ctrl Pts',(6.97329385433285,5.,-1.17020814695538));
#6329=CARTESIAN_POINT('Ctrl Pts',(6.96668984977038,5.,-1.16269100943993));
#6330=CARTESIAN_POINT('Ctrl Pts',(6.04899967049396,4.62413030787577,0.000599745635482973));
#6331=CARTESIAN_POINT('Ctrl Pts',(6.048185657623,4.64058200099594,0.290204068674516));
#6332=CARTESIAN_POINT('Ctrl Pts',(6.10850525012567,4.6570336941161,0.579493581213121));
#6333=CARTESIAN_POINT('Ctrl Pts',(6.23164924092189,4.67348538723627,0.838990356670949));
#6334=CARTESIAN_POINT('Ctrl Pts',(6.50939391898487,4.71059130023865,1.42427144015622));
#6335=CARTESIAN_POINT('Ctrl Pts',(7.10672874449089,4.74769721324104,1.85799571617498));
#6336=CARTESIAN_POINT('Ctrl Pts',(7.7490985534651,4.78480312624343,1.94107494945314));
#6337=CARTESIAN_POINT('Ctrl Pts',(8.39146836243929,4.82190903924581,2.0241541827313));
#6338=CARTESIAN_POINT('Ctrl Pts',(9.07887315488168,4.8590149522482,1.75658837326887));
#6339=CARTESIAN_POINT('Ctrl Pts',(9.49650631436904,4.89612086525059,1.26120125353081));
#6340=CARTESIAN_POINT('Ctrl Pts',(9.88623190201705,4.93074724350039,0.798917471778067));
#6341=CARTESIAN_POINT('Ctrl Pts',(10.0410352273643,4.96537362175019,0.138242565561943));
#6342=CARTESIAN_POINT('Ctrl Pts',(9.90459696770394,5.,-0.451083794660725));
#6343=CARTESIAN_POINT('',(7.09639322134979,1.,1.26612599672284));
#6344=CARTESIAN_POINT('Ctrl Pts',(7.09443177807838,1.,1.26793917510713));
#6345=CARTESIAN_POINT('Ctrl Pts',(7.06361830749357,1.,1.25145952300134));
#6346=CARTESIAN_POINT('Ctrl Pts',(7.03345356163402,1.,1.23389805195351));
#6347=CARTESIAN_POINT('Ctrl Pts',(7.00400112272044,1.,1.21526737773022));
#6348=CARTESIAN_POINT('Ctrl Pts',(6.95390859141784,1.,1.18358043885031));
#6349=CARTESIAN_POINT('Ctrl Pts',(6.90587528851684,1.,1.14880362513355));
#6350=CARTESIAN_POINT('Ctrl Pts',(6.85997983342831,1.,1.1112579191227));
#6351=CARTESIAN_POINT('Ctrl Pts',(6.83429179735443,1.,1.09024330125769));
#6352=CARTESIAN_POINT('Ctrl Pts',(6.80927374529648,1.,1.06836033205758));
#6353=CARTESIAN_POINT('Ctrl Pts',(6.78494199547507,1.,1.04565888325679));
#6354=CARTESIAN_POINT('Ctrl Pts',(6.77544726108019,1.,1.0368003248578));
#6355=CARTESIAN_POINT('Ctrl Pts',(6.7660554515508,1.,1.02781551187741));
#6356=CARTESIAN_POINT('Ctrl Pts',(6.75677284044626,1.,1.01871236921921));
#6357=CARTESIAN_POINT('Ctrl Pts',(6.71239933459339,1.,0.975196773286794));
#6358=CARTESIAN_POINT('Ctrl Pts',(6.67060791763148,1.,0.929069891442378));
#6359=CARTESIAN_POINT('Ctrl Pts',(6.63148456503244,1.,0.880683473374664));
#6360=CARTESIAN_POINT('Ctrl Pts',(6.60078768227843,1.,0.842718623645825));
#6361=CARTESIAN_POINT('Ctrl Pts',(6.57173354378599,1.,0.803361505647324));
#6362=CARTESIAN_POINT('Ctrl Pts',(6.54437390795315,1.,0.762762093665244));
#6363=CARTESIAN_POINT('Ctrl Pts',(6.52960743427538,1.,0.740849881381815));
#6364=CARTESIAN_POINT('Ctrl Pts',(6.51533473425215,1.,0.718575518221644));
#6365=CARTESIAN_POINT('Ctrl Pts',(6.50156532982563,1.,0.695960849701834));
#6366=CARTESIAN_POINT('Ctrl Pts',(6.49502312539848,1.,0.68521602879846));
#6367=CARTESIAN_POINT('Ctrl Pts',(6.48859435511337,1.,0.674393824754858));
#6368=CARTESIAN_POINT('Ctrl Pts',(6.48228780569604,1.,0.663510360423935));
#6369=CARTESIAN_POINT('Ctrl Pts',(6.44983875149869,1.,0.60751173097399));
#6370=CARTESIAN_POINT('Ctrl Pts',(6.42057082440575,1.,0.549810472378025));
#6371=CARTESIAN_POINT('Ctrl Pts',(6.39457651464854,1.,0.490760715199921));
#6372=CARTESIAN_POINT('Ctrl Pts',(6.36804116285848,1.,0.430481904395773));
#6373=CARTESIAN_POINT('Ctrl Pts',(6.34491636139872,1.,0.368797095974908));
#6374=CARTESIAN_POINT('Ctrl Pts',(6.32533431073599,1.,0.306041306303772));
#6375=CARTESIAN_POINT('Ctrl Pts',(6.31247652706082,1.,0.26483518433762));
#6376=CARTESIAN_POINT('Ctrl Pts',(6.30114687099794,1.,0.223166484810782));
#6377=CARTESIAN_POINT('Ctrl Pts',(6.29139288186157,1.,0.181123186256169));
#6378=CARTESIAN_POINT('Ctrl Pts',(6.28682305043728,1.,0.161425523666113));
#6379=CARTESIAN_POINT('Ctrl Pts',(6.28259920396499,1.,0.141645573811701));
#6380=CARTESIAN_POINT('Ctrl Pts',(6.2787269320514,1.,0.121792109796211));
#6381=CARTESIAN_POINT('Ctrl Pts',(6.27604867137933,1.,0.108060441911401));
#6382=CARTESIAN_POINT('Ctrl Pts',(6.27353860681029,1.,0.0942936028704294));
#6383=CARTESIAN_POINT('Ctrl Pts',(6.27119872319737,1.,0.0804944610580511));
#6384=CARTESIAN_POINT('Ctrl Pts',(6.26933765060656,1.,0.0695190413995959));
#6385=CARTESIAN_POINT('Ctrl Pts',(6.26758444593496,1.,0.0585238749276439));
#6386=CARTESIAN_POINT('Ctrl Pts',(6.26594184619827,1.,0.0475237812645888));
#6387=CARTESIAN_POINT('Ctrl Pts',(6.25593523972515,1.,-0.0194880451683192));
#6388=CARTESIAN_POINT('Ctrl Pts',(6.25000764414563,1.,-0.0868078983267686));
#6389=CARTESIAN_POINT('Ctrl Pts',(6.24828334414479,1.,-0.154081311786711));
#6390=CARTESIAN_POINT('Ctrl Pts',(6.24786645994003,1.,-0.170346012510334));
#6391=CARTESIAN_POINT('Ctrl Pts',(6.24769546609859,1.,-0.186608135821444));
#6392=CARTESIAN_POINT('Ctrl Pts',(6.24777251173591,1.,-0.202862907027536));
#6393=CARTESIAN_POINT('Ctrl Pts',(6.248079770098,1.,-0.267687010646169));
#6394=CARTESIAN_POINT('Ctrl Pts',(6.25232776216936,1.,-0.332393395232063));
#6395=CARTESIAN_POINT('Ctrl Pts',(6.26029932014296,1.,-0.396746287788325));
#6396=CARTESIAN_POINT('Ctrl Pts',(6.26881107601787,1.,-0.465460096694654));
#6397=CARTESIAN_POINT('Ctrl Pts',(6.28156782762936,1.,-0.533771803639388));
#6398=CARTESIAN_POINT('Ctrl Pts',(6.2983678327968,1.,-0.601398809169602));
#6399=CARTESIAN_POINT('Ctrl Pts',(6.30143047468362,1.,-0.613727216080956));
#6400=CARTESIAN_POINT('Ctrl Pts',(6.30462572752219,1.,-0.626024888279635));
#6401=CARTESIAN_POINT('Ctrl Pts',(6.30794993307048,1.,-0.638282917742291));
#6402=CARTESIAN_POINT('Ctrl Pts',(6.32572583124449,1.,-0.703831657246187));
#6403=CARTESIAN_POINT('Ctrl Pts',(6.34720068068998,1.,-0.768310551327395));
#6404=CARTESIAN_POINT('Ctrl Pts',(6.37211921339333,1.,-0.831462773028976));
#6405=CARTESIAN_POINT('Ctrl Pts',(6.39754855666637,1.,-0.895909566233988));
#6406=CARTESIAN_POINT('Ctrl Pts',(6.4265643924972,1.,-0.958975626464535));
#6407=CARTESIAN_POINT('Ctrl Pts',(6.45895050364736,1.,-1.02039046269696));
#6408=CARTESIAN_POINT('Ctrl Pts',(6.49155089486002,1.,-1.08221164518336));
#6409=CARTESIAN_POINT('Ctrl Pts',(6.52756663885169,1.,-1.14236066715999));
#6410=CARTESIAN_POINT('Ctrl Pts',(6.56682839152426,1.,-1.20054985435928));
#6411=CARTESIAN_POINT('Ctrl Pts',(6.57671780020042,1.,-1.21520678161228));
#6412=CARTESIAN_POINT('Ctrl Pts',(6.58681339159394,1.,-1.22973926603196));
#6413=CARTESIAN_POINT('Ctrl Pts',(6.59711292739471,1.,-1.24414247634448));
#6414=CARTESIAN_POINT('Ctrl Pts',(6.60396348561434,1.,-1.25372252273726));
#6415=CARTESIAN_POINT('Ctrl Pts',(6.61090101654491,1.,-1.2632407423122));
#6416=CARTESIAN_POINT('Ctrl Pts',(6.6179199692472,1.,-1.27268978839995));
#6417=CARTESIAN_POINT('Ctrl Pts',(6.6609794030655,1.,-1.33065720774562));
#6418=CARTESIAN_POINT('Ctrl Pts',(6.70714954148639,1.,-1.38609303459432));
#6419=CARTESIAN_POINT('Ctrl Pts',(6.75619100631808,1.,-1.43871559616983));
#6420=CARTESIAN_POINT('Ctrl Pts',(6.80532077898861,1.,-1.49143291398282));
#6421=CARTESIAN_POINT('Ctrl Pts',(6.85733266353902,1.,-1.54132783565278));
#6422=CARTESIAN_POINT('Ctrl Pts',(6.91203534763207,1.,-1.58810048422076));
#6423=CARTESIAN_POINT('Ctrl Pts',(6.96554610778947,1.,-1.63385399743393));
#6424=CARTESIAN_POINT('Ctrl Pts',(7.02163225439836,1.,-1.67662067118473));
#6425=CARTESIAN_POINT('Ctrl Pts',(7.08015419246098,1.,-1.71609025541234));
#6426=CARTESIAN_POINT('Ctrl Pts',(7.0993336400234,1.,-1.7290256578625));
#6427=CARTESIAN_POINT('Ctrl Pts',(7.11877499522763,1.,-1.74160663360533));
#6428=CARTESIAN_POINT('Ctrl Pts',(7.13847414032948,1.,-1.75382131162755));
#6429=CARTESIAN_POINT('Ctrl Pts',(7.09443177807838,1.,1.26793917510713));
#6430=CARTESIAN_POINT('Ctrl Pts',(7.48770561123819,1.03462637824981,1.54583061069036));
#6431=CARTESIAN_POINT('Ctrl Pts',(8.59290096030404,1.10635866950199,1.7213329200153));
#6432=CARTESIAN_POINT('Ctrl Pts',(9.7780363228656,1.21519687375657,0.47150974678421));
#6433=CARTESIAN_POINT('Ctrl Pts',(9.3583206154672,1.32651461276373,-1.24072992564352));
#6434=CARTESIAN_POINT('Ctrl Pts',(7.69140883118088,1.43783235177089,-1.81338730773113));
#6435=CARTESIAN_POINT('Ctrl Pts',(6.58303722373943,1.52701288938421,-0.93871784933124));
#6436=CARTESIAN_POINT('Ctrl Pts',(6.44572331461474,1.57908751399515,-0.210475227337286));
#6437=CARTESIAN_POINT('Ctrl Pts',(6.44667820738599,1.5940562256037,-0.000796853267323022));
#6438=CARTESIAN_POINT('Origin',(8.,-0.294056225603703,0.));
#6439=CARTESIAN_POINT('',(8.90360677865021,1.,1.26612599672283));
#6440=CARTESIAN_POINT('Origin',(8.,1.,0.));
#6441=CARTESIAN_POINT('Ctrl Pts',(8.90360677865021,1.,1.26612599672283));
#6442=CARTESIAN_POINT('Ctrl Pts',(9.32530510403018,1.03710591300239,0.96516900954694));
#6443=CARTESIAN_POINT('Ctrl Pts',(9.83689511622808,1.11131773900716,-0.0861618278164598));
#6444=CARTESIAN_POINT('Ctrl Pts',(8.91967058196799,1.22263547801432,-1.59451393902273));
#6445=CARTESIAN_POINT('Ctrl Pts',(7.15724725873011,1.33395321702148,-1.63457411254413));
#6446=CARTESIAN_POINT('Ctrl Pts',(6.4668133612334,1.4117226491488,-0.615771512666146));
#6447=CARTESIAN_POINT('Ctrl Pts',(6.44220539327895,1.45238616827374,-0.0504476501254645));
#6448=CARTESIAN_POINT('Ctrl Pts',(6.44253407197901,1.45594377439629,-0.000957292366005787));
#6449=CARTESIAN_POINT('Ctrl Pts',(9.13509973994375,0.769925917727934,1.5904919303095));
#6450=CARTESIAN_POINT('Ctrl Pts',(9.66483199824813,0.807031830730321,1.21243345847298));
#6451=CARTESIAN_POINT('Ctrl Pts',(10.3074850897523,0.881243656735095,-0.108235430121093));
#6452=CARTESIAN_POINT('Ctrl Pts',(9.15527889242396,0.992561395742253,-2.00300883114781));
#6453=CARTESIAN_POINT('Ctrl Pts',(6.94134435458608,1.10387913474941,-2.05333192922613));
#6454=CARTESIAN_POINT('Ctrl Pts',(5.69988616363554,1.21519687375657,-0.221439206163162));
#6455=CARTESIAN_POINT('Ctrl Pts',(6.56967744228373,1.32651461276373,1.81517446582357));
#6456=CARTESIAN_POINT('Ctrl Pts',(8.75270327922893,1.43783235177089,2.18467085328178));
#6457=CARTESIAN_POINT('Ctrl Pts',(10.2446444446816,1.54915009077805,0.548967711065851));
#6458=CARTESIAN_POINT('Ctrl Pts',(9.67598869897021,1.66046782978521,-1.59090027604154));
#6459=CARTESIAN_POINT('Ctrl Pts',(7.5687103911986,1.77178556879237,-2.27017872896201));
#6460=CARTESIAN_POINT('Ctrl Pts',(5.85737851899409,1.88310330779953,-0.865428887412866));
#6461=CARTESIAN_POINT('Ctrl Pts',(6.1130213557673,1.99442104680669,1.33383413596556));
#6462=CARTESIAN_POINT('Ctrl Pts',(8.1009614690017,2.10573878581385,2.30858939633614));
#6463=CARTESIAN_POINT('Ctrl Pts',(9.99621478112643,2.21705652482101,1.16400855233229));
#6464=CARTESIAN_POINT('Ctrl Pts',(10.0588932399397,2.32837426382817,-1.0491654264034));
#6465=CARTESIAN_POINT('Ctrl Pts',(8.23145516664008,2.43969200283533,-2.29917701131537));
#6466=CARTESIAN_POINT('Ctrl Pts',(6.19153561187093,2.55100974184248,-1.4384869362929));
#6467=CARTESIAN_POINT('Ctrl Pts',(5.81183202844022,2.66232748084965,0.742771080978914));
#6468=CARTESIAN_POINT('Ctrl Pts',(7.44092206169897,2.77364521985681,2.24214617599246));
#6469=CARTESIAN_POINT('Ctrl Pts',(9.58325979898504,2.88496295886397,1.68317447306544));
#6470=CARTESIAN_POINT('Ctrl Pts',(10.2721249129762,2.99628069787112,-0.420994056306449));
#6471=CARTESIAN_POINT('Ctrl Pts',(8.87512198906011,3.10759843687829,-2.13867937165956));
#6472=CARTESIAN_POINT('Ctrl Pts',(6.67473465775464,3.21891617588544,-1.89300287418156));
#6473=CARTESIAN_POINT('Ctrl Pts',(5.69097498541386,3.33023391489261,0.0904980968914841));
#6474=CARTESIAN_POINT('Ctrl Pts',(6.82695767776207,3.44155165389976,1.99091968086823));
#6475=CARTESIAN_POINT('Ctrl Pts',(9.03982491205027,3.55286939290693,2.06362630206391));
#6476=CARTESIAN_POINT('Ctrl Pts',(10.2981026922822,3.66418713191408,0.241872352334482));
#6477=CARTESIAN_POINT('Ctrl Pts',(9.4466715129046,3.77550487092124,-1.80192770104896));
#6478=CARTESIAN_POINT('Ctrl Pts',(7.26714483845554,3.8868226099284,-2.19151027427076));
#6479=CARTESIAN_POINT('Ctrl Pts',(5.76042562770638,3.99814034893556,-0.569235293228771));
#6480=CARTESIAN_POINT('Ctrl Pts',(6.30963852436168,4.10945808794272,1.57562047748269));
#6481=CARTESIAN_POINT('Ctrl Pts',(8.41075003781382,4.22077582694988,2.27400057987428));
#6482=CARTESIAN_POINT('Ctrl Pts',(10.1345817412282,4.33209356595704,0.884821876852058));
#6483=CARTESIAN_POINT('Ctrl Pts',(9.8992014050764,4.44341130496421,-1.31670611126621));
#6484=CARTESIAN_POINT('Ctrl Pts',(7.9195563965555,4.55472904397135,-2.30934791855326));
#6485=CARTESIAN_POINT('Ctrl Pts',(6.01521126939749,4.66604678297852,-1.1821748948525));
#6486=CARTESIAN_POINT('Ctrl Pts',(5.93012590136856,4.77736452198568,1.03069632421539));
#6487=CARTESIAN_POINT('Ctrl Pts',(7.75093478007368,4.88868226099284,2.29655586999003));
#6488=CARTESIAN_POINT('Ctrl Pts',(9.10841320796344,4.96289408699761,1.73582275420845));
#6489=CARTESIAN_POINT('Ctrl Pts',(9.51814181076364,5.,1.23018756391507));
#6490=CARTESIAN_POINT('Ctrl Pts',(9.05793541951257,0.846617278485289,1.48236995244728));
#6491=CARTESIAN_POINT('Ctrl Pts',(9.55165636684215,0.883723191487676,1.13001197549764));
#6492=CARTESIAN_POINT('Ctrl Pts',(10.1506217652442,0.957935017492449,-0.100877562686217));
#6493=CARTESIAN_POINT('Ctrl Pts',(9.07674278893864,1.06925275649961,-1.86684386710611));
#6494=CARTESIAN_POINT('Ctrl Pts',(7.01331198930075,1.18057049550677,-1.91374599033213));
#6495=CARTESIAN_POINT('Ctrl Pts',(5.85624838877905,1.29188823451393,-0.206385722086733));
#6496=CARTESIAN_POINT('Ctrl Pts',(6.66691107231613,1.40320597352109,1.69177852166958));
#6497=CARTESIAN_POINT('Ctrl Pts',(8.7015343510862,1.51452371252825,2.03615646654811));
#6498=CARTESIAN_POINT('Ctrl Pts',(10.0920530405182,1.62584145153541,0.511648769943411));
#6499=CARTESIAN_POINT('Ctrl Pts',(9.56205463268913,1.73715919054256,-1.48275053875008));
#6500=CARTESIAN_POINT('Ctrl Pts',(7.59802955003644,1.84847692954973,-2.11585149875195));
#6501=CARTESIAN_POINT('Ctrl Pts',(6.00303438050566,1.95979466855688,-0.806596848580722));
#6502=CARTESIAN_POINT('Ctrl Pts',(6.24129856315841,2.07111240756405,1.24315980925415));
#6503=CARTESIAN_POINT('Ctrl Pts',(8.09409808698241,2.1824301465712,2.15165100083291));
#6504=CARTESIAN_POINT('Ctrl Pts',(9.86051167804233,2.29374788557837,1.0848790047198));
#6505=CARTESIAN_POINT('Ctrl Pts',(9.91892924196704,2.40506562458552,-0.977842938784537));
#6506=CARTESIAN_POINT('Ctrl Pts',(8.21572079545173,2.51638336359268,-2.14287847173687));
#6507=CARTESIAN_POINT('Ctrl Pts',(6.31447540352386,2.62770110259984,-1.34069829007783));
#6508=CARTESIAN_POINT('Ctrl Pts',(5.96058415001418,2.739018841607,0.692277345774191));
#6509=CARTESIAN_POINT('Ctrl Pts',(7.47892829820749,2.85033658061416,2.08972460466305));
#6510=CARTESIAN_POINT('Ctrl Pts',(9.47562946294008,2.96165431962132,1.56875191634136));
#6511=CARTESIAN_POINT('Ctrl Pts',(10.1176653807652,3.07297205862848,-0.392374791305066));
#6512=CARTESIAN_POINT('Ctrl Pts',(8.81563101112758,3.18428979763564,-1.99329149557523));
#6513=CARTESIAN_POINT('Ctrl Pts',(6.76482647605638,3.2956075366428,-1.7643161383642));
#6514=CARTESIAN_POINT('Ctrl Pts',(5.84794299433787,3.40692527564996,0.0843460171215691));
#6515=CARTESIAN_POINT('Ctrl Pts',(6.90670134296369,3.51824301465712,1.85557653981978));
#6516=CARTESIAN_POINT('Ctrl Pts',(8.96913739457293,3.62956075366428,1.92334054952682));
#6517=CARTESIAN_POINT('Ctrl Pts',(10.1418771851389,3.74087849267144,0.225429818659064));
#6518=CARTESIAN_POINT('Ctrl Pts',(9.34832647744017,3.8521962316786,-1.67943227476646));
#6519=CARTESIAN_POINT('Ctrl Pts',(7.31696448735958,3.96351397068576,-2.0425309422515));
#6520=CARTESIAN_POINT('Ctrl Pts',(5.91267236727631,4.07483170969292,-0.530538557583657));
#6521=CARTESIAN_POINT('Ctrl Pts',(6.42454965504095,4.18614944870008,1.46850946412943));
#6522=CARTESIAN_POINT('Ctrl Pts',(8.3828271633565,4.29746718770723,2.11941353943076));
#6523=CARTESIAN_POINT('Ctrl Pts',(9.9894724229274,4.4087849267144,0.824671498495602));
#6524=CARTESIAN_POINT('Ctrl Pts',(9.77009329181761,4.52010266572155,-1.22719615129699));
#6525=CARTESIAN_POINT('Ctrl Pts',(7.92502496973405,4.63142040472872,-2.15235795854925));
#6526=CARTESIAN_POINT('Ctrl Pts',(6.15013762714998,4.74273814373587,-1.10181039543273));
#6527=CARTESIAN_POINT('Ctrl Pts',(6.07083638043792,4.85405588274304,0.960629370070075));
#6528=CARTESIAN_POINT('Ctrl Pts',(7.76786628640951,4.96537362175019,2.14043551615328));
#6529=CARTESIAN_POINT('Ctrl Pts',(9.03306304362134,5.03958544775497,1.61782115619547));
#6530=CARTESIAN_POINT('Ctrl Pts',(9.4149382093325,5.07669136075736,1.14655915309621));
#6531=CARTESIAN_POINT('Ctrl Pts',(8.98077109908139,0.923308639242645,1.37424797458505));
#6532=CARTESIAN_POINT('Ctrl Pts',(9.43848073543616,0.960414552245031,1.04759049252229));
#6533=CARTESIAN_POINT('Ctrl Pts',(9.99375844073615,1.0346263782498,-0.093519695251337));
#6534=CARTESIAN_POINT('Ctrl Pts',(8.99820668545331,1.14594411725696,-1.73067890306442));
#6535=CARTESIAN_POINT('Ctrl Pts',(7.08527962401543,1.25726185626412,-1.77416005143813));
#6536=CARTESIAN_POINT('Ctrl Pts',(6.01261061392256,1.36857959527128,-0.191332238010306));
#6537=CARTESIAN_POINT('Ctrl Pts',(6.76414470234853,1.47989733427844,1.56838257751559));
#6538=CARTESIAN_POINT('Ctrl Pts',(8.65036542294346,1.5912150732856,1.88764207981443));
#6539=CARTESIAN_POINT('Ctrl Pts',(9.93946163635484,1.70253281229276,0.474329828820971));
#6540=CARTESIAN_POINT('Ctrl Pts',(9.44812056640806,1.81385055129992,-1.37460080145862));
#6541=CARTESIAN_POINT('Ctrl Pts',(7.62734870887427,1.92516829030708,-1.9615242685419));
#6542=CARTESIAN_POINT('Ctrl Pts',(6.14869024201722,2.03648602931424,-0.747764809748578));
#6543=CARTESIAN_POINT('Ctrl Pts',(6.36957577054955,2.1478037683214,1.15248548254275));
#6544=CARTESIAN_POINT('Ctrl Pts',(8.08723470496309,2.25912150732856,1.99471260532967));
#6545=CARTESIAN_POINT('Ctrl Pts',(9.72480857495827,2.37043924633572,1.00574945710731));
#6546=CARTESIAN_POINT('Ctrl Pts',(9.77896524399432,2.48175698534288,-0.906520451165678));
#6547=CARTESIAN_POINT('Ctrl Pts',(8.19998642426339,2.59307472435004,-1.98657993215837));
#6548=CARTESIAN_POINT('Ctrl Pts',(6.43741519517679,2.7043924633572,-1.24290964386276));
#6549=CARTESIAN_POINT('Ctrl Pts',(6.10933627158814,2.81571020236436,0.641783610569466));
#6550=CARTESIAN_POINT('Ctrl Pts',(7.51693453471602,2.92702794137152,1.93730303333364));
#6551=CARTESIAN_POINT('Ctrl Pts',(9.36799912689513,3.03834568037868,1.45432935961727));
#6552=CARTESIAN_POINT('Ctrl Pts',(9.96320584855416,3.14966341938584,-0.363755526303681));
#6553=CARTESIAN_POINT('Ctrl Pts',(8.75614003319506,3.260981158393,-1.8479036194909));
#6554=CARTESIAN_POINT('Ctrl Pts',(6.85491829435811,3.37229889740016,-1.63562940254684));
#6555=CARTESIAN_POINT('Ctrl Pts',(6.00491100326189,3.48361663640731,0.0781939373516517));
#6556=CARTESIAN_POINT('Ctrl Pts',(6.98644500816529,3.59493437541447,1.72023339877133));
#6557=CARTESIAN_POINT('Ctrl Pts',(8.89844987709562,3.70625211442164,1.78305479698972));
#6558=CARTESIAN_POINT('Ctrl Pts',(9.98565167799548,3.8175698534288,0.208987284983647));
#6559=CARTESIAN_POINT('Ctrl Pts',(9.24998144197574,3.92888759243595,-1.55693684848396));
#6560=CARTESIAN_POINT('Ctrl Pts',(7.36678413626361,4.04020533144312,-1.89355161023224));
#6561=CARTESIAN_POINT('Ctrl Pts',(6.06491910684627,4.15152307045027,-0.491841821938539));
#6562=CARTESIAN_POINT('Ctrl Pts',(6.53946078572021,4.26284080945743,1.36139845077616));
#6563=CARTESIAN_POINT('Ctrl Pts',(8.35490428889918,4.37415854846459,1.96482649898725));
#6564=CARTESIAN_POINT('Ctrl Pts',(9.84436310462657,4.48547628747175,0.764521120139145));
#6565=CARTESIAN_POINT('Ctrl Pts',(9.64098517855884,4.59679402647891,-1.13768619132776));
#6566=CARTESIAN_POINT('Ctrl Pts',(7.9304935429126,4.70811176548607,-1.99536799854525));
#6567=CARTESIAN_POINT('Ctrl Pts',(6.28506398490246,4.81942950449323,-1.02144589601295));
#6568=CARTESIAN_POINT('Ctrl Pts',(6.21154685950729,4.93074724350039,0.890562415924762));
#6569=CARTESIAN_POINT('Ctrl Pts',(7.78479779274534,5.04206498250755,1.98431516231653));
#6570=CARTESIAN_POINT('Ctrl Pts',(8.95771287927923,5.11627680851233,1.4998195581825));
#6571=CARTESIAN_POINT('Ctrl Pts',(9.31173460790137,5.15338272151471,1.06293074227735));
#6572=CARTESIAN_POINT('Ctrl Pts',(8.90360677865021,1.,1.26612599672283));
#6573=CARTESIAN_POINT('Ctrl Pts',(9.32530510403018,1.03710591300239,0.96516900954694));
#6574=CARTESIAN_POINT('Ctrl Pts',(9.83689511622808,1.11131773900716,-0.0861618278164598));
#6575=CARTESIAN_POINT('Ctrl Pts',(8.91967058196799,1.22263547801432,-1.59451393902273));
#6576=CARTESIAN_POINT('Ctrl Pts',(7.15724725873011,1.33395321702148,-1.63457411254413));
#6577=CARTESIAN_POINT('Ctrl Pts',(6.16897283906606,1.44527095602864,-0.176278753933878));
#6578=CARTESIAN_POINT('Ctrl Pts',(6.86137833238093,1.5565886950358,1.4449866333616));
#6579=CARTESIAN_POINT('Ctrl Pts',(8.59919649480073,1.66790643404296,1.73912769308076));
#6580=CARTESIAN_POINT('Ctrl Pts',(9.78687023219147,1.77922417305012,0.437010887698531));
#6581=CARTESIAN_POINT('Ctrl Pts',(9.33418650012701,1.89054191205728,-1.26645106416716));
#6582=CARTESIAN_POINT('Ctrl Pts',(7.65666786771208,2.00185965106444,-1.80719703833184));
#6583=CARTESIAN_POINT('Ctrl Pts',(6.29434610352882,2.1131773900716,-0.688932770916434));
#6584=CARTESIAN_POINT('Ctrl Pts',(6.49785297794065,2.22449512907876,1.06181115583134));
#6585=CARTESIAN_POINT('Ctrl Pts',(8.08037132294379,2.33581286808591,1.83777420982644));
#6586=CARTESIAN_POINT('Ctrl Pts',(9.58910547187418,2.44713060709308,0.926619909494816));
#6587=CARTESIAN_POINT('Ctrl Pts',(9.63900124602163,2.55844834610023,-0.835197963546819));
#6588=CARTESIAN_POINT('Ctrl Pts',(8.18425205307504,2.66976608510739,-1.83028139257987));
#6589=CARTESIAN_POINT('Ctrl Pts',(6.5603549868297,2.78108382411456,-1.14512099764769));
#6590=CARTESIAN_POINT('Ctrl Pts',(6.2580883931621,2.89240156312171,0.591289875364742));
#6591=CARTESIAN_POINT('Ctrl Pts',(7.55494077122455,3.00371930212888,1.78488146200423));
#6592=CARTESIAN_POINT('Ctrl Pts',(9.26036879085017,3.11503704113604,1.33990680289319));
#6593=CARTESIAN_POINT('Ctrl Pts',(9.80874631634314,3.22635478014319,-0.335136261302297));
#6594=CARTESIAN_POINT('Ctrl Pts',(8.69664905526253,3.33767251915035,-1.70251574340657));
#6595=CARTESIAN_POINT('Ctrl Pts',(6.94501011265984,3.44899025815751,-1.50694266672948));
#6596=CARTESIAN_POINT('Ctrl Pts',(6.16187901218591,3.56030799716467,0.0720418575817334));
#6597=CARTESIAN_POINT('Ctrl Pts',(7.06618867336689,3.67162573617183,1.58489025772289));
#6598=CARTESIAN_POINT('Ctrl Pts',(8.82776235961832,3.78294347517899,1.64276904445262));
#6599=CARTESIAN_POINT('Ctrl Pts',(9.82942617085209,3.89426121418615,0.192544751308231));
#6600=CARTESIAN_POINT('Ctrl Pts',(9.15163640651132,4.00557895319331,-1.43444142220147));
#6601=CARTESIAN_POINT('Ctrl Pts',(7.41660378516765,4.11689669220047,-1.74457227821298));
#6602=CARTESIAN_POINT('Ctrl Pts',(6.2171658464162,4.22821443120763,-0.453145086293425));
#6603=CARTESIAN_POINT('Ctrl Pts',(6.6543719163995,4.33953217021479,1.25428743742289));
#6604=CARTESIAN_POINT('Ctrl Pts',(8.32698141444186,4.45084990922195,1.81023945854373));
#6605=CARTESIAN_POINT('Ctrl Pts',(9.69925378632574,4.5621676482291,0.704370741782689));
#6606=CARTESIAN_POINT('Ctrl Pts',(9.51187706530006,4.67348538723627,-1.04817623135854));
#6607=CARTESIAN_POINT('Ctrl Pts',(7.93596211609115,4.78480312624342,-1.83837803854124));
#6608=CARTESIAN_POINT('Ctrl Pts',(6.41999034265495,4.89612086525059,-0.941081396593174));
#6609=CARTESIAN_POINT('Ctrl Pts',(6.35225733857667,5.00743860425774,0.820495461779447));
#6610=CARTESIAN_POINT('Ctrl Pts',(7.80172929908117,5.11875634326491,1.82819480847978));
#6611=CARTESIAN_POINT('Ctrl Pts',(8.88236271493712,5.19296816926968,1.38181796016952));
#6612=CARTESIAN_POINT('Ctrl Pts',(9.20853100647024,5.23007408227207,0.979302331458493));
#6613=CARTESIAN_POINT('',(9.51814181076363,5.,1.23018756391508));
#6614=CARTESIAN_POINT('Ctrl Pts',(6.56234272899636,5.,0.600720616649991));
#6615=CARTESIAN_POINT('Ctrl Pts',(6.57155671141272,5.,0.634443786829684));
#6616=CARTESIAN_POINT('Ctrl Pts',(6.58196676516171,5.,0.667759904355303));
#6617=CARTESIAN_POINT('Ctrl Pts',(6.59357123051066,5.,0.700604571691412));
#6618=CARTESIAN_POINT('Ctrl Pts',(6.61317874938332,5.,0.756100660075762));
#6619=CARTESIAN_POINT('Ctrl Pts',(6.63619293434543,5.,0.810251228759063));
#6620=CARTESIAN_POINT('Ctrl Pts',(6.66230775814191,5.,0.862915458823452));
#6621=CARTESIAN_POINT('Ctrl Pts',(6.68985041067426,5.,0.9184591071686));
#6622=CARTESIAN_POINT('Ctrl Pts',(6.72084208703208,5.,0.972350239558018));
#6623=CARTESIAN_POINT('Ctrl Pts',(6.75498291810656,5.,1.02441665502361));
#6624=CARTESIAN_POINT('Ctrl Pts',(6.77013964132628,5.,1.04753138959271));
#6625=CARTESIAN_POINT('Ctrl Pts',(6.78591777494956,5.,1.07028632800969));
#6626=CARTESIAN_POINT('Ctrl Pts',(6.8022944285487,5.,1.09266532432873));
#6627=CARTESIAN_POINT('Ctrl Pts',(6.81317667389097,5.,1.10753611139052));
#6628=CARTESIAN_POINT('Ctrl Pts',(6.82432324065981,5.,1.12224088306357));
#6629=CARTESIAN_POINT('Ctrl Pts',(6.83572786248734,5.,1.13677467313808));
#6630=CARTESIAN_POINT('Ctrl Pts',(6.84228796739336,5.,1.14513472128458));
#6631=CARTESIAN_POINT('Ctrl Pts',(6.84893234320634,5.,1.15343664737786));
#6632=CARTESIAN_POINT('Ctrl Pts',(6.85565222658781,5.,1.16167066043537));
#6633=CARTESIAN_POINT('Ctrl Pts',(6.89565535794151,5.,1.21068733039963));
#6634=CARTESIAN_POINT('Ctrl Pts',(6.93839936577569,5.,1.25738725434043));
#6635=CARTESIAN_POINT('Ctrl Pts',(6.98355633034534,5.,1.3016099627653));
#6636=CARTESIAN_POINT('Ctrl Pts',(7.0297068265791,5.,1.34680564759619));
#6637=CARTESIAN_POINT('Ctrl Pts',(7.07837813357865,5.,1.38941476622184));
#6638=CARTESIAN_POINT('Ctrl Pts',(7.1292720138614,5.,1.42924879574694));
#6639=CARTESIAN_POINT('Ctrl Pts',(7.17917161173809,5.,1.46830461236119));
#6640=CARTESIAN_POINT('Ctrl Pts',(7.2312086097333,5.,1.50469340690381));
#6641=CARTESIAN_POINT('Ctrl Pts',(7.28514071955691,5.,1.53820975646084));
#6642=CARTESIAN_POINT('Ctrl Pts',(7.29641443244225,5.,1.54521585548248));
#6643=CARTESIAN_POINT('Ctrl Pts',(7.30777106680715,5.,1.55209632173587));
#6644=CARTESIAN_POINT('Ctrl Pts',(7.31920857842761,5.,1.55884907783433));
#6645=CARTESIAN_POINT('Ctrl Pts',(7.32867916002816,5.,1.56444054998152));
#6646=CARTESIAN_POINT('Ctrl Pts',(7.33820420383497,5.,1.56994378056852));
#6647=CARTESIAN_POINT('Ctrl Pts',(7.34777131075772,5.,1.57535153682634));
#6648=CARTESIAN_POINT('Ctrl Pts',(7.40615332409023,5.,1.60835165906727));
#6649=CARTESIAN_POINT('Ctrl Pts',(7.4662065013853,5.,1.63786329263315));
#6650=CARTESIAN_POINT('Ctrl Pts',(7.52760709089096,5.,1.66369679254086));
#6651=CARTESIAN_POINT('Ctrl Pts',(7.58886209026702,5.,1.68946903729403));
#6652=CARTESIAN_POINT('Ctrl Pts',(7.65145895034156,5.,1.71158140933664));
#6653=CARTESIAN_POINT('Ctrl Pts',(7.71511441566799,5.,1.72981182078279));
#6654=CARTESIAN_POINT('Ctrl Pts',(7.74579627039222,5.,1.73859885631361));
#6655=CARTESIAN_POINT('Ctrl Pts',(7.77672455416777,5.,1.74648344286719));
#6656=CARTESIAN_POINT('Ctrl Pts',(7.80786985052641,5.,1.75343700695113));
#6657=CARTESIAN_POINT('Ctrl Pts',(7.84549535860571,5.,1.76183735667353));
#6658=CARTESIAN_POINT('Ctrl Pts',(7.88343756545919,5.,1.76887914426041));
#6659=CARTESIAN_POINT('Ctrl Pts',(7.92164070384536,5.,1.77458815044237));
#6660=CARTESIAN_POINT('Ctrl Pts',(7.93317622602652,5.,1.77631199749333));
#6661=CARTESIAN_POINT('Ctrl Pts',(7.94473555089054,5.,1.77791428495186));
#6662=CARTESIAN_POINT('Ctrl Pts',(7.95631717071593,5.,1.77939561115837));
#6663=CARTESIAN_POINT('Ctrl Pts',(7.96772512547646,5.,1.78085472504781));
#6664=CARTESIAN_POINT('Ctrl Pts',(7.97914600883696,5.,1.78219534122186));
#6665=CARTESIAN_POINT('Ctrl Pts',(7.99057479753068,5.,1.78341821544037));
#6666=CARTESIAN_POINT('Ctrl Pts',(8.05553001786061,5.,1.79036838893888));
#6667=CARTESIAN_POINT('Ctrl Pts',(8.12077370940741,5.,1.79352355126561));
#6668=CARTESIAN_POINT('Ctrl Pts',(8.18601651769465,5.,1.79307421355864));
#6669=CARTESIAN_POINT('Ctrl Pts',(8.25381311647117,5.,1.7926072874861));
#6670=CARTESIAN_POINT('Ctrl Pts',(8.3216095025527,5.,1.78824836127743));
#6671=CARTESIAN_POINT('Ctrl Pts',(8.38910205604723,5.,1.78015907850796));
#6672=CARTESIAN_POINT('Ctrl Pts',(8.44171090748665,5.,1.77385367363829));
#6673=CARTESIAN_POINT('Ctrl Pts',(8.49413573004133,5.,1.76528068982229));
#6674=CARTESIAN_POINT('Ctrl Pts',(8.54623632443913,5.,1.75449506465429));
#6675=CARTESIAN_POINT('Ctrl Pts',(8.57245199034943,5.,1.74906801820106));
#6676=CARTESIAN_POINT('Ctrl Pts',(8.59858558556538,5.,1.74308047208852));
#6677=CARTESIAN_POINT('Ctrl Pts',(8.62461917985807,5.,1.73653766332757));
#6678=CARTESIAN_POINT('Ctrl Pts',(8.64241974435016,5.,1.73206399411388));
#6679=CARTESIAN_POINT('Ctrl Pts',(8.66017962595871,5.,1.72732883440118));
#6680=CARTESIAN_POINT('Ctrl Pts',(8.67785942169407,5.,1.72234350048836));
#6681=CARTESIAN_POINT('Ctrl Pts',(8.74591580993456,5.,1.70315301744444));
#6682=CARTESIAN_POINT('Ctrl Pts',(8.81286043844848,5.,1.68024337784392));
#6683=CARTESIAN_POINT('Ctrl Pts',(8.87837096390583,5.,1.65377643339984));
#6684=CARTESIAN_POINT('Ctrl Pts',(8.9380807578945,5.,1.62965304575742));
#6685=CARTESIAN_POINT('Ctrl Pts',(8.99659990020653,5.,1.60257370844362));
#6686=CARTESIAN_POINT('Ctrl Pts',(9.05368320755051,5.,1.57262416633767));
#6687=CARTESIAN_POINT('Ctrl Pts',(9.0734052165806,5.,1.5622767431181));
#6688=CARTESIAN_POINT('Ctrl Pts',(9.09295577781303,5.,1.55158641322029));
#6689=CARTESIAN_POINT('Ctrl Pts',(9.1123245243969,5.,1.54055577858808));
#6690=CARTESIAN_POINT('Ctrl Pts',(9.12450959933661,5.,1.53361629445348));
#6691=CARTESIAN_POINT('Ctrl Pts',(9.13661429160775,5.,1.52654690110039));
#6692=CARTESIAN_POINT('Ctrl Pts',(9.14863535182662,5.,1.51934929549542));
#6693=CARTESIAN_POINT('Ctrl Pts',(9.21106138885341,5.,1.48197172764207));
#6694=CARTESIAN_POINT('Ctrl Pts',(9.27124034166446,5.,1.44113635011473));
#6695=CARTESIAN_POINT('Ctrl Pts',(9.32883345773745,5.,1.39698167425247));
#6696=CARTESIAN_POINT('Ctrl Pts',(9.38561861746702,5.,1.35344643093505));
#6697=CARTESIAN_POINT('Ctrl Pts',(9.43989100573065,5.,1.3066840418063));
#6698=CARTESIAN_POINT('Ctrl Pts',(9.49130875472383,5.,1.25678012037059));
#6699=CARTESIAN_POINT('Ctrl Pts',(9.50034192709291,5.,1.24801290023652));
#6700=CARTESIAN_POINT('Ctrl Pts',(9.5092869278229,5.,1.23914860723999));
#6701=CARTESIAN_POINT('Ctrl Pts',(9.51814181076363,5.,1.23018756391508));
#6702=CARTESIAN_POINT('Ctrl Pts',(8.86358674753124,1.,-1.75646928145123));
#6703=CARTESIAN_POINT('Ctrl Pts',(8.90057263069177,1.,-1.73374503727335));
#6704=CARTESIAN_POINT('Ctrl Pts',(8.93669382712785,1.,-1.7097301086144));
#6705=CARTESIAN_POINT('Ctrl Pts',(8.97187341761002,1.,-1.68442020942381));
#6706=CARTESIAN_POINT('Ctrl Pts',(9.03016677707678,1.,-1.64248114670698));
#6707=CARTESIAN_POINT('Ctrl Pts',(9.08587709036689,1.,-1.59698778941644));
#6708=CARTESIAN_POINT('Ctrl Pts',(9.13884357304181,1.,-1.54828070981878));
#6709=CARTESIAN_POINT('Ctrl Pts',(9.16392774149134,1.,-1.52521373373106));
#6710=CARTESIAN_POINT('Ctrl Pts',(9.1883958999816,1.,-1.50142552140976));
#6711=CARTESIAN_POINT('Ctrl Pts',(9.2122274589411,1.,-1.47695033004045));
#6712=CARTESIAN_POINT('Ctrl Pts',(9.22418435507121,1.,-1.46467050724478));
#6713=CARTESIAN_POINT('Ctrl Pts',(9.23598096401144,1.,-1.45221773744975));
#6714=CARTESIAN_POINT('Ctrl Pts',(9.24761445510112,1.,-1.4395962732514));
#6715=CARTESIAN_POINT('Ctrl Pts',(9.25703059926212,1.,-1.42938046395576));
#6716=CARTESIAN_POINT('Ctrl Pts',(9.26633864763552,1.,-1.41905534656929));
#6717=CARTESIAN_POINT('Ctrl Pts',(9.27552964027488,1.,-1.40863208810493));
#6718=CARTESIAN_POINT('Ctrl Pts',(9.32274971098523,1.,-1.35508107125265));
#6719=CARTESIAN_POINT('Ctrl Pts',(9.36694175457533,1.,-1.29887923698142));
#6720=CARTESIAN_POINT('Ctrl Pts',(9.40794387700154,1.,-1.24036137645473));
#6721=CARTESIAN_POINT('Ctrl Pts',(9.43743655222695,1.,-1.19826969550563));
#6722=CARTESIAN_POINT('Ctrl Pts',(9.46527789770058,1.,-1.15497903542375));
#6723=CARTESIAN_POINT('Ctrl Pts',(9.49139181598365,1.,-1.11060879046776));
#6724=CARTESIAN_POINT('Ctrl Pts',(9.50509754114016,1.,-1.08732134750719));
#6725=CARTESIAN_POINT('Ctrl Pts',(9.51832719822044,1.,-1.06373647421185));
#6726=CARTESIAN_POINT('Ctrl Pts',(9.53106820607652,1.,-1.03987128770845));
#6727=CARTESIAN_POINT('Ctrl Pts',(9.53825191503445,1.,-1.02641547981604));
#6728=CARTESIAN_POINT('Ctrl Pts',(9.54528123374525,1.,-1.01286835457474));
#6729=CARTESIAN_POINT('Ctrl Pts',(9.55214363586487,1.,-0.999253883070338));
#6730=CARTESIAN_POINT('Ctrl Pts',(9.58349369892887,1.,-0.937057798841235));
#6731=CARTESIAN_POINT('Ctrl Pts',(9.61141434620175,1.,-0.873366327353582));
#6732=CARTESIAN_POINT('Ctrl Pts',(9.63575279441669,1.,-0.808487803594057));
#6733=CARTESIAN_POINT('Ctrl Pts',(9.65950978533505,1.,-0.745159259138786));
#6734=CARTESIAN_POINT('Ctrl Pts',(9.67985379402073,1.,-0.680698725570305));
#6735=CARTESIAN_POINT('Ctrl Pts',(9.69659440375635,1.,-0.615387277322729));
#6736=CARTESIAN_POINT('Ctrl Pts',(9.70771960218861,1.,-0.571983671771438));
#6737=CARTESIAN_POINT('Ctrl Pts',(9.71725238990898,1.,-0.528204174649397));
#6738=CARTESIAN_POINT('Ctrl Pts',(9.72512427311902,1.,-0.484132923269422));
#6739=CARTESIAN_POINT('Ctrl Pts',(9.7313275600785,1.,-0.449403416786853));
#6740=CARTESIAN_POINT('Ctrl Pts',(9.73649924446763,1.,-0.414492744863511));
#6741=CARTESIAN_POINT('Ctrl Pts',(9.74060114547983,1.,-0.379443476628802));
#6742=CARTESIAN_POINT('Ctrl Pts',(9.74253305224642,1.,-0.362936028432193));
#6743=CARTESIAN_POINT('Ctrl Pts',(9.74422798246262,1.,-0.346391716019859));
#6744=CARTESIAN_POINT('Ctrl Pts',(9.74567908348433,1.,-0.329849334271806));
#6745=CARTESIAN_POINT('Ctrl Pts',(9.75137177530817,1.,-0.264953313998303));
#6746=CARTESIAN_POINT('Ctrl Pts',(9.7533281900766,1.,-0.200005465376042));
#6747=CARTESIAN_POINT('Ctrl Pts',(9.75137999592085,1.,-0.135265498199039));
#6748=CARTESIAN_POINT('Ctrl Pts',(9.7508651007056,1.,-0.118155140262387));
#6749=CARTESIAN_POINT('Ctrl Pts',(9.75007718632153,1.,-0.101059339697747));
#6750=CARTESIAN_POINT('Ctrl Pts',(9.74901253770905,1.,-0.0839830023080125));
#6751=CARTESIAN_POINT('Ctrl Pts',(9.74473158115625,1.,-0.0153189777746255));
#6752=CARTESIAN_POINT('Ctrl Pts',(9.73598049252115,1.,0.0530325012349281));
#6753=CARTESIAN_POINT('Ctrl Pts',(9.72295361918258,1.,0.120732249000432));
#6754=CARTESIAN_POINT('Ctrl Pts',(9.71143979537565,1.,0.18056878439054));
#6755=CARTESIAN_POINT('Ctrl Pts',(9.69658451151183,1.,0.239896399842934));
#6756=CARTESIAN_POINT('Ctrl Pts',(9.67849093668375,1.,0.298457269474668));
#6757=CARTESIAN_POINT('Ctrl Pts',(9.67521309412716,1.,0.30906619073283));
#6758=CARTESIAN_POINT('Ctrl Pts',(9.67182896838385,1.,0.319649376503112));
#6759=CARTESIAN_POINT('Ctrl Pts',(9.66834367550651,1.,0.330192267449534));
#6760=CARTESIAN_POINT('Ctrl Pts',(9.64799966714386,1.,0.391732192250515));
#6761=CARTESIAN_POINT('Ctrl Pts',(9.62417727548868,1.,0.452017652170766));
#6762=CARTESIAN_POINT('Ctrl Pts',(9.5970639314373,1.,0.510775181650127));
#6763=CARTESIAN_POINT('Ctrl Pts',(9.57004470171704,1.,0.569328755262805));
#6764=CARTESIAN_POINT('Ctrl Pts',(9.53975657270909,1.,0.626365829111512));
#6765=CARTESIAN_POINT('Ctrl Pts',(9.50634506478272,1.,0.681583628524299));
#6766=CARTESIAN_POINT('Ctrl Pts',(9.4736075170719,1.,0.735687602123625));
#6767=CARTESIAN_POINT('Ctrl Pts',(9.43787057770572,1.,0.788045583600578));
#6768=CARTESIAN_POINT('Ctrl Pts',(9.39924390919372,1.,0.838331184484252));
#6769=CARTESIAN_POINT('Ctrl Pts',(9.39051878249388,1.,0.849689871520685));
#6770=CARTESIAN_POINT('Ctrl Pts',(9.38164612558697,1.,0.86094262666307));
#6771=CARTESIAN_POINT('Ctrl Pts',(9.37262706378444,1.,0.872085336795608));
#6772=CARTESIAN_POINT('Ctrl Pts',(9.36584498104201,1.,0.880464343808573));
#6773=CARTESIAN_POINT('Ctrl Pts',(9.35898562426432,1.,0.888774284772861));
#6774=CARTESIAN_POINT('Ctrl Pts',(9.3520514456042,1.,0.897011857863932));
#6775=CARTESIAN_POINT('Ctrl Pts',(9.31210774967735,1.,0.944463637065657));
#6776=CARTESIAN_POINT('Ctrl Pts',(9.2696661150652,1.,0.989539198425141));
#6777=CARTESIAN_POINT('Ctrl Pts',(9.2248642049659,1.,1.03197051786996));
#6778=CARTESIAN_POINT('Ctrl Pts',(9.18087531004997,1.,1.07363184097126));
#6779=CARTESIAN_POINT('Ctrl Pts',(9.13461032108481,1.,1.11274455422356));
#6780=CARTESIAN_POINT('Ctrl Pts',(9.08617636990704,1.,1.149010947561));
#6781=CARTESIAN_POINT('Ctrl Pts',(9.03928551810171,1.,1.18412189833307));
#6782=CARTESIAN_POINT('Ctrl Pts',(8.99036110423036,1.,1.21656530320116));
#6783=CARTESIAN_POINT('Ctrl Pts',(8.93948794082358,1.,1.2460235725507));
#6784=CARTESIAN_POINT('Ctrl Pts',(8.92763306632081,1.,1.2528881758665));
#6785=CARTESIAN_POINT('Ctrl Pts',(8.91567233745692,1.,1.25959046077437));
#6786=CARTESIAN_POINT('Ctrl Pts',(8.90360677865021,1.,1.26612599672283));
#6787=CARTESIAN_POINT('Ctrl Pts',(9.51814181076364,5.,1.23018756391507));
#6788=CARTESIAN_POINT('Ctrl Pts',(9.10841320796344,4.96289408699761,1.73582275420845));
#6789=CARTESIAN_POINT('Ctrl Pts',(8.42967399401856,4.92578817399523,2.01618931209924));
#6790=CARTESIAN_POINT('Ctrl Pts',(7.78683624059526,4.88868226099284,1.94539600008219));
#6791=CARTESIAN_POINT('Ctrl Pts',(7.14399848717197,4.85157634799045,1.87460268806515));
#6792=CARTESIAN_POINT('Ctrl Pts',(6.53706219427026,4.81447043498807,1.45264950614027));
#6793=CARTESIAN_POINT('Ctrl Pts',(6.2477749424909,4.77736452198568,0.87286104533318));
#6794=CARTESIAN_POINT('Ctrl Pts',(6.11395262500288,4.76019957869853,0.6046548419807));
#6795=CARTESIAN_POINT('Ctrl Pts',(6.04810481199992,4.74303463541138,0.30267307666092));
#6796=CARTESIAN_POINT('Ctrl Pts',(6.04880215767074,4.72586969212423,0.000452570755970633));
#6797=CARTESIAN_POINT('Origin',(8.,0.,0.));
#6798=CARTESIAN_POINT('Origin',(8.,5.,0.));
#6799=CARTESIAN_POINT('Origin',(8.,0.,0.));
#6800=CARTESIAN_POINT('',(5.5,1.,3.06161699786838E-16));
#6801=CARTESIAN_POINT('Origin',(8.,1.,0.));
#6802=CARTESIAN_POINT('',(5.5,0.,3.06161699786838E-16));
#6803=CARTESIAN_POINT('Origin',(8.,1.,0.));
#6804=CARTESIAN_POINT('Origin',(8.,5.,0.));
#6805=UNCERTAINTY_MEASURE_WITH_UNIT(LENGTH_MEASURE(0.01),#6809,
'DISTANCE_ACCURACY_VALUE',
'Maximum model space distance between geometric entities at asserted c
onnectivities');
#6806=UNCERTAINTY_MEASURE_WITH_UNIT(LENGTH_MEASURE(0.01),#6809,
'DISTANCE_ACCURACY_VALUE',
'Maximum model space distance between geometric entities at asserted c
onnectivities');
#6807=(
GEOMETRIC_REPRESENTATION_CONTEXT(3)
GLOBAL_UNCERTAINTY_ASSIGNED_CONTEXT((#6805))
GLOBAL_UNIT_ASSIGNED_CONTEXT((#6809,#6811,#6812))
REPRESENTATION_CONTEXT('','3D')
);
#6808=(
GEOMETRIC_REPRESENTATION_CONTEXT(3)
GLOBAL_UNCERTAINTY_ASSIGNED_CONTEXT((#6806))
GLOBAL_UNIT_ASSIGNED_CONTEXT((#6809,#6811,#6812))
REPRESENTATION_CONTEXT('','3D')
);
#6809=(
LENGTH_UNIT()
NAMED_UNIT(*)
SI_UNIT(.MILLI.,.METRE.)
);
#6810=(
LENGTH_UNIT()
NAMED_UNIT(*)
SI_UNIT($,.METRE.)
);
#6811=(
NAMED_UNIT(*)
PLANE_ANGLE_UNIT()
SI_UNIT($,.RADIAN.)
);
#6812=(
NAMED_UNIT(*)
SI_UNIT($,.STERADIAN.)
SOLID_ANGLE_UNIT()
);
#6813=SHAPE_DEFINITION_REPRESENTATION(#6814,#6815);
#6814=PRODUCT_DEFINITION_SHAPE('',$,#6817);
#6815=SHAPE_REPRESENTATION('',(#1689),#6807);
#6816=PRODUCT_DEFINITION_CONTEXT('part definition',#6821,'design');
#6817=PRODUCT_DEFINITION('Screws','Screws v2',#6818,#6816);
#6818=PRODUCT_DEFINITION_FORMATION('',$,#6823);
#6819=PRODUCT_RELATED_PRODUCT_CATEGORY('Screws v2','Screws v2',(#6823));
#6820=APPLICATION_PROTOCOL_DEFINITION('international standard',
'automotive_design',2009,#6821);
#6821=APPLICATION_CONTEXT(
'Core Data for Automotive Mechanical Design Process');
#6822=PRODUCT_CONTEXT('part definition',#6821,'mechanical');
#6823=PRODUCT('Screws','Screws v2',$,(#6822));
#6824=PRESENTATION_STYLE_ASSIGNMENT((#6825));
#6825=SURFACE_STYLE_USAGE(.BOTH.,#6826);
#6826=SURFACE_SIDE_STYLE('',(#6827));
#6827=SURFACE_STYLE_FILL_AREA(#6828);
#6828=FILL_AREA_STYLE('Steel - Satin',(#6829));
#6829=FILL_AREA_STYLE_COLOUR('Steel - Satin',#6830);
#6830=COLOUR_RGB('Steel - Satin',0.627450980392157,0.627450980392157,0.627450980392157);
ENDSEC;
END-ISO-10303-21;
